# Created by Kenney (www.kenney.nl)

mtllib building-m.mtl

g building-m

v -0.2 0.45 1.490116E-08 1 1 1
v -0.2000001 0.45 -0.4 1 1 1
v -0.2 0.8 1.490116E-08 1 1 1
v -0.2000001 0.8 -0.4 1 1 1
v -0.2 0.45 0.4000001 1 1 1
v -0.2000001 0.45 4.470348E-08 1 1 1
v -0.2 0.8 0.4000001 1 1 1
v -0.2000001 0.8 4.470348E-08 1 1 1
v 0.2000001 0.45 4.470348E-08 1 1 1
v 0.2 0.45 0.4000001 1 1 1
v 0.2000001 0.8 4.470348E-08 1 1 1
v 0.2 0.8 0.4000001 1 1 1
v 0.2 0.4 -0.4 1 1 1
v 0.2 0.4 0.4 1 1 1
v -0.2 0.4 -0.4 1 1 1
v -0.2 0.4 0.4 1 1 1
v 0.2000001 0.45 -0.4 1 1 1
v 0.2 0.45 1.490116E-08 1 1 1
v 0.2000001 0.8 -0.4 1 1 1
v 0.2 0.8 1.490116E-08 1 1 1
v -0.2 0.8 -0.7999999 1 1 1
v 0.2 0.8 -0.7999999 1 1 1
v -1.804779E-16 1 -0.7999999 1 1 1
v -0.2282843 0.7717157 -0.4 1 1 1
v -1.353584E-16 1 -0.4 1 1 1
v -0.2494975 0.7929289 -0.4 1 1 1
v 4.511946E-17 1.042426 -0.4 1 1 1
v 0.2494975 0.7929289 -0.4 1 1 1
v 0.2282843 0.7717157 -0.4 1 1 1
v -0.2282843 0.7717157 4.470348E-08 1 1 1
v -1.353584E-16 1 4.470348E-08 1 1 1
v -0.2494975 0.7929289 4.470348E-08 1 1 1
v 4.511946E-17 1.042426 4.470348E-08 1 1 1
v 0.2494975 0.7929289 4.470348E-08 1 1 1
v 0.2282843 0.7717157 4.470348E-08 1 1 1
v 0.2 0.8 0.8 1 1 1
v -0.2 0.8 0.8 1 1 1
v -2.68221E-09 1 0.8 1 1 1
v -0.2 0.45 -0.8 1 1 1
v -0.2 0.8 -0.8 1 1 1
v -0.2 0.45 -0.3999999 1 1 1
v -0.2 0.8 -0.3999999 1 1 1
v 0.2 0.8 -0.8 1 1 1
v 0.2 0.45 -0.8 1 1 1
v 0.2 0.8 -0.3999999 1 1 1
v 0.2 0.45 -0.3999999 1 1 1
v 0.15 0.68 -0.8 1 1 1
v 0.15 0.52 -0.8 1 1 1
v 0.13 0.7 -0.8 1 1 1
v 0.13 0.5 -0.8 1 1 1
v -0.13 0.5 -0.8 1 1 1
v -0.15 0.52 -0.8 1 1 1
v -0.13 0.7 -0.8 1 1 1
v -0.15 0.68 -0.8 1 1 1
v 0.4290689 0.5190066 0 1 1 1
v 0.3997796 0.5190066 -0.07071068 1 1 1
v 0.3997796 0.5190066 0.07071068 1 1 1
v 0.3290689 0.5190066 0.1 1 1 1
v 0.3290689 0.5190066 -0.1 1 1 1
v 0.2583582 0.5190066 0.07071068 1 1 1
v 0.2583582 0.5190066 -0.07071068 1 1 1
v 0.2290689 0.5190066 0 1 1 1
v 0.3290689 1.519007 0.05335216 1 1 1
v 0.3667946 1.519007 0.03772567 1 1 1
v 0.3290689 1.519007 0.075 1 1 1
v 0.2913432 1.519007 0.03772567 1 1 1
v 0.3821019 1.519007 0.05303301 1 1 1
v 0.2760359 1.519007 0.05303301 1 1 1
v 0.382421 1.519007 3.609557E-16 1 1 1
v 0.4040689 1.519007 3.609557E-16 1 1 1
v 0.3821019 1.519007 -0.05303301 1 1 1
v 0.3667946 1.519007 -0.03772567 1 1 1
v 0.3290689 1.519007 -0.075 1 1 1
v 0.3290689 1.519007 -0.05335216 1 1 1
v 0.2757168 1.519007 3.609557E-16 1 1 1
v 0.2540689 1.519007 3.609557E-16 1 1 1
v 0.2760359 1.519007 -0.05303301 1 1 1
v 0.2913432 1.519007 -0.03772567 1 1 1
v 0.4290689 0.5190066 0.4000001 1 1 1
v 0.3997796 0.5190066 0.3292894 1 1 1
v 0.3997796 0.5190066 0.4707108 1 1 1
v 0.3290689 0.5190066 0.5000001 1 1 1
v 0.3290689 0.5190066 0.3000001 1 1 1
v 0.2583582 0.5190066 0.4707108 1 1 1
v 0.2583582 0.5190066 0.3292894 1 1 1
v 0.2290689 0.5190066 0.4000001 1 1 1
v 0.3290689 1.519007 0.4533522 1 1 1
v 0.3667946 1.519007 0.4377258 1 1 1
v 0.3290689 1.519007 0.4750001 1 1 1
v 0.2913432 1.519007 0.4377258 1 1 1
v 0.3821019 1.519007 0.4530331 1 1 1
v 0.2760359 1.519007 0.4530331 1 1 1
v 0.382421 1.519007 0.4000001 1 1 1
v 0.4040689 1.519007 0.4000001 1 1 1
v 0.3821019 1.519007 0.3469671 1 1 1
v 0.3667946 1.519007 0.3622744 1 1 1
v 0.3290689 1.519007 0.3250001 1 1 1
v 0.3290689 1.519007 0.3466479 1 1 1
v 0.2757168 1.519007 0.4000001 1 1 1
v 0.2540689 1.519007 0.4000001 1 1 1
v 0.2760359 1.519007 0.3469671 1 1 1
v 0.2913432 1.519007 0.3622744 1 1 1
v 0.2 0.45 0.7999999 1 1 1
v 0.2 0.8 0.7999999 1 1 1
v 0.2 0.45 0.3999999 1 1 1
v 0.2 0.8 0.3999999 1 1 1
v -0.2 0.8 0.7999999 1 1 1
v -0.2 0.45 0.7999999 1 1 1
v -0.2 0.8 0.3999999 1 1 1
v -0.2 0.45 0.3999999 1 1 1
v -0.15 0.68 0.7999999 1 1 1
v -0.15 0.52 0.7999999 1 1 1
v -0.13 0.7 0.7999999 1 1 1
v -0.13 0.5 0.7999999 1 1 1
v 0.13 0.5 0.7999999 1 1 1
v 0.15 0.52 0.7999999 1 1 1
v 0.13 0.7 0.7999999 1 1 1
v 0.15 0.68 0.7999999 1 1 1
v 0.4290689 0.5190066 -0.4000001 1 1 1
v 0.3997796 0.5190066 -0.4707108 1 1 1
v 0.3997796 0.5190066 -0.3292894 1 1 1
v 0.3290689 0.5190066 -0.3000001 1 1 1
v 0.3290689 0.5190066 -0.5000001 1 1 1
v 0.2583582 0.5190066 -0.3292894 1 1 1
v 0.2583582 0.5190066 -0.4707108 1 1 1
v 0.2290689 0.5190066 -0.4000001 1 1 1
v 0.3290689 1.519007 -0.3466479 1 1 1
v 0.3667946 1.519007 -0.3622744 1 1 1
v 0.3290689 1.519007 -0.3250001 1 1 1
v 0.2913432 1.519007 -0.3622744 1 1 1
v 0.3821019 1.519007 -0.3469671 1 1 1
v 0.2760359 1.519007 -0.3469671 1 1 1
v 0.382421 1.519007 -0.4000001 1 1 1
v 0.4040689 1.519007 -0.4000001 1 1 1
v 0.3821019 1.519007 -0.4530331 1 1 1
v 0.3667946 1.519007 -0.4377258 1 1 1
v 0.3290689 1.519007 -0.4750001 1 1 1
v 0.3290689 1.519007 -0.4533522 1 1 1
v 0.2757168 1.519007 -0.4000001 1 1 1
v 0.2540689 1.519007 -0.4000001 1 1 1
v 0.2760359 1.519007 -0.4530331 1 1 1
v 0.2913432 1.519007 -0.4377258 1 1 1
v -0.22 0.4 1.490116E-08 1 1 1
v -0.22 0.4 -0.4 1 1 1
v -0.22 0.45 1.490116E-08 1 1 1
v -0.22 0.45 -0.4 1 1 1
v -0.5999999 0.4 -0.4 1 1 1
v -0.6447213 0.3776393 -0.3999999 1 1 1
v -0.1999999 0.6 -0.4 1 1 1
v -0.1999999 0.6 -0.8000001 1 1 1
v -0.6447213 0.3776393 -0.8 1 1 1
v -0.1999999 0.6 -0.83 1 1 1
v -0.6316227 0.3841886 -0.8353553 1 1 1
v -0.2199999 0.59 -0.85 1 1 1
v -0.6 0.4 -0.85 1 1 1
v -0.1999999 0.633541 -0.4 1 1 1
v -0.1999999 0.633541 -0.83 1 1 1
v -0.6581377 0.4044721 -0.3999999 1 1 1
v -0.6581377 0.4044721 -0.8 1 1 1
v -0.6450391 0.4110214 -0.8353553 1 1 1
v -0.2199999 0.623541 -0.85 1 1 1
v -0.6134164 0.4268328 -0.85 1 1 1
v 0.1999999 0.633541 -0.4 1 1 1
v 0.1999999 0.633541 -0.83 1 1 1
v 0.6581377 0.4044721 -0.3999999 1 1 1
v 0.6581377 0.4044721 -0.8 1 1 1
v 0.6450391 0.4110214 -0.8353553 1 1 1
v 0.2199999 0.623541 -0.85 1 1 1
v 0.6134164 0.4268328 -0.85 1 1 1
v 0.5999999 0.4 -0.4 1 1 1
v 0.6447213 0.3776393 -0.3999999 1 1 1
v 0.1999999 0.6 -0.4 1 1 1
v 0.1999999 0.6 -0.8000001 1 1 1
v 0.6447213 0.3776393 -0.8 1 1 1
v 0.1999999 0.6 -0.83 1 1 1
v 0.6316227 0.3841886 -0.8353553 1 1 1
v 0.2199999 0.59 -0.85 1 1 1
v 0.6 0.4 -0.85 1 1 1
v 0.6 0.4 0.4 1 1 1
v 0.6447213 0.3776393 0.4 1 1 1
v 0.1999999 0.6 0.3999999 1 1 1
v 0.1999999 0.6 0.8 1 1 1
v 0.6447213 0.3776393 0.8000001 1 1 1
v 0.1999999 0.6 0.83 1 1 1
v 0.6316227 0.3841886 0.8353554 1 1 1
v 0.2199999 0.59 0.85 1 1 1
v 0.5999999 0.4 0.85 1 1 1
v 0.1999999 0.633541 0.3999999 1 1 1
v 0.1999999 0.633541 0.83 1 1 1
v 0.6581377 0.4044721 0.4 1 1 1
v 0.6581377 0.4044721 0.8000001 1 1 1
v 0.6450391 0.4110214 0.8353554 1 1 1
v 0.2199999 0.623541 0.85 1 1 1
v 0.6134163 0.4268328 0.85 1 1 1
v -0.1999999 0.633541 0.3999999 1 1 1
v -0.1999999 0.633541 0.83 1 1 1
v -0.6581377 0.4044721 0.4 1 1 1
v -0.6581377 0.4044721 0.8000001 1 1 1
v -0.6450391 0.4110214 0.8353554 1 1 1
v -0.2199999 0.623541 0.85 1 1 1
v -0.6134163 0.4268328 0.85 1 1 1
v -0.6 0.4 0.4 1 1 1
v -0.6447213 0.3776393 0.4 1 1 1
v -0.1999999 0.6 0.3999999 1 1 1
v -0.1999999 0.6 0.8 1 1 1
v -0.6447213 0.3776393 0.8000001 1 1 1
v -0.1999999 0.6 0.83 1 1 1
v -0.6316227 0.3841886 0.8353554 1 1 1
v -0.2199999 0.59 0.85 1 1 1
v -0.5999999 0.4 0.85 1 1 1
v -0.1999999 0.633541 4.470348E-08 1 1 1
v -0.1999999 0.633541 0.4 1 1 1
v -0.6581377 0.4044721 4.470348E-08 1 1 1
v -0.6581377 0.4044721 0.4 1 1 1
v -0.1999999 0.6 4.470348E-08 1 1 1
v -0.5999999 0.4 5.960464E-08 1 1 1
v -0.1999999 0.6 0.4 1 1 1
v -0.5999999 0.4 0.4 1 1 1
v -0.6447213 0.3776393 0.4 1 1 1
v -0.6447213 0.3776393 4.470348E-08 1 1 1
v 0.1999999 0.633541 -4.470348E-08 1 1 1
v 0.1999999 0.633541 -0.4 1 1 1
v 0.6581377 0.4044721 -4.470348E-08 1 1 1
v 0.6581377 0.4044721 -0.4 1 1 1
v 0.1999999 0.6 -4.470348E-08 1 1 1
v 0.5999999 0.4 -5.960464E-08 1 1 1
v 0.1999999 0.6 -0.4 1 1 1
v 0.5999999 0.4 -0.4 1 1 1
v 0.6447213 0.3776393 -0.4 1 1 1
v 0.6447213 0.3776393 -4.470348E-08 1 1 1
v 0.1999999 0.633541 0.4 1 1 1
v 0.1999999 0.633541 4.470348E-08 1 1 1
v 0.6581377 0.4044721 0.4 1 1 1
v 0.6581377 0.4044721 4.470348E-08 1 1 1
v 0.1999999 0.6 0.4 1 1 1
v 0.5999999 0.4 0.4 1 1 1
v 0.1999999 0.6 4.470348E-08 1 1 1
v 0.5999999 0.4 5.960464E-08 1 1 1
v 0.6447213 0.3776393 4.470348E-08 1 1 1
v 0.6447213 0.3776393 0.4 1 1 1
v -0.22 0.4 0.4000001 1 1 1
v -0.22 0.4 4.470348E-08 1 1 1
v -0.22 0.45 0.4000001 1 1 1
v -0.22 0.45 4.470348E-08 1 1 1
v 0.22 0.4 4.470348E-08 1 1 1
v 0.22 0.4 0.4000001 1 1 1
v 0.22 0.45 4.470348E-08 1 1 1
v 0.22 0.45 0.4000001 1 1 1
v -0.1999999 0.633541 -0.4 1 1 1
v -0.1999999 0.633541 -4.470348E-08 1 1 1
v -0.6581377 0.4044721 -0.4 1 1 1
v -0.6581377 0.4044721 -4.470348E-08 1 1 1
v -0.1999999 0.6 -0.4 1 1 1
v -0.5999999 0.4 -0.4 1 1 1
v -0.1999999 0.6 -4.470348E-08 1 1 1
v -0.5999999 0.4 -5.960464E-08 1 1 1
v -0.6447213 0.3776393 -4.470348E-08 1 1 1
v -0.6447213 0.3776393 -0.4 1 1 1
v 0.2 0 0.4 1 1 1
v 0.2 0 -0.4 1 1 1
v -0.2 0 0.4 1 1 1
v -0.2 0 -0.4 1 1 1
v 0.22 0.4 -0.4 1 1 1
v 0.22 0.4 1.490116E-08 1 1 1
v 0.22 0.45 -0.4 1 1 1
v 0.22 0.45 1.490116E-08 1 1 1
v 0.2494975 0.7929289 -0.7899999 1 1 1
v 0.2282843 0.7717157 -0.7899999 1 1 1
v 0.2494975 0.7929289 -0.3999999 1 1 1
v 0.2282843 0.7717157 -0.3999999 1 1 1
v -1.804779E-16 1 -0.3999999 1 1 1
v 0.2179289 0.7820711 -0.8253552 1 1 1
v 0.1929289 0.807071 -0.8399999 1 1 1
v -1.804779E-16 1 -0.8399999 1 1 1
v -0.2282843 0.7717157 -0.7899999 1 1 1
v -0.2494975 0.7929289 -0.7899999 1 1 1
v -0.2282843 0.7717157 -0.3999999 1 1 1
v -0.2494975 0.7929289 -0.3999999 1 1 1
v -0.1929289 0.807071 -0.8399999 1 1 1
v -0.2141421 0.8282843 -0.8399999 1 1 1
v 0 1.042426 -0.8399999 1 1 1
v 0.2141421 0.8282843 -0.8399999 1 1 1
v -0.2179289 0.7820711 -0.8253552 1 1 1
v -0.2391421 0.8032842 -0.8253552 1 1 1
v 0.2391421 0.8032842 -0.8253552 1 1 1
v 0 1.042426 -0.3999999 1 1 1
v 0.2494975 0.7929289 -4.470348E-08 1 1 1
v 4.511946E-17 1.042426 -4.470348E-08 1 1 1
v -0.2494975 0.7929289 -4.470348E-08 1 1 1
v -0.2282843 0.7717157 -4.470348E-08 1 1 1
v -1.353584E-16 1 -4.470348E-08 1 1 1
v 0.2282843 0.7717157 -4.470348E-08 1 1 1
v 0.2494975 0.7929289 0.4 1 1 1
v 4.511946E-17 1.042426 0.4 1 1 1
v -0.2494975 0.7929289 0.4 1 1 1
v -0.2282843 0.7717157 0.4 1 1 1
v -1.353584E-16 1 0.4 1 1 1
v 0.2282843 0.7717157 0.4 1 1 1
v -0.2494975 0.7929289 0.79 1 1 1
v -0.2282843 0.7717157 0.79 1 1 1
v 3.278257E-09 1 0.4 1 1 1
v -0.2179289 0.7820711 0.8253554 1 1 1
v -0.1929289 0.807071 0.84 1 1 1
v -3.278257E-09 1 0.84 1 1 1
v 0.2282843 0.7717157 0.79 1 1 1
v 0.2494975 0.7929289 0.79 1 1 1
v 0.1929289 0.807071 0.84 1 1 1
v 0.2141421 0.8282843 0.84 1 1 1
v -3.278257E-09 1.042426 0.84 1 1 1
v -0.2141421 0.8282843 0.84 1 1 1
v 0.2179289 0.7820711 0.8253554 1 1 1
v 0.2391421 0.8032842 0.8253554 1 1 1
v -0.2391421 0.8032842 0.8253554 1 1 1
v 3.278257E-09 1.042426 0.4 1 1 1
v -0.315733 0.6051745 0.4000001 1 1 1
v -0.3243733 0.6051745 0.4208598 1 1 1
v -0.300983 0.6346745 0.4000001 1 1 1
v -0.3139435 0.6346745 0.4312896 1 1 1
v -0.374733 0.6051745 0.4000001 1 1 1
v -0.389483 0.6346745 0.4000001 1 1 1
v -0.3660926 0.6051745 0.4208598 1 1 1
v -0.3765224 0.6346745 0.4312896 1 1 1
v -0.3243733 0.5461745 0.4208598 1 1 1
v -0.345233 0.5461745 0.4295001 1 1 1
v -0.345233 0.6051745 0.4295001 1 1 1
v -0.3139435 0.6346745 0.3687106 1 1 1
v -0.3243733 0.6051745 0.3791404 1 1 1
v -0.345233 0.6346745 0.4442501 1 1 1
v -0.345233 0.6051745 0.3705001 1 1 1
v -0.345233 0.6346745 0.3557501 1 1 1
v -0.3660926 0.6051745 0.3791404 1 1 1
v -0.3765224 0.6346745 0.3687106 1 1 1
v -0.315733 0.6641746 0.4000001 1 1 1
v -0.3243733 0.6641746 0.4208598 1 1 1
v -0.3660926 0.5461745 0.4208598 1 1 1
v -0.3660926 0.5461745 0.3791404 1 1 1
v -0.345233 0.5461745 0.3705001 1 1 1
v -0.374733 0.5461745 0.4000001 1 1 1
v -0.3660926 0.6641746 0.3791404 1 1 1
v -0.345233 0.6641746 0.3705001 1 1 1
v -0.3243733 0.6641746 0.3791404 1 1 1
v -0.345233 0.6641746 0.4295001 1 1 1
v -0.3660926 0.6641746 0.4208598 1 1 1
v -0.374733 0.6641746 0.4000001 1 1 1
v -0.3243733 0.5461745 0.3791404 1 1 1
v -0.315733 0.5461745 0.4000001 1 1 1
v -0.315733 0.6051745 0.25 1 1 1
v -0.3243733 0.6051745 0.2708597 1 1 1
v -0.300983 0.6346745 0.25 1 1 1
v -0.3139435 0.6346745 0.2812895 1 1 1
v -0.374733 0.6051745 0.25 1 1 1
v -0.389483 0.6346745 0.25 1 1 1
v -0.3660926 0.6051745 0.2708597 1 1 1
v -0.3765224 0.6346745 0.2812895 1 1 1
v -0.3243733 0.5461745 0.2708597 1 1 1
v -0.345233 0.5461745 0.2795 1 1 1
v -0.345233 0.6051745 0.2795 1 1 1
v -0.3139435 0.6346745 0.2187105 1 1 1
v -0.3243733 0.6051745 0.2291403 1 1 1
v -0.345233 0.6346745 0.29425 1 1 1
v -0.345233 0.6051745 0.2205 1 1 1
v -0.345233 0.6346745 0.20575 1 1 1
v -0.3660926 0.6051745 0.2291403 1 1 1
v -0.3765224 0.6346745 0.2187105 1 1 1
v -0.315733 0.6641746 0.25 1 1 1
v -0.3243733 0.6641746 0.2708597 1 1 1
v -0.3660926 0.5461745 0.2708597 1 1 1
v -0.3660926 0.5461745 0.2291403 1 1 1
v -0.345233 0.5461745 0.2205 1 1 1
v -0.374733 0.5461745 0.25 1 1 1
v -0.3660926 0.6641746 0.2291403 1 1 1
v -0.345233 0.6641746 0.2205 1 1 1
v -0.3243733 0.6641746 0.2291403 1 1 1
v -0.345233 0.6641746 0.2795 1 1 1
v -0.3660926 0.6641746 0.2708597 1 1 1
v -0.374733 0.6641746 0.25 1 1 1
v -0.3243733 0.5461745 0.2291403 1 1 1
v -0.315733 0.5461745 0.25 1 1 1
v -0.2800001 0.27 -0.8 1 1 1
v -0.2800001 0.27 -0.8199999 1 1 1
v -0.5200001 0.27 -0.8 1 1 1
v -0.5200001 0.27 -0.8199999 1 1 1
v -0.2800001 0.13 -0.8199999 1 1 1
v -0.2800001 0.13 -0.8 1 1 1
v -0.5200001 0.13 -0.8199999 1 1 1
v -0.5200001 0.13 -0.8 1 1 1
v -0.2700001 0.1 -0.8 1 1 1
v -0.2700001 0.1 -0.8199999 1 1 1
v -0.5300001 0.1 -0.8 1 1 1
v -0.5300001 0.1 -0.8199999 1 1 1
v -0.5500001 0.12 -0.8199999 1 1 1
v -0.5500001 0.28 -0.8199999 1 1 1
v -0.5500001 0.12 -0.8 1 1 1
v -0.5500001 0.28 -0.8 1 1 1
v -0.2500001 0.28 -0.8199999 1 1 1
v -0.2500001 0.12 -0.8199999 1 1 1
v -0.2500001 0.28 -0.8 1 1 1
v -0.2500001 0.12 -0.8 1 1 1
v -0.2700001 0.3 -0.8199999 1 1 1
v -0.2700001 0.3 -0.8 1 1 1
v -0.5300001 0.3 -0.8199999 1 1 1
v -0.5300001 0.3 -0.8 1 1 1
v -0.2000001 9.023893E-17 -0.3999999 1 1 1
v -0.2000001 3.979286E-17 -0.8199999 1 1 1
v -0.6200001 3.979286E-17 -0.3999999 1 1 1
v -0.6000001 3.979286E-17 -0.8199999 1 1 1
v -0.6200001 3.979286E-17 -0.8 1 1 1
v -0.6200001 0.05 -0.8 1 1 1
v -0.6200001 0.05 -0.3999999 1 1 1
v -0.2000001 0.05 -0.8199999 1 1 1
v -0.2000001 0.05 -0.8 1 1 1
v -0.6000001 0.05 -0.8199999 1 1 1
v -0.6000001 0.05 -0.8 1 1 1
v -0.6000001 0.05 -0.3999999 1 1 1
v -0.3000001 0.15 -0.8 1 1 1
v -0.3000001 0.25 -0.8 1 1 1
v -0.3000001 0.15 -0.78 1 1 1
v -0.3000001 0.25 -0.78 1 1 1
v -0.5000001 0.25 -0.78 1 1 1
v -0.3900001 0.25 -0.8 1 1 1
v -0.4100001 0.25 -0.8 1 1 1
v -0.5000001 0.25 -0.8 1 1 1
v -0.5000001 0.15 -0.8 1 1 1
v -0.5000001 0.15 -0.78 1 1 1
v -0.3900001 0.15 -0.8 1 1 1
v -0.4100001 0.15 -0.8 1 1 1
v 0.13 1.804779E-16 -0.8200001 1 1 1
v 0.13 0.27 -0.8200001 1 1 1
v 0.13 1.804779E-16 -0.8000001 1 1 1
v 0.13 0.27 -0.8000001 1 1 1
v -0.13 0.27 -0.8200001 1 1 1
v -0.13 1.804779E-16 -0.8200001 1 1 1
v -0.13 0.27 -0.8000001 1 1 1
v -0.13 1.804779E-16 -0.8000001 1 1 1
v 0.2 0 -0.4000002 1 1 1
v 0.2 0 -0.8200001 1 1 1
v -0.2 9.023893E-17 -0.4000002 1 1 1
v -0.2 3.979286E-17 -0.8200001 1 1 1
v 0.2 0.05 -0.8200001 1 1 1
v 0.2 0.05 -0.8000001 1 1 1
v 0.16 0.05 -0.8200001 1 1 1
v 0.16 0.05 -0.8000001 1 1 1
v 0.16 0.28 -0.8200001 1 1 1
v 0.16 0.28 -0.8000001 1 1 1
v 0.14 0.3 -0.8200001 1 1 1
v 0.14 0.3 -0.8000001 1 1 1
v -0.14 0.3 -0.8200001 1 1 1
v -0.14 0.3 -0.8000001 1 1 1
v -0.16 0.28 -0.8200001 1 1 1
v -0.16 0.28 -0.8000001 1 1 1
v -0.2 0.05 -0.8200001 1 1 1
v -0.16 0.05 -0.8200001 1 1 1
v -0.16 0.05 -0.8000001 1 1 1
v -0.2 0.05 -0.8000001 1 1 1
v -0.0219486 0.03688905 -0.811 1 1 1
v -0.0219486 0.05 -0.811 1 1 1
v -0.0219486 0.03688905 -0.8 1 1 1
v -0.0219486 0.05 -0.8 1 1 1
v 0.0219486 0.05 -0.811 1 1 1
v 0.0219486 0.05 -0.8 1 1 1
v 0.0219486 0.03688905 -0.8 1 1 1
v 0.0219486 0.03688905 -0.811 1 1 1
v 0.2800001 0.27 -0.8 1 1 1
v 0.2800001 0.27 -0.8199999 1 1 1
v 0.5200001 0.27 -0.8 1 1 1
v 0.5200001 0.27 -0.8199999 1 1 1
v 0.2800001 0.13 -0.8199999 1 1 1
v 0.2800001 0.13 -0.8 1 1 1
v 0.5200001 0.13 -0.8199999 1 1 1
v 0.5200001 0.13 -0.8 1 1 1
v 0.2700001 0.1 -0.8 1 1 1
v 0.2700001 0.1 -0.8199999 1 1 1
v 0.5300001 0.1 -0.8 1 1 1
v 0.5300001 0.1 -0.8199999 1 1 1
v 0.5500001 0.12 -0.8199999 1 1 1
v 0.5500001 0.28 -0.8199999 1 1 1
v 0.5500001 0.12 -0.8 1 1 1
v 0.5500001 0.28 -0.8 1 1 1
v 0.2500001 0.28 -0.8199999 1 1 1
v 0.2500001 0.12 -0.8199999 1 1 1
v 0.2500001 0.28 -0.8 1 1 1
v 0.2500001 0.12 -0.8 1 1 1
v 0.2700001 0.3 -0.8199999 1 1 1
v 0.2700001 0.3 -0.8 1 1 1
v 0.5300001 0.3 -0.8199999 1 1 1
v 0.5300001 0.3 -0.8 1 1 1
v 0.2000001 9.023893E-17 -0.3999999 1 1 1
v 0.2000001 0 -0.8199999 1 1 1
v 0.6200001 0 -0.3999999 1 1 1
v 0.6000001 0 -0.8199999 1 1 1
v 0.6200001 0 -0.8 1 1 1
v 0.6200001 0.05 -0.8 1 1 1
v 0.6200001 0.05 -0.3999999 1 1 1
v 0.2000001 0.05 -0.8199999 1 1 1
v 0.2000001 0.05 -0.8 1 1 1
v 0.6000001 0.05 -0.8199999 1 1 1
v 0.6000001 0.05 -0.8 1 1 1
v 0.6000001 0.05 -0.3999999 1 1 1
v 0.3000001 0.15 -0.8 1 1 1
v 0.3000001 0.25 -0.8 1 1 1
v 0.3000001 0.15 -0.78 1 1 1
v 0.3000001 0.25 -0.78 1 1 1
v 0.5000001 0.25 -0.78 1 1 1
v 0.3900001 0.25 -0.8 1 1 1
v 0.4100001 0.25 -0.8 1 1 1
v 0.5000001 0.25 -0.8 1 1 1
v 0.5000001 0.15 -0.8 1 1 1
v 0.5000001 0.15 -0.78 1 1 1
v 0.3900001 0.15 -0.8 1 1 1
v 0.4100001 0.15 -0.8 1 1 1
v 0.12 0.67 -0.8 1 1 1
v 0.12 0.67 -0.8199999 1 1 1
v -0.12 0.67 -0.8 1 1 1
v -0.12 0.67 -0.8199999 1 1 1
v 0.12 0.53 -0.8199999 1 1 1
v 0.12 0.53 -0.8 1 1 1
v -0.12 0.53 -0.8199999 1 1 1
v -0.12 0.53 -0.8 1 1 1
v 0.13 0.5 -0.8199999 1 1 1
v -0.13 0.5 -0.8199999 1 1 1
v -0.15 0.52 -0.8199999 1 1 1
v -0.15 0.68 -0.8199999 1 1 1
v 0.15 0.68 -0.8199999 1 1 1
v 0.15 0.52 -0.8199999 1 1 1
v 0.13 0.7 -0.8199999 1 1 1
v -0.13 0.7 -0.8199999 1 1 1
v -0.22 0.4 -0.8 1 1 1
v -0.22 0.45 -0.8 1 1 1
v -0.22 0.4 -0.3999999 1 1 1
v -0.22 0.45 -0.3999999 1 1 1
v -0.2 0.45 -0.8199999 1 1 1
v 0.2 0.45 -0.8199999 1 1 1
v 0.22 0.45 -0.3999999 1 1 1
v 0.22 0.45 -0.8 1 1 1
v -0.2 0.4 -0.3999999 1 1 1
v -0.2 0.4 -0.8 1 1 1
v -0.2 0.4 -0.8199999 1 1 1
v 0.2 0.4 -0.8199999 1 1 1
v 0.2 0.4 -0.8 1 1 1
v 0.2 0.4 -0.3999999 1 1 1
v 0.22 0.4 -0.8 1 1 1
v 0.22 0.4 -0.3999999 1 1 1
v 0.1 0.55 -0.8 1 1 1
v 0.1 0.65 -0.8 1 1 1
v 0.1 0.55 -0.78 1 1 1
v 0.1 0.65 -0.78 1 1 1
v -0.1 0.65 -0.78 1 1 1
v 0.01 0.65 -0.8 1 1 1
v -0.01 0.65 -0.8 1 1 1
v -0.1 0.65 -0.8 1 1 1
v -0.1 0.55 -0.8 1 1 1
v -0.1 0.55 -0.78 1 1 1
v 0.01 0.55 -0.8 1 1 1
v -0.01 0.55 -0.8 1 1 1
v -0.2800001 0.27 0.7999999 1 1 1
v -0.2800001 0.27 0.8199999 1 1 1
v -0.5200001 0.27 0.7999999 1 1 1
v -0.5200001 0.27 0.8199999 1 1 1
v -0.2800001 0.13 0.8199999 1 1 1
v -0.2800001 0.13 0.7999999 1 1 1
v -0.5200001 0.13 0.7999999 1 1 1
v -0.5200001 0.13 0.8199999 1 1 1
v -0.2700001 0.1 0.7999999 1 1 1
v -0.2700001 0.1 0.8199999 1 1 1
v -0.5300001 0.1 0.7999999 1 1 1
v -0.5300001 0.1 0.8199999 1 1 1
v -0.5500001 0.12 0.8199999 1 1 1
v -0.5500001 0.28 0.8199999 1 1 1
v -0.5500001 0.12 0.7999999 1 1 1
v -0.5500001 0.28 0.7999999 1 1 1
v -0.2500001 0.28 0.8199999 1 1 1
v -0.2500001 0.12 0.8199999 1 1 1
v -0.2500001 0.28 0.7999999 1 1 1
v -0.2500001 0.12 0.7999999 1 1 1
v -0.2700001 0.3 0.7999999 1 1 1
v -0.5300001 0.3 0.7999999 1 1 1
v -0.2700001 0.3 0.8199999 1 1 1
v -0.5300001 0.3 0.8199999 1 1 1
v -0.2000001 0 0.8199999 1 1 1
v -0.6000001 0 0.8199999 1 1 1
v -0.2000001 0 0.3999999 1 1 1
v -0.6200001 0 0.3999999 1 1 1
v -0.6200001 0 0.7999999 1 1 1
v -0.6200001 0.05 0.7999999 1 1 1
v -0.6200001 0.05 0.3999999 1 1 1
v -0.2000001 0.05 0.7999999 1 1 1
v -0.6000001 0.05 0.7999999 1 1 1
v -0.2000001 0.05 0.8199999 1 1 1
v -0.6000001 0.05 0.8199999 1 1 1
v -0.6000001 0.05 0.3999999 1 1 1
v -0.3000001 0.15 0.7999999 1 1 1
v -0.3000001 0.25 0.7999999 1 1 1
v -0.3000001 0.15 0.7799999 1 1 1
v -0.3000001 0.25 0.7799999 1 1 1
v -0.5000001 0.25 0.7799999 1 1 1
v -0.3900001 0.25 0.7999999 1 1 1
v -0.4100001 0.25 0.7999999 1 1 1
v -0.5000001 0.25 0.7999999 1 1 1
v -0.5000001 0.15 0.7999999 1 1 1
v -0.5000001 0.15 0.7799999 1 1 1
v -0.3900001 0.15 0.7999999 1 1 1
v -0.4100001 0.15 0.7999999 1 1 1
v 0.2800001 0.27 0.7999999 1 1 1
v 0.2800001 0.27 0.8199999 1 1 1
v 0.5200001 0.27 0.7999999 1 1 1
v 0.5200001 0.27 0.8199999 1 1 1
v 0.2800001 0.13 0.8199999 1 1 1
v 0.2800001 0.13 0.7999999 1 1 1
v 0.5200001 0.13 0.8199999 1 1 1
v 0.5200001 0.13 0.7999999 1 1 1
v 0.2700001 0.1 0.8199999 1 1 1
v 0.5300001 0.1 0.8199999 1 1 1
v 0.2700001 0.1 0.7999999 1 1 1
v 0.5300001 0.1 0.7999999 1 1 1
v 0.5500001 0.12 0.8199999 1 1 1
v 0.5500001 0.28 0.8199999 1 1 1
v 0.5500001 0.12 0.7999999 1 1 1
v 0.5500001 0.28 0.7999999 1 1 1
v 0.2500001 0.28 0.8199999 1 1 1
v 0.2500001 0.12 0.8199999 1 1 1
v 0.2500001 0.28 0.7999999 1 1 1
v 0.2500001 0.12 0.7999999 1 1 1
v 0.2700001 0.3 0.8199999 1 1 1
v 0.2700001 0.3 0.7999999 1 1 1
v 0.5300001 0.3 0.8199999 1 1 1
v 0.5300001 0.3 0.7999999 1 1 1
v 0.2000001 9.023893E-17 0.3999999 1 1 1
v 0.2000001 3.979286E-17 0.8199999 1 1 1
v 0.6200001 3.979286E-17 0.3999999 1 1 1
v 0.6000001 3.979286E-17 0.8199999 1 1 1
v 0.6200001 3.979286E-17 0.7999999 1 1 1
v 0.6200001 0.05 0.7999999 1 1 1
v 0.6200001 0.05 0.3999999 1 1 1
v 0.2000001 0.05 0.8199999 1 1 1
v 0.2000001 0.05 0.7999999 1 1 1
v 0.6000001 0.05 0.8199999 1 1 1
v 0.6000001 0.05 0.7999999 1 1 1
v 0.6000001 0.05 0.3999999 1 1 1
v 0.3000001 0.15 0.7999999 1 1 1
v 0.3000001 0.25 0.7999999 1 1 1
v 0.3000001 0.15 0.7799999 1 1 1
v 0.3000001 0.25 0.7799999 1 1 1
v 0.5000001 0.25 0.7799999 1 1 1
v 0.3900001 0.25 0.7999999 1 1 1
v 0.4100001 0.25 0.7999999 1 1 1
v 0.5000001 0.25 0.7999999 1 1 1
v 0.5000001 0.15 0.7999999 1 1 1
v 0.5000001 0.15 0.7799999 1 1 1
v 0.3900001 0.15 0.7999999 1 1 1
v 0.4100001 0.15 0.7999999 1 1 1
v -0.12 0.67 0.7999999 1 1 1
v -0.12 0.67 0.8199999 1 1 1
v 0.12 0.67 0.7999999 1 1 1
v 0.12 0.67 0.8199999 1 1 1
v -0.12 0.53 0.8199999 1 1 1
v -0.12 0.53 0.7999999 1 1 1
v 0.12 0.53 0.8199999 1 1 1
v 0.12 0.53 0.7999999 1 1 1
v -0.13 0.5 0.8199999 1 1 1
v 0.13 0.5 0.8199999 1 1 1
v 0.15 0.52 0.8199999 1 1 1
v 0.15 0.68 0.8199999 1 1 1
v -0.15 0.68 0.8199999 1 1 1
v -0.15 0.52 0.8199999 1 1 1
v -0.13 0.7 0.8199999 1 1 1
v 0.13 0.7 0.8199999 1 1 1
v 0.22 0.4 0.7999999 1 1 1
v 0.22 0.45 0.7999999 1 1 1
v 0.22 0.4 0.3999999 1 1 1
v 0.22 0.45 0.3999999 1 1 1
v 0.2 0.45 0.8199999 1 1 1
v -0.2 0.45 0.8199999 1 1 1
v -0.22 0.45 0.3999999 1 1 1
v -0.22 0.45 0.7999999 1 1 1
v 0.2 0.4 0.3999999 1 1 1
v 0.2 0.4 0.7999999 1 1 1
v 0.2 0.4 0.8199999 1 1 1
v -0.2 0.4 0.8199999 1 1 1
v -0.2 0.4 0.7999999 1 1 1
v -0.2 0.4 0.3999999 1 1 1
v -0.22 0.4 0.7999999 1 1 1
v -0.22 0.4 0.3999999 1 1 1
v -0.1 0.55 0.7999999 1 1 1
v -0.1 0.65 0.7999999 1 1 1
v -0.1 0.55 0.7799999 1 1 1
v -0.1 0.65 0.7799999 1 1 1
v 0.09999998 0.65 0.7799999 1 1 1
v -0.01000002 0.65 0.7999999 1 1 1
v 0.009999975 0.65 0.7999999 1 1 1
v 0.09999998 0.65 0.7999999 1 1 1
v 0.09999998 0.55 0.7999999 1 1 1
v 0.09999998 0.55 0.7799999 1 1 1
v -0.01000002 0.55 0.7999999 1 1 1
v 0.009999975 0.55 0.7999999 1 1 1
v -0.5999998 0.27 -0.3200004 1 1 1
v -0.6199998 0.27 -0.3200004 1 1 1
v -0.5999997 0.27 -0.08000024 1 1 1
v -0.6199998 0.27 -0.08000024 1 1 1
v -0.6199998 0.13 -0.3200004 1 1 1
v -0.5999998 0.13 -0.3200004 1 1 1
v -0.6199998 0.13 -0.08000024 1 1 1
v -0.5999997 0.13 -0.08000024 1 1 1
v -0.5999998 0.1 -0.3300003 1 1 1
v -0.6199998 0.1 -0.3300003 1 1 1
v -0.5999997 0.1 -0.07000025 1 1 1
v -0.6199998 0.1 -0.07000025 1 1 1
v -0.6199998 0.12 -0.05000024 1 1 1
v -0.6199998 0.28 -0.05000024 1 1 1
v -0.5999997 0.12 -0.05000024 1 1 1
v -0.5999997 0.28 -0.05000024 1 1 1
v -0.6199998 0.28 -0.3500003 1 1 1
v -0.6199998 0.12 -0.3500003 1 1 1
v -0.5999998 0.28 -0.3500003 1 1 1
v -0.5999998 0.12 -0.3500003 1 1 1
v -0.6199998 0.3 -0.3300003 1 1 1
v -0.5999998 0.3 -0.3300003 1 1 1
v -0.6199998 0.3 -0.07000025 1 1 1
v -0.5999997 0.3 -0.07000025 1 1 1
v -0.1999996 3.979286E-17 -0.4000004 1 1 1
v -0.6199998 3.979286E-17 -0.4000004 1 1 1
v -0.1999996 3.979286E-17 -2.533197E-07 1 1 1
v -0.6199997 3.979286E-17 -2.086163E-07 1 1 1
v -0.6199998 0.05 -0.4000004 1 1 1
v -0.5999998 0.05 -0.4000004 1 1 1
v -0.6199997 0.05 -2.086163E-07 1 1 1
v -0.5999997 0.05 -2.086163E-07 1 1 1
v -0.6 0.15 -0.3000003 1 1 1
v -0.6 0.25 -0.3000003 1 1 1
v -0.58 0.15 -0.3000003 1 1 1
v -0.58 0.25 -0.3000003 1 1 1
v -0.58 0.25 -0.1000003 1 1 1
v -0.6 0.25 -0.2100003 1 1 1
v -0.6 0.25 -0.1900003 1 1 1
v -0.6 0.25 -0.1000003 1 1 1
v -0.6 0.15 -0.1000003 1 1 1
v -0.58 0.15 -0.1000003 1 1 1
v -0.6 0.15 -0.2100003 1 1 1
v -0.6 0.15 -0.1900003 1 1 1
v -0.6 0.27 -0.08000024 1 1 1
v -0.6 0.13 -0.08000024 1 1 1
v -0.6 0.13 -0.3200004 1 1 1
v -0.6 0.27 -0.3200004 1 1 1
v 0.5999996 0.27 0.3200001 1 1 1
v 0.6199996 0.27 0.3200001 1 1 1
v 0.5999996 0.27 0.07999999 1 1 1
v 0.6199996 0.27 0.07999999 1 1 1
v 0.6199996 0.13 0.3200001 1 1 1
v 0.5999996 0.13 0.3200001 1 1 1
v 0.6199996 0.13 0.07999999 1 1 1
v 0.5999996 0.13 0.07999999 1 1 1
v 0.5999996 0.1 0.3300001 1 1 1
v 0.6199996 0.1 0.3300001 1 1 1
v 0.5999996 0.1 0.06999999 1 1 1
v 0.6199996 0.1 0.06999999 1 1 1
v 0.6199996 0.12 0.04999998 1 1 1
v 0.6199996 0.28 0.04999998 1 1 1
v 0.5999996 0.12 0.04999998 1 1 1
v 0.5999996 0.28 0.04999998 1 1 1
v 0.6199996 0.28 0.3500001 1 1 1
v 0.6199996 0.12 0.3500001 1 1 1
v 0.5999996 0.28 0.3500001 1 1 1
v 0.5999996 0.12 0.3500001 1 1 1
v 0.6199996 0.3 0.3300001 1 1 1
v 0.5999996 0.3 0.3300001 1 1 1
v 0.6199996 0.3 0.06999999 1 1 1
v 0.5999996 0.3 0.06999999 1 1 1
v 0.1999994 9.023893E-17 0.4000001 1 1 1
v 0.6199996 9.023893E-17 0.4000001 1 1 1
v 0.1999995 9.023893E-17 -8.940697E-08 1 1 1
v 0.6199996 9.023893E-17 -4.470348E-08 1 1 1
v 0.6199996 0.05 0.4000001 1 1 1
v 0.5999996 0.05 0.4000001 1 1 1
v 0.6199996 0.05 -4.470348E-08 1 1 1
v 0.5999996 0.05 -4.470348E-08 1 1 1
v 0.5999998 0.15 0.3000001 1 1 1
v 0.5999998 0.25 0.3000001 1 1 1
v 0.5799999 0.15 0.3000001 1 1 1
v 0.5799999 0.25 0.3000001 1 1 1
v 0.5799999 0.25 0.1 1 1 1
v 0.5999998 0.25 0.21 1 1 1
v 0.5999998 0.25 0.19 1 1 1
v 0.5999998 0.25 0.1 1 1 1
v 0.5999998 0.15 0.1 1 1 1
v 0.5799999 0.15 0.1 1 1 1
v 0.5999998 0.15 0.21 1 1 1
v 0.5999998 0.15 0.19 1 1 1
v 0.5999999 0.27 0.07999999 1 1 1
v 0.5999999 0.13 0.07999999 1 1 1
v 0.5999998 0.13 0.3200001 1 1 1
v 0.5999998 0.27 0.3200001 1 1 1
v -0.5999998 0.27 0.0799998 1 1 1
v -0.6199998 0.27 0.0799998 1 1 1
v -0.5999998 0.27 0.3199999 1 1 1
v -0.6199998 0.27 0.3199999 1 1 1
v -0.6199998 0.13 0.0799998 1 1 1
v -0.5999998 0.13 0.0799998 1 1 1
v -0.6199998 0.13 0.3199999 1 1 1
v -0.5999998 0.13 0.3199999 1 1 1
v -0.5999998 0.1 0.06999981 1 1 1
v -0.6199998 0.1 0.06999981 1 1 1
v -0.5999998 0.1 0.3299999 1 1 1
v -0.6199998 0.1 0.3299999 1 1 1
v -0.6199998 0.12 0.3499999 1 1 1
v -0.6199998 0.28 0.3499999 1 1 1
v -0.5999998 0.12 0.3499999 1 1 1
v -0.5999998 0.28 0.3499999 1 1 1
v -0.6199998 0.28 0.0499998 1 1 1
v -0.6199998 0.12 0.0499998 1 1 1
v -0.5999998 0.28 0.0499998 1 1 1
v -0.5999998 0.12 0.0499998 1 1 1
v -0.6199998 0.3 0.06999981 1 1 1
v -0.5999998 0.3 0.06999981 1 1 1
v -0.6199998 0.3 0.3299999 1 1 1
v -0.5999998 0.3 0.3299999 1 1 1
v -0.6199998 3.979286E-17 -2.235174E-07 1 1 1
v -0.6199998 3.979286E-17 0.3999999 1 1 1
v -0.1999997 3.979286E-17 -2.682209E-07 1 1 1
v -0.1999996 3.979286E-17 0.3999999 1 1 1
v -0.6199998 0.05 -2.235174E-07 1 1 1
v -0.5999998 0.05 -2.235174E-07 1 1 1
v -0.6199998 0.05 0.3999999 1 1 1
v -0.5999998 0.05 0.3999999 1 1 1
v -0.6000001 0.15 0.09999982 1 1 1
v -0.6000001 0.25 0.09999982 1 1 1
v -0.58 0.15 0.09999982 1 1 1
v -0.58 0.25 0.09999982 1 1 1
v -0.58 0.25 0.2999999 1 1 1
v -0.6 0.25 0.1899998 1 1 1
v -0.6 0.25 0.2099999 1 1 1
v -0.6 0.25 0.2999999 1 1 1
v -0.6 0.15 0.2999999 1 1 1
v -0.58 0.15 0.2999999 1 1 1
v -0.6 0.15 0.1899998 1 1 1
v -0.6 0.15 0.2099999 1 1 1
v -0.6 0.27 0.3199999 1 1 1
v -0.6 0.13 0.3199999 1 1 1
v -0.6000001 0.13 0.0799998 1 1 1
v -0.6000001 0.27 0.0799998 1 1 1
v -0.13 1.804779E-16 0.8199999 1 1 1
v -0.13 0.27 0.8199999 1 1 1
v -0.13 1.804779E-16 0.8 1 1 1
v -0.13 0.27 0.8 1 1 1
v 0.13 0.27 0.8199999 1 1 1
v 0.13 1.804779E-16 0.8199999 1 1 1
v 0.13 0.27 0.8 1 1 1
v 0.13 1.804779E-16 0.8 1 1 1
v -0.2 0 0.4 1 1 1
v -0.2 0 0.8199999 1 1 1
v 0.2 9.023893E-17 0.4 1 1 1
v 0.2 3.979286E-17 0.8199999 1 1 1
v -0.2 0.05 0.8199999 1 1 1
v -0.2 0.05 0.8 1 1 1
v -0.16 0.05 0.8199999 1 1 1
v -0.16 0.05 0.8 1 1 1
v -0.16 0.28 0.8199999 1 1 1
v -0.16 0.28 0.8 1 1 1
v -0.14 0.3 0.8199999 1 1 1
v -0.14 0.3 0.8 1 1 1
v 0.14 0.3 0.8199999 1 1 1
v 0.14 0.3 0.8 1 1 1
v 0.16 0.28 0.8199999 1 1 1
v 0.16 0.28 0.8 1 1 1
v 0.2 0.05 0.8199999 1 1 1
v 0.16 0.05 0.8199999 1 1 1
v 0.16 0.05 0.8 1 1 1
v 0.2 0.05 0.8 1 1 1
v 0.02194857 0.03688905 0.811 1 1 1
v 0.02194857 0.05 0.811 1 1 1
v 0.02194857 0.03688905 0.8 1 1 1
v 0.02194857 0.05 0.8 1 1 1
v -0.02194863 0.05 0.811 1 1 1
v -0.02194863 0.05 0.8 1 1 1
v -0.02194863 0.03688905 0.8 1 1 1
v -0.02194863 0.03688905 0.811 1 1 1
v 0.5999995 0.27 -0.08000006 1 1 1
v 0.6199995 0.27 -0.08000006 1 1 1
v 0.5999996 0.27 -0.3200002 1 1 1
v 0.6199996 0.27 -0.3200002 1 1 1
v 0.6199995 0.13 -0.08000006 1 1 1
v 0.5999995 0.13 -0.08000006 1 1 1
v 0.6199996 0.13 -0.3200002 1 1 1
v 0.5999996 0.13 -0.3200002 1 1 1
v 0.5999995 0.1 -0.07000007 1 1 1
v 0.6199995 0.1 -0.07000007 1 1 1
v 0.5999996 0.1 -0.3300002 1 1 1
v 0.6199996 0.1 -0.3300002 1 1 1
v 0.6199996 0.12 -0.3500001 1 1 1
v 0.6199996 0.28 -0.3500001 1 1 1
v 0.5999996 0.12 -0.3500001 1 1 1
v 0.5999996 0.28 -0.3500001 1 1 1
v 0.6199995 0.28 -0.05000006 1 1 1
v 0.6199995 0.12 -0.05000006 1 1 1
v 0.5999995 0.28 -0.05000006 1 1 1
v 0.5999995 0.12 -0.05000006 1 1 1
v 0.6199995 0.3 -0.07000007 1 1 1
v 0.5999995 0.3 -0.07000007 1 1 1
v 0.6199996 0.3 -0.3300002 1 1 1
v 0.5999996 0.3 -0.3300002 1 1 1
v 0.6199995 9.023893E-17 -2.980232E-08 1 1 1
v 0.6199996 9.023893E-17 -0.4000002 1 1 1
v 0.1999994 9.023893E-17 -7.450581E-08 1 1 1
v 0.1999995 9.023893E-17 -0.4000002 1 1 1
v 0.6199995 0.05 -2.980232E-08 1 1 1
v 0.5999995 0.05 -2.980232E-08 1 1 1
v 0.6199996 0.05 -0.4000002 1 1 1
v 0.5999996 0.05 -0.4000002 1 1 1
v 0.5999998 0.15 -0.1000001 1 1 1
v 0.5999998 0.25 -0.1000001 1 1 1
v 0.5799998 0.15 -0.1000001 1 1 1
v 0.5799998 0.25 -0.1000001 1 1 1
v 0.5799998 0.25 -0.3000001 1 1 1
v 0.5999998 0.25 -0.1900001 1 1 1
v 0.5999998 0.25 -0.2100001 1 1 1
v 0.5999998 0.25 -0.3000001 1 1 1
v 0.5999998 0.15 -0.3000001 1 1 1
v 0.5799998 0.15 -0.3000001 1 1 1
v 0.5999998 0.15 -0.1900001 1 1 1
v 0.5999998 0.15 -0.2100001 1 1 1
v 0.5999998 0.27 -0.3200002 1 1 1
v 0.5999998 0.13 -0.3200002 1 1 1
v 0.5999998 0.13 -0.08000006 1 1 1
v 0.5999998 0.27 -0.08000006 1 1 1
v -0.1999999 0.4 -0.8000001 1 1 1
v -0.6 0.4 -0.8 1 1 1
v 0.1999999 0.4 -0.8000001 1 1 1
v 0.6 0.4 -0.8 1 1 1
v 0.1999999 0.4 0.8 1 1 1
v 0.5999999 0.4 0.8 1 1 1
v -0.1999999 0.4 0.8 1 1 1
v -0.5999999 0.4 0.8 1 1 1
v -0.6000001 0.4 -0.8 1 1 1
v -0.6000001 0.4 -0.3999999 1 1 1
v -0.2000001 0.4 -0.8 1 1 1
v -0.2 0.4 -0.8000001 1 1 1
v 0.2 0.4 -0.8000001 1 1 1
v 0.6000001 0.4 -0.8 1 1 1
v 0.6000001 0.4 -0.3999999 1 1 1
v 0.2000001 0.4 -0.8 1 1 1
v 0.3667946 1.444007 -0.03772567 1 1 1
v 0.382421 1.444007 3.609557E-16 1 1 1
v 0.2913432 1.444007 -0.03772567 1 1 1
v 0.2757168 1.444007 3.609557E-16 1 1 1
v 0.3667946 1.444007 0.03772567 1 1 1
v 0.2913432 1.444007 0.03772567 1 1 1
v 0.3290689 1.444007 0.05335216 1 1 1
v 0.3290689 1.444007 -0.05335216 1 1 1
v 0.3667946 1.444007 0.3622744 1 1 1
v 0.382421 1.444007 0.4000001 1 1 1
v 0.2913432 1.444007 0.3622744 1 1 1
v 0.2757168 1.444007 0.4000001 1 1 1
v 0.3667946 1.444007 0.4377258 1 1 1
v 0.2913432 1.444007 0.4377258 1 1 1
v 0.3290689 1.444007 0.4533522 1 1 1
v 0.3290689 1.444007 0.3466479 1 1 1
v -0.6000001 0.4 0.7999999 1 1 1
v -0.6000001 0.4 0.3999999 1 1 1
v -0.2000001 0.4 0.7999999 1 1 1
v 0.6000001 0.4 0.7999999 1 1 1
v 0.6000001 0.4 0.3999999 1 1 1
v 0.2000001 0.4 0.7999999 1 1 1
v -0.5999998 0.4 -0.4000004 1 1 1
v -0.5999997 0.4 -2.086163E-07 1 1 1
v 0.3667946 1.444007 -0.4377258 1 1 1
v 0.382421 1.444007 -0.4000001 1 1 1
v 0.2913432 1.444007 -0.4377258 1 1 1
v 0.2757168 1.444007 -0.4000001 1 1 1
v 0.3667946 1.444007 -0.3622744 1 1 1
v 0.2913432 1.444007 -0.3622744 1 1 1
v 0.3290689 1.444007 -0.3466479 1 1 1
v 0.3290689 1.444007 -0.4533522 1 1 1
v 0.5999996 0.4 0.4000001 1 1 1
v 0.5999996 0.4 -4.470348E-08 1 1 1
v -0.5999998 0.4 -2.235174E-07 1 1 1
v -0.5999998 0.4 0.3999999 1 1 1
v 0.2 0.4 0.8 1 1 1
v -0.2 0.4 0.8 1 1 1
v 0.5999995 0.4 -2.980232E-08 1 1 1
v 0.5999996 0.4 -0.4000002 1 1 1
v 0.09 0.18 -0.8 1 1 1
v 0.09 0.18 -0.78 1 1 1
v -0.09 0.18 -0.8 1 1 1
v -0.09 0.18 -0.78 1 1 1
v -0.09 0.22 -0.8 1 1 1
v -0.09 0.22 -0.78 1 1 1
v 0.09 0.22 -0.78 1 1 1
v 0.09 0.22 -0.8 1 1 1
v 0.13 0.27 -0.8 1 1 1
v 0.13 1.804779E-16 -0.8 1 1 1
v -0.13 0.27 -0.8 1 1 1
v -0.13 1.804779E-16 -0.8 1 1 1
v 0.2295877 1.232488 8.870631E-16 1 1 1
v 0.2344536 1.427125 8.870631E-16 1 1 1
v 0.258725 1.232488 0.07034384 1 1 1
v 0.2621658 1.427125 0.06690311 1 1 1
v 0.3290689 1.232488 0.09948122 1 1 1
v 0.3290689 1.427125 0.09461529 1 1 1
v 0.3290689 1.232488 -0.09948122 1 1 1
v 0.3994128 1.232488 -0.07034384 1 1 1
v 0.3290689 1.427125 -0.09461529 1 1 1
v 0.395972 1.427125 -0.06690311 1 1 1
v 0.258725 1.232488 -0.07034384 1 1 1
v 0.2621658 1.427125 -0.06690311 1 1 1
v 0.3994128 1.232488 0.07034384 1 1 1
v 0.395972 1.427125 0.06690311 1 1 1
v 0.4285501 1.232488 8.870631E-16 1 1 1
v 0.4236842 1.427125 8.870631E-16 1 1 1
v 0.2295877 1.232488 0.4000001 1 1 1
v 0.2344536 1.427125 0.4000001 1 1 1
v 0.258725 1.232488 0.4703439 1 1 1
v 0.2621658 1.427125 0.4669032 1 1 1
v 0.3290689 1.232488 0.4994813 1 1 1
v 0.3290689 1.427125 0.4946154 1 1 1
v 0.3290689 1.232488 0.3005189 1 1 1
v 0.3994128 1.232488 0.3296562 1 1 1
v 0.3290689 1.427125 0.3053848 1 1 1
v 0.395972 1.427125 0.333097 1 1 1
v 0.258725 1.232488 0.3296562 1 1 1
v 0.2621658 1.427125 0.333097 1 1 1
v 0.3994128 1.232488 0.4703439 1 1 1
v 0.395972 1.427125 0.4669032 1 1 1
v 0.4285501 1.232488 0.4000001 1 1 1
v 0.4236842 1.427125 0.4000001 1 1 1
v 0.2295877 1.232488 -0.4000001 1 1 1
v 0.2344536 1.427125 -0.4000001 1 1 1
v 0.258725 1.232488 -0.3296562 1 1 1
v 0.2621658 1.427125 -0.333097 1 1 1
v 0.3290689 1.232488 -0.3005189 1 1 1
v 0.3290689 1.427125 -0.3053848 1 1 1
v 0.3290689 1.232488 -0.4994813 1 1 1
v 0.3994128 1.232488 -0.4703439 1 1 1
v 0.3290689 1.427125 -0.4946154 1 1 1
v 0.395972 1.427125 -0.4669032 1 1 1
v 0.258725 1.232488 -0.4703439 1 1 1
v 0.2621658 1.427125 -0.4669032 1 1 1
v 0.3994128 1.232488 -0.3296562 1 1 1
v 0.395972 1.427125 -0.333097 1 1 1
v 0.4285501 1.232488 -0.4000001 1 1 1
v 0.4236842 1.427125 -0.4000001 1 1 1
v -0.09000002 0.18 0.8 1 1 1
v -0.09000002 0.18 0.7799999 1 1 1
v 0.08999997 0.18 0.8 1 1 1
v 0.08999997 0.18 0.7799999 1 1 1
v 0.08999997 0.22 0.8 1 1 1
v 0.08999997 0.22 0.7799999 1 1 1
v -0.09000002 0.22 0.7799999 1 1 1
v -0.09000002 0.22 0.8 1 1 1
v -0.13 0.27 0.8 1 1 1
v -0.13 1.804779E-16 0.8 1 1 1
v 0.09000001 0.18 -0.7800002 1 1 1
v 0.09000001 0.22 -0.7800002 1 1 1
v -0.08999999 0.18 -0.7800002 1 1 1
v -0.08999999 0.22 -0.7800002 1 1 1
v -0.09000004 0.18 0.78 1 1 1
v -0.09000004 0.22 0.78 1 1 1
v 0.08999996 0.18 0.78 1 1 1
v 0.08999996 0.22 0.78 1 1 1

vn -1 0 1.192093E-07
vn 1 0 1.192093E-07
vn 0 1 0
vn 0 0 -1
vn -1.490117E-08 0 1
vn -1 0 0
vn 1 0 0
vn 0 -1 0
vn -0.7068859 0.02499219 -0.7068859
vn 0 0.02499219 -0.9996877
vn -0.9996877 0.02499219 0
vn 0.7068859 0.02499219 -0.7068859
vn 0.9996877 0.02499219 0
vn 0.7068859 0.02499219 0.7068859
vn 0 0.02499219 0.9996877
vn -0.7068859 0.02499219 0.7068859
vn 1 0 1.490117E-08
vn -1 0 -1.490117E-08
vn 0.4472136 -0.8944272 -5.331201E-08
vn -0.4472136 0.8944272 5.331201E-08
vn 0.4472136 0.8944272 5.331201E-08
vn -0.4472136 -0.8944272 -5.331201E-08
vn -0.4472136 0.8944272 0
vn 0.4472136 -0.8944272 0
vn 0.4472136 0.8944272 -2.334823E-14
vn -0.4472136 -0.8944272 2.334823E-14
vn 0.6935199 -0.6935199 -0.1950903
vn 0.7071068 -0.7071068 0
vn -0.7071068 -0.7071068 0
vn -0.6935199 -0.6935199 -0.1950903
vn -0.1379497 -0.1379497 -0.9807853
vn 0.1379497 -0.1379497 -0.9807853
vn -0.5 -0.5 -0.7071068
vn 0.5 -0.5 -0.7071068
vn 0.7071068 0.7071068 0
vn -0.7071068 0.7071068 0
vn -0.6935199 -0.6935199 0.1950903
vn -0.7071068 -0.7071068 -1.053672E-08
vn 0.7071068 -0.7071068 1.053672E-08
vn 0.6935199 -0.6935199 0.1950903
vn 0.1379497 -0.1379497 0.9807853
vn -0.1379497 -0.1379497 0.9807853
vn 0.5 -0.5 0.7071068
vn -0.5 -0.5 0.7071068
vn -0.7071068 0.7071068 -1.053672E-08
vn 0.7071068 0.7071068 1.053672E-08
vn 0.8944272 -0.4472136 0
vn 0.6324555 -0.4472136 0.6324555
vn 0.7071068 0 0.7071068
vn -0.8944272 -0.4472136 0
vn -0.6324555 -0.4472136 0.6324555
vn -0.7071068 0 0.7071068
vn 0 0 1
vn 0.7071068 0 -0.7071068
vn 0.6324555 -0.4472136 -0.6324555
vn 0 -0.4472136 0.8944272
vn 0 -0.4472136 -0.8944272
vn -0.6324555 -0.4472136 -0.6324555
vn -0.7071068 0 -0.7071068
vn 0.8944272 0.4472136 0
vn 0.6324555 0.4472136 0.6324555
vn -0.6324555 0.4472136 -0.6324555
vn 0 0.4472136 -0.8944272
vn 0.6324555 0.4472136 -0.6324555
vn 0 0.4472136 0.8944272
vn -0.6324555 0.4472136 0.6324555
vn -0.8944272 0.4472136 0
vn 0.3826834 -0.9238795 0
vn -0.3826834 -0.9238795 0
vn -0.9238795 -0.3826834 0
vn -0.9238795 0.3826834 0
vn 0.9238795 0.3826834 0
vn 0.9238795 -0.3826834 0
vn 0.3826834 0.9238795 0
vn -0.3826834 0.9238795 0
vn -0.9238795 0 -0.3826834
vn -0.3826834 0 -0.9238795
vn 0.9238795 0 -0.3826834
vn 0.3826834 0 -0.9238795
vn 0.3826834 -0.9238795 5.70243E-09
vn -0.3826834 -0.9238795 -5.70243E-09
vn -0.9238795 -0.3826834 -1.376688E-08
vn -0.9238795 0.3826834 -1.376688E-08
vn 0.9238795 0.3826834 1.376688E-08
vn 0.9238795 -0.3826834 1.376688E-08
vn 0.3826834 0.9238795 5.70243E-09
vn -0.3826834 0.9238795 -5.70243E-09
vn -0.9238795 0 0.3826834
vn -0.3826834 0 0.9238795
vn 0.9238795 0 0.3826834
vn 0.3826834 0 0.9238795
vn 8.429372E-08 -0.7071068 0.707107
vn -8.429372E-08 -0.7071068 -0.707107
vn 8.429372E-08 0.7071068 0.707107
vn -8.429372E-08 0.7071068 -0.707107
vn -4.561943E-08 -0.9238795 -0.3826836
vn 4.561943E-08 -0.9238795 0.3826836
vn 1.10135E-07 -0.3826834 0.9238799
vn 1.10135E-07 0.3826834 0.9238799
vn -1.10135E-07 0.3826834 -0.9238799
vn -1.10135E-07 -0.3826834 -0.9238799
vn -4.561943E-08 0.9238795 -0.3826836
vn 4.561943E-08 0.9238795 0.3826836
vn -1 0 1.192093E-07
vn 8.429372E-08 -0.7071068 -0.707107
vn -8.429372E-08 -0.7071068 0.707107
vn 8.429372E-08 0.7071068 -0.707107
vn -8.429372E-08 0.7071068 0.707107
vn -4.561943E-08 -0.9238795 0.3826836
vn 4.561943E-08 -0.9238795 -0.3826836
vn 1.10135E-07 -0.3826834 -0.9238799
vn 1.10135E-07 0.3826834 -0.9238799
vn -1.10135E-07 0.3826834 0.9238799
vn -1.10135E-07 -0.3826834 0.9238799
vn -4.561943E-08 0.9238795 0.3826836
vn 4.561943E-08 0.9238795 -0.3826836
vn 1 0 1.192093E-07
vn -1.192093E-07 0 -1
vn -0.8772412 -0.4386205 -0.1950903
vn -0.6324556 -0.3162278 -0.7071068
vn -0.1744942 -0.08724705 -0.9807854
vn -0.8944273 -0.4472136 1.06624E-07
vn 1 0 -1.192093E-07
vn 0.9076648 0 -0.419696
vn 0.9419182 0 -0.3358427
vn 0.4816526 0 -0.8763624
vn 0.2870333 0 -0.9579207
vn 1.192093E-07 0 -1
vn 0.1744942 -0.08724705 -0.9807854
vn -0.4816526 0 -0.8763624
vn -0.2870333 0 -0.9579207
vn 0.8772412 -0.4386205 -0.1950903
vn 0.6324556 -0.3162278 -0.7071068
vn 0.8944273 -0.4472136 1.06624E-07
vn -1 0 -1.192093E-07
vn -0.9076648 0 -0.419696
vn -0.9419182 0 -0.3358427
vn -1.192093E-07 0 1
vn 0.8772412 -0.4386205 0.1950905
vn 0.6324555 -0.3162278 0.7071069
vn 0.174494 -0.08724705 0.9807854
vn -0.907665 0 0.4196958
vn -0.9419183 0 0.3358424
vn -0.4816529 0 0.8763623
vn -0.2870336 0 0.9579206
vn 1.192093E-07 0 1
vn -0.174494 -0.08724705 0.9807854
vn 0.4816529 0 0.8763623
vn 0.2870336 0 0.9579206
vn -0.8772412 -0.4386205 0.1950905
vn -0.6324555 -0.3162278 0.7071069
vn 0.907665 0 0.4196958
vn 0.9419183 0 0.3358424
vn 0.8944272 -0.4472136 -4.669647E-14
vn -0.5489851 0.6302625 0.5489851
vn -0.7763821 0.6302625 0
vn 0.5489851 0.6302625 0.5489851
vn 0.7763821 0.6302625 0
vn -0.5489851 0.6302625 -0.5489851
vn 0.5489851 0.6302625 -0.5489851
vn 0 0.6302625 -0.7763821
vn 0 0.6302625 0.7763821
vn -0.9996876 0.02499219 0
vn -0.7686886 0.639623 0
vn -0.7068859 0.02499219 0.7068859
vn -0.5435449 0.639623 0.5435449
vn 0 0.02499219 0.9996876
vn 0 0.639623 0.7686886
vn 0 0.02499219 -0.9996876
vn 0.7068859 0.02499219 -0.7068859
vn 0 0.639623 -0.7686886
vn 0.5435449 0.639623 -0.5435449
vn -0.7068859 0.02499219 -0.7068859
vn -0.5435449 0.639623 -0.5435449
vn 0.7068859 0.02499219 0.7068859
vn 0.5435449 0.639623 0.5435449
vn 0.9996876 0.02499219 0
vn 0.7686886 0.639623 0
vn 0 -0.9999999 0

vt 0.96875 0.3
vt 0.96875 0.475
vt 0.96875 0.4033585
vt 0.96875 0.4624622
vt 0.96875 0.395
vt 0.96875 0.4012689
vt 0.96875 0.415
vt 0.96875 0.335
vt 0.96875 0.425
vt 0.96875 0.325
vt 0.96875 0.275
vt 0.59375 0.275
vt 0.59375 0.3
vt 0.59375 0.292476
vt 0.59375 0.448786
vt 0.59375 0.2801186
vt 0.59375 0.4409705
vt 0.59375 0.475
vt 0.59375 0.2959712
vt 0.59375 0.3010898
vt 0.59375 0.4671845
vt 0.59375 0.3134472
vt 0.59375 0.4012689
vt 0.59375 0.395
vt 0.59375 0.4624622
vt 0.59375 0.3980602
vt 0.59375 0.4054481
vt 0.59375 0.4117171
vt 0.59375 0.4043291
vt 0.59375 0.435
vt 0.59375 0.455
vt 0.59375 0.41
vt 0.59375 0.34
vt 0.59375 0.325
vt 0.59375 0.335
vt 0.59375 0.415
vt 0.59375 0.425
vt 0.59375 0.2864286
vt 0.59375 0.3435714
vt 0.59375 0.355
vt 0.71875 0.292476
vt 0.71875 0.448786
vt 0.71875 0.275
vt 0.71875 0.2959712
vt 0.71875 0.2801186
vt 0.71875 0.3010898
vt 0.71875 0.3134472
vt 0.71875 0.475
vt 0.71875 0.4671845
vt 0.71875 0.4409705
vt 0.71875 0.3
vt 0.71875 0.415
vt 0.71875 0.335
vt 0.71875 0.425
vt 0.71875 0.325
vt 0.71875 0.46
vt 0.71875 0.5916666
vt 0.71875 0.5620371
vt 0.71875 0.525
vt 0.71875 0.725
vt 0.59375 0.03642857
vt 0.59375 0.09357143
vt 0.59375 0.115
vt 0.59375 0.135

usemtl colormap

f 3/2/1 2/1/1 1/1/1
f 2/1/1 3/2/1 4/2/1
f 7/2/1 6/1/1 5/1/1
f 6/1/1 7/2/1 8/2/1
f 11/2/2 10/1/2 9/1/2
f 10/1/2 11/2/2 12/2/2
f 15/2/3 14/2/3 13/2/3
f 14/2/3 15/2/3 16/2/3
f 19/2/2 18/1/2 17/1/2
f 18/1/2 19/2/2 20/2/2
f 23/4/4 22/3/4 21/3/4
f 26/6/4 25/4/4 24/5/4
f 25/4/4 26/6/4 27/2/4
f 28/6/4 25/4/4 27/2/4
f 25/4/4 28/6/4 29/5/4
f 32/6/4 31/4/4 30/5/4
f 31/4/4 32/6/4 33/2/4
f 34/6/4 31/4/4 33/2/4
f 31/4/4 34/6/4 35/5/4
f 38/4/5 37/3/5 36/3/5
f 41/1/6 40/2/6 39/1/6
f 40/2/6 41/1/6 42/2/6
f 45/2/7 44/1/7 43/2/7
f 44/1/7 45/2/7 46/1/7
f 43/2/4 48/8/4 47/7/4
f 43/2/4 47/7/4 49/9/4
f 44/1/4 48/8/4 43/2/4
f 48/8/4 44/1/4 50/10/4
f 50/10/4 44/1/4 51/10/4
f 39/1/4 51/10/4 44/1/4
f 51/10/4 39/1/4 52/8/4
f 43/2/4 49/9/4 40/2/4
f 52/8/4 39/1/4 40/2/4
f 53/9/4 40/2/4 49/9/4
f 52/8/4 40/2/4 54/7/4
f 54/7/4 40/2/4 53/9/4
f 57/11/8 56/11/8 55/11/8
f 56/11/8 57/11/8 58/11/8
f 56/11/8 58/11/8 59/11/8
f 59/11/8 58/11/8 60/11/8
f 59/11/8 60/11/8 61/11/8
f 61/11/8 60/11/8 62/11/8
f 65/2/3 64/2/3 63/2/3
f 65/2/3 63/2/3 66/2/3
f 67/2/3 64/2/3 65/2/3
f 65/2/3 66/2/3 68/2/3
f 67/2/3 69/2/3 64/2/3
f 69/2/3 67/2/3 70/2/3
f 71/2/3 69/2/3 70/2/3
f 69/2/3 71/2/3 72/2/3
f 72/2/3 71/2/3 73/2/3
f 72/2/3 73/2/3 74/2/3
f 68/2/3 66/2/3 75/2/3
f 68/2/3 75/2/3 76/2/3
f 74/2/3 73/2/3 77/2/3
f 75/2/3 77/2/3 76/2/3
f 74/2/3 77/2/3 78/2/3
f 78/2/3 77/2/3 75/2/3
f 77/2/9 59/11/10 61/11/9
f 62/11/11 77/2/9 61/11/9
f 59/11/10 77/2/9 73/2/10
f 77/2/9 62/11/11 76/2/11
f 73/2/10 56/11/12 59/11/10
f 56/11/12 73/2/10 71/2/12
f 71/2/12 55/11/13 56/11/12
f 55/11/13 71/2/12 70/2/13
f 70/2/13 57/11/14 55/11/13
f 57/11/14 70/2/13 67/2/14
f 67/2/14 58/11/15 57/11/14
f 58/11/15 67/2/14 65/2/15
f 60/11/16 76/2/11 62/11/11
f 65/2/15 60/11/16 58/11/15
f 76/2/11 60/11/16 68/2/16
f 60/11/16 65/2/15 68/2/16
f 81/11/8 80/11/8 79/11/8
f 80/11/8 81/11/8 82/11/8
f 80/11/8 82/11/8 83/11/8
f 83/11/8 82/11/8 84/11/8
f 83/11/8 84/11/8 85/11/8
f 85/11/8 84/11/8 86/11/8
f 89/2/3 88/2/3 87/2/3
f 89/2/3 87/2/3 90/2/3
f 91/2/3 88/2/3 89/2/3
f 89/2/3 90/2/3 92/2/3
f 91/2/3 93/2/3 88/2/3
f 93/2/3 91/2/3 94/2/3
f 95/2/3 93/2/3 94/2/3
f 93/2/3 95/2/3 96/2/3
f 96/2/3 95/2/3 97/2/3
f 96/2/3 97/2/3 98/2/3
f 92/2/3 90/2/3 99/2/3
f 92/2/3 99/2/3 100/2/3
f 98/2/3 97/2/3 101/2/3
f 99/2/3 101/2/3 100/2/3
f 98/2/3 101/2/3 102/2/3
f 102/2/3 101/2/3 99/2/3
f 101/2/9 83/11/10 85/11/9
f 86/11/11 101/2/9 85/11/9
f 83/11/10 101/2/9 97/2/10
f 101/2/9 86/11/11 100/2/11
f 97/2/10 80/11/12 83/11/10
f 80/11/12 97/2/10 95/2/12
f 95/2/12 79/11/13 80/11/12
f 79/11/13 95/2/12 94/2/13
f 94/2/13 81/11/14 79/11/13
f 81/11/14 94/2/13 91/2/14
f 91/2/14 82/11/15 81/11/14
f 82/11/15 91/2/14 89/2/15
f 84/11/16 100/2/11 86/11/11
f 89/2/15 84/11/16 82/11/15
f 100/2/11 84/11/16 92/2/16
f 84/11/16 89/2/15 92/2/16
f 105/1/17 104/2/17 103/1/17
f 104/2/17 105/1/17 106/2/17
f 109/2/18 108/1/18 107/2/18
f 108/1/18 109/2/18 110/1/18
f 107/2/5 112/8/5 111/7/5
f 107/2/5 111/7/5 113/9/5
f 108/1/5 112/8/5 107/2/5
f 112/8/5 108/1/5 114/10/5
f 114/10/5 108/1/5 115/10/5
f 103/1/5 115/10/5 108/1/5
f 115/10/5 103/1/5 116/8/5
f 107/2/5 113/9/5 104/2/5
f 116/8/5 103/1/5 104/2/5
f 117/9/5 104/2/5 113/9/5
f 116/8/5 104/2/5 118/7/5
f 118/7/5 104/2/5 117/9/5
f 121/11/8 120/11/8 119/11/8
f 120/11/8 121/11/8 122/11/8
f 120/11/8 122/11/8 123/11/8
f 123/11/8 122/11/8 124/11/8
f 123/11/8 124/11/8 125/11/8
f 125/11/8 124/11/8 126/11/8
f 129/2/3 128/2/3 127/2/3
f 129/2/3 127/2/3 130/2/3
f 131/2/3 128/2/3 129/2/3
f 129/2/3 130/2/3 132/2/3
f 131/2/3 133/2/3 128/2/3
f 133/2/3 131/2/3 134/2/3
f 135/2/3 133/2/3 134/2/3
f 133/2/3 135/2/3 136/2/3
f 136/2/3 135/2/3 137/2/3
f 136/2/3 137/2/3 138/2/3
f 132/2/3 130/2/3 139/2/3
f 132/2/3 139/2/3 140/2/3
f 138/2/3 137/2/3 141/2/3
f 139/2/3 141/2/3 140/2/3
f 138/2/3 141/2/3 142/2/3
f 142/2/3 141/2/3 139/2/3
f 141/2/9 123/11/10 125/11/9
f 126/11/11 141/2/9 125/11/9
f 123/11/10 141/2/9 137/2/10
f 141/2/9 126/11/11 140/2/11
f 137/2/10 120/11/12 123/11/10
f 120/11/12 137/2/10 135/2/12
f 135/2/12 119/11/13 120/11/12
f 119/11/13 135/2/12 134/2/13
f 134/2/13 121/11/14 119/11/13
f 121/11/14 134/2/13 131/2/14
f 131/2/14 122/11/15 121/11/14
f 122/11/15 131/2/14 129/2/15
f 124/11/16 140/2/11 126/11/11
f 129/2/15 124/11/16 122/11/15
f 140/2/11 124/11/16 132/2/16
f 124/11/16 129/2/15 132/2/16
f 145/13/1 144/12/1 143/12/1
f 144/12/1 145/13/1 146/13/1
f 145/13/3 2/13/3 146/13/3
f 2/13/3 145/13/3 1/13/3
f 162/22/20 160/20/20 161/21/20
f 161/21/20 160/20/20 157/18/20
f 160/20/20 159/19/20 157/18/20
f 159/19/20 158/19/20 157/18/20
f 156/18/20 157/18/20 158/19/20
f 155/14/19 154/17/19 153/16/19
f 154/17/19 152/15/19 153/16/19
f 153/16/19 152/15/19 151/12/19
f 152/15/19 150/15/19 151/12/19
f 151/12/19 150/15/19 148/12/19
f 150/15/19 149/15/19 148/12/19
f 147/14/19 148/12/19 149/15/19
f 165/19/21 164/18/21 163/18/21
f 164/18/21 165/19/21 166/19/21
f 164/18/21 166/19/21 167/20/21
f 164/18/21 167/20/21 168/21/21
f 168/21/21 167/20/21 169/22/21
f 172/15/22 171/12/22 170/14/22
f 171/12/22 172/15/22 173/15/22
f 171/12/22 173/15/22 174/12/22
f 174/12/22 173/15/22 175/15/22
f 174/12/22 175/15/22 176/16/22
f 176/16/22 175/15/22 177/17/22
f 176/16/22 177/17/22 178/14/22
f 194/22/21 192/20/21 193/21/21
f 193/21/21 192/20/21 189/18/21
f 192/20/21 191/19/21 189/18/21
f 191/19/21 190/19/21 189/18/21
f 188/18/21 189/18/21 190/19/21
f 187/14/22 186/17/22 185/16/22
f 186/17/22 184/15/22 185/16/22
f 185/16/22 184/15/22 183/12/22
f 184/15/22 182/15/22 183/12/22
f 183/12/22 182/15/22 180/12/22
f 182/15/22 181/15/22 180/12/22
f 179/14/22 180/12/22 181/15/22
f 197/19/20 196/18/20 195/18/20
f 196/18/20 197/19/20 198/19/20
f 196/18/20 198/19/20 199/20/20
f 196/18/20 199/20/20 200/21/20
f 200/21/20 199/20/20 201/22/20
f 204/15/19 203/12/19 202/14/19
f 203/12/19 204/15/19 205/15/19
f 203/12/19 205/15/19 206/12/19
f 206/12/19 205/15/19 207/15/19
f 206/12/19 207/15/19 208/16/19
f 208/16/19 207/15/19 209/17/19
f 208/16/19 209/17/19 210/14/19
f 213/19/23 212/18/23 211/18/23
f 212/18/23 213/19/23 214/19/23
f 217/15/24 216/14/24 215/15/24
f 216/14/24 217/15/24 218/14/24
f 216/14/24 218/14/24 219/12/24
f 216/14/24 219/12/24 220/12/24
f 223/19/25 222/18/25 221/18/25
f 222/18/25 223/19/25 224/19/25
f 227/15/26 226/14/26 225/15/26
f 226/14/26 227/15/26 228/14/26
f 226/14/26 228/14/26 229/12/26
f 226/14/26 229/12/26 230/12/26
f 233/19/25 232/18/25 231/18/25
f 232/18/25 233/19/25 234/19/25
f 237/15/26 236/14/26 235/15/26
f 236/14/26 237/15/26 238/14/26
f 236/14/26 238/14/26 239/12/26
f 236/14/26 239/12/26 240/12/26
f 243/13/1 242/12/1 241/12/1
f 242/12/1 243/13/1 244/13/1
f 243/13/3 6/13/3 244/13/3
f 6/13/3 243/13/3 5/13/3
f 247/13/2 246/12/2 245/12/2
f 246/12/2 247/13/2 248/13/2
f 247/13/3 10/13/3 248/13/3
f 10/13/3 247/13/3 9/13/3
f 251/19/23 250/18/23 249/18/23
f 250/18/23 251/19/23 252/19/23
f 255/15/24 254/14/24 253/15/24
f 254/14/24 255/15/24 256/14/24
f 254/14/24 256/14/24 257/12/24
f 254/14/24 257/12/24 258/12/24
f 261/12/8 260/12/8 259/12/8
f 260/12/8 261/12/8 262/12/8
f 265/13/2 264/12/2 263/12/2
f 264/12/2 265/13/2 266/13/2
f 265/13/3 18/13/3 266/13/3
f 18/13/3 265/13/3 17/13/3
f 269/23/28 268/24/27 267/23/27
f 268/24/27 269/23/28 270/24/28
f 271/25/29 268/24/29 270/24/29
f 268/24/29 271/25/29 272/26/29
f 272/26/29 271/25/29 273/27/29
f 273/27/29 271/25/29 274/25/29
f 274/25/29 271/25/29 23/25/29
f 277/24/29 276/23/30 275/24/30
f 276/23/30 277/24/29 278/23/29
f 280/28/31 274/25/4 279/27/31
f 274/25/4 280/28/31 281/18/4
f 282/28/32 274/25/4 281/18/4
f 274/25/4 282/28/32 273/27/32
f 284/29/33 279/27/31 283/26/33
f 279/27/31 284/29/33 280/28/31
f 273/27/32 285/29/34 272/26/34
f 285/29/34 273/27/32 282/28/32
f 275/24/30 284/29/33 283/26/33
f 284/29/33 275/24/30 276/23/30
f 267/23/27 272/26/34 285/29/34
f 272/26/34 267/23/27 268/24/27
f 285/29/35 269/23/35 267/23/35
f 269/23/35 285/29/35 286/18/35
f 286/18/35 285/29/35 282/28/35
f 286/18/35 282/28/35 281/18/35
f 280/28/36 286/18/36 281/18/36
f 286/18/36 280/28/36 278/23/36
f 278/23/36 280/28/36 284/29/36
f 278/23/36 284/29/36 276/23/36
f 277/24/28 23/25/28 271/25/28
f 23/25/28 277/24/28 274/25/28
f 274/25/28 277/24/28 279/27/28
f 279/27/28 277/24/28 283/26/28
f 283/26/28 277/24/28 275/24/28
f 27/18/35 287/23/35 28/23/35
f 287/23/35 27/18/35 288/18/35
f 26/23/36 288/18/36 27/18/36
f 288/18/36 26/23/36 289/23/36
f 290/24/29 26/23/29 24/24/29
f 26/23/29 290/24/29 289/23/29
f 290/24/28 25/25/28 291/25/28
f 25/25/28 290/24/28 24/24/28
f 291/25/29 29/24/29 292/24/29
f 29/24/29 291/25/29 25/25/29
f 287/23/28 29/24/28 28/23/28
f 29/24/28 287/23/28 292/24/28
f 33/18/35 293/23/35 34/23/35
f 293/23/35 33/18/35 294/18/35
f 32/23/36 294/18/36 33/18/36
f 294/18/36 32/23/36 295/23/36
f 296/24/29 32/23/29 30/24/29
f 32/23/29 296/24/29 295/23/29
f 296/24/28 31/25/28 297/25/28
f 31/25/28 296/24/28 30/24/28
f 297/25/29 35/24/29 298/24/29
f 35/24/29 297/25/29 31/25/29
f 293/23/28 35/24/28 34/23/28
f 35/24/28 293/23/28 298/24/28
f 295/23/38 300/24/37 299/23/37
f 300/24/37 295/23/38 296/24/38
f 301/25/39 300/24/39 296/24/39
f 300/24/39 301/25/39 302/26/39
f 302/26/39 301/25/39 303/27/39
f 303/27/39 301/25/39 304/25/39
f 304/25/39 301/25/39 38/25/39
f 298/24/39 306/23/40 305/24/40
f 306/23/40 298/24/39 293/23/39
f 308/28/41 304/25/5 307/27/41
f 304/25/5 308/28/41 309/18/5
f 310/28/42 304/25/5 309/18/5
f 304/25/5 310/28/42 303/27/42
f 312/29/43 307/27/41 311/26/43
f 307/27/41 312/29/43 308/28/41
f 303/27/42 313/29/44 302/26/44
f 313/29/44 303/27/42 310/28/42
f 305/24/40 312/29/43 311/26/43
f 312/29/43 305/24/40 306/23/40
f 299/23/37 302/26/44 313/29/44
f 302/26/44 299/23/37 300/24/37
f 313/29/45 295/23/45 299/23/45
f 295/23/45 313/29/45 314/18/45
f 314/18/45 313/29/45 310/28/45
f 314/18/45 310/28/45 309/18/45
f 308/28/46 314/18/46 309/18/46
f 314/18/46 308/28/46 293/23/46
f 293/23/46 308/28/46 312/29/46
f 293/23/46 312/29/46 306/23/46
f 298/24/38 38/25/38 301/25/38
f 38/25/38 298/24/38 304/25/38
f 304/25/38 298/24/38 307/27/38
f 307/27/38 298/24/38 311/26/38
f 311/26/38 298/24/38 305/24/38
f 317/31/7 316/30/48 315/30/47
f 316/30/48 317/31/7 318/31/49
f 321/30/51 320/31/6 319/30/50
f 320/31/6 321/30/51 322/31/52
f 316/30/49 324/24/53 323/24/49
f 324/24/53 316/30/49 325/30/53
f 317/31/7 327/30/55 326/31/54
f 327/30/55 317/31/7 315/30/47
f 328/31/53 321/30/51 325/30/56
f 321/30/51 328/31/53 322/31/52
f 330/31/4 327/30/55 329/30/57
f 327/30/55 330/31/4 326/31/54
f 332/31/59 329/30/57 331/30/58
f 329/30/57 332/31/59 330/31/4
f 334/18/61 317/31/7 333/18/60
f 317/31/7 334/18/61 318/31/49
f 325/30/53 335/24/52 324/24/53
f 335/24/52 325/30/53 321/30/52
f 331/30/59 337/24/4 336/24/59
f 337/24/4 331/30/59 329/30/4
f 338/24/6 331/30/59 336/24/59
f 331/30/59 338/24/6 319/30/6
f 318/31/49 325/30/56 316/30/48
f 325/30/56 318/31/49 328/31/53
f 339/18/62 330/31/4 332/31/59
f 330/31/4 339/18/62 340/18/63
f 341/18/64 317/31/7 326/31/54
f 317/31/7 341/18/64 333/18/60
f 340/18/63 326/31/54 330/31/4
f 326/31/54 340/18/63 341/18/64
f 331/30/58 320/31/6 332/31/59
f 320/31/6 331/30/58 319/30/50
f 342/18/65 322/31/52 328/31/53
f 322/31/52 342/18/65 343/18/66
f 320/31/6 339/18/62 332/31/59
f 339/18/62 320/31/6 344/18/67
f 341/18/3 334/18/3 333/18/3
f 334/18/3 341/18/3 340/18/3
f 334/18/3 340/18/3 342/18/3
f 342/18/3 340/18/3 339/18/3
f 342/18/3 339/18/3 343/18/3
f 343/18/3 339/18/3 344/18/3
f 315/30/7 345/24/54 327/30/54
f 345/24/54 315/30/7 346/24/7
f 329/30/4 345/24/54 337/24/4
f 345/24/54 329/30/4 327/30/54
f 320/31/6 343/18/66 344/18/67
f 343/18/66 320/31/6 322/31/52
f 316/30/49 346/24/7 315/30/7
f 346/24/7 316/30/49 323/24/49
f 334/18/61 328/31/53 318/31/49
f 328/31/53 334/18/61 342/18/65
f 335/24/52 319/30/6 338/24/6
f 319/30/6 335/24/52 321/30/52
f 349/31/7 348/30/48 347/30/47
f 348/30/48 349/31/7 350/31/49
f 353/30/51 352/31/6 351/30/50
f 352/31/6 353/30/51 354/31/52
f 348/30/49 356/24/53 355/24/49
f 356/24/53 348/30/49 357/30/53
f 349/31/7 359/30/55 358/31/54
f 359/30/55 349/31/7 347/30/47
f 360/31/53 353/30/51 357/30/56
f 353/30/51 360/31/53 354/31/52
f 362/31/4 359/30/55 361/30/57
f 359/30/55 362/31/4 358/31/54
f 364/31/59 361/30/57 363/30/58
f 361/30/57 364/31/59 362/31/4
f 366/18/61 349/31/7 365/18/60
f 349/31/7 366/18/61 350/31/49
f 357/30/53 367/24/52 356/24/53
f 367/24/52 357/30/53 353/30/52
f 363/30/59 369/24/4 368/24/59
f 369/24/4 363/30/59 361/30/4
f 370/24/6 363/30/59 368/24/59
f 363/30/59 370/24/6 351/30/6
f 350/31/49 357/30/56 348/30/48
f 357/30/56 350/31/49 360/31/53
f 371/18/62 362/31/4 364/31/59
f 362/31/4 371/18/62 372/18/63
f 373/18/64 349/31/7 358/31/54
f 349/31/7 373/18/64 365/18/60
f 372/18/63 358/31/54 362/31/4
f 358/31/54 372/18/63 373/18/64
f 363/30/58 352/31/6 364/31/59
f 352/31/6 363/30/58 351/30/50
f 374/18/65 354/31/52 360/31/53
f 354/31/52 374/18/65 375/18/66
f 352/31/6 371/18/62 364/31/59
f 371/18/62 352/31/6 376/18/67
f 373/18/3 366/18/3 365/18/3
f 366/18/3 373/18/3 372/18/3
f 366/18/3 372/18/3 374/18/3
f 374/18/3 372/18/3 371/18/3
f 374/18/3 371/18/3 375/18/3
f 375/18/3 371/18/3 376/18/3
f 347/30/7 377/24/54 359/30/54
f 377/24/54 347/30/7 378/24/7
f 361/30/4 377/24/54 369/24/4
f 377/24/54 361/30/4 359/30/54
f 352/31/6 375/18/66 376/18/67
f 375/18/66 352/31/6 354/31/52
f 348/30/49 378/24/7 347/30/7
f 378/24/7 348/30/49 355/24/49
f 366/18/61 360/31/53 350/31/49
f 360/31/53 366/18/61 374/18/65
f 367/24/52 351/30/6 370/24/6
f 351/30/6 367/24/52 353/30/52
f 381/32/28 380/32/29 379/32/29
f 380/32/29 381/32/28 382/32/28
f 384/33/36 380/32/29 383/33/36
f 380/32/29 384/33/36 379/32/29
f 385/33/35 384/33/36 383/33/36
f 384/33/36 385/33/35 386/33/35
f 381/32/28 385/33/35 382/32/28
f 385/33/35 381/32/28 386/33/35
f 389/34/69 388/34/68 387/34/68
f 388/34/68 389/34/69 390/34/69
f 393/35/70 392/36/71 391/35/70
f 392/36/71 393/35/70 394/36/71
f 397/36/72 396/35/73 395/36/72
f 396/35/73 397/36/72 398/35/73
f 401/37/75 400/37/74 399/37/74
f 400/37/74 401/37/75 402/37/75
f 398/35/73 388/34/68 396/35/73
f 388/34/68 398/35/73 387/34/68
f 389/34/69 391/35/70 390/34/69
f 391/35/70 389/34/69 393/35/70
f 400/37/74 395/36/72 399/37/74
f 395/36/72 400/37/74 397/36/72
f 394/36/71 401/37/75 392/36/71
f 401/37/75 394/36/71 402/37/75
f 391/35/4 388/34/4 390/34/4
f 388/34/4 391/35/4 396/35/4
f 396/35/4 391/35/4 385/33/4
f 385/33/4 391/35/4 392/36/4
f 383/33/4 396/35/4 385/33/4
f 385/33/4 392/36/4 382/32/4
f 396/35/4 383/33/4 395/36/4
f 382/32/4 392/36/4 380/32/4
f 395/36/4 383/33/4 380/32/4
f 395/36/4 380/32/4 392/36/4
f 395/36/4 392/36/4 401/37/4
f 395/36/4 401/37/4 399/37/4
f 405/12/8 404/12/8 403/12/8
f 404/12/8 405/12/8 406/12/8
f 406/12/8 405/12/8 407/12/8
f 405/12/6 408/13/76 407/12/76
f 408/13/76 405/12/6 409/13/6
f 412/13/3 411/13/3 410/13/3
f 411/13/3 412/13/3 413/13/3
f 413/13/3 412/13/3 408/13/3
f 413/13/3 408/13/3 414/13/3
f 414/13/3 408/13/3 409/13/3
f 412/13/77 404/12/4 406/12/77
f 404/12/4 412/13/77 410/13/4
f 407/12/76 412/13/77 406/12/77
f 412/13/77 407/12/76 408/13/76
f 417/38/36 416/39/29 415/38/36
f 416/39/29 417/38/36 418/39/29
f 419/39/28 416/39/29 418/39/29
f 416/39/29 419/39/28 420/39/8
f 420/39/8 419/39/28 421/39/8
f 421/39/8 419/39/28 422/39/28
f 419/39/28 423/38/35 422/39/28
f 423/38/35 419/39/28 424/38/35
f 425/38/3 417/38/36 415/38/36
f 417/38/36 425/38/3 424/38/35
f 424/38/35 425/38/3 426/38/3
f 424/38/35 426/38/3 423/38/35
f 423/38/4 381/40/4 422/39/4
f 422/39/4 381/40/4 421/39/4
f 423/38/4 386/12/4 381/40/4
f 386/12/4 423/38/4 384/12/4
f 415/38/4 384/12/4 423/38/4
f 415/38/4 423/38/4 426/38/4
f 384/12/4 415/38/4 379/40/4
f 415/38/4 426/38/4 425/38/4
f 421/39/4 425/38/4 426/38/4
f 379/40/4 415/38/4 416/39/4
f 379/40/4 416/39/4 381/40/4
f 425/38/4 421/39/4 420/39/4
f 421/39/4 381/40/4 420/39/4
f 420/39/4 381/40/4 416/39/4
f 429/12/6 428/32/6 427/12/6
f 428/32/6 429/12/6 430/32/6
f 433/32/7 432/12/7 431/32/7
f 432/12/7 433/32/7 434/12/7
f 437/12/8 436/12/8 435/12/8
f 436/12/8 437/12/8 429/12/8
f 427/12/8 436/12/8 429/12/8
f 429/12/8 437/12/8 434/12/8
f 434/12/8 437/12/8 432/12/8
f 432/12/8 437/12/8 438/12/8
f 441/13/3 440/13/3 439/13/3
f 440/13/3 441/13/3 442/13/3
f 444/36/72 441/13/7 443/36/72
f 441/13/7 444/36/72 442/13/7
f 447/37/75 446/37/74 445/37/74
f 446/37/74 447/37/75 448/37/75
f 446/37/74 443/36/72 445/37/74
f 443/36/72 446/37/74 444/36/72
f 450/36/71 447/37/75 449/36/71
f 447/37/75 450/36/71 448/37/75
f 433/32/8 428/32/8 430/32/8
f 428/32/8 433/32/8 431/32/8
f 451/13/4 432/12/4 438/12/4
f 432/12/4 451/13/4 452/13/4
f 432/12/4 452/13/4 431/32/4
f 431/32/4 452/13/4 449/36/4
f 431/32/4 449/36/4 428/32/4
f 443/36/4 428/32/4 449/36/4
f 443/36/4 449/36/4 447/37/4
f 443/36/4 447/37/4 445/37/4
f 441/13/4 428/32/4 443/36/4
f 428/32/4 441/13/4 427/12/4
f 439/13/4 427/12/4 441/13/4
f 427/12/4 439/13/4 436/12/4
f 453/13/6 449/36/71 452/13/6
f 449/36/71 453/13/6 450/36/71
f 451/13/3 453/13/3 452/13/3
f 453/13/3 451/13/3 454/13/3
f 457/34/6 456/37/59 455/34/59
f 456/37/59 457/34/6 458/37/6
f 456/37/3 460/37/3 459/37/3
f 460/37/3 456/37/3 458/37/3
f 457/34/8 462/34/8 461/34/8
f 462/34/8 457/34/8 455/34/8
f 460/37/7 462/34/54 459/37/54
f 462/34/54 460/37/7 461/34/7
f 456/37/59 462/34/54 455/34/59
f 462/34/54 456/37/59 459/37/54
f 500/39/4 465/40/4 504/39/4
f 504/39/4 465/40/4 505/39/4
f 504/39/4 505/39/4 509/38/4
f 465/40/4 500/39/4 463/40/4
f 500/39/4 499/38/4 463/40/4
f 510/38/4 509/38/4 505/39/4
f 509/38/4 510/38/4 499/38/4
f 463/40/4 499/38/4 468/12/4
f 510/38/4 507/38/4 499/38/4
f 507/38/4 468/12/4 499/38/4
f 468/12/4 507/38/4 470/12/4
f 465/40/4 470/12/4 507/38/4
f 505/39/4 465/40/4 506/39/4
f 506/39/4 465/40/4 507/38/4
f 507/38/36 510/38/3 508/38/36
f 510/38/3 509/38/3 508/38/36
f 508/38/36 509/38/3 501/38/35
f 499/38/35 501/38/35 509/38/3
f 508/38/36 503/39/29 507/38/36
f 506/39/29 507/38/36 503/39/29
f 506/39/29 503/39/29 505/39/8
f 505/39/8 503/39/29 504/39/8
f 504/39/8 503/39/29 500/39/28
f 502/39/28 500/39/28 503/39/29
f 502/39/28 501/38/35 500/39/28
f 499/38/35 500/39/28 501/38/35
f 492/13/78 491/12/78 496/13/79
f 490/12/79 496/13/79 491/12/78
f 494/13/4 496/13/79 488/12/4
f 490/12/79 488/12/4 496/13/79
f 493/13/3 492/13/3 498/13/3
f 498/13/3 492/13/3 497/13/3
f 492/13/3 496/13/3 497/13/3
f 497/13/3 496/13/3 495/13/3
f 494/13/3 495/13/3 496/13/3
f 493/13/7 489/12/7 492/13/78
f 491/12/78 492/13/78 489/12/7
f 491/12/8 489/12/8 490/12/8
f 490/12/8 489/12/8 488/12/8
f 487/12/8 488/12/8 489/12/8
f 483/37/4 485/37/4 479/36/4
f 485/37/4 476/36/4 479/36/4
f 476/36/4 464/32/4 479/36/4
f 464/32/4 467/33/4 479/36/4
f 464/32/4 476/36/4 466/32/4
f 479/36/4 467/33/4 480/35/4
f 466/32/4 476/36/4 469/33/4
f 469/33/4 480/35/4 467/33/4
f 476/36/4 475/35/4 469/33/4
f 469/33/4 475/35/4 480/35/4
f 480/35/4 475/35/4 472/34/4
f 474/34/4 472/34/4 475/35/4
f 486/37/74 478/36/72 485/37/74
f 476/36/72 485/37/74 478/36/72
f 481/36/71 484/37/75 479/36/71
f 483/37/75 479/36/71 484/37/75
f 477/35/73 473/34/68 475/35/73
f 474/34/68 475/35/73 473/34/68
f 471/34/69 482/35/70 472/34/69
f 480/35/70 472/34/69 482/35/70
f 486/37/74 485/37/74 484/37/75
f 483/37/75 484/37/75 485/37/74
f 482/35/70 481/36/71 480/35/70
f 479/36/71 480/35/70 481/36/71
f 478/36/72 477/35/73 476/36/72
f 475/35/73 476/36/72 477/35/73
f 474/34/68 473/34/68 472/34/69
f 471/34/69 472/34/69 473/34/68
f 470/33/36 465/32/29 469/33/36
f 466/32/29 469/33/36 465/32/29
f 470/33/36 469/33/36 468/33/35
f 467/33/35 468/33/35 469/33/36
f 463/32/28 468/33/35 464/32/28
f 467/33/35 464/32/28 468/33/35
f 466/32/29 465/32/29 464/32/28
f 463/32/28 464/32/28 465/32/29
f 513/32/8 512/32/8 511/32/8
f 512/32/8 513/32/8 514/32/8
f 516/33/6 512/32/6 515/33/6
f 512/32/6 516/33/6 511/32/6
f 517/33/3 516/33/3 515/33/3
f 516/33/3 517/33/3 518/33/3
f 513/32/7 517/33/7 514/32/7
f 517/33/7 513/32/7 518/33/7
f 51/34/8 519/34/8 50/34/8
f 519/34/8 51/34/8 520/34/8
f 52/35/6 522/36/6 521/35/6
f 522/36/6 52/35/6 54/36/6
f 47/36/7 524/35/7 523/36/7
f 524/35/7 47/36/7 48/35/7
f 526/37/3 49/37/3 525/37/3
f 49/37/3 526/37/3 53/37/3
f 48/35/28 519/34/28 524/35/28
f 519/34/28 48/35/28 50/34/28
f 51/34/29 521/35/29 520/34/29
f 521/35/29 51/34/29 52/35/29
f 49/37/35 523/36/35 525/37/35
f 523/36/35 49/37/35 47/36/35
f 54/36/36 526/37/36 522/36/36
f 526/37/36 54/36/36 53/37/36
f 521/35/4 519/34/4 520/34/4
f 519/34/4 521/35/4 524/35/4
f 524/35/4 521/35/4 517/33/4
f 517/33/4 521/35/4 522/36/4
f 515/33/4 524/35/4 517/33/4
f 517/33/4 522/36/4 514/32/4
f 524/35/4 515/33/4 523/36/4
f 514/32/4 522/36/4 512/32/4
f 523/36/4 515/33/4 512/32/4
f 523/36/4 512/32/4 522/36/4
f 523/36/4 522/36/4 526/37/4
f 523/36/4 526/37/4 525/37/4
f 529/12/6 528/13/76 527/12/76
f 528/13/76 529/12/6 530/13/6
f 41/13/3 528/13/3 530/13/3
f 39/13/3 528/13/3 41/13/3
f 39/13/3 531/13/3 528/13/3
f 44/13/3 531/13/3 39/13/3
f 531/13/3 44/13/3 532/13/3
f 46/13/3 532/13/3 44/13/3
f 533/13/3 532/13/3 46/13/3
f 532/13/3 533/13/3 534/13/3
f 529/12/8 536/12/8 535/12/8
f 536/12/8 529/12/8 537/12/8
f 537/12/8 529/12/8 527/12/8
f 538/12/8 536/12/8 537/12/8
f 538/12/8 539/12/8 536/12/8
f 538/12/8 540/12/8 539/12/8
f 541/12/8 540/12/8 538/12/8
f 540/12/8 541/12/8 542/12/8
f 534/13/78 542/12/7 541/12/78
f 542/12/7 534/13/78 533/13/7
f 531/13/77 538/12/79 537/12/77
f 538/12/79 531/13/77 532/13/79
f 527/12/76 531/13/77 537/12/77
f 531/13/77 527/12/76 528/13/76
f 534/13/78 538/12/79 532/13/79
f 538/12/79 534/13/78 541/12/78
f 545/38/36 544/39/29 543/38/36
f 544/39/29 545/38/36 546/39/29
f 547/39/28 544/39/29 546/39/29
f 544/39/29 547/39/28 548/39/8
f 548/39/8 547/39/28 549/39/8
f 549/39/8 547/39/28 550/39/28
f 547/39/28 551/38/35 550/39/28
f 551/38/35 547/39/28 552/38/35
f 553/38/3 545/38/36 543/38/36
f 545/38/36 553/38/3 552/38/35
f 552/38/35 553/38/3 554/38/3
f 552/38/35 554/38/3 551/38/35
f 551/38/4 513/40/4 550/39/4
f 550/39/4 513/40/4 549/39/4
f 551/38/4 518/12/4 513/40/4
f 518/12/4 551/38/4 516/12/4
f 543/38/4 516/12/4 551/38/4
f 543/38/4 551/38/4 554/38/4
f 516/12/4 543/38/4 511/40/4
f 543/38/4 554/38/4 553/38/4
f 549/39/4 553/38/4 554/38/4
f 511/40/4 543/38/4 544/39/4
f 511/40/4 544/39/4 513/40/4
f 553/38/4 549/39/4 548/39/4
f 549/39/4 513/40/4 548/39/4
f 548/39/4 513/40/4 544/39/4
f 592/39/5 557/40/5 596/39/5
f 596/39/5 557/40/5 597/39/5
f 596/39/5 597/39/5 601/38/5
f 557/40/5 592/39/5 555/40/5
f 592/39/5 591/38/5 555/40/5
f 602/38/5 601/38/5 597/39/5
f 601/38/5 602/38/5 591/38/5
f 555/40/5 591/38/5 560/12/5
f 602/38/5 599/38/5 591/38/5
f 599/38/5 560/12/5 591/38/5
f 560/12/5 599/38/5 561/12/5
f 557/40/5 561/12/5 599/38/5
f 597/39/5 557/40/5 598/39/5
f 598/39/5 557/40/5 599/38/5
f 599/38/46 602/38/3 600/38/46
f 602/38/3 601/38/3 600/38/46
f 600/38/46 601/38/3 593/38/45
f 591/38/45 593/38/45 601/38/3
f 600/38/46 595/39/39 599/38/46
f 598/39/39 599/38/46 595/39/39
f 598/39/39 595/39/39 597/39/8
f 597/39/8 595/39/39 596/39/8
f 596/39/8 595/39/39 592/39/38
f 594/39/38 592/39/38 595/39/39
f 594/39/38 593/38/45 592/39/38
f 591/38/45 592/39/38 593/38/45
f 584/13/88 583/12/88 589/13/89
f 580/12/89 589/13/89 583/12/88
f 588/13/5 589/13/89 579/12/5
f 580/12/89 579/12/5 589/13/89
f 585/13/3 584/13/3 590/13/3
f 590/13/3 584/13/3 587/13/3
f 584/13/3 589/13/3 587/13/3
f 589/13/3 588/13/3 587/13/3
f 586/13/3 587/13/3 588/13/3
f 585/13/18 582/12/18 584/13/88
f 583/12/88 584/13/88 582/12/18
f 583/12/8 582/12/8 580/12/8
f 582/12/8 581/12/8 580/12/8
f 579/12/8 580/12/8 581/12/8
f 577/37/5 578/37/5 571/36/5
f 578/37/5 568/36/5 571/36/5
f 568/36/5 556/32/5 571/36/5
f 556/32/5 559/33/5 571/36/5
f 556/32/5 568/36/5 558/32/5
f 571/36/5 559/33/5 572/35/5
f 558/32/5 568/36/5 562/33/5
f 562/33/5 572/35/5 559/33/5
f 568/36/5 567/35/5 562/33/5
f 562/33/5 567/35/5 572/35/5
f 572/35/5 567/35/5 564/34/5
f 566/34/5 564/34/5 567/35/5
f 570/36/83 568/36/83 576/37/87
f 578/37/87 576/37/87 568/36/83
f 575/37/86 577/37/86 573/36/84
f 571/36/84 573/36/84 577/37/86
f 569/35/82 565/34/81 567/35/82
f 566/34/81 567/35/82 565/34/81
f 563/34/80 574/35/85 564/34/80
f 572/35/85 564/34/80 574/35/85
f 578/37/87 577/37/86 576/37/87
f 575/37/86 576/37/87 577/37/86
f 574/35/85 573/36/84 572/35/85
f 571/36/84 572/35/85 573/36/84
f 570/36/83 569/35/82 568/36/83
f 567/35/82 568/36/83 569/35/82
f 566/34/81 565/34/81 564/34/80
f 563/34/80 564/34/80 565/34/81
f 561/33/46 557/32/39 562/33/46
f 558/32/39 562/33/46 557/32/39
f 562/33/46 559/33/45 561/33/46
f 560/33/45 561/33/46 559/33/45
f 555/32/38 560/33/45 556/32/38
f 559/33/45 556/32/38 560/33/45
f 558/32/39 557/32/39 556/32/38
f 555/32/38 556/32/38 557/32/39
f 605/32/38 604/32/39 603/32/39
f 604/32/39 605/32/38 606/32/38
f 608/33/46 604/32/39 607/33/46
f 604/32/39 608/33/46 603/32/39
f 609/33/45 608/33/46 607/33/46
f 608/33/46 609/33/45 610/33/45
f 605/32/38 609/33/45 606/32/38
f 609/33/45 605/32/38 610/33/45
f 613/34/81 612/34/80 611/34/81
f 612/34/80 613/34/81 614/34/80
f 617/35/85 616/36/84 615/35/85
f 616/36/84 617/35/85 618/36/84
f 621/36/83 620/35/82 619/36/83
f 620/35/82 621/36/83 622/35/82
f 625/37/86 624/37/87 623/37/87
f 624/37/87 625/37/86 626/37/86
f 622/35/82 611/34/81 620/35/82
f 611/34/81 622/35/82 613/34/81
f 614/34/80 615/35/85 612/34/80
f 615/35/85 614/34/80 617/35/85
f 624/37/87 619/36/83 623/37/87
f 619/36/83 624/37/87 621/36/83
f 618/36/84 625/37/86 616/36/84
f 625/37/86 618/36/84 626/37/86
f 615/35/5 611/34/5 612/34/5
f 611/34/5 615/35/5 620/35/5
f 620/35/5 615/35/5 609/33/5
f 609/33/5 615/35/5 616/36/5
f 607/33/5 620/35/5 609/33/5
f 609/33/5 616/36/5 606/32/5
f 620/35/5 607/33/5 619/36/5
f 606/32/5 616/36/5 604/32/5
f 619/36/5 607/33/5 604/32/5
f 619/36/5 604/32/5 616/36/5
f 619/36/5 616/36/5 625/37/5
f 619/36/5 625/37/5 623/37/5
f 629/12/8 628/12/8 627/12/8
f 628/12/8 629/12/8 630/12/8
f 630/12/8 629/12/8 631/12/8
f 629/12/17 632/13/90 631/12/90
f 632/13/90 629/12/17 633/13/17
f 636/13/3 635/13/3 634/13/3
f 635/13/3 636/13/3 637/13/3
f 637/13/3 636/13/3 632/13/3
f 637/13/3 632/13/3 638/13/3
f 638/13/3 632/13/3 633/13/3
f 636/13/91 628/12/5 630/12/91
f 628/12/5 636/13/91 634/13/5
f 631/12/90 636/13/91 630/12/91
f 636/13/91 631/12/90 632/13/90
f 641/38/46 640/39/39 639/38/46
f 640/39/39 641/38/46 642/39/39
f 643/39/38 640/39/39 642/39/39
f 640/39/39 643/39/38 644/39/8
f 644/39/8 643/39/38 645/39/8
f 645/39/8 643/39/38 646/39/38
f 643/39/38 647/38/45 646/39/38
f 647/38/45 643/39/38 648/38/45
f 649/38/3 641/38/46 639/38/46
f 641/38/46 649/38/3 648/38/45
f 648/38/45 649/38/3 650/38/3
f 648/38/45 650/38/3 647/38/45
f 647/38/5 605/40/5 646/39/5
f 646/39/5 605/40/5 645/39/5
f 647/38/5 610/12/5 605/40/5
f 610/12/5 647/38/5 608/12/5
f 639/38/5 608/12/5 647/38/5
f 639/38/5 647/38/5 650/38/5
f 608/12/5 639/38/5 603/40/5
f 639/38/5 650/38/5 649/38/5
f 645/39/5 649/38/5 650/38/5
f 603/40/5 639/38/5 640/39/5
f 603/40/5 640/39/5 605/40/5
f 649/38/5 645/39/5 644/39/5
f 645/39/5 605/40/5 644/39/5
f 644/39/5 605/40/5 640/39/5
f 653/32/8 652/32/8 651/32/8
f 652/32/8 653/32/8 654/32/8
f 656/33/17 652/32/17 655/33/17
f 652/32/17 656/33/17 651/32/17
f 657/33/3 656/33/3 655/33/3
f 656/33/3 657/33/3 658/33/3
f 653/32/18 657/33/18 654/32/18
f 657/33/18 653/32/18 658/33/18
f 115/34/8 659/34/8 114/34/8
f 659/34/8 115/34/8 660/34/8
f 116/35/17 662/36/17 661/35/17
f 662/36/17 116/35/17 118/36/17
f 111/36/18 664/35/18 663/36/18
f 664/35/18 111/36/18 112/35/18
f 666/37/3 113/37/3 665/37/3
f 113/37/3 666/37/3 117/37/3
f 112/35/38 659/34/38 664/35/38
f 659/34/38 112/35/38 114/34/38
f 115/34/39 661/35/39 660/34/39
f 661/35/39 115/34/39 116/35/39
f 113/37/45 663/36/45 665/37/45
f 663/36/45 113/37/45 111/36/45
f 118/36/46 666/37/46 662/36/46
f 666/37/46 118/36/46 117/37/46
f 661/35/5 659/34/5 660/34/5
f 659/34/5 661/35/5 664/35/5
f 664/35/5 661/35/5 657/33/5
f 657/33/5 661/35/5 662/36/5
f 655/33/5 664/35/5 657/33/5
f 657/33/5 662/36/5 654/32/5
f 664/35/5 655/33/5 663/36/5
f 654/32/5 662/36/5 652/32/5
f 663/36/5 655/33/5 652/32/5
f 663/36/5 652/32/5 662/36/5
f 663/36/5 662/36/5 666/37/5
f 663/36/5 666/37/5 665/37/5
f 669/12/17 668/13/90 667/12/90
f 668/13/90 669/12/17 670/13/17
f 105/13/3 668/13/3 670/13/3
f 103/13/3 668/13/3 105/13/3
f 103/13/3 671/13/3 668/13/3
f 108/13/3 671/13/3 103/13/3
f 671/13/3 108/13/3 672/13/3
f 110/13/3 672/13/3 108/13/3
f 673/13/3 672/13/3 110/13/3
f 672/13/3 673/13/3 674/13/3
f 669/12/8 676/12/8 675/12/8
f 676/12/8 669/12/8 677/12/8
f 677/12/8 669/12/8 667/12/8
f 678/12/8 676/12/8 677/12/8
f 678/12/8 679/12/8 676/12/8
f 678/12/8 680/12/8 679/12/8
f 681/12/8 680/12/8 678/12/8
f 680/12/8 681/12/8 682/12/8
f 674/13/88 682/12/18 681/12/88
f 682/12/18 674/13/88 673/13/18
f 671/13/91 678/12/89 677/12/91
f 678/12/89 671/13/91 672/13/89
f 667/12/90 671/13/91 677/12/91
f 671/13/91 667/12/90 668/13/90
f 674/13/88 678/12/89 672/13/89
f 678/12/89 674/13/88 681/12/88
f 685/38/46 684/39/39 683/38/46
f 684/39/39 685/38/46 686/39/39
f 687/39/38 684/39/39 686/39/39
f 684/39/39 687/39/38 688/39/8
f 688/39/8 687/39/38 689/39/8
f 689/39/8 687/39/38 690/39/38
f 687/39/38 691/38/45 690/39/38
f 691/38/45 687/39/38 692/38/45
f 693/38/3 685/38/46 683/38/46
f 685/38/46 693/38/3 692/38/45
f 692/38/45 693/38/3 694/38/3
f 692/38/45 694/38/3 691/38/45
f 691/38/5 653/40/5 690/39/5
f 690/39/5 653/40/5 689/39/5
f 691/38/5 658/12/5 653/40/5
f 658/12/5 691/38/5 656/12/5
f 683/38/5 656/12/5 691/38/5
f 683/38/5 691/38/5 694/38/5
f 656/12/5 683/38/5 651/40/5
f 683/38/5 694/38/5 693/38/5
f 689/39/5 693/38/5 694/38/5
f 651/40/5 683/38/5 684/39/5
f 651/40/5 684/39/5 653/40/5
f 693/38/5 689/39/5 688/39/5
f 689/39/5 653/40/5 688/39/5
f 688/39/5 653/40/5 684/39/5
f 697/32/93 696/32/92 695/32/92
f 696/32/92 697/32/93 698/32/93
f 700/33/94 696/32/92 699/33/94
f 696/32/92 700/33/94 695/32/92
f 701/33/95 700/33/94 699/33/94
f 700/33/94 701/33/95 702/33/95
f 697/32/93 701/33/95 698/32/93
f 701/33/95 697/32/93 702/33/95
f 705/34/97 704/34/96 703/34/96
f 704/34/96 705/34/97 706/34/97
f 709/35/98 708/36/99 707/35/98
f 708/36/99 709/35/98 710/36/99
f 713/36/100 712/35/101 711/36/100
f 712/35/101 713/36/100 714/35/101
f 717/37/103 716/37/102 715/37/102
f 716/37/102 717/37/103 718/37/103
f 714/35/101 704/34/96 712/35/101
f 704/34/96 714/35/101 703/34/96
f 705/34/97 707/35/98 706/34/97
f 707/35/98 705/34/97 709/35/98
f 716/37/102 711/36/100 715/37/102
f 711/36/100 716/37/102 713/36/100
f 710/36/99 717/37/103 708/36/99
f 717/37/103 710/36/99 718/37/103
f 707/35/104 704/34/104 706/34/104
f 704/34/104 707/35/104 712/35/104
f 712/35/104 707/35/104 701/33/104
f 701/33/104 707/35/104 708/36/104
f 699/33/104 712/35/104 701/33/104
f 701/33/104 708/36/104 698/32/104
f 712/35/104 699/33/104 711/36/104
f 698/32/104 708/36/104 696/32/104
f 711/36/104 699/33/104 696/32/104
f 711/36/104 696/32/104 708/36/104
f 711/36/104 708/36/104 717/37/104
f 711/36/104 717/37/104 715/37/104
f 721/12/8 720/12/8 719/12/8
f 720/12/8 721/12/8 722/12/8
f 725/13/3 724/13/3 723/13/3
f 724/13/3 725/13/3 726/13/3
f 725/13/104 720/12/104 722/12/104
f 720/12/104 725/13/104 723/13/104
f 729/38/94 728/39/92 727/38/94
f 728/39/92 729/38/94 730/39/92
f 731/39/93 728/39/92 730/39/92
f 728/39/92 731/39/93 732/39/8
f 732/39/8 731/39/93 733/39/8
f 733/39/8 731/39/93 734/39/93
f 731/39/93 735/38/95 734/39/93
f 735/38/95 731/39/93 736/38/95
f 737/38/3 729/38/94 727/38/94
f 729/38/94 737/38/3 736/38/95
f 736/38/95 737/38/3 738/38/3
f 736/38/95 738/38/3 735/38/95
f 735/38/104 739/40/104 734/39/104
f 734/39/104 739/40/104 733/39/104
f 735/38/104 740/12/104 739/40/104
f 740/12/104 735/38/104 741/12/104
f 727/38/104 741/12/104 735/38/104
f 727/38/104 735/38/104 738/38/104
f 741/12/104 727/38/104 742/40/104
f 727/38/104 738/38/104 737/38/104
f 733/39/104 737/38/104 738/38/104
f 742/40/104 727/38/104 728/39/104
f 742/40/104 728/39/104 739/40/104
f 737/38/104 733/39/104 732/39/104
f 733/39/104 739/40/104 732/39/104
f 732/39/104 739/40/104 728/39/104
f 745/32/106 744/32/105 743/32/105
f 744/32/105 745/32/106 746/32/106
f 748/33/107 744/32/105 747/33/107
f 744/32/105 748/33/107 743/32/105
f 749/33/108 748/33/107 747/33/107
f 748/33/107 749/33/108 750/33/108
f 745/32/106 749/33/108 746/32/106
f 749/33/108 745/32/106 750/33/108
f 753/34/110 752/34/109 751/34/109
f 752/34/109 753/34/110 754/34/110
f 757/35/111 756/36/112 755/35/111
f 756/36/112 757/35/111 758/36/112
f 761/36/113 760/35/114 759/36/113
f 760/35/114 761/36/113 762/35/114
f 765/37/116 764/37/115 763/37/115
f 764/37/115 765/37/116 766/37/116
f 762/35/114 752/34/109 760/35/114
f 752/34/109 762/35/114 751/34/109
f 754/34/110 757/35/111 755/35/111
f 757/35/111 754/34/110 753/34/110
f 764/37/115 759/36/113 763/37/115
f 759/36/113 764/37/115 761/36/113
f 758/36/112 765/37/116 756/36/112
f 765/37/116 758/36/112 766/37/116
f 755/35/117 752/34/117 754/34/117
f 752/34/117 755/35/117 760/35/117
f 760/35/117 755/35/117 749/33/117
f 749/33/117 755/35/117 756/36/117
f 747/33/117 760/35/117 749/33/117
f 749/33/117 756/36/117 746/32/117
f 760/35/117 747/33/117 759/36/117
f 746/32/117 756/36/117 744/32/117
f 759/36/117 747/33/117 744/32/117
f 759/36/117 744/32/117 756/36/117
f 759/36/117 756/36/117 765/37/117
f 759/36/117 765/37/117 763/37/117
f 769/12/8 768/12/8 767/12/8
f 768/12/8 769/12/8 770/12/8
f 773/13/3 772/13/3 771/13/3
f 772/13/3 773/13/3 774/13/3
f 773/13/117 768/12/117 770/12/117
f 768/12/117 773/13/117 771/13/117
f 777/38/107 776/39/105 775/38/107
f 776/39/105 777/38/107 778/39/105
f 779/39/106 776/39/105 778/39/105
f 776/39/105 779/39/106 780/39/8
f 780/39/8 779/39/106 781/39/8
f 781/39/8 779/39/106 782/39/106
f 779/39/106 783/38/108 782/39/106
f 783/38/108 779/39/106 784/38/108
f 785/38/3 777/38/107 775/38/107
f 777/38/107 785/38/3 784/38/108
f 784/38/108 785/38/3 786/38/3
f 784/38/108 786/38/3 783/38/108
f 783/38/117 787/40/117 782/39/117
f 782/39/117 787/40/117 781/39/117
f 783/38/117 788/12/117 787/40/117
f 788/12/117 783/38/117 789/12/117
f 775/38/117 789/12/117 783/38/117
f 775/38/117 783/38/117 786/38/117
f 789/12/117 775/38/117 790/40/117
f 775/38/117 786/38/117 785/38/117
f 781/39/117 785/38/117 786/38/117
f 790/40/117 775/38/117 776/39/117
f 790/40/117 776/39/117 787/40/117
f 785/38/117 781/39/117 780/39/117
f 781/39/117 787/40/117 780/39/117
f 780/39/117 787/40/117 776/39/117
f 793/32/93 792/32/92 791/32/92
f 792/32/92 793/32/93 794/32/93
f 796/33/94 792/32/92 795/33/94
f 792/32/92 796/33/94 791/32/92
f 797/33/95 796/33/94 795/33/94
f 796/33/94 797/33/95 798/33/95
f 793/32/93 797/33/95 794/32/93
f 797/33/95 793/32/93 798/33/95
f 801/34/97 800/34/96 799/34/96
f 800/34/96 801/34/97 802/34/97
f 805/35/98 804/36/99 803/35/98
f 804/36/99 805/35/98 806/36/99
f 809/36/100 808/35/101 807/36/100
f 808/35/101 809/36/100 810/35/101
f 813/37/103 812/37/102 811/37/102
f 812/37/102 813/37/103 814/37/103
f 810/35/101 800/34/96 808/35/101
f 800/34/96 810/35/101 799/34/96
f 801/34/97 803/35/98 802/34/97
f 803/35/98 801/34/97 805/35/98
f 812/37/102 807/36/100 811/37/102
f 807/36/100 812/37/102 809/36/100
f 806/36/99 813/37/103 804/36/99
f 813/37/103 806/36/99 814/37/103
f 803/35/104 800/34/104 802/34/104
f 800/34/104 803/35/104 808/35/104
f 808/35/104 803/35/104 797/33/104
f 797/33/104 803/35/104 804/36/104
f 795/33/104 808/35/104 797/33/104
f 797/33/104 804/36/104 794/32/104
f 808/35/104 795/33/104 807/36/104
f 794/32/104 804/36/104 792/32/104
f 807/36/104 795/33/104 792/32/104
f 807/36/104 792/32/104 804/36/104
f 807/36/104 804/36/104 813/37/104
f 807/36/104 813/37/104 811/37/104
f 817/12/8 816/12/8 815/12/8
f 816/12/8 817/12/8 818/12/8
f 821/13/3 820/13/3 819/13/3
f 820/13/3 821/13/3 822/13/3
f 821/13/104 815/12/104 816/12/104
f 815/12/104 821/13/104 819/13/104
f 825/38/94 824/39/92 823/38/94
f 824/39/92 825/38/94 826/39/92
f 827/39/93 824/39/92 826/39/92
f 824/39/92 827/39/93 828/39/8
f 828/39/8 827/39/93 829/39/8
f 829/39/8 827/39/93 830/39/93
f 827/39/93 831/38/95 830/39/93
f 831/38/95 827/39/93 832/38/95
f 833/38/3 825/38/94 823/38/94
f 825/38/94 833/38/3 832/38/95
f 832/38/95 833/38/3 834/38/3
f 832/38/95 834/38/3 831/38/95
f 831/38/104 835/40/104 830/39/104
f 830/39/104 835/40/104 829/39/104
f 831/38/104 836/12/104 835/40/104
f 836/12/104 831/38/104 837/12/104
f 823/38/104 837/12/104 831/38/104
f 823/38/104 831/38/104 834/38/104
f 837/12/104 823/38/104 838/40/104
f 823/38/104 834/38/104 833/38/104
f 829/39/104 833/38/104 834/38/104
f 838/40/104 823/38/104 824/39/104
f 838/40/104 824/39/104 835/40/104
f 833/38/104 829/39/104 828/39/104
f 829/39/104 835/40/104 828/39/104
f 828/39/104 835/40/104 824/39/104
f 841/12/17 840/32/17 839/12/17
f 840/32/17 841/12/17 842/32/17
f 845/32/18 844/12/18 843/32/18
f 844/12/18 845/32/18 846/12/18
f 849/12/8 848/12/8 847/12/8
f 848/12/8 849/12/8 841/12/8
f 839/12/8 848/12/8 841/12/8
f 841/12/8 849/12/8 846/12/8
f 846/12/8 849/12/8 844/12/8
f 844/12/8 849/12/8 850/12/8
f 853/13/3 852/13/3 851/13/3
f 852/13/3 853/13/3 854/13/3
f 856/36/83 853/13/18 855/36/83
f 853/13/18 856/36/83 854/13/18
f 859/37/86 858/37/87 857/37/87
f 858/37/87 859/37/86 860/37/86
f 858/37/87 855/36/83 857/37/87
f 855/36/83 858/37/87 856/36/83
f 862/36/84 859/37/86 861/36/84
f 859/37/86 862/36/84 860/37/86
f 845/32/8 840/32/8 842/32/8
f 840/32/8 845/32/8 843/32/8
f 863/13/5 844/12/5 850/12/5
f 844/12/5 863/13/5 864/13/5
f 844/12/5 864/13/5 843/32/5
f 843/32/5 864/13/5 861/36/5
f 843/32/5 861/36/5 840/32/5
f 855/36/5 840/32/5 861/36/5
f 855/36/5 861/36/5 859/37/5
f 855/36/5 859/37/5 857/37/5
f 853/13/5 840/32/5 855/36/5
f 840/32/5 853/13/5 839/12/5
f 851/13/5 839/12/5 853/13/5
f 839/12/5 851/13/5 848/12/5
f 865/13/17 861/36/84 864/13/17
f 861/36/84 865/13/17 862/36/84
f 863/13/3 865/13/3 864/13/3
f 865/13/3 863/13/3 866/13/3
f 869/34/17 868/37/49 867/34/49
f 868/37/49 869/34/17 870/37/17
f 868/37/3 872/37/3 871/37/3
f 872/37/3 868/37/3 870/37/3
f 869/34/8 874/34/8 873/34/8
f 874/34/8 869/34/8 867/34/8
f 872/37/18 874/34/52 871/37/52
f 874/34/52 872/37/18 873/34/18
f 868/37/49 874/34/52 867/34/49
f 874/34/52 868/37/49 871/37/52
f 877/32/106 876/32/105 875/32/105
f 876/32/105 877/32/106 878/32/106
f 880/33/107 876/32/105 879/33/107
f 876/32/105 880/33/107 875/32/105
f 881/33/108 880/33/107 879/33/107
f 880/33/107 881/33/108 882/33/108
f 877/32/106 881/33/108 878/32/106
f 881/33/108 877/32/106 882/33/108
f 885/34/110 884/34/109 883/34/109
f 884/34/109 885/34/110 886/34/110
f 889/35/111 888/36/112 887/35/111
f 888/36/112 889/35/111 890/36/112
f 893/36/113 892/35/114 891/36/113
f 892/35/114 893/36/113 894/35/114
f 897/37/116 896/37/115 895/37/115
f 896/37/115 897/37/116 898/37/116
f 892/35/114 883/34/109 884/34/109
f 883/34/109 892/35/114 894/35/114
f 885/34/110 887/35/111 886/34/110
f 887/35/111 885/34/110 889/35/111
f 896/37/115 891/36/113 895/37/115
f 891/36/113 896/37/115 893/36/113
f 890/36/112 897/37/116 888/36/112
f 897/37/116 890/36/112 898/37/116
f 887/35/117 884/34/117 886/34/117
f 884/34/117 887/35/117 892/35/117
f 892/35/117 887/35/117 881/33/117
f 881/33/117 887/35/117 888/36/117
f 879/33/117 892/35/117 881/33/117
f 881/33/117 888/36/117 878/32/117
f 892/35/117 879/33/117 891/36/117
f 878/32/117 888/36/117 876/32/117
f 891/36/117 879/33/117 876/32/117
f 891/36/117 876/32/117 888/36/117
f 891/36/117 888/36/117 897/37/117
f 891/36/117 897/37/117 895/37/117
f 901/12/8 900/12/8 899/12/8
f 900/12/8 901/12/8 902/12/8
f 905/13/3 904/13/3 903/13/3
f 904/13/3 905/13/3 906/13/3
f 905/13/117 899/12/117 900/12/117
f 899/12/117 905/13/117 903/13/117
f 909/38/107 908/39/105 907/38/107
f 908/39/105 909/38/107 910/39/105
f 911/39/106 908/39/105 910/39/105
f 908/39/105 911/39/106 912/39/8
f 912/39/8 911/39/106 913/39/8
f 913/39/8 911/39/106 914/39/106
f 911/39/106 915/38/108 914/39/106
f 915/38/108 911/39/106 916/38/108
f 917/38/3 909/38/107 907/38/107
f 909/38/107 917/38/3 916/38/108
f 916/38/108 917/38/3 918/38/3
f 916/38/108 918/38/3 915/38/108
f 915/38/117 919/40/117 914/39/117
f 914/39/117 919/40/117 913/39/117
f 915/38/117 920/12/117 919/40/117
f 920/12/117 915/38/117 921/12/117
f 907/38/117 921/12/117 915/38/117
f 907/38/117 915/38/117 918/38/117
f 921/12/117 907/38/117 922/40/117
f 907/38/117 918/38/117 917/38/117
f 913/39/117 917/38/117 918/38/117
f 922/40/117 907/38/117 908/39/117
f 922/40/117 908/39/117 919/40/117
f 917/38/117 913/39/117 912/39/117
f 913/39/117 919/40/117 912/39/117
f 912/39/117 919/40/117 908/39/117
f 157/48/125 152/42/124 161/49/126
f 154/50/127 161/49/126 152/42/124
f 154/50/127 155/41/121 161/49/126
f 162/47/121 161/49/126 155/41/121
f 157/48/125 156/48/123 152/42/124
f 152/42/124 156/48/123 150/42/123
f 149/42/123 150/42/123 156/48/123
f 159/44/119 151/43/119 158/44/122
f 148/43/122 158/44/122 151/43/119
f 155/41/121 153/45/120 162/47/121
f 160/46/120 162/47/121 153/45/120
f 160/46/120 153/45/120 159/44/119
f 151/43/119 159/44/119 153/45/120
f 923/41/118 924/41/118 150/42/118
f 173/42/128 926/41/128 925/41/128
f 178/41/129 168/49/130 169/47/129
f 168/49/130 178/41/129 177/50/131
f 176/45/133 166/44/132 174/43/132
f 166/44/132 176/45/133 167/46/133
f 176/45/133 169/47/129 167/46/133
f 169/47/129 176/45/133 178/41/129
f 174/43/132 165/44/134 171/43/134
f 165/44/134 174/43/132 166/44/132
f 163/48/135 173/42/135 172/42/135
f 173/42/135 163/48/135 175/42/136
f 175/42/136 163/48/135 164/48/137
f 177/50/131 164/48/137 168/49/130
f 164/48/137 177/50/131 175/42/136
f 189/48/143 184/42/142 193/49/144
f 186/50/145 193/49/144 184/42/142
f 186/50/145 187/41/141 193/49/144
f 194/47/141 193/49/144 187/41/141
f 189/48/143 188/48/135 184/42/142
f 184/42/142 188/48/135 182/42/135
f 181/42/135 182/42/135 188/48/135
f 191/44/139 183/43/139 190/44/134
f 180/43/134 190/44/134 183/43/139
f 187/41/141 185/45/140 194/47/141
f 192/46/140 194/47/141 185/45/140
f 192/46/140 185/45/140 191/44/139
f 183/43/139 191/44/139 185/45/140
f 927/41/138 928/41/138 182/42/138
f 205/42/146 930/41/146 929/41/146
f 210/41/147 200/49/148 201/47/147
f 200/49/148 210/41/147 209/50/149
f 208/45/151 198/44/150 206/43/150
f 198/44/150 208/45/151 199/46/151
f 208/45/151 201/47/147 199/46/151
f 201/47/147 208/45/151 210/41/147
f 206/43/150 197/44/122 203/43/122
f 197/44/122 206/43/150 198/44/150
f 195/48/123 205/42/123 204/42/123
f 205/42/123 195/48/123 207/42/152
f 207/42/152 195/48/123 196/48/153
f 209/50/149 196/48/153 200/49/148
f 196/48/153 209/50/149 207/42/152
f 220/43/50 214/44/50 213/44/50
f 214/44/50 220/43/50 219/43/50
f 230/43/154 224/44/154 223/44/154
f 224/44/154 230/43/154 229/43/154
f 240/43/154 234/44/154 233/44/154
f 234/44/154 240/43/154 239/43/154
f 258/43/50 252/44/50 251/44/50
f 252/44/50 258/43/50 257/43/50
f 414/51/6 931/48/6 413/51/6
f 931/48/6 414/51/6 932/48/6
f 933/48/4 398/53/4 397/52/4
f 933/48/4 397/52/4 400/54/4
f 411/51/4 398/53/4 933/48/4
f 398/53/4 411/51/4 387/55/4
f 387/55/4 411/51/4 389/55/4
f 413/51/4 389/55/4 411/51/4
f 389/55/4 413/51/4 393/53/4
f 933/48/4 400/54/4 931/48/4
f 393/53/4 413/51/4 931/48/4
f 402/54/4 931/48/4 400/54/4
f 393/53/4 931/48/4 394/52/4
f 394/52/4 931/48/4 402/54/4
f 934/48/4 453/51/4 454/51/4
f 453/51/4 934/48/4 450/52/4
f 450/52/4 934/48/4 448/54/4
f 448/54/4 934/48/4 446/54/4
f 935/48/4 446/54/4 934/48/4
f 935/48/4 444/52/4 446/54/4
f 440/51/4 444/52/4 935/48/4
f 444/52/4 440/51/4 442/51/4
f 486/54/4 936/48/4 478/52/4
f 478/52/4 936/48/4 477/53/4
f 484/54/4 936/48/4 486/54/4
f 936/48/4 497/51/4 477/53/4
f 936/48/4 484/54/4 938/48/4
f 477/53/4 497/51/4 473/55/4
f 495/51/4 473/55/4 497/51/4
f 473/55/4 495/51/4 471/55/4
f 471/55/4 495/51/4 482/53/4
f 938/48/4 482/53/4 495/51/4
f 484/54/4 481/52/4 938/48/4
f 481/52/4 482/53/4 938/48/4
f 937/48/7 498/51/7 936/48/7
f 497/51/7 936/48/7 498/51/7
f 940/56/156 72/48/52 939/56/155
f 72/48/52 940/56/156 69/48/6
f 75/48/7 941/56/157 78/48/49
f 941/56/157 75/48/7 942/56/158
f 943/56/159 69/48/6 940/56/156
f 69/48/6 943/56/159 64/48/59
f 66/48/54 942/56/158 75/48/7
f 942/56/158 66/48/54 944/56/160
f 66/48/54 945/56/161 944/56/160
f 945/56/161 66/48/54 63/48/4
f 939/56/155 943/56/159 940/56/156
f 943/56/159 939/56/155 946/56/162
f 943/56/159 946/56/162 945/56/161
f 945/56/161 946/56/162 941/56/157
f 945/56/161 941/56/157 944/56/160
f 944/56/160 941/56/157 942/56/158
f 74/48/53 941/56/157 946/56/162
f 941/56/157 74/48/53 78/48/49
f 72/48/52 946/56/162 939/56/155
f 946/56/162 72/48/52 74/48/53
f 63/48/4 943/56/159 945/56/161
f 943/56/159 63/48/4 64/48/59
f 948/56/156 96/48/52 947/56/155
f 96/48/52 948/56/156 93/48/6
f 99/48/7 949/56/157 102/48/49
f 949/56/157 99/48/7 950/56/158
f 951/56/159 93/48/6 948/56/156
f 93/48/6 951/56/159 88/48/59
f 90/48/54 950/56/158 99/48/7
f 950/56/158 90/48/54 952/56/160
f 90/48/54 953/56/161 952/56/160
f 953/56/161 90/48/54 87/48/4
f 947/56/155 951/56/159 948/56/156
f 951/56/159 947/56/155 954/56/162
f 951/56/159 954/56/162 953/56/161
f 953/56/161 954/56/162 949/56/157
f 953/56/161 949/56/157 952/56/160
f 952/56/160 949/56/157 950/56/158
f 98/48/53 949/56/157 954/56/162
f 949/56/157 98/48/53 102/48/49
f 96/48/52 954/56/162 947/56/155
f 954/56/162 96/48/52 98/48/53
f 87/48/4 951/56/159 953/56/161
f 951/56/159 87/48/4 88/48/59
f 576/54/5 955/48/5 570/52/5
f 570/52/5 955/48/5 569/53/5
f 575/54/5 955/48/5 576/54/5
f 955/48/5 587/51/5 569/53/5
f 955/48/5 575/54/5 957/48/5
f 569/53/5 587/51/5 565/55/5
f 586/51/5 565/55/5 587/51/5
f 565/55/5 586/51/5 563/55/5
f 563/55/5 586/51/5 574/53/5
f 957/48/5 574/53/5 586/51/5
f 575/54/5 573/52/5 957/48/5
f 573/52/5 574/53/5 957/48/5
f 956/48/18 590/51/18 955/48/18
f 587/51/18 955/48/18 590/51/18
f 638/51/17 958/48/17 637/51/17
f 958/48/17 638/51/17 959/48/17
f 960/48/5 622/53/5 621/52/5
f 960/48/5 621/52/5 624/54/5
f 635/51/5 622/53/5 960/48/5
f 622/53/5 635/51/5 613/55/5
f 613/55/5 635/51/5 614/55/5
f 637/51/5 614/55/5 635/51/5
f 614/55/5 637/51/5 617/53/5
f 960/48/5 624/54/5 958/48/5
f 617/53/5 637/51/5 958/48/5
f 626/54/5 958/48/5 624/54/5
f 617/53/5 958/48/5 618/52/5
f 618/52/5 958/48/5 626/54/5
f 961/48/104 714/53/104 713/52/104
f 961/48/104 713/52/104 716/54/104
f 724/51/104 714/53/104 961/48/104
f 714/53/104 724/51/104 703/55/104
f 703/55/104 724/51/104 705/55/104
f 726/51/104 705/55/104 724/51/104
f 705/55/104 726/51/104 709/53/104
f 961/48/104 716/54/104 962/48/104
f 709/53/104 726/51/104 962/48/104
f 718/54/104 962/48/104 716/54/104
f 709/53/104 962/48/104 710/52/104
f 710/52/104 962/48/104 718/54/104
f 964/56/156 136/48/52 963/56/155
f 136/48/52 964/56/156 133/48/6
f 139/48/7 965/56/157 142/48/49
f 965/56/157 139/48/7 966/56/158
f 967/56/159 133/48/6 964/56/156
f 133/48/6 967/56/159 128/48/59
f 130/48/54 966/56/158 139/48/7
f 966/56/158 130/48/54 968/56/160
f 130/48/54 969/56/161 968/56/160
f 969/56/161 130/48/54 127/48/4
f 963/56/155 967/56/159 964/56/156
f 967/56/159 963/56/155 970/56/162
f 967/56/159 970/56/162 969/56/161
f 969/56/161 970/56/162 965/56/157
f 969/56/161 965/56/157 968/56/160
f 968/56/160 965/56/157 966/56/158
f 138/48/53 965/56/157 970/56/162
f 965/56/157 138/48/53 142/48/49
f 136/48/52 970/56/162 963/56/155
f 970/56/162 136/48/52 138/48/53
f 127/48/4 967/56/159 969/56/161
f 967/56/159 127/48/4 128/48/59
f 971/48/117 762/53/117 761/52/117
f 971/48/117 761/52/117 764/54/117
f 772/51/117 762/53/117 971/48/117
f 762/53/117 772/51/117 751/55/117
f 751/55/117 772/51/117 753/55/117
f 774/51/117 753/55/117 772/51/117
f 753/55/117 774/51/117 757/53/117
f 971/48/117 764/54/117 972/48/117
f 757/53/117 774/51/117 972/48/117
f 766/54/117 972/48/117 764/54/117
f 757/53/117 972/48/117 758/52/117
f 758/52/117 972/48/117 766/54/117
f 973/48/104 810/53/104 809/52/104
f 973/48/104 809/52/104 812/54/104
f 820/51/104 810/53/104 973/48/104
f 810/53/104 820/51/104 799/55/104
f 799/55/104 820/51/104 801/55/104
f 822/51/104 801/55/104 820/51/104
f 801/55/104 822/51/104 805/53/104
f 973/48/104 812/54/104 974/48/104
f 805/53/104 822/51/104 974/48/104
f 814/54/104 974/48/104 812/54/104
f 805/53/104 974/48/104 806/52/104
f 806/52/104 974/48/104 814/54/104
f 975/48/5 865/51/5 866/51/5
f 865/51/5 975/48/5 862/52/5
f 862/52/5 975/48/5 860/54/5
f 860/54/5 975/48/5 858/54/5
f 976/48/5 858/54/5 975/48/5
f 976/48/5 856/52/5 858/54/5
f 852/51/5 856/52/5 976/48/5
f 856/52/5 852/51/5 854/51/5
f 977/48/117 894/53/117 893/52/117
f 977/48/117 893/52/117 896/54/117
f 904/51/117 894/53/117 977/48/117
f 894/53/117 904/51/117 883/55/117
f 883/55/117 904/51/117 885/55/117
f 906/51/117 885/55/117 904/51/117
f 885/55/117 906/51/117 889/53/117
f 977/48/117 896/54/117 978/48/117
f 889/53/117 906/51/117 978/48/117
f 898/54/117 978/48/117 896/54/117
f 889/53/117 978/48/117 890/52/117
f 890/52/117 978/48/117 898/54/117
f 981/57/35 980/57/36 979/57/36
f 980/57/36 981/57/35 982/57/35
f 984/58/28 981/57/35 983/58/28
f 981/57/35 984/58/28 982/57/35
f 984/58/28 986/58/29 985/58/29
f 986/58/29 984/58/28 983/58/28
f 980/57/36 986/58/29 979/57/36
f 986/58/29 980/57/36 985/58/29
f 987/59/4 979/57/4 986/58/4
f 987/59/4 986/58/4 983/58/4
f 979/57/4 987/59/4 988/60/4
f 987/59/4 983/58/4 989/59/4
f 988/60/4 981/57/4 979/57/4
f 981/57/4 989/59/4 983/58/4
f 990/60/4 981/57/4 988/60/4
f 981/57/4 990/60/4 989/59/4
f 993/59/165 992/60/164 991/59/163
f 992/60/164 993/59/165 994/60/166
f 996/60/168 993/59/165 995/59/167
f 993/59/165 996/60/168 994/60/166
f 999/60/171 998/59/170 997/59/169
f 998/59/170 999/60/171 1000/60/172
f 1002/60/174 997/59/169 1001/59/173
f 997/59/169 1002/60/174 999/60/171
f 1004/60/176 995/59/167 1003/59/175
f 995/59/167 1004/60/176 996/60/168
f 1000/60/172 1005/59/177 998/59/170
f 1005/59/177 1000/60/172 1006/60/178
f 1004/60/176 1005/59/177 1006/60/178
f 1005/59/177 1004/60/176 1003/59/175
f 991/59/163 1002/60/174 1001/59/173
f 1002/60/174 991/59/163 992/60/164
f 1000/60/172 1004/60/176 1006/60/178
f 1004/60/176 1000/60/172 999/60/171
f 1004/60/176 999/60/171 996/60/168
f 996/60/168 999/60/171 1002/60/174
f 996/60/168 1002/60/174 994/60/166
f 994/60/166 1002/60/174 992/60/164
f 1003/59/179 998/59/179 1005/59/179
f 998/59/179 1003/59/179 995/59/179
f 998/59/179 995/59/179 997/59/179
f 997/59/179 995/59/179 1001/59/179
f 1001/59/179 995/59/179 993/59/179
f 1001/59/179 993/59/179 991/59/179
f 1009/59/165 1008/60/164 1007/59/163
f 1008/60/164 1009/59/165 1010/60/166
f 1012/60/168 1009/59/165 1011/59/167
f 1009/59/165 1012/60/168 1010/60/166
f 1015/60/171 1014/59/170 1013/59/169
f 1014/59/170 1015/60/171 1016/60/172
f 1018/60/174 1013/59/169 1017/59/173
f 1013/59/169 1018/60/174 1015/60/171
f 1020/60/176 1011/59/167 1019/59/175
f 1011/59/167 1020/60/176 1012/60/168
f 1016/60/172 1021/59/177 1014/59/170
f 1021/59/177 1016/60/172 1022/60/178
f 1020/60/176 1021/59/177 1022/60/178
f 1021/59/177 1020/60/176 1019/59/175
f 1007/59/163 1018/60/174 1017/59/173
f 1018/60/174 1007/59/163 1008/60/164
f 1016/60/172 1020/60/176 1022/60/178
f 1020/60/176 1016/60/172 1015/60/171
f 1020/60/176 1015/60/171 1012/60/168
f 1012/60/168 1015/60/171 1018/60/174
f 1012/60/168 1018/60/174 1010/60/166
f 1010/60/166 1018/60/174 1008/60/164
f 1019/59/179 1014/59/179 1021/59/179
f 1014/59/179 1019/59/179 1011/59/179
f 1014/59/179 1011/59/179 1013/59/179
f 1013/59/179 1011/59/179 1017/59/179
f 1017/59/179 1011/59/179 1009/59/179
f 1017/59/179 1009/59/179 1007/59/179
f 1025/59/165 1024/60/164 1023/59/163
f 1024/60/164 1025/59/165 1026/60/166
f 1028/60/168 1025/59/165 1027/59/167
f 1025/59/165 1028/60/168 1026/60/166
f 1031/60/171 1030/59/170 1029/59/169
f 1030/59/170 1031/60/171 1032/60/172
f 1034/60/174 1029/59/169 1033/59/173
f 1029/59/169 1034/60/174 1031/60/171
f 1036/60/176 1027/59/167 1035/59/175
f 1027/59/167 1036/60/176 1028/60/168
f 1032/60/172 1037/59/177 1030/59/170
f 1037/59/177 1032/60/172 1038/60/178
f 1036/60/176 1037/59/177 1038/60/178
f 1037/59/177 1036/60/176 1035/59/175
f 1023/59/163 1034/60/174 1033/59/173
f 1034/60/174 1023/59/163 1024/60/164
f 1032/60/172 1036/60/176 1038/60/178
f 1036/60/176 1032/60/172 1031/60/171
f 1036/60/176 1031/60/171 1028/60/168
f 1028/60/168 1031/60/171 1034/60/174
f 1028/60/168 1034/60/174 1026/60/166
f 1026/60/166 1034/60/174 1024/60/164
f 1035/59/179 1030/59/179 1037/59/179
f 1030/59/179 1035/59/179 1027/59/179
f 1030/59/179 1027/59/179 1029/59/179
f 1029/59/179 1027/59/179 1033/59/179
f 1033/59/179 1027/59/179 1025/59/179
f 1033/59/179 1025/59/179 1023/59/179
f 1041/57/45 1040/57/46 1039/57/46
f 1040/57/46 1041/57/45 1042/57/45
f 1044/58/38 1041/57/45 1043/58/38
f 1041/57/45 1044/58/38 1042/57/45
f 1044/58/38 1046/58/39 1045/58/39
f 1046/58/39 1044/58/38 1043/58/38
f 1040/57/46 1046/58/39 1039/57/46
f 1046/58/39 1040/57/46 1045/58/39
f 1047/59/5 1039/57/5 1046/58/5
f 1047/59/5 1046/58/5 1043/58/5
f 1039/57/5 1047/59/5 1048/60/5
f 1047/59/5 1043/58/5 845/59/5
f 1048/60/5 1041/57/5 1039/57/5
f 1041/57/5 845/59/5 1043/58/5
f 846/60/5 1041/57/5 1048/60/5
f 1041/57/5 846/60/5 845/59/5

usemtl colormap-specular

f 419/62/4 417/61/4 424/61/4
f 417/61/4 419/62/4 418/62/4
f 1051/63/4 1050/64/4 1049/63/4
f 1050/64/4 1051/63/4 1052/64/4
f 502/62/4 503/62/4 501/61/4
f 508/61/4 501/61/4 503/62/4
f 547/62/4 545/61/4 552/61/4
f 545/61/4 547/62/4 546/62/4
f 594/62/5 595/62/5 593/61/5
f 600/61/5 593/61/5 595/62/5
f 643/62/5 641/61/5 648/61/5
f 641/61/5 643/62/5 642/62/5
f 687/62/5 685/61/5 692/61/5
f 685/61/5 687/62/5 686/62/5
f 731/62/104 729/61/104 736/61/104
f 729/61/104 731/62/104 730/62/104
f 779/62/117 777/61/117 784/61/117
f 777/61/117 779/62/117 778/62/117
f 827/62/104 825/61/104 832/61/104
f 825/61/104 827/62/104 826/62/104
f 1055/63/5 1054/64/5 1053/63/5
f 1054/64/5 1055/63/5 1056/64/5
f 911/62/117 909/61/117 916/61/117
f 909/61/117 911/62/117 910/62/117

g building-m




usemtl colormap

f 3/2/1 2/1/1 1/1/1
f 2/1/1 3/2/1 4/2/1
f 7/2/1 6/1/1 5/1/1
f 6/1/1 7/2/1 8/2/1
f 11/2/2 10/1/2 9/1/2
f 10/1/2 11/2/2 12/2/2
f 15/2/3 14/2/3 13/2/3
f 14/2/3 15/2/3 16/2/3
f 19/2/2 18/1/2 17/1/2
f 18/1/2 19/2/2 20/2/2
f 23/4/4 22/3/4 21/3/4
f 26/6/4 25/4/4 24/5/4
f 25/4/4 26/6/4 27/2/4
f 28/6/4 25/4/4 27/2/4
f 25/4/4 28/6/4 29/5/4
f 32/6/4 31/4/4 30/5/4
f 31/4/4 32/6/4 33/2/4
f 34/6/4 31/4/4 33/2/4
f 31/4/4 34/6/4 35/5/4
f 38/4/5 37/3/5 36/3/5
f 41/1/6 40/2/6 39/1/6
f 40/2/6 41/1/6 42/2/6
f 45/2/7 44/1/7 43/2/7
f 44/1/7 45/2/7 46/1/7
f 43/2/4 48/8/4 47/7/4
f 43/2/4 47/7/4 49/9/4
f 44/1/4 48/8/4 43/2/4
f 48/8/4 44/1/4 50/10/4
f 50/10/4 44/1/4 51/10/4
f 39/1/4 51/10/4 44/1/4
f 51/10/4 39/1/4 52/8/4
f 43/2/4 49/9/4 40/2/4
f 52/8/4 39/1/4 40/2/4
f 53/9/4 40/2/4 49/9/4
f 52/8/4 40/2/4 54/7/4
f 54/7/4 40/2/4 53/9/4
f 57/11/8 56/11/8 55/11/8
f 56/11/8 57/11/8 58/11/8
f 56/11/8 58/11/8 59/11/8
f 59/11/8 58/11/8 60/11/8
f 59/11/8 60/11/8 61/11/8
f 61/11/8 60/11/8 62/11/8
f 65/2/3 64/2/3 63/2/3
f 65/2/3 63/2/3 66/2/3
f 67/2/3 64/2/3 65/2/3
f 65/2/3 66/2/3 68/2/3
f 67/2/3 69/2/3 64/2/3
f 69/2/3 67/2/3 70/2/3
f 71/2/3 69/2/3 70/2/3
f 69/2/3 71/2/3 72/2/3
f 72/2/3 71/2/3 73/2/3
f 72/2/3 73/2/3 74/2/3
f 68/2/3 66/2/3 75/2/3
f 68/2/3 75/2/3 76/2/3
f 74/2/3 73/2/3 77/2/3
f 75/2/3 77/2/3 76/2/3
f 74/2/3 77/2/3 78/2/3
f 78/2/3 77/2/3 75/2/3
f 77/2/9 59/11/10 61/11/9
f 62/11/11 77/2/9 61/11/9
f 59/11/10 77/2/9 73/2/10
f 77/2/9 62/11/11 76/2/11
f 73/2/10 56/11/12 59/11/10
f 56/11/12 73/2/10 71/2/12
f 71/2/12 55/11/13 56/11/12
f 55/11/13 71/2/12 70/2/13
f 70/2/13 57/11/14 55/11/13
f 57/11/14 70/2/13 67/2/14
f 67/2/14 58/11/15 57/11/14
f 58/11/15 67/2/14 65/2/15
f 60/11/16 76/2/11 62/11/11
f 65/2/15 60/11/16 58/11/15
f 76/2/11 60/11/16 68/2/16
f 60/11/16 65/2/15 68/2/16
f 81/11/8 80/11/8 79/11/8
f 80/11/8 81/11/8 82/11/8
f 80/11/8 82/11/8 83/11/8
f 83/11/8 82/11/8 84/11/8
f 83/11/8 84/11/8 85/11/8
f 85/11/8 84/11/8 86/11/8
f 89/2/3 88/2/3 87/2/3
f 89/2/3 87/2/3 90/2/3
f 91/2/3 88/2/3 89/2/3
f 89/2/3 90/2/3 92/2/3
f 91/2/3 93/2/3 88/2/3
f 93/2/3 91/2/3 94/2/3
f 95/2/3 93/2/3 94/2/3
f 93/2/3 95/2/3 96/2/3
f 96/2/3 95/2/3 97/2/3
f 96/2/3 97/2/3 98/2/3
f 92/2/3 90/2/3 99/2/3
f 92/2/3 99/2/3 100/2/3
f 98/2/3 97/2/3 101/2/3
f 99/2/3 101/2/3 100/2/3
f 98/2/3 101/2/3 102/2/3
f 102/2/3 101/2/3 99/2/3
f 101/2/9 83/11/10 85/11/9
f 86/11/11 101/2/9 85/11/9
f 83/11/10 101/2/9 97/2/10
f 101/2/9 86/11/11 100/2/11
f 97/2/10 80/11/12 83/11/10
f 80/11/12 97/2/10 95/2/12
f 95/2/12 79/11/13 80/11/12
f 79/11/13 95/2/12 94/2/13
f 94/2/13 81/11/14 79/11/13
f 81/11/14 94/2/13 91/2/14
f 91/2/14 82/11/15 81/11/14
f 82/11/15 91/2/14 89/2/15
f 84/11/16 100/2/11 86/11/11
f 89/2/15 84/11/16 82/11/15
f 100/2/11 84/11/16 92/2/16
f 84/11/16 89/2/15 92/2/16
f 105/1/17 104/2/17 103/1/17
f 104/2/17 105/1/17 106/2/17
f 109/2/18 108/1/18 107/2/18
f 108/1/18 109/2/18 110/1/18
f 107/2/5 112/8/5 111/7/5
f 107/2/5 111/7/5 113/9/5
f 108/1/5 112/8/5 107/2/5
f 112/8/5 108/1/5 114/10/5
f 114/10/5 108/1/5 115/10/5
f 103/1/5 115/10/5 108/1/5
f 115/10/5 103/1/5 116/8/5
f 107/2/5 113/9/5 104/2/5
f 116/8/5 103/1/5 104/2/5
f 117/9/5 104/2/5 113/9/5
f 116/8/5 104/2/5 118/7/5
f 118/7/5 104/2/5 117/9/5
f 121/11/8 120/11/8 119/11/8
f 120/11/8 121/11/8 122/11/8
f 120/11/8 122/11/8 123/11/8
f 123/11/8 122/11/8 124/11/8
f 123/11/8 124/11/8 125/11/8
f 125/11/8 124/11/8 126/11/8
f 129/2/3 128/2/3 127/2/3
f 129/2/3 127/2/3 130/2/3
f 131/2/3 128/2/3 129/2/3
f 129/2/3 130/2/3 132/2/3
f 131/2/3 133/2/3 128/2/3
f 133/2/3 131/2/3 134/2/3
f 135/2/3 133/2/3 134/2/3
f 133/2/3 135/2/3 136/2/3
f 136/2/3 135/2/3 137/2/3
f 136/2/3 137/2/3 138/2/3
f 132/2/3 130/2/3 139/2/3
f 132/2/3 139/2/3 140/2/3
f 138/2/3 137/2/3 141/2/3
f 139/2/3 141/2/3 140/2/3
f 138/2/3 141/2/3 142/2/3
f 142/2/3 141/2/3 139/2/3
f 141/2/9 123/11/10 125/11/9
f 126/11/11 141/2/9 125/11/9
f 123/11/10 141/2/9 137/2/10
f 141/2/9 126/11/11 140/2/11
f 137/2/10 120/11/12 123/11/10
f 120/11/12 137/2/10 135/2/12
f 135/2/12 119/11/13 120/11/12
f 119/11/13 135/2/12 134/2/13
f 134/2/13 121/11/14 119/11/13
f 121/11/14 134/2/13 131/2/14
f 131/2/14 122/11/15 121/11/14
f 122/11/15 131/2/14 129/2/15
f 124/11/16 140/2/11 126/11/11
f 129/2/15 124/11/16 122/11/15
f 140/2/11 124/11/16 132/2/16
f 124/11/16 129/2/15 132/2/16
f 145/13/1 144/12/1 143/12/1
f 144/12/1 145/13/1 146/13/1
f 145/13/3 2/13/3 146/13/3
f 2/13/3 145/13/3 1/13/3
f 162/22/20 160/20/20 161/21/20
f 161/21/20 160/20/20 157/18/20
f 160/20/20 159/19/20 157/18/20
f 159/19/20 158/19/20 157/18/20
f 156/18/20 157/18/20 158/19/20
f 155/14/19 154/17/19 153/16/19
f 154/17/19 152/15/19 153/16/19
f 153/16/19 152/15/19 151/12/19
f 152/15/19 150/15/19 151/12/19
f 151/12/19 150/15/19 148/12/19
f 150/15/19 149/15/19 148/12/19
f 147/14/19 148/12/19 149/15/19
f 165/19/21 164/18/21 163/18/21
f 164/18/21 165/19/21 166/19/21
f 164/18/21 166/19/21 167/20/21
f 164/18/21 167/20/21 168/21/21
f 168/21/21 167/20/21 169/22/21
f 172/15/22 171/12/22 170/14/22
f 171/12/22 172/15/22 173/15/22
f 171/12/22 173/15/22 174/12/22
f 174/12/22 173/15/22 175/15/22
f 174/12/22 175/15/22 176/16/22
f 176/16/22 175/15/22 177/17/22
f 176/16/22 177/17/22 178/14/22
f 194/22/21 192/20/21 193/21/21
f 193/21/21 192/20/21 189/18/21
f 192/20/21 191/19/21 189/18/21
f 191/19/21 190/19/21 189/18/21
f 188/18/21 189/18/21 190/19/21
f 187/14/22 186/17/22 185/16/22
f 186/17/22 184/15/22 185/16/22
f 185/16/22 184/15/22 183/12/22
f 184/15/22 182/15/22 183/12/22
f 183/12/22 182/15/22 180/12/22
f 182/15/22 181/15/22 180/12/22
f 179/14/22 180/12/22 181/15/22
f 197/19/20 196/18/20 195/18/20
f 196/18/20 197/19/20 198/19/20
f 196/18/20 198/19/20 199/20/20
f 196/18/20 199/20/20 200/21/20
f 200/21/20 199/20/20 201/22/20
f 204/15/19 203/12/19 202/14/19
f 203/12/19 204/15/19 205/15/19
f 203/12/19 205/15/19 206/12/19
f 206/12/19 205/15/19 207/15/19
f 206/12/19 207/15/19 208/16/19
f 208/16/19 207/15/19 209/17/19
f 208/16/19 209/17/19 210/14/19
f 213/19/23 212/18/23 211/18/23
f 212/18/23 213/19/23 214/19/23
f 217/15/24 216/14/24 215/15/24
f 216/14/24 217/15/24 218/14/24
f 216/14/24 218/14/24 219/12/24
f 216/14/24 219/12/24 220/12/24
f 223/19/25 222/18/25 221/18/25
f 222/18/25 223/19/25 224/19/25
f 227/15/26 226/14/26 225/15/26
f 226/14/26 227/15/26 228/14/26
f 226/14/26 228/14/26 229/12/26
f 226/14/26 229/12/26 230/12/26
f 233/19/25 232/18/25 231/18/25
f 232/18/25 233/19/25 234/19/25
f 237/15/26 236/14/26 235/15/26
f 236/14/26 237/15/26 238/14/26
f 236/14/26 238/14/26 239/12/26
f 236/14/26 239/12/26 240/12/26
f 243/13/1 242/12/1 241/12/1
f 242/12/1 243/13/1 244/13/1
f 243/13/3 6/13/3 244/13/3
f 6/13/3 243/13/3 5/13/3
f 247/13/2 246/12/2 245/12/2
f 246/12/2 247/13/2 248/13/2
f 247/13/3 10/13/3 248/13/3
f 10/13/3 247/13/3 9/13/3
f 251/19/23 250/18/23 249/18/23
f 250/18/23 251/19/23 252/19/23
f 255/15/24 254/14/24 253/15/24
f 254/14/24 255/15/24 256/14/24
f 254/14/24 256/14/24 257/12/24
f 254/14/24 257/12/24 258/12/24
f 261/12/8 260/12/8 259/12/8
f 260/12/8 261/12/8 262/12/8
f 265/13/2 264/12/2 263/12/2
f 264/12/2 265/13/2 266/13/2
f 265/13/3 18/13/3 266/13/3
f 18/13/3 265/13/3 17/13/3
f 269/23/28 268/24/27 267/23/27
f 268/24/27 269/23/28 270/24/28
f 271/25/29 268/24/29 270/24/29
f 268/24/29 271/25/29 272/26/29
f 272/26/29 271/25/29 273/27/29
f 273/27/29 271/25/29 274/25/29
f 274/25/29 271/25/29 23/25/29
f 277/24/29 276/23/30 275/24/30
f 276/23/30 277/24/29 278/23/29
f 280/28/31 274/25/4 279/27/31
f 274/25/4 280/28/31 281/18/4
f 282/28/32 274/25/4 281/18/4
f 274/25/4 282/28/32 273/27/32
f 284/29/33 279/27/31 283/26/33
f 279/27/31 284/29/33 280/28/31
f 273/27/32 285/29/34 272/26/34
f 285/29/34 273/27/32 282/28/32
f 275/24/30 284/29/33 283/26/33
f 284/29/33 275/24/30 276/23/30
f 267/23/27 272/26/34 285/29/34
f 272/26/34 267/23/27 268/24/27
f 285/29/35 269/23/35 267/23/35
f 269/23/35 285/29/35 286/18/35
f 286/18/35 285/29/35 282/28/35
f 286/18/35 282/28/35 281/18/35
f 280/28/36 286/18/36 281/18/36
f 286/18/36 280/28/36 278/23/36
f 278/23/36 280/28/36 284/29/36
f 278/23/36 284/29/36 276/23/36
f 277/24/28 23/25/28 271/25/28
f 23/25/28 277/24/28 274/25/28
f 274/25/28 277/24/28 279/27/28
f 279/27/28 277/24/28 283/26/28
f 283/26/28 277/24/28 275/24/28
f 27/18/35 287/23/35 28/23/35
f 287/23/35 27/18/35 288/18/35
f 26/23/36 288/18/36 27/18/36
f 288/18/36 26/23/36 289/23/36
f 290/24/29 26/23/29 24/24/29
f 26/23/29 290/24/29 289/23/29
f 290/24/28 25/25/28 291/25/28
f 25/25/28 290/24/28 24/24/28
f 291/25/29 29/24/29 292/24/29
f 29/24/29 291/25/29 25/25/29
f 287/23/28 29/24/28 28/23/28
f 29/24/28 287/23/28 292/24/28
f 33/18/35 293/23/35 34/23/35
f 293/23/35 33/18/35 294/18/35
f 32/23/36 294/18/36 33/18/36
f 294/18/36 32/23/36 295/23/36
f 296/24/29 32/23/29 30/24/29
f 32/23/29 296/24/29 295/23/29
f 296/24/28 31/25/28 297/25/28
f 31/25/28 296/24/28 30/24/28
f 297/25/29 35/24/29 298/24/29
f 35/24/29 297/25/29 31/25/29
f 293/23/28 35/24/28 34/23/28
f 35/24/28 293/23/28 298/24/28
f 295/23/38 300/24/37 299/23/37
f 300/24/37 295/23/38 296/24/38
f 301/25/39 300/24/39 296/24/39
f 300/24/39 301/25/39 302/26/39
f 302/26/39 301/25/39 303/27/39
f 303/27/39 301/25/39 304/25/39
f 304/25/39 301/25/39 38/25/39
f 298/24/39 306/23/40 305/24/40
f 306/23/40 298/24/39 293/23/39
f 308/28/41 304/25/5 307/27/41
f 304/25/5 308/28/41 309/18/5
f 310/28/42 304/25/5 309/18/5
f 304/25/5 310/28/42 303/27/42
f 312/29/43 307/27/41 311/26/43
f 307/27/41 312/29/43 308/28/41
f 303/27/42 313/29/44 302/26/44
f 313/29/44 303/27/42 310/28/42
f 305/24/40 312/29/43 311/26/43
f 312/29/43 305/24/40 306/23/40
f 299/23/37 302/26/44 313/29/44
f 302/26/44 299/23/37 300/24/37
f 313/29/45 295/23/45 299/23/45
f 295/23/45 313/29/45 314/18/45
f 314/18/45 313/29/45 310/28/45
f 314/18/45 310/28/45 309/18/45
f 308/28/46 314/18/46 309/18/46
f 314/18/46 308/28/46 293/23/46
f 293/23/46 308/28/46 312/29/46
f 293/23/46 312/29/46 306/23/46
f 298/24/38 38/25/38 301/25/38
f 38/25/38 298/24/38 304/25/38
f 304/25/38 298/24/38 307/27/38
f 307/27/38 298/24/38 311/26/38
f 311/26/38 298/24/38 305/24/38
f 317/31/7 316/30/48 315/30/47
f 316/30/48 317/31/7 318/31/49
f 321/30/51 320/31/6 319/30/50
f 320/31/6 321/30/51 322/31/52
f 316/30/49 324/24/53 323/24/49
f 324/24/53 316/30/49 325/30/53
f 317/31/7 327/30/55 326/31/54
f 327/30/55 317/31/7 315/30/47
f 328/31/53 321/30/51 325/30/56
f 321/30/51 328/31/53 322/31/52
f 330/31/4 327/30/55 329/30/57
f 327/30/55 330/31/4 326/31/54
f 332/31/59 329/30/57 331/30/58
f 329/30/57 332/31/59 330/31/4
f 334/18/61 317/31/7 333/18/60
f 317/31/7 334/18/61 318/31/49
f 325/30/53 335/24/52 324/24/53
f 335/24/52 325/30/53 321/30/52
f 331/30/59 337/24/4 336/24/59
f 337/24/4 331/30/59 329/30/4
f 338/24/6 331/30/59 336/24/59
f 331/30/59 338/24/6 319/30/6
f 318/31/49 325/30/56 316/30/48
f 325/30/56 318/31/49 328/31/53
f 339/18/62 330/31/4 332/31/59
f 330/31/4 339/18/62 340/18/63
f 341/18/64 317/31/7 326/31/54
f 317/31/7 341/18/64 333/18/60
f 340/18/63 326/31/54 330/31/4
f 326/31/54 340/18/63 341/18/64
f 331/30/58 320/31/6 332/31/59
f 320/31/6 331/30/58 319/30/50
f 342/18/65 322/31/52 328/31/53
f 322/31/52 342/18/65 343/18/66
f 320/31/6 339/18/62 332/31/59
f 339/18/62 320/31/6 344/18/67
f 341/18/3 334/18/3 333/18/3
f 334/18/3 341/18/3 340/18/3
f 334/18/3 340/18/3 342/18/3
f 342/18/3 340/18/3 339/18/3
f 342/18/3 339/18/3 343/18/3
f 343/18/3 339/18/3 344/18/3
f 315/30/7 345/24/54 327/30/54
f 345/24/54 315/30/7 346/24/7
f 329/30/4 345/24/54 337/24/4
f 345/24/54 329/30/4 327/30/54
f 320/31/6 343/18/66 344/18/67
f 343/18/66 320/31/6 322/31/52
f 316/30/49 346/24/7 315/30/7
f 346/24/7 316/30/49 323/24/49
f 334/18/61 328/31/53 318/31/49
f 328/31/53 334/18/61 342/18/65
f 335/24/52 319/30/6 338/24/6
f 319/30/6 335/24/52 321/30/52
f 349/31/7 348/30/48 347/30/47
f 348/30/48 349/31/7 350/31/49
f 353/30/51 352/31/6 351/30/50
f 352/31/6 353/30/51 354/31/52
f 348/30/49 356/24/53 355/24/49
f 356/24/53 348/30/49 357/30/53
f 349/31/7 359/30/55 358/31/54
f 359/30/55 349/31/7 347/30/47
f 360/31/53 353/30/51 357/30/56
f 353/30/51 360/31/53 354/31/52
f 362/31/4 359/30/55 361/30/57
f 359/30/55 362/31/4 358/31/54
f 364/31/59 361/30/57 363/30/58
f 361/30/57 364/31/59 362/31/4
f 366/18/61 349/31/7 365/18/60
f 349/31/7 366/18/61 350/31/49
f 357/30/53 367/24/52 356/24/53
f 367/24/52 357/30/53 353/30/52
f 363/30/59 369/24/4 368/24/59
f 369/24/4 363/30/59 361/30/4
f 370/24/6 363/30/59 368/24/59
f 363/30/59 370/24/6 351/30/6
f 350/31/49 357/30/56 348/30/48
f 357/30/56 350/31/49 360/31/53
f 371/18/62 362/31/4 364/31/59
f 362/31/4 371/18/62 372/18/63
f 373/18/64 349/31/7 358/31/54
f 349/31/7 373/18/64 365/18/60
f 372/18/63 358/31/54 362/31/4
f 358/31/54 372/18/63 373/18/64
f 363/30/58 352/31/6 364/31/59
f 352/31/6 363/30/58 351/30/50
f 374/18/65 354/31/52 360/31/53
f 354/31/52 374/18/65 375/18/66
f 352/31/6 371/18/62 364/31/59
f 371/18/62 352/31/6 376/18/67
f 373/18/3 366/18/3 365/18/3
f 366/18/3 373/18/3 372/18/3
f 366/18/3 372/18/3 374/18/3
f 374/18/3 372/18/3 371/18/3
f 374/18/3 371/18/3 375/18/3
f 375/18/3 371/18/3 376/18/3
f 347/30/7 377/24/54 359/30/54
f 377/24/54 347/30/7 378/24/7
f 361/30/4 377/24/54 369/24/4
f 377/24/54 361/30/4 359/30/54
f 352/31/6 375/18/66 376/18/67
f 375/18/66 352/31/6 354/31/52
f 348/30/49 378/24/7 347/30/7
f 378/24/7 348/30/49 355/24/49
f 366/18/61 360/31/53 350/31/49
f 360/31/53 366/18/61 374/18/65
f 367/24/52 351/30/6 370/24/6
f 351/30/6 367/24/52 353/30/52
f 381/32/28 380/32/29 379/32/29
f 380/32/29 381/32/28 382/32/28
f 384/33/36 380/32/29 383/33/36
f 380/32/29 384/33/36 379/32/29
f 385/33/35 384/33/36 383/33/36
f 384/33/36 385/33/35 386/33/35
f 381/32/28 385/33/35 382/32/28
f 385/33/35 381/32/28 386/33/35
f 389/34/69 388/34/68 387/34/68
f 388/34/68 389/34/69 390/34/69
f 393/35/70 392/36/71 391/35/70
f 392/36/71 393/35/70 394/36/71
f 397/36/72 396/35/73 395/36/72
f 396/35/73 397/36/72 398/35/73
f 401/37/75 400/37/74 399/37/74
f 400/37/74 401/37/75 402/37/75
f 398/35/73 388/34/68 396/35/73
f 388/34/68 398/35/73 387/34/68
f 389/34/69 391/35/70 390/34/69
f 391/35/70 389/34/69 393/35/70
f 400/37/74 395/36/72 399/37/74
f 395/36/72 400/37/74 397/36/72
f 394/36/71 401/37/75 392/36/71
f 401/37/75 394/36/71 402/37/75
f 391/35/4 388/34/4 390/34/4
f 388/34/4 391/35/4 396/35/4
f 396/35/4 391/35/4 385/33/4
f 385/33/4 391/35/4 392/36/4
f 383/33/4 396/35/4 385/33/4
f 385/33/4 392/36/4 382/32/4
f 396/35/4 383/33/4 395/36/4
f 382/32/4 392/36/4 380/32/4
f 395/36/4 383/33/4 380/32/4
f 395/36/4 380/32/4 392/36/4
f 395/36/4 392/36/4 401/37/4
f 395/36/4 401/37/4 399/37/4
f 405/12/8 404/12/8 403/12/8
f 404/12/8 405/12/8 406/12/8
f 406/12/8 405/12/8 407/12/8
f 405/12/6 408/13/76 407/12/76
f 408/13/76 405/12/6 409/13/6
f 412/13/3 411/13/3 410/13/3
f 411/13/3 412/13/3 413/13/3
f 413/13/3 412/13/3 408/13/3
f 413/13/3 408/13/3 414/13/3
f 414/13/3 408/13/3 409/13/3
f 412/13/77 404/12/4 406/12/77
f 404/12/4 412/13/77 410/13/4
f 407/12/76 412/13/77 406/12/77
f 412/13/77 407/12/76 408/13/76
f 417/38/36 416/39/29 415/38/36
f 416/39/29 417/38/36 418/39/29
f 419/39/28 416/39/29 418/39/29
f 416/39/29 419/39/28 420/39/8
f 420/39/8 419/39/28 421/39/8
f 421/39/8 419/39/28 422/39/28
f 419/39/28 423/38/35 422/39/28
f 423/38/35 419/39/28 424/38/35
f 425/38/3 417/38/36 415/38/36
f 417/38/36 425/38/3 424/38/35
f 424/38/35 425/38/3 426/38/3
f 424/38/35 426/38/3 423/38/35
f 423/38/4 381/40/4 422/39/4
f 422/39/4 381/40/4 421/39/4
f 423/38/4 386/12/4 381/40/4
f 386/12/4 423/38/4 384/12/4
f 415/38/4 384/12/4 423/38/4
f 415/38/4 423/38/4 426/38/4
f 384/12/4 415/38/4 379/40/4
f 415/38/4 426/38/4 425/38/4
f 421/39/4 425/38/4 426/38/4
f 379/40/4 415/38/4 416/39/4
f 379/40/4 416/39/4 381/40/4
f 425/38/4 421/39/4 420/39/4
f 421/39/4 381/40/4 420/39/4
f 420/39/4 381/40/4 416/39/4
f 429/12/6 428/32/6 427/12/6
f 428/32/6 429/12/6 430/32/6
f 433/32/7 432/12/7 431/32/7
f 432/12/7 433/32/7 434/12/7
f 437/12/8 436/12/8 435/12/8
f 436/12/8 437/12/8 429/12/8
f 427/12/8 436/12/8 429/12/8
f 429/12/8 437/12/8 434/12/8
f 434/12/8 437/12/8 432/12/8
f 432/12/8 437/12/8 438/12/8
f 441/13/3 440/13/3 439/13/3
f 440/13/3 441/13/3 442/13/3
f 444/36/72 441/13/7 443/36/72
f 441/13/7 444/36/72 442/13/7
f 447/37/75 446/37/74 445/37/74
f 446/37/74 447/37/75 448/37/75
f 446/37/74 443/36/72 445/37/74
f 443/36/72 446/37/74 444/36/72
f 450/36/71 447/37/75 449/36/71
f 447/37/75 450/36/71 448/37/75
f 433/32/8 428/32/8 430/32/8
f 428/32/8 433/32/8 431/32/8
f 451/13/4 432/12/4 438/12/4
f 432/12/4 451/13/4 452/13/4
f 432/12/4 452/13/4 431/32/4
f 431/32/4 452/13/4 449/36/4
f 431/32/4 449/36/4 428/32/4
f 443/36/4 428/32/4 449/36/4
f 443/36/4 449/36/4 447/37/4
f 443/36/4 447/37/4 445/37/4
f 441/13/4 428/32/4 443/36/4
f 428/32/4 441/13/4 427/12/4
f 439/13/4 427/12/4 441/13/4
f 427/12/4 439/13/4 436/12/4
f 453/13/6 449/36/71 452/13/6
f 449/36/71 453/13/6 450/36/71
f 451/13/3 453/13/3 452/13/3
f 453/13/3 451/13/3 454/13/3
f 457/34/6 456/37/59 455/34/59
f 456/37/59 457/34/6 458/37/6
f 456/37/3 460/37/3 459/37/3
f 460/37/3 456/37/3 458/37/3
f 457/34/8 462/34/8 461/34/8
f 462/34/8 457/34/8 455/34/8
f 460/37/7 462/34/54 459/37/54
f 462/34/54 460/37/7 461/34/7
f 456/37/59 462/34/54 455/34/59
f 462/34/54 456/37/59 459/37/54
f 500/39/4 465/40/4 504/39/4
f 504/39/4 465/40/4 505/39/4
f 504/39/4 505/39/4 509/38/4
f 465/40/4 500/39/4 463/40/4
f 500/39/4 499/38/4 463/40/4
f 510/38/4 509/38/4 505/39/4
f 509/38/4 510/38/4 499/38/4
f 463/40/4 499/38/4 468/12/4
f 510/38/4 507/38/4 499/38/4
f 507/38/4 468/12/4 499/38/4
f 468/12/4 507/38/4 470/12/4
f 465/40/4 470/12/4 507/38/4
f 505/39/4 465/40/4 506/39/4
f 506/39/4 465/40/4 507/38/4
f 507/38/36 510/38/3 508/38/36
f 510/38/3 509/38/3 508/38/36
f 508/38/36 509/38/3 501/38/35
f 499/38/35 501/38/35 509/38/3
f 508/38/36 503/39/29 507/38/36
f 506/39/29 507/38/36 503/39/29
f 506/39/29 503/39/29 505/39/8
f 505/39/8 503/39/29 504/39/8
f 504/39/8 503/39/29 500/39/28
f 502/39/28 500/39/28 503/39/29
f 502/39/28 501/38/35 500/39/28
f 499/38/35 500/39/28 501/38/35
f 492/13/78 491/12/78 496/13/79
f 490/12/79 496/13/79 491/12/78
f 494/13/4 496/13/79 488/12/4
f 490/12/79 488/12/4 496/13/79
f 493/13/3 492/13/3 498/13/3
f 498/13/3 492/13/3 497/13/3
f 492/13/3 496/13/3 497/13/3
f 497/13/3 496/13/3 495/13/3
f 494/13/3 495/13/3 496/13/3
f 493/13/7 489/12/7 492/13/78
f 491/12/78 492/13/78 489/12/7
f 491/12/8 489/12/8 490/12/8
f 490/12/8 489/12/8 488/12/8
f 487/12/8 488/12/8 489/12/8
f 483/37/4 485/37/4 479/36/4
f 485/37/4 476/36/4 479/36/4
f 476/36/4 464/32/4 479/36/4
f 464/32/4 467/33/4 479/36/4
f 464/32/4 476/36/4 466/32/4
f 479/36/4 467/33/4 480/35/4
f 466/32/4 476/36/4 469/33/4
f 469/33/4 480/35/4 467/33/4
f 476/36/4 475/35/4 469/33/4
f 469/33/4 475/35/4 480/35/4
f 480/35/4 475/35/4 472/34/4
f 474/34/4 472/34/4 475/35/4
f 486/37/74 478/36/72 485/37/74
f 476/36/72 485/37/74 478/36/72
f 481/36/71 484/37/75 479/36/71
f 483/37/75 479/36/71 484/37/75
f 477/35/73 473/34/68 475/35/73
f 474/34/68 475/35/73 473/34/68
f 471/34/69 482/35/70 472/34/69
f 480/35/70 472/34/69 482/35/70
f 486/37/74 485/37/74 484/37/75
f 483/37/75 484/37/75 485/37/74
f 482/35/70 481/36/71 480/35/70
f 479/36/71 480/35/70 481/36/71
f 478/36/72 477/35/73 476/36/72
f 475/35/73 476/36/72 477/35/73
f 474/34/68 473/34/68 472/34/69
f 471/34/69 472/34/69 473/34/68
f 470/33/36 465/32/29 469/33/36
f 466/32/29 469/33/36 465/32/29
f 470/33/36 469/33/36 468/33/35
f 467/33/35 468/33/35 469/33/36
f 463/32/28 468/33/35 464/32/28
f 467/33/35 464/32/28 468/33/35
f 466/32/29 465/32/29 464/32/28
f 463/32/28 464/32/28 465/32/29
f 513/32/8 512/32/8 511/32/8
f 512/32/8 513/32/8 514/32/8
f 516/33/6 512/32/6 515/33/6
f 512/32/6 516/33/6 511/32/6
f 517/33/3 516/33/3 515/33/3
f 516/33/3 517/33/3 518/33/3
f 513/32/7 517/33/7 514/32/7
f 517/33/7 513/32/7 518/33/7
f 51/34/8 519/34/8 50/34/8
f 519/34/8 51/34/8 520/34/8
f 52/35/6 522/36/6 521/35/6
f 522/36/6 52/35/6 54/36/6
f 47/36/7 524/35/7 523/36/7
f 524/35/7 47/36/7 48/35/7
f 526/37/3 49/37/3 525/37/3
f 49/37/3 526/37/3 53/37/3
f 48/35/28 519/34/28 524/35/28
f 519/34/28 48/35/28 50/34/28
f 51/34/29 521/35/29 520/34/29
f 521/35/29 51/34/29 52/35/29
f 49/37/35 523/36/35 525/37/35
f 523/36/35 49/37/35 47/36/35
f 54/36/36 526/37/36 522/36/36
f 526/37/36 54/36/36 53/37/36
f 521/35/4 519/34/4 520/34/4
f 519/34/4 521/35/4 524/35/4
f 524/35/4 521/35/4 517/33/4
f 517/33/4 521/35/4 522/36/4
f 515/33/4 524/35/4 517/33/4
f 517/33/4 522/36/4 514/32/4
f 524/35/4 515/33/4 523/36/4
f 514/32/4 522/36/4 512/32/4
f 523/36/4 515/33/4 512/32/4
f 523/36/4 512/32/4 522/36/4
f 523/36/4 522/36/4 526/37/4
f 523/36/4 526/37/4 525/37/4
f 529/12/6 528/13/76 527/12/76
f 528/13/76 529/12/6 530/13/6
f 41/13/3 528/13/3 530/13/3
f 39/13/3 528/13/3 41/13/3
f 39/13/3 531/13/3 528/13/3
f 44/13/3 531/13/3 39/13/3
f 531/13/3 44/13/3 532/13/3
f 46/13/3 532/13/3 44/13/3
f 533/13/3 532/13/3 46/13/3
f 532/13/3 533/13/3 534/13/3
f 529/12/8 536/12/8 535/12/8
f 536/12/8 529/12/8 537/12/8
f 537/12/8 529/12/8 527/12/8
f 538/12/8 536/12/8 537/12/8
f 538/12/8 539/12/8 536/12/8
f 538/12/8 540/12/8 539/12/8
f 541/12/8 540/12/8 538/12/8
f 540/12/8 541/12/8 542/12/8
f 534/13/78 542/12/7 541/12/78
f 542/12/7 534/13/78 533/13/7
f 531/13/77 538/12/79 537/12/77
f 538/12/79 531/13/77 532/13/79
f 527/12/76 531/13/77 537/12/77
f 531/13/77 527/12/76 528/13/76
f 534/13/78 538/12/79 532/13/79
f 538/12/79 534/13/78 541/12/78
f 545/38/36 544/39/29 543/38/36
f 544/39/29 545/38/36 546/39/29
f 547/39/28 544/39/29 546/39/29
f 544/39/29 547/39/28 548/39/8
f 548/39/8 547/39/28 549/39/8
f 549/39/8 547/39/28 550/39/28
f 547/39/28 551/38/35 550/39/28
f 551/38/35 547/39/28 552/38/35
f 553/38/3 545/38/36 543/38/36
f 545/38/36 553/38/3 552/38/35
f 552/38/35 553/38/3 554/38/3
f 552/38/35 554/38/3 551/38/35
f 551/38/4 513/40/4 550/39/4
f 550/39/4 513/40/4 549/39/4
f 551/38/4 518/12/4 513/40/4
f 518/12/4 551/38/4 516/12/4
f 543/38/4 516/12/4 551/38/4
f 543/38/4 551/38/4 554/38/4
f 516/12/4 543/38/4 511/40/4
f 543/38/4 554/38/4 553/38/4
f 549/39/4 553/38/4 554/38/4
f 511/40/4 543/38/4 544/39/4
f 511/40/4 544/39/4 513/40/4
f 553/38/4 549/39/4 548/39/4
f 549/39/4 513/40/4 548/39/4
f 548/39/4 513/40/4 544/39/4
f 592/39/5 557/40/5 596/39/5
f 596/39/5 557/40/5 597/39/5
f 596/39/5 597/39/5 601/38/5
f 557/40/5 592/39/5 555/40/5
f 592/39/5 591/38/5 555/40/5
f 602/38/5 601/38/5 597/39/5
f 601/38/5 602/38/5 591/38/5
f 555/40/5 591/38/5 560/12/5
f 602/38/5 599/38/5 591/38/5
f 599/38/5 560/12/5 591/38/5
f 560/12/5 599/38/5 561/12/5
f 557/40/5 561/12/5 599/38/5
f 597/39/5 557/40/5 598/39/5
f 598/39/5 557/40/5 599/38/5
f 599/38/46 602/38/3 600/38/46
f 602/38/3 601/38/3 600/38/46
f 600/38/46 601/38/3 593/38/45
f 591/38/45 593/38/45 601/38/3
f 600/38/46 595/39/39 599/38/46
f 598/39/39 599/38/46 595/39/39
f 598/39/39 595/39/39 597/39/8
f 597/39/8 595/39/39 596/39/8
f 596/39/8 595/39/39 592/39/38
f 594/39/38 592/39/38 595/39/39
f 594/39/38 593/38/45 592/39/38
f 591/38/45 592/39/38 593/38/45
f 584/13/88 583/12/88 589/13/89
f 580/12/89 589/13/89 583/12/88
f 588/13/5 589/13/89 579/12/5
f 580/12/89 579/12/5 589/13/89
f 585/13/3 584/13/3 590/13/3
f 590/13/3 584/13/3 587/13/3
f 584/13/3 589/13/3 587/13/3
f 589/13/3 588/13/3 587/13/3
f 586/13/3 587/13/3 588/13/3
f 585/13/18 582/12/18 584/13/88
f 583/12/88 584/13/88 582/12/18
f 583/12/8 582/12/8 580/12/8
f 582/12/8 581/12/8 580/12/8
f 579/12/8 580/12/8 581/12/8
f 577/37/5 578/37/5 571/36/5
f 578/37/5 568/36/5 571/36/5
f 568/36/5 556/32/5 571/36/5
f 556/32/5 559/33/5 571/36/5
f 556/32/5 568/36/5 558/32/5
f 571/36/5 559/33/5 572/35/5
f 558/32/5 568/36/5 562/33/5
f 562/33/5 572/35/5 559/33/5
f 568/36/5 567/35/5 562/33/5
f 562/33/5 567/35/5 572/35/5
f 572/35/5 567/35/5 564/34/5
f 566/34/5 564/34/5 567/35/5
f 570/36/83 568/36/83 576/37/87
f 578/37/87 576/37/87 568/36/83
f 575/37/86 577/37/86 573/36/84
f 571/36/84 573/36/84 577/37/86
f 569/35/82 565/34/81 567/35/82
f 566/34/81 567/35/82 565/34/81
f 563/34/80 574/35/85 564/34/80
f 572/35/85 564/34/80 574/35/85
f 578/37/87 577/37/86 576/37/87
f 575/37/86 576/37/87 577/37/86
f 574/35/85 573/36/84 572/35/85
f 571/36/84 572/35/85 573/36/84
f 570/36/83 569/35/82 568/36/83
f 567/35/82 568/36/83 569/35/82
f 566/34/81 565/34/81 564/34/80
f 563/34/80 564/34/80 565/34/81
f 561/33/46 557/32/39 562/33/46
f 558/32/39 562/33/46 557/32/39
f 562/33/46 559/33/45 561/33/46
f 560/33/45 561/33/46 559/33/45
f 555/32/38 560/33/45 556/32/38
f 559/33/45 556/32/38 560/33/45
f 558/32/39 557/32/39 556/32/38
f 555/32/38 556/32/38 557/32/39
f 605/32/38 604/32/39 603/32/39
f 604/32/39 605/32/38 606/32/38
f 608/33/46 604/32/39 607/33/46
f 604/32/39 608/33/46 603/32/39
f 609/33/45 608/33/46 607/33/46
f 608/33/46 609/33/45 610/33/45
f 605/32/38 609/33/45 606/32/38
f 609/33/45 605/32/38 610/33/45
f 613/34/81 612/34/80 611/34/81
f 612/34/80 613/34/81 614/34/80
f 617/35/85 616/36/84 615/35/85
f 616/36/84 617/35/85 618/36/84
f 621/36/83 620/35/82 619/36/83
f 620/35/82 621/36/83 622/35/82
f 625/37/86 624/37/87 623/37/87
f 624/37/87 625/37/86 626/37/86
f 622/35/82 611/34/81 620/35/82
f 611/34/81 622/35/82 613/34/81
f 614/34/80 615/35/85 612/34/80
f 615/35/85 614/34/80 617/35/85
f 624/37/87 619/36/83 623/37/87
f 619/36/83 624/37/87 621/36/83
f 618/36/84 625/37/86 616/36/84
f 625/37/86 618/36/84 626/37/86
f 615/35/5 611/34/5 612/34/5
f 611/34/5 615/35/5 620/35/5
f 620/35/5 615/35/5 609/33/5
f 609/33/5 615/35/5 616/36/5
f 607/33/5 620/35/5 609/33/5
f 609/33/5 616/36/5 606/32/5
f 620/35/5 607/33/5 619/36/5
f 606/32/5 616/36/5 604/32/5
f 619/36/5 607/33/5 604/32/5
f 619/36/5 604/32/5 616/36/5
f 619/36/5 616/36/5 625/37/5
f 619/36/5 625/37/5 623/37/5
f 629/12/8 628/12/8 627/12/8
f 628/12/8 629/12/8 630/12/8
f 630/12/8 629/12/8 631/12/8
f 629/12/17 632/13/90 631/12/90
f 632/13/90 629/12/17 633/13/17
f 636/13/3 635/13/3 634/13/3
f 635/13/3 636/13/3 637/13/3
f 637/13/3 636/13/3 632/13/3
f 637/13/3 632/13/3 638/13/3
f 638/13/3 632/13/3 633/13/3
f 636/13/91 628/12/5 630/12/91
f 628/12/5 636/13/91 634/13/5
f 631/12/90 636/13/91 630/12/91
f 636/13/91 631/12/90 632/13/90
f 641/38/46 640/39/39 639/38/46
f 640/39/39 641/38/46 642/39/39
f 643/39/38 640/39/39 642/39/39
f 640/39/39 643/39/38 644/39/8
f 644/39/8 643/39/38 645/39/8
f 645/39/8 643/39/38 646/39/38
f 643/39/38 647/38/45 646/39/38
f 647/38/45 643/39/38 648/38/45
f 649/38/3 641/38/46 639/38/46
f 641/38/46 649/38/3 648/38/45
f 648/38/45 649/38/3 650/38/3
f 648/38/45 650/38/3 647/38/45
f 647/38/5 605/40/5 646/39/5
f 646/39/5 605/40/5 645/39/5
f 647/38/5 610/12/5 605/40/5
f 610/12/5 647/38/5 608/12/5
f 639/38/5 608/12/5 647/38/5
f 639/38/5 647/38/5 650/38/5
f 608/12/5 639/38/5 603/40/5
f 639/38/5 650/38/5 649/38/5
f 645/39/5 649/38/5 650/38/5
f 603/40/5 639/38/5 640/39/5
f 603/40/5 640/39/5 605/40/5
f 649/38/5 645/39/5 644/39/5
f 645/39/5 605/40/5 644/39/5
f 644/39/5 605/40/5 640/39/5
f 653/32/8 652/32/8 651/32/8
f 652/32/8 653/32/8 654/32/8
f 656/33/17 652/32/17 655/33/17
f 652/32/17 656/33/17 651/32/17
f 657/33/3 656/33/3 655/33/3
f 656/33/3 657/33/3 658/33/3
f 653/32/18 657/33/18 654/32/18
f 657/33/18 653/32/18 658/33/18
f 115/34/8 659/34/8 114/34/8
f 659/34/8 115/34/8 660/34/8
f 116/35/17 662/36/17 661/35/17
f 662/36/17 116/35/17 118/36/17
f 111/36/18 664/35/18 663/36/18
f 664/35/18 111/36/18 112/35/18
f 666/37/3 113/37/3 665/37/3
f 113/37/3 666/37/3 117/37/3
f 112/35/38 659/34/38 664/35/38
f 659/34/38 112/35/38 114/34/38
f 115/34/39 661/35/39 660/34/39
f 661/35/39 115/34/39 116/35/39
f 113/37/45 663/36/45 665/37/45
f 663/36/45 113/37/45 111/36/45
f 118/36/46 666/37/46 662/36/46
f 666/37/46 118/36/46 117/37/46
f 661/35/5 659/34/5 660/34/5
f 659/34/5 661/35/5 664/35/5
f 664/35/5 661/35/5 657/33/5
f 657/33/5 661/35/5 662/36/5
f 655/33/5 664/35/5 657/33/5
f 657/33/5 662/36/5 654/32/5
f 664/35/5 655/33/5 663/36/5
f 654/32/5 662/36/5 652/32/5
f 663/36/5 655/33/5 652/32/5
f 663/36/5 652/32/5 662/36/5
f 663/36/5 662/36/5 666/37/5
f 663/36/5 666/37/5 665/37/5
f 669/12/17 668/13/90 667/12/90
f 668/13/90 669/12/17 670/13/17
f 105/13/3 668/13/3 670/13/3
f 103/13/3 668/13/3 105/13/3
f 103/13/3 671/13/3 668/13/3
f 108/13/3 671/13/3 103/13/3
f 671/13/3 108/13/3 672/13/3
f 110/13/3 672/13/3 108/13/3
f 673/13/3 672/13/3 110/13/3
f 672/13/3 673/13/3 674/13/3
f 669/12/8 676/12/8 675/12/8
f 676/12/8 669/12/8 677/12/8
f 677/12/8 669/12/8 667/12/8
f 678/12/8 676/12/8 677/12/8
f 678/12/8 679/12/8 676/12/8
f 678/12/8 680/12/8 679/12/8
f 681/12/8 680/12/8 678/12/8
f 680/12/8 681/12/8 682/12/8
f 674/13/88 682/12/18 681/12/88
f 682/12/18 674/13/88 673/13/18
f 671/13/91 678/12/89 677/12/91
f 678/12/89 671/13/91 672/13/89
f 667/12/90 671/13/91 677/12/91
f 671/13/91 667/12/90 668/13/90
f 674/13/88 678/12/89 672/13/89
f 678/12/89 674/13/88 681/12/88
f 685/38/46 684/39/39 683/38/46
f 684/39/39 685/38/46 686/39/39
f 687/39/38 684/39/39 686/39/39
f 684/39/39 687/39/38 688/39/8
f 688/39/8 687/39/38 689/39/8
f 689/39/8 687/39/38 690/39/38
f 687/39/38 691/38/45 690/39/38
f 691/38/45 687/39/38 692/38/45
f 693/38/3 685/38/46 683/38/46
f 685/38/46 693/38/3 692/38/45
f 692/38/45 693/38/3 694/38/3
f 692/38/45 694/38/3 691/38/45
f 691/38/5 653/40/5 690/39/5
f 690/39/5 653/40/5 689/39/5
f 691/38/5 658/12/5 653/40/5
f 658/12/5 691/38/5 656/12/5
f 683/38/5 656/12/5 691/38/5
f 683/38/5 691/38/5 694/38/5
f 656/12/5 683/38/5 651/40/5
f 683/38/5 694/38/5 693/38/5
f 689/39/5 693/38/5 694/38/5
f 651/40/5 683/38/5 684/39/5
f 651/40/5 684/39/5 653/40/5
f 693/38/5 689/39/5 688/39/5
f 689/39/5 653/40/5 688/39/5
f 688/39/5 653/40/5 684/39/5
f 697/32/93 696/32/92 695/32/92
f 696/32/92 697/32/93 698/32/93
f 700/33/94 696/32/92 699/33/94
f 696/32/92 700/33/94 695/32/92
f 701/33/95 700/33/94 699/33/94
f 700/33/94 701/33/95 702/33/95
f 697/32/93 701/33/95 698/32/93
f 701/33/95 697/32/93 702/33/95
f 705/34/97 704/34/96 703/34/96
f 704/34/96 705/34/97 706/34/97
f 709/35/98 708/36/99 707/35/98
f 708/36/99 709/35/98 710/36/99
f 713/36/100 712/35/101 711/36/100
f 712/35/101 713/36/100 714/35/101
f 717/37/103 716/37/102 715/37/102
f 716/37/102 717/37/103 718/37/103
f 714/35/101 704/34/96 712/35/101
f 704/34/96 714/35/101 703/34/96
f 705/34/97 707/35/98 706/34/97
f 707/35/98 705/34/97 709/35/98
f 716/37/102 711/36/100 715/37/102
f 711/36/100 716/37/102 713/36/100
f 710/36/99 717/37/103 708/36/99
f 717/37/103 710/36/99 718/37/103
f 707/35/104 704/34/104 706/34/104
f 704/34/104 707/35/104 712/35/104
f 712/35/104 707/35/104 701/33/104
f 701/33/104 707/35/104 708/36/104
f 699/33/104 712/35/104 701/33/104
f 701/33/104 708/36/104 698/32/104
f 712/35/104 699/33/104 711/36/104
f 698/32/104 708/36/104 696/32/104
f 711/36/104 699/33/104 696/32/104
f 711/36/104 696/32/104 708/36/104
f 711/36/104 708/36/104 717/37/104
f 711/36/104 717/37/104 715/37/104
f 721/12/8 720/12/8 719/12/8
f 720/12/8 721/12/8 722/12/8
f 725/13/3 724/13/3 723/13/3
f 724/13/3 725/13/3 726/13/3
f 725/13/104 720/12/104 722/12/104
f 720/12/104 725/13/104 723/13/104
f 729/38/94 728/39/92 727/38/94
f 728/39/92 729/38/94 730/39/92
f 731/39/93 728/39/92 730/39/92
f 728/39/92 731/39/93 732/39/8
f 732/39/8 731/39/93 733/39/8
f 733/39/8 731/39/93 734/39/93
f 731/39/93 735/38/95 734/39/93
f 735/38/95 731/39/93 736/38/95
f 737/38/3 729/38/94 727/38/94
f 729/38/94 737/38/3 736/38/95
f 736/38/95 737/38/3 738/38/3
f 736/38/95 738/38/3 735/38/95
f 735/38/104 739/40/104 734/39/104
f 734/39/104 739/40/104 733/39/104
f 735/38/104 740/12/104 739/40/104
f 740/12/104 735/38/104 741/12/104
f 727/38/104 741/12/104 735/38/104
f 727/38/104 735/38/104 738/38/104
f 741/12/104 727/38/104 742/40/104
f 727/38/104 738/38/104 737/38/104
f 733/39/104 737/38/104 738/38/104
f 742/40/104 727/38/104 728/39/104
f 742/40/104 728/39/104 739/40/104
f 737/38/104 733/39/104 732/39/104
f 733/39/104 739/40/104 732/39/104
f 732/39/104 739/40/104 728/39/104
f 745/32/106 744/32/105 743/32/105
f 744/32/105 745/32/106 746/32/106
f 748/33/107 744/32/105 747/33/107
f 744/32/105 748/33/107 743/32/105
f 749/33/108 748/33/107 747/33/107
f 748/33/107 749/33/108 750/33/108
f 745/32/106 749/33/108 746/32/106
f 749/33/108 745/32/106 750/33/108
f 753/34/110 752/34/109 751/34/109
f 752/34/109 753/34/110 754/34/110
f 757/35/111 756/36/112 755/35/111
f 756/36/112 757/35/111 758/36/112
f 761/36/113 760/35/114 759/36/113
f 760/35/114 761/36/113 762/35/114
f 765/37/116 764/37/115 763/37/115
f 764/37/115 765/37/116 766/37/116
f 762/35/114 752/34/109 760/35/114
f 752/34/109 762/35/114 751/34/109
f 754/34/110 757/35/111 755/35/111
f 757/35/111 754/34/110 753/34/110
f 764/37/115 759/36/113 763/37/115
f 759/36/113 764/37/115 761/36/113
f 758/36/112 765/37/116 756/36/112
f 765/37/116 758/36/112 766/37/116
f 755/35/117 752/34/117 754/34/117
f 752/34/117 755/35/117 760/35/117
f 760/35/117 755/35/117 749/33/117
f 749/33/117 755/35/117 756/36/117
f 747/33/117 760/35/117 749/33/117
f 749/33/117 756/36/117 746/32/117
f 760/35/117 747/33/117 759/36/117
f 746/32/117 756/36/117 744/32/117
f 759/36/117 747/33/117 744/32/117
f 759/36/117 744/32/117 756/36/117
f 759/36/117 756/36/117 765/37/117
f 759/36/117 765/37/117 763/37/117
f 769/12/8 768/12/8 767/12/8
f 768/12/8 769/12/8 770/12/8
f 773/13/3 772/13/3 771/13/3
f 772/13/3 773/13/3 774/13/3
f 773/13/117 768/12/117 770/12/117
f 768/12/117 773/13/117 771/13/117
f 777/38/107 776/39/105 775/38/107
f 776/39/105 777/38/107 778/39/105
f 779/39/106 776/39/105 778/39/105
f 776/39/105 779/39/106 780/39/8
f 780/39/8 779/39/106 781/39/8
f 781/39/8 779/39/106 782/39/106
f 779/39/106 783/38/108 782/39/106
f 783/38/108 779/39/106 784/38/108
f 785/38/3 777/38/107 775/38/107
f 777/38/107 785/38/3 784/38/108
f 784/38/108 785/38/3 786/38/3
f 784/38/108 786/38/3 783/38/108
f 783/38/117 787/40/117 782/39/117
f 782/39/117 787/40/117 781/39/117
f 783/38/117 788/12/117 787/40/117
f 788/12/117 783/38/117 789/12/117
f 775/38/117 789/12/117 783/38/117
f 775/38/117 783/38/117 786/38/117
f 789/12/117 775/38/117 790/40/117
f 775/38/117 786/38/117 785/38/117
f 781/39/117 785/38/117 786/38/117
f 790/40/117 775/38/117 776/39/117
f 790/40/117 776/39/117 787/40/117
f 785/38/117 781/39/117 780/39/117
f 781/39/117 787/40/117 780/39/117
f 780/39/117 787/40/117 776/39/117
f 793/32/93 792/32/92 791/32/92
f 792/32/92 793/32/93 794/32/93
f 796/33/94 792/32/92 795/33/94
f 792/32/92 796/33/94 791/32/92
f 797/33/95 796/33/94 795/33/94
f 796/33/94 797/33/95 798/33/95
f 793/32/93 797/33/95 794/32/93
f 797/33/95 793/32/93 798/33/95
f 801/34/97 800/34/96 799/34/96
f 800/34/96 801/34/97 802/34/97
f 805/35/98 804/36/99 803/35/98
f 804/36/99 805/35/98 806/36/99
f 809/36/100 808/35/101 807/36/100
f 808/35/101 809/36/100 810/35/101
f 813/37/103 812/37/102 811/37/102
f 812/37/102 813/37/103 814/37/103
f 810/35/101 800/34/96 808/35/101
f 800/34/96 810/35/101 799/34/96
f 801/34/97 803/35/98 802/34/97
f 803/35/98 801/34/97 805/35/98
f 812/37/102 807/36/100 811/37/102
f 807/36/100 812/37/102 809/36/100
f 806/36/99 813/37/103 804/36/99
f 813/37/103 806/36/99 814/37/103
f 803/35/104 800/34/104 802/34/104
f 800/34/104 803/35/104 808/35/104
f 808/35/104 803/35/104 797/33/104
f 797/33/104 803/35/104 804/36/104
f 795/33/104 808/35/104 797/33/104
f 797/33/104 804/36/104 794/32/104
f 808/35/104 795/33/104 807/36/104
f 794/32/104 804/36/104 792/32/104
f 807/36/104 795/33/104 792/32/104
f 807/36/104 792/32/104 804/36/104
f 807/36/104 804/36/104 813/37/104
f 807/36/104 813/37/104 811/37/104
f 817/12/8 816/12/8 815/12/8
f 816/12/8 817/12/8 818/12/8
f 821/13/3 820/13/3 819/13/3
f 820/13/3 821/13/3 822/13/3
f 821/13/104 815/12/104 816/12/104
f 815/12/104 821/13/104 819/13/104
f 825/38/94 824/39/92 823/38/94
f 824/39/92 825/38/94 826/39/92
f 827/39/93 824/39/92 826/39/92
f 824/39/92 827/39/93 828/39/8
f 828/39/8 827/39/93 829/39/8
f 829/39/8 827/39/93 830/39/93
f 827/39/93 831/38/95 830/39/93
f 831/38/95 827/39/93 832/38/95
f 833/38/3 825/38/94 823/38/94
f 825/38/94 833/38/3 832/38/95
f 832/38/95 833/38/3 834/38/3
f 832/38/95 834/38/3 831/38/95
f 831/38/104 835/40/104 830/39/104
f 830/39/104 835/40/104 829/39/104
f 831/38/104 836/12/104 835/40/104
f 836/12/104 831/38/104 837/12/104
f 823/38/104 837/12/104 831/38/104
f 823/38/104 831/38/104 834/38/104
f 837/12/104 823/38/104 838/40/104
f 823/38/104 834/38/104 833/38/104
f 829/39/104 833/38/104 834/38/104
f 838/40/104 823/38/104 824/39/104
f 838/40/104 824/39/104 835/40/104
f 833/38/104 829/39/104 828/39/104
f 829/39/104 835/40/104 828/39/104
f 828/39/104 835/40/104 824/39/104
f 841/12/17 840/32/17 839/12/17
f 840/32/17 841/12/17 842/32/17
f 845/32/18 844/12/18 843/32/18
f 844/12/18 845/32/18 846/12/18
f 849/12/8 848/12/8 847/12/8
f 848/12/8 849/12/8 841/12/8
f 839/12/8 848/12/8 841/12/8
f 841/12/8 849/12/8 846/12/8
f 846/12/8 849/12/8 844/12/8
f 844/12/8 849/12/8 850/12/8
f 853/13/3 852/13/3 851/13/3
f 852/13/3 853/13/3 854/13/3
f 856/36/83 853/13/18 855/36/83
f 853/13/18 856/36/83 854/13/18
f 859/37/86 858/37/87 857/37/87
f 858/37/87 859/37/86 860/37/86
f 858/37/87 855/36/83 857/37/87
f 855/36/83 858/37/87 856/36/83
f 862/36/84 859/37/86 861/36/84
f 859/37/86 862/36/84 860/37/86
f 845/32/8 840/32/8 842/32/8
f 840/32/8 845/32/8 843/32/8
f 863/13/5 844/12/5 850/12/5
f 844/12/5 863/13/5 864/13/5
f 844/12/5 864/13/5 843/32/5
f 843/32/5 864/13/5 861/36/5
f 843/32/5 861/36/5 840/32/5
f 855/36/5 840/32/5 861/36/5
f 855/36/5 861/36/5 859/37/5
f 855/36/5 859/37/5 857/37/5
f 853/13/5 840/32/5 855/36/5
f 840/32/5 853/13/5 839/12/5
f 851/13/5 839/12/5 853/13/5
f 839/12/5 851/13/5 848/12/5
f 865/13/17 861/36/84 864/13/17
f 861/36/84 865/13/17 862/36/84
f 863/13/3 865/13/3 864/13/3
f 865/13/3 863/13/3 866/13/3
f 869/34/17 868/37/49 867/34/49
f 868/37/49 869/34/17 870/37/17
f 868/37/3 872/37/3 871/37/3
f 872/37/3 868/37/3 870/37/3
f 869/34/8 874/34/8 873/34/8
f 874/34/8 869/34/8 867/34/8
f 872/37/18 874/34/52 871/37/52
f 874/34/52 872/37/18 873/34/18
f 868/37/49 874/34/52 867/34/49
f 874/34/52 868/37/49 871/37/52
f 877/32/106 876/32/105 875/32/105
f 876/32/105 877/32/106 878/32/106
f 880/33/107 876/32/105 879/33/107
f 876/32/105 880/33/107 875/32/105
f 881/33/108 880/33/107 879/33/107
f 880/33/107 881/33/108 882/33/108
f 877/32/106 881/33/108 878/32/106
f 881/33/108 877/32/106 882/33/108
f 885/34/110 884/34/109 883/34/109
f 884/34/109 885/34/110 886/34/110
f 889/35/111 888/36/112 887/35/111
f 888/36/112 889/35/111 890/36/112
f 893/36/113 892/35/114 891/36/113
f 892/35/114 893/36/113 894/35/114
f 897/37/116 896/37/115 895/37/115
f 896/37/115 897/37/116 898/37/116
f 892/35/114 883/34/109 884/34/109
f 883/34/109 892/35/114 894/35/114
f 885/34/110 887/35/111 886/34/110
f 887/35/111 885/34/110 889/35/111
f 896/37/115 891/36/113 895/37/115
f 891/36/113 896/37/115 893/36/113
f 890/36/112 897/37/116 888/36/112
f 897/37/116 890/36/112 898/37/116
f 887/35/117 884/34/117 886/34/117
f 884/34/117 887/35/117 892/35/117
f 892/35/117 887/35/117 881/33/117
f 881/33/117 887/35/117 888/36/117
f 879/33/117 892/35/117 881/33/117
f 881/33/117 888/36/117 878/32/117
f 892/35/117 879/33/117 891/36/117
f 878/32/117 888/36/117 876/32/117
f 891/36/117 879/33/117 876/32/117
f 891/36/117 876/32/117 888/36/117
f 891/36/117 888/36/117 897/37/117
f 891/36/117 897/37/117 895/37/117
f 901/12/8 900/12/8 899/12/8
f 900/12/8 901/12/8 902/12/8
f 905/13/3 904/13/3 903/13/3
f 904/13/3 905/13/3 906/13/3
f 905/13/117 899/12/117 900/12/117
f 899/12/117 905/13/117 903/13/117
f 909/38/107 908/39/105 907/38/107
f 908/39/105 909/38/107 910/39/105
f 911/39/106 908/39/105 910/39/105
f 908/39/105 911/39/106 912/39/8
f 912/39/8 911/39/106 913/39/8
f 913/39/8 911/39/106 914/39/106
f 911/39/106 915/38/108 914/39/106
f 915/38/108 911/39/106 916/38/108
f 917/38/3 909/38/107 907/38/107
f 909/38/107 917/38/3 916/38/108
f 916/38/108 917/38/3 918/38/3
f 916/38/108 918/38/3 915/38/108
f 915/38/117 919/40/117 914/39/117
f 914/39/117 919/40/117 913/39/117
f 915/38/117 920/12/117 919/40/117
f 920/12/117 915/38/117 921/12/117
f 907/38/117 921/12/117 915/38/117
f 907/38/117 915/38/117 918/38/117
f 921/12/117 907/38/117 922/40/117
f 907/38/117 918/38/117 917/38/117
f 913/39/117 917/38/117 918/38/117
f 922/40/117 907/38/117 908/39/117
f 922/40/117 908/39/117 919/40/117
f 917/38/117 913/39/117 912/39/117
f 913/39/117 919/40/117 912/39/117
f 912/39/117 919/40/117 908/39/117
f 157/48/125 152/42/124 161/49/126
f 154/50/127 161/49/126 152/42/124
f 154/50/127 155/41/121 161/49/126
f 162/47/121 161/49/126 155/41/121
f 157/48/125 156/48/123 152/42/124
f 152/42/124 156/48/123 150/42/123
f 149/42/123 150/42/123 156/48/123
f 159/44/119 151/43/119 158/44/122
f 148/43/122 158/44/122 151/43/119
f 155/41/121 153/45/120 162/47/121
f 160/46/120 162/47/121 153/45/120
f 160/46/120 153/45/120 159/44/119
f 151/43/119 159/44/119 153/45/120
f 923/41/118 924/41/118 150/42/118
f 173/42/128 926/41/128 925/41/128
f 178/41/129 168/49/130 169/47/129
f 168/49/130 178/41/129 177/50/131
f 176/45/133 166/44/132 174/43/132
f 166/44/132 176/45/133 167/46/133
f 176/45/133 169/47/129 167/46/133
f 169/47/129 176/45/133 178/41/129
f 174/43/132 165/44/134 171/43/134
f 165/44/134 174/43/132 166/44/132
f 163/48/135 173/42/135 172/42/135
f 173/42/135 163/48/135 175/42/136
f 175/42/136 163/48/135 164/48/137
f 177/50/131 164/48/137 168/49/130
f 164/48/137 177/50/131 175/42/136
f 189/48/143 184/42/142 193/49/144
f 186/50/145 193/49/144 184/42/142
f 186/50/145 187/41/141 193/49/144
f 194/47/141 193/49/144 187/41/141
f 189/48/143 188/48/135 184/42/142
f 184/42/142 188/48/135 182/42/135
f 181/42/135 182/42/135 188/48/135
f 191/44/139 183/43/139 190/44/134
f 180/43/134 190/44/134 183/43/139
f 187/41/141 185/45/140 194/47/141
f 192/46/140 194/47/141 185/45/140
f 192/46/140 185/45/140 191/44/139
f 183/43/139 191/44/139 185/45/140
f 927/41/138 928/41/138 182/42/138
f 205/42/146 930/41/146 929/41/146
f 210/41/147 200/49/148 201/47/147
f 200/49/148 210/41/147 209/50/149
f 208/45/151 198/44/150 206/43/150
f 198/44/150 208/45/151 199/46/151
f 208/45/151 201/47/147 199/46/151
f 201/47/147 208/45/151 210/41/147
f 206/43/150 197/44/122 203/43/122
f 197/44/122 206/43/150 198/44/150
f 195/48/123 205/42/123 204/42/123
f 205/42/123 195/48/123 207/42/152
f 207/42/152 195/48/123 196/48/153
f 209/50/149 196/48/153 200/49/148
f 196/48/153 209/50/149 207/42/152
f 220/43/50 214/44/50 213/44/50
f 214/44/50 220/43/50 219/43/50
f 230/43/154 224/44/154 223/44/154
f 224/44/154 230/43/154 229/43/154
f 240/43/154 234/44/154 233/44/154
f 234/44/154 240/43/154 239/43/154
f 258/43/50 252/44/50 251/44/50
f 252/44/50 258/43/50 257/43/50
f 414/51/6 931/48/6 413/51/6
f 931/48/6 414/51/6 932/48/6
f 933/48/4 398/53/4 397/52/4
f 933/48/4 397/52/4 400/54/4
f 411/51/4 398/53/4 933/48/4
f 398/53/4 411/51/4 387/55/4
f 387/55/4 411/51/4 389/55/4
f 413/51/4 389/55/4 411/51/4
f 389/55/4 413/51/4 393/53/4
f 933/48/4 400/54/4 931/48/4
f 393/53/4 413/51/4 931/48/4
f 402/54/4 931/48/4 400/54/4
f 393/53/4 931/48/4 394/52/4
f 394/52/4 931/48/4 402/54/4
f 934/48/4 453/51/4 454/51/4
f 453/51/4 934/48/4 450/52/4
f 450/52/4 934/48/4 448/54/4
f 448/54/4 934/48/4 446/54/4
f 935/48/4 446/54/4 934/48/4
f 935/48/4 444/52/4 446/54/4
f 440/51/4 444/52/4 935/48/4
f 444/52/4 440/51/4 442/51/4
f 486/54/4 936/48/4 478/52/4
f 478/52/4 936/48/4 477/53/4
f 484/54/4 936/48/4 486/54/4
f 936/48/4 497/51/4 477/53/4
f 936/48/4 484/54/4 938/48/4
f 477/53/4 497/51/4 473/55/4
f 495/51/4 473/55/4 497/51/4
f 473/55/4 495/51/4 471/55/4
f 471/55/4 495/51/4 482/53/4
f 938/48/4 482/53/4 495/51/4
f 484/54/4 481/52/4 938/48/4
f 481/52/4 482/53/4 938/48/4
f 937/48/7 498/51/7 936/48/7
f 497/51/7 936/48/7 498/51/7
f 940/56/156 72/48/52 939/56/155
f 72/48/52 940/56/156 69/48/6
f 75/48/7 941/56/157 78/48/49
f 941/56/157 75/48/7 942/56/158
f 943/56/159 69/48/6 940/56/156
f 69/48/6 943/56/159 64/48/59
f 66/48/54 942/56/158 75/48/7
f 942/56/158 66/48/54 944/56/160
f 66/48/54 945/56/161 944/56/160
f 945/56/161 66/48/54 63/48/4
f 939/56/155 943/56/159 940/56/156
f 943/56/159 939/56/155 946/56/162
f 943/56/159 946/56/162 945/56/161
f 945/56/161 946/56/162 941/56/157
f 945/56/161 941/56/157 944/56/160
f 944/56/160 941/56/157 942/56/158
f 74/48/53 941/56/157 946/56/162
f 941/56/157 74/48/53 78/48/49
f 72/48/52 946/56/162 939/56/155
f 946/56/162 72/48/52 74/48/53
f 63/48/4 943/56/159 945/56/161
f 943/56/159 63/48/4 64/48/59
f 948/56/156 96/48/52 947/56/155
f 96/48/52 948/56/156 93/48/6
f 99/48/7 949/56/157 102/48/49
f 949/56/157 99/48/7 950/56/158
f 951/56/159 93/48/6 948/56/156
f 93/48/6 951/56/159 88/48/59
f 90/48/54 950/56/158 99/48/7
f 950/56/158 90/48/54 952/56/160
f 90/48/54 953/56/161 952/56/160
f 953/56/161 90/48/54 87/48/4
f 947/56/155 951/56/159 948/56/156
f 951/56/159 947/56/155 954/56/162
f 951/56/159 954/56/162 953/56/161
f 953/56/161 954/56/162 949/56/157
f 953/56/161 949/56/157 952/56/160
f 952/56/160 949/56/157 950/56/158
f 98/48/53 949/56/157 954/56/162
f 949/56/157 98/48/53 102/48/49
f 96/48/52 954/56/162 947/56/155
f 954/56/162 96/48/52 98/48/53
f 87/48/4 951/56/159 953/56/161
f 951/56/159 87/48/4 88/48/59
f 576/54/5 955/48/5 570/52/5
f 570/52/5 955/48/5 569/53/5
f 575/54/5 955/48/5 576/54/5
f 955/48/5 587/51/5 569/53/5
f 955/48/5 575/54/5 957/48/5
f 569/53/5 587/51/5 565/55/5
f 586/51/5 565/55/5 587/51/5
f 565/55/5 586/51/5 563/55/5
f 563/55/5 586/51/5 574/53/5
f 957/48/5 574/53/5 586/51/5
f 575/54/5 573/52/5 957/48/5
f 573/52/5 574/53/5 957/48/5
f 956/48/18 590/51/18 955/48/18
f 587/51/18 955/48/18 590/51/18
f 638/51/17 958/48/17 637/51/17
f 958/48/17 638/51/17 959/48/17
f 960/48/5 622/53/5 621/52/5
f 960/48/5 621/52/5 624/54/5
f 635/51/5 622/53/5 960/48/5
f 622/53/5 635/51/5 613/55/5
f 613/55/5 635/51/5 614/55/5
f 637/51/5 614/55/5 635/51/5
f 614/55/5 637/51/5 617/53/5
f 960/48/5 624/54/5 958/48/5
f 617/53/5 637/51/5 958/48/5
f 626/54/5 958/48/5 624/54/5
f 617/53/5 958/48/5 618/52/5
f 618/52/5 958/48/5 626/54/5
f 961/48/104 714/53/104 713/52/104
f 961/48/104 713/52/104 716/54/104
f 724/51/104 714/53/104 961/48/104
f 714/53/104 724/51/104 703/55/104
f 703/55/104 724/51/104 705/55/104
f 726/51/104 705/55/104 724/51/104
f 705/55/104 726/51/104 709/53/104
f 961/48/104 716/54/104 962/48/104
f 709/53/104 726/51/104 962/48/104
f 718/54/104 962/48/104 716/54/104
f 709/53/104 962/48/104 710/52/104
f 710/52/104 962/48/104 718/54/104
f 964/56/156 136/48/52 963/56/155
f 136/48/52 964/56/156 133/48/6
f 139/48/7 965/56/157 142/48/49
f 965/56/157 139/48/7 966/56/158
f 967/56/159 133/48/6 964/56/156
f 133/48/6 967/56/159 128/48/59
f 130/48/54 966/56/158 139/48/7
f 966/56/158 130/48/54 968/56/160
f 130/48/54 969/56/161 968/56/160
f 969/56/161 130/48/54 127/48/4
f 963/56/155 967/56/159 964/56/156
f 967/56/159 963/56/155 970/56/162
f 967/56/159 970/56/162 969/56/161
f 969/56/161 970/56/162 965/56/157
f 969/56/161 965/56/157 968/56/160
f 968/56/160 965/56/157 966/56/158
f 138/48/53 965/56/157 970/56/162
f 965/56/157 138/48/53 142/48/49
f 136/48/52 970/56/162 963/56/155
f 970/56/162 136/48/52 138/48/53
f 127/48/4 967/56/159 969/56/161
f 967/56/159 127/48/4 128/48/59
f 971/48/117 762/53/117 761/52/117
f 971/48/117 761/52/117 764/54/117
f 772/51/117 762/53/117 971/48/117
f 762/53/117 772/51/117 751/55/117
f 751/55/117 772/51/117 753/55/117
f 774/51/117 753/55/117 772/51/117
f 753/55/117 774/51/117 757/53/117
f 971/48/117 764/54/117 972/48/117
f 757/53/117 774/51/117 972/48/117
f 766/54/117 972/48/117 764/54/117
f 757/53/117 972/48/117 758/52/117
f 758/52/117 972/48/117 766/54/117
f 973/48/104 810/53/104 809/52/104
f 973/48/104 809/52/104 812/54/104
f 820/51/104 810/53/104 973/48/104
f 810/53/104 820/51/104 799/55/104
f 799/55/104 820/51/104 801/55/104
f 822/51/104 801/55/104 820/51/104
f 801/55/104 822/51/104 805/53/104
f 973/48/104 812/54/104 974/48/104
f 805/53/104 822/51/104 974/48/104
f 814/54/104 974/48/104 812/54/104
f 805/53/104 974/48/104 806/52/104
f 806/52/104 974/48/104 814/54/104
f 975/48/5 865/51/5 866/51/5
f 865/51/5 975/48/5 862/52/5
f 862/52/5 975/48/5 860/54/5
f 860/54/5 975/48/5 858/54/5
f 976/48/5 858/54/5 975/48/5
f 976/48/5 856/52/5 858/54/5
f 852/51/5 856/52/5 976/48/5
f 856/52/5 852/51/5 854/51/5
f 977/48/117 894/53/117 893/52/117
f 977/48/117 893/52/117 896/54/117
f 904/51/117 894/53/117 977/48/117
f 894/53/117 904/51/117 883/55/117
f 883/55/117 904/51/117 885/55/117
f 906/51/117 885/55/117 904/51/117
f 885/55/117 906/51/117 889/53/117
f 977/48/117 896/54/117 978/48/117
f 889/53/117 906/51/117 978/48/117
f 898/54/117 978/48/117 896/54/117
f 889/53/117 978/48/117 890/52/117
f 890/52/117 978/48/117 898/54/117
f 981/57/35 980/57/36 979/57/36
f 980/57/36 981/57/35 982/57/35
f 984/58/28 981/57/35 983/58/28
f 981/57/35 984/58/28 982/57/35
f 984/58/28 986/58/29 985/58/29
f 986/58/29 984/58/28 983/58/28
f 980/57/36 986/58/29 979/57/36
f 986/58/29 980/57/36 985/58/29
f 987/59/4 979/57/4 986/58/4
f 987/59/4 986/58/4 983/58/4
f 979/57/4 987/59/4 988/60/4
f 987/59/4 983/58/4 989/59/4
f 988/60/4 981/57/4 979/57/4
f 981/57/4 989/59/4 983/58/4
f 990/60/4 981/57/4 988/60/4
f 981/57/4 990/60/4 989/59/4
f 993/59/165 992/60/164 991/59/163
f 992/60/164 993/59/165 994/60/166
f 996/60/168 993/59/165 995/59/167
f 993/59/165 996/60/168 994/60/166
f 999/60/171 998/59/170 997/59/169
f 998/59/170 999/60/171 1000/60/172
f 1002/60/174 997/59/169 1001/59/173
f 997/59/169 1002/60/174 999/60/171
f 1004/60/176 995/59/167 1003/59/175
f 995/59/167 1004/60/176 996/60/168
f 1000/60/172 1005/59/177 998/59/170
f 1005/59/177 1000/60/172 1006/60/178
f 1004/60/176 1005/59/177 1006/60/178
f 1005/59/177 1004/60/176 1003/59/175
f 991/59/163 1002/60/174 1001/59/173
f 1002/60/174 991/59/163 992/60/164
f 1000/60/172 1004/60/176 1006/60/178
f 1004/60/176 1000/60/172 999/60/171
f 1004/60/176 999/60/171 996/60/168
f 996/60/168 999/60/171 1002/60/174
f 996/60/168 1002/60/174 994/60/166
f 994/60/166 1002/60/174 992/60/164
f 1003/59/179 998/59/179 1005/59/179
f 998/59/179 1003/59/179 995/59/179
f 998/59/179 995/59/179 997/59/179
f 997/59/179 995/59/179 1001/59/179
f 1001/59/179 995/59/179 993/59/179
f 1001/59/179 993/59/179 991/59/179
f 1009/59/165 1008/60/164 1007/59/163
f 1008/60/164 1009/59/165 1010/60/166
f 1012/60/168 1009/59/165 1011/59/167
f 1009/59/165 1012/60/168 1010/60/166
f 1015/60/171 1014/59/170 1013/59/169
f 1014/59/170 1015/60/171 1016/60/172
f 1018/60/174 1013/59/169 1017/59/173
f 1013/59/169 1018/60/174 1015/60/171
f 1020/60/176 1011/59/167 1019/59/175
f 1011/59/167 1020/60/176 1012/60/168
f 1016/60/172 1021/59/177 1014/59/170
f 1021/59/177 1016/60/172 1022/60/178
f 1020/60/176 1021/59/177 1022/60/178
f 1021/59/177 1020/60/176 1019/59/175
f 1007/59/163 1018/60/174 1017/59/173
f 1018/60/174 1007/59/163 1008/60/164
f 1016/60/172 1020/60/176 1022/60/178
f 1020/60/176 1016/60/172 1015/60/171
f 1020/60/176 1015/60/171 1012/60/168
f 1012/60/168 1015/60/171 1018/60/174
f 1012/60/168 1018/60/174 1010/60/166
f 1010/60/166 1018/60/174 1008/60/164
f 1019/59/179 1014/59/179 1021/59/179
f 1014/59/179 1019/59/179 1011/59/179
f 1014/59/179 1011/59/179 1013/59/179
f 1013/59/179 1011/59/179 1017/59/179
f 1017/59/179 1011/59/179 1009/59/179
f 1017/59/179 1009/59/179 1007/59/179
f 1025/59/165 1024/60/164 1023/59/163
f 1024/60/164 1025/59/165 1026/60/166
f 1028/60/168 1025/59/165 1027/59/167
f 1025/59/165 1028/60/168 1026/60/166
f 1031/60/171 1030/59/170 1029/59/169
f 1030/59/170 1031/60/171 1032/60/172
f 1034/60/174 1029/59/169 1033/59/173
f 1029/59/169 1034/60/174 1031/60/171
f 1036/60/176 1027/59/167 1035/59/175
f 1027/59/167 1036/60/176 1028/60/168
f 1032/60/172 1037/59/177 1030/59/170
f 1037/59/177 1032/60/172 1038/60/178
f 1036/60/176 1037/59/177 1038/60/178
f 1037/59/177 1036/60/176 1035/59/175
f 1023/59/163 1034/60/174 1033/59/173
f 1034/60/174 1023/59/163 1024/60/164
f 1032/60/172 1036/60/176 1038/60/178
f 1036/60/176 1032/60/172 1031/60/171
f 1036/60/176 1031/60/171 1028/60/168
f 1028/60/168 1031/60/171 1034/60/174
f 1028/60/168 1034/60/174 1026/60/166
f 1026/60/166 1034/60/174 1024/60/164
f 1035/59/179 1030/59/179 1037/59/179
f 1030/59/179 1035/59/179 1027/59/179
f 1030/59/179 1027/59/179 1029/59/179
f 1029/59/179 1027/59/179 1033/59/179
f 1033/59/179 1027/59/179 1025/59/179
f 1033/59/179 1025/59/179 1023/59/179
f 1041/57/45 1040/57/46 1039/57/46
f 1040/57/46 1041/57/45 1042/57/45
f 1044/58/38 1041/57/45 1043/58/38
f 1041/57/45 1044/58/38 1042/57/45
f 1044/58/38 1046/58/39 1045/58/39
f 1046/58/39 1044/58/38 1043/58/38
f 1040/57/46 1046/58/39 1039/57/46
f 1046/58/39 1040/57/46 1045/58/39
f 1047/59/5 1039/57/5 1046/58/5
f 1047/59/5 1046/58/5 1043/58/5
f 1039/57/5 1047/59/5 1048/60/5
f 1047/59/5 1043/58/5 845/59/5
f 1048/60/5 1041/57/5 1039/57/5
f 1041/57/5 845/59/5 1043/58/5
f 846/60/5 1041/57/5 1048/60/5
f 1041/57/5 846/60/5 845/59/5

usemtl colormap-specular

f 419/62/4 417/61/4 424/61/4
f 417/61/4 419/62/4 418/62/4
f 1051/63/4 1050/64/4 1049/63/4
f 1050/64/4 1051/63/4 1052/64/4
f 502/62/4 503/62/4 501/61/4
f 508/61/4 501/61/4 503/62/4
f 547/62/4 545/61/4 552/61/4
f 545/61/4 547/62/4 546/62/4
f 594/62/5 595/62/5 593/61/5
f 600/61/5 593/61/5 595/62/5
f 643/62/5 641/61/5 648/61/5
f 641/61/5 643/62/5 642/62/5
f 687/62/5 685/61/5 692/61/5
f 685/61/5 687/62/5 686/62/5
f 731/62/104 729/61/104 736/61/104
f 729/61/104 731/62/104 730/62/104
f 779/62/117 777/61/117 784/61/117
f 777/61/117 779/62/117 778/62/117
f 827/62/104 825/61/104 832/61/104
f 825/61/104 827/62/104 826/62/104
f 1055/63/5 1054/64/5 1053/63/5
f 1054/64/5 1055/63/5 1056/64/5
f 911/62/117 909/61/117 916/61/117
f 909/61/117 911/62/117 910/62/117

