# Created by Kenney (www.kenney.nl)

mtllib building-l.mtl

g building-l

v -0.5999999 0.05 -0.5110001 1 1 1
v -0.5999998 0.05 -0.111 1 1 1
v -0.5999999 0.4 -0.5110001 1 1 1
v -0.5999998 0.4 -0.111 1 1 1
v -0.1999999 0.05 -0.5110002 1 1 1
v -0.1999999 0.4 -0.5110002 1 1 1
v 0.5999998 0.05 -0.5110001 1 1 1
v 0.1999999 0.05 -0.5110001 1 1 1
v 0.5999998 0.4 -0.5110001 1 1 1
v 0.1999999 0.4 -0.5110001 1 1 1
v 0.5999998 0.05 -0.1110001 1 1 1
v 0.5999998 0.4 -0.1110001 1 1 1
v 0.5999998 0.4 -0.111 1 1 1
v 0.5999998 0.05 -0.111 1 1 1
v 0.5999998 0.4 0.289 1 1 1
v 0.5999998 0.05 0.289 1 1 1
v 0.5999998 0.8 -0.111 1 1 1
v 0.5999998 0.45 -0.111 1 1 1
v 0.5999998 0.8 0.289 1 1 1
v 0.5999998 0.45 0.289 1 1 1
v 0.2 0.4 -0.111 1 1 1
v 0.2 0.4 0.289 1 1 1
v -0.2 0.4 -0.111 1 1 1
v -0.2 0.4 0.289 1 1 1
v 0.5999998 0.05 0.6890001 1 1 1
v 0.5999999 0.05 0.2890001 1 1 1
v 0.5999998 0.4 0.6890001 1 1 1
v 0.5999999 0.4 0.2890001 1 1 1
v 0.1999998 0.05 0.6890001 1 1 1
v 0.1999998 0.4 0.6890001 1 1 1
v -0.5999998 0.05 0.6890001 1 1 1
v -0.1999999 0.05 0.6890001 1 1 1
v -0.5999998 0.4 0.6890001 1 1 1
v -0.1999999 0.4 0.6890001 1 1 1
v -0.5999998 0.05 0.2890001 1 1 1
v -0.5999998 0.4 0.2890001 1 1 1
v 0.5999998 0.45 0.6890001 1 1 1
v 0.5999999 0.45 0.2890001 1 1 1
v 0.5999998 0.8 0.6890001 1 1 1
v 0.5999999 0.8 0.2890001 1 1 1
v 0.1999998 0.45 0.6890001 1 1 1
v 0.1999998 0.8 0.6890001 1 1 1
v -0.5999998 0.45 0.6890001 1 1 1
v -0.1999999 0.45 0.6890001 1 1 1
v -0.5999998 0.8 0.6890001 1 1 1
v -0.1999999 0.8 0.6890001 1 1 1
v -0.5999998 0.45 0.2890001 1 1 1
v -0.5999998 0.8 0.2890001 1 1 1
v -0.5999998 0.4 0.289 1 1 1
v -0.5999998 0.05 0.289 1 1 1
v -0.5999998 0.4 -0.111 1 1 1
v -0.5999998 0.05 -0.111 1 1 1
v -0.5999998 0.8 0.289 1 1 1
v -0.5999998 0.45 0.289 1 1 1
v -0.5999998 0.8 -0.111 1 1 1
v -0.5999998 0.45 -0.111 1 1 1
v 0.2 0.8 0.6890001 1 1 1
v 0.2 0.45 0.6890001 1 1 1
v -0.2000001 0.8 0.6890001 1 1 1
v -0.2000001 0.45 0.6890001 1 1 1
v -1.32 0.13 0.6889999 1 1 1
v -1.08 0.13 0.6889999 1 1 1
v -1.35 0.13 0.6889999 1 1 1
v -1.05 0.13 0.6889999 1 1 1
v -1.4 0.05 0.6889999 1 1 1
v -1 0.05 0.6889999 1 1 1
v -1.4 0.4 0.6889999 1 1 1
v -1.35 0.3 0.6889999 1 1 1
v -1 0.4 0.6889999 1 1 1
v -1.05 0.3 0.6889999 1 1 1
v -1.4 0.4 0.2889999 1 1 1
v -1.4 0.05 0.2889999 1 1 1
v -0.92 0.13 0.6889999 1 1 1
v -0.68 0.13 0.6889999 1 1 1
v -0.95 0.13 0.6889999 1 1 1
v -0.65 0.13 0.6889999 1 1 1
v -1 0.05 0.6889999 1 1 1
v -0.6 0.05 0.6889999 1 1 1
v -1 0.4 0.6889999 1 1 1
v -0.95 0.3 0.6889999 1 1 1
v -0.6 0.4 0.6889999 1 1 1
v -0.65 0.3 0.6889999 1 1 1
v 0.2 0.05 0.689 1 1 1
v 0.1 0.05 0.689 1 1 1
v 0.2 0.4 0.689 1 1 1
v 0.1 0.28 0.689 1 1 1
v 0.1 0.3 0.689 1 1 1
v 0.08 0.3 0.689 1 1 1
v -0.08 0.3 0.689 1 1 1
v -0.1 0.3 0.689 1 1 1
v -0.2 0.4 0.689 1 1 1
v -0.1 0.28 0.689 1 1 1
v -0.2 0.05 0.689 1 1 1
v -0.1 0.05 0.689 1 1 1
v -0.4368783 0.1125 0.7921218 1 1 1
v -0.2950001 0.1125 0.7333539 1 1 1
v -0.4014088 1.8125 0.8275913 1 1 1
v -0.4956462 0.1125 0.934 1 1 1
v -0.2950001 1.8125 0.7835154 1 1 1
v -0.4454847 1.8125 0.934 1 1 1
v -0.1531218 0.1125 0.7921218 1 1 1
v -0.1885914 1.8125 0.8275913 1 1 1
v -0.4368783 0.1125 1.075878 1 1 1
v -0.4014088 1.8125 1.040409 1 1 1
v -0.2950001 1.8125 1.084485 1 1 1
v -0.2950001 0.1125 1.134646 1 1 1
v -0.09435391 0.1125 0.934 1 1 1
v -0.1445154 1.8125 0.934 1 1 1
v -0.1885914 1.8125 1.040409 1 1 1
v -0.1531218 0.1125 1.075878 1 1 1
v -1.4 0.05 -0.111 1 1 1
v -1.4 0.4 -0.111 1 1 1
v -1.4 0.05 0.289 1 1 1
v -1.4 0.4 0.289 1 1 1
v -1.26 0.05 -0.111 1 1 1
v -1.26 0.28 -0.111 1 1 1
v -1.24 0.3 -0.111 1 1 1
v -0.7600001 0.3 -0.111 1 1 1
v -0.6 0.4 -0.111 1 1 1
v -0.74 0.28 -0.111 1 1 1
v -0.6 0.05 -0.111 1 1 1
v -0.74 0.05 -0.111 1 1 1
v 0.5199999 0.53 -0.5109999 1 1 1
v 0.2799999 0.53 -0.5109999 1 1 1
v 0.5499999 0.53 -0.5109999 1 1 1
v 0.2499999 0.53 -0.5109999 1 1 1
v 0.5999999 0.45 -0.5109999 1 1 1
v 0.1999999 0.45 -0.5109999 1 1 1
v 0.5999999 0.8 -0.5109999 1 1 1
v 0.5499999 0.7 -0.5109999 1 1 1
v 0.1999999 0.8 -0.5109999 1 1 1
v 0.2499999 0.7 -0.5109999 1 1 1
v 0.5999999 0.8 -0.1109999 1 1 1
v 0.5999999 0.45 -0.1109999 1 1 1
v -0.1199998 0.53 -0.5109999 1 1 1
v 0.1200002 0.53 -0.5109999 1 1 1
v -0.1499998 0.53 -0.5109999 1 1 1
v 0.1500002 0.53 -0.5109999 1 1 1
v -0.1999998 0.45 -0.5109999 1 1 1
v 0.2000002 0.45 -0.5109999 1 1 1
v -0.1999998 0.8 -0.5109999 1 1 1
v -0.1499998 0.7 -0.5109999 1 1 1
v 0.2000002 0.8 -0.5109999 1 1 1
v 0.1500002 0.7 -0.5109999 1 1 1
v -0.5199999 0.53 -0.5109999 1 1 1
v -0.2799999 0.53 -0.5109999 1 1 1
v -0.5499999 0.53 -0.5109999 1 1 1
v -0.2499999 0.53 -0.5109999 1 1 1
v -0.5999999 0.45 -0.5109999 1 1 1
v -0.1999999 0.45 -0.5109999 1 1 1
v -0.5999999 0.8 -0.5109999 1 1 1
v -0.5499999 0.7 -0.5109999 1 1 1
v -0.1999999 0.8 -0.5109999 1 1 1
v -0.2499999 0.7 -0.5109999 1 1 1
v -0.5999999 0.8 -0.1109999 1 1 1
v -0.5999999 0.45 -0.1109999 1 1 1
v -0.2000002 0.05 -0.5110001 1 1 1
v -0.1500002 0.05 -0.5110001 1 1 1
v -0.2000002 0.4 -0.5110001 1 1 1
v -0.1500002 0.28 -0.5110001 1 1 1
v -0.1300002 0.3 -0.5110001 1 1 1
v 0.1299998 0.3 -0.5110001 1 1 1
v 0.1999998 0.4 -0.5110001 1 1 1
v 0.1499998 0.28 -0.5110001 1 1 1
v 0.1999998 0.05 -0.5110001 1 1 1
v 0.1499998 0.05 -0.5110001 1 1 1
v -0.6199999 1.353584E-16 -0.5110001 1 1 1
v -0.6199998 1.353584E-16 -0.111 1 1 1
v -0.6199999 0.05 -0.5110001 1 1 1
v -0.6199998 0.05 -0.111 1 1 1
v -0.5999999 1.353584E-16 -0.5310001 1 1 1
v -0.5999999 0.05 -0.5310001 1 1 1
v -0.1999999 1.353584E-16 -0.5310001 1 1 1
v -0.1999999 0.05 -0.5310001 1 1 1
v -0.1999998 1.353584E-16 -0.1110001 1 1 1
v 0.5999998 1.353584E-16 -0.5310001 1 1 1
v 0.1999999 1.353584E-16 -0.5310001 1 1 1
v 0.5999998 0.05 -0.5310001 1 1 1
v 0.1999999 0.05 -0.5310001 1 1 1
v 0.6199998 1.353584E-16 -0.5110001 1 1 1
v 0.6199998 0.05 -0.5110001 1 1 1
v 0.6199998 1.353584E-16 -0.1110001 1 1 1
v 0.6199998 0.05 -0.1110001 1 1 1
v 0.1999999 1.353584E-16 -0.1110001 1 1 1
v 0.45 0.8 0.1190001 1 1 1
v 0.43 0.8 0.1390001 1 1 1
v 0.45 0.85 0.1190001 1 1 1
v 0.43 0.85 0.1390001 1 1 1
v 0.03000002 0.8 0.1390001 1 1 1
v 0.03000002 0.85 0.1390001 1 1 1
v 0.01000004 0.8 0.1190001 1 1 1
v 0.01000004 0.85 0.1190001 1 1 1
v 0.06880572 0.9097014 0.07900009 1 1 1
v 0.3911943 0.9902986 0.07900009 1 1 1
v 0.06395501 0.9291043 0.07900009 1 1 1
v 0.3863436 1.009701 0.07900009 1 1 1
v 0.06880572 0.9097014 -0.1409999 1 1 1
v 0.06395501 0.9291043 -0.1409999 1 1 1
v 0.3911943 0.9902986 -0.1409999 1 1 1
v 0.3863436 1.009701 -0.1409999 1 1 1
v 0.06880572 0.9097014 0.0990001 1 1 1
v 0.06395501 0.9291043 0.0990001 1 1 1
v 0.3911943 0.9902986 0.0990001 1 1 1
v 0.3863436 1.009701 0.0990001 1 1 1
v 0.04940286 0.9048507 0.07900009 1 1 1
v 0.04455216 0.9242536 0.07900009 1 1 1
v 0.4105972 0.9951493 0.07900009 1 1 1
v 0.4057465 1.014552 0.07900009 1 1 1
v 0.04455216 0.9242536 -0.1409999 1 1 1
v 0.06395501 0.9291043 -0.1609999 1 1 1
v 0.3863436 1.009701 -0.1609999 1 1 1
v 0.4057465 1.014552 -0.1409999 1 1 1
v 0.04940286 0.9048507 -0.1409999 1 1 1
v 0.06880572 0.9097014 -0.1609999 1 1 1
v 0.3911943 0.9902986 -0.1609999 1 1 1
v 0.4105972 0.9951493 -0.1409999 1 1 1
v 0.03000002 0.8 -0.2009999 1 1 1
v 0.03000002 0.85 -0.2009999 1 1 1
v 0.01000004 0.8 -0.1809999 1 1 1
v 0.01000004 0.85 -0.1809999 1 1 1
v 0.45 0.8 -0.1809999 1 1 1
v 0.45 0.85 -0.1809999 1 1 1
v 0.43 0.8 -0.2009999 1 1 1
v 0.43 0.85 -0.2009999 1 1 1
v 0.43 0.85 -0.1809999 1 1 1
v 0.43 0.85 0.1190001 1 1 1
v 0.03000002 0.85 -0.1809999 1 1 1
v 0.03000002 0.85 0.1190001 1 1 1
v 0.6199998 0.05 -0.111 1 1 1
v 0.6199998 9.023897E-17 -0.111 1 1 1
v 0.6199998 0.05 0.289 1 1 1
v 0.6199998 9.023897E-17 0.289 1 1 1
v 0.1999999 9.023897E-17 0.289 1 1 1
v 0.1999999 9.023897E-17 -0.111 1 1 1
v 0.6199998 0.45 -0.111 1 1 1
v 0.6199998 0.4 -0.111 1 1 1
v 0.6199998 0.45 0.289 1 1 1
v 0.6199998 0.4 0.289 1 1 1
v 0.1999999 0.4 0.289 1 1 1
v 0.1999999 0.4 -0.111 1 1 1
v 0.2 9.023897E-17 0.289 1 1 1
v 0.2 9.023897E-17 -0.111 1 1 1
v -0.2 9.023897E-17 0.289 1 1 1
v -0.2 9.023897E-17 -0.111 1 1 1
v 0.6199998 1.353584E-16 0.6890001 1 1 1
v 0.6199999 1.353584E-16 0.2890001 1 1 1
v 0.6199998 0.05 0.6890001 1 1 1
v 0.6199999 0.05 0.2890001 1 1 1
v 0.5999998 1.353584E-16 0.7090001 1 1 1
v 0.5999998 0.05 0.7090001 1 1 1
v 0.1999998 1.353584E-16 0.7090001 1 1 1
v 0.1999998 0.05 0.7090001 1 1 1
v 0.1999999 1.353584E-16 0.289 1 1 1
v -0.5999998 1.353584E-16 0.7090001 1 1 1
v -0.1999999 1.353584E-16 0.7090001 1 1 1
v -0.5999998 0.05 0.7090001 1 1 1
v -0.1999999 0.05 0.7090001 1 1 1
v -0.6199998 1.353584E-16 0.6890001 1 1 1
v -0.6199998 0.05 0.6890001 1 1 1
v -0.6199998 1.353584E-16 0.2890001 1 1 1
v -0.6199998 0.05 0.2890001 1 1 1
v -0.1999999 1.353584E-16 0.2890001 1 1 1
v 0.6199998 0.4 0.6890001 1 1 1
v 0.6199999 0.4 0.2890001 1 1 1
v 0.6199998 0.45 0.6890001 1 1 1
v 0.6199999 0.45 0.2890001 1 1 1
v 0.5999998 0.4 0.7090001 1 1 1
v 0.5999998 0.45 0.7090001 1 1 1
v 0.1999998 0.4 0.7090001 1 1 1
v 0.1999998 0.45 0.7090001 1 1 1
v 0.1999999 0.4 0.289 1 1 1
v -0.5999998 0.4 0.7090001 1 1 1
v -0.1999999 0.4 0.7090001 1 1 1
v -0.5999998 0.45 0.7090001 1 1 1
v -0.1999999 0.45 0.7090001 1 1 1
v -0.6199998 0.4 0.6890001 1 1 1
v -0.6199998 0.45 0.6890001 1 1 1
v -0.6199998 0.4 0.2890001 1 1 1
v -0.6199998 0.45 0.2890001 1 1 1
v -0.1999999 0.4 0.2890001 1 1 1
v -0.6199998 0.05 0.289 1 1 1
v -0.6199998 1.353584E-16 0.289 1 1 1
v -0.6199998 0.05 -0.111 1 1 1
v -0.6199998 1.353584E-16 -0.111 1 1 1
v -0.1999999 1.353584E-16 -0.111 1 1 1
v -0.1999999 1.353584E-16 0.289 1 1 1
v -0.6199998 0.45 0.289 1 1 1
v -0.6199998 0.4 0.289 1 1 1
v -0.6199998 0.45 -0.111 1 1 1
v -0.6199998 0.4 -0.111 1 1 1
v -0.1999999 0.4 -0.111 1 1 1
v -0.1999999 0.4 0.289 1 1 1
v 0.2 0.45 0.7090001 1 1 1
v 0.2 0.4 0.7090001 1 1 1
v -0.2000001 0.45 0.7090001 1 1 1
v -0.2000001 0.4 0.7090001 1 1 1
v -0.2 0.4 0.289 1 1 1
v 0.2000001 0.4 0.2890001 1 1 1
v 0.6 0.3 -0.511 1 1 1
v 0.6 0.3 -0.6810001 1 1 1
v -0.6 0.3 -0.511 1 1 1
v 0.5912132 0.3 -0.7022133 1 1 1
v 0.57 0.3 -0.7110001 1 1 1
v -0.57 0.3 -0.7110001 1 1 1
v -0.5912132 0.3 -0.7022133 1 1 1
v -0.6 0.3 -0.6810001 1 1 1
v 0.57 0.35 -0.6810001 1 1 1
v -0.57 0.35 -0.6810001 1 1 1
v 0.57 0.4 -0.6810001 1 1 1
v -0.57 0.4 -0.6810001 1 1 1
v -0.57 0.4 -0.7110001 1 1 1
v 0.57 0.4 -0.7110001 1 1 1
v 0.6 0.4 -0.6810001 1 1 1
v 0.6 0.4 -0.511 1 1 1
v -0.5912132 0.4 -0.7022133 1 1 1
v -0.6 0.4 -0.6810001 1 1 1
v -0.57 0.4 -0.511 1 1 1
v -0.57 0.35 -0.511 1 1 1
v -0.6 0.4 -0.511 1 1 1
v 0.57 0.4 -0.511 1 1 1
v 0.5912132 0.4 -0.7022133 1 1 1
v 0.57 0.35 -0.511 1 1 1
v -0.6000002 0.55 0.439 1 1 1
v -0.6000002 0.625 0.439 1 1 1
v -0.6750002 0.55 0.439 1 1 1
v -0.6750002 0.625 0.439 1 1 1
v -0.6750002 0.4 0.439 1 1 1
v -0.7312502 0.60625 0.439 1 1 1
v -0.7500002 0.4 0.439 1 1 1
v -0.7500002 0.55 0.439 1 1 1
v -0.7500002 0.55 0.5140001 1 1 1
v -0.7312502 0.60625 0.5140001 1 1 1
v -0.6000001 0.55 0.5140001 1 1 1
v -0.6750002 0.55 0.5140001 1 1 1
v -0.7500002 0.4 0.5140001 1 1 1
v -0.6750002 0.4 0.5140001 1 1 1
v -0.6750002 0.625 0.5140001 1 1 1
v -0.6000001 0.625 0.5140001 1 1 1
v -0.6000002 0.55 0.2889999 1 1 1
v -0.6000002 0.625 0.2889999 1 1 1
v -0.6750002 0.55 0.2889999 1 1 1
v -0.6750002 0.625 0.2889999 1 1 1
v -0.6750002 0.4 0.2889999 1 1 1
v -0.7312502 0.60625 0.2889999 1 1 1
v -0.7500002 0.4 0.2889999 1 1 1
v -0.7500002 0.55 0.2889999 1 1 1
v -0.7500002 0.55 0.364 1 1 1
v -0.7312502 0.60625 0.364 1 1 1
v -0.6000001 0.55 0.3639999 1 1 1
v -0.6750002 0.55 0.3639999 1 1 1
v -0.7500002 0.4 0.364 1 1 1
v -0.6750002 0.4 0.3639999 1 1 1
v -0.6750002 0.625 0.3639999 1 1 1
v -0.6000001 0.625 0.3639999 1 1 1
v -1.2 0.4 0.309 1 1 1
v -1.2 0.44 0.309 1 1 1
v -1.2 0.4 0.4689999 1 1 1
v -1.2 0.44 0.4689999 1 1 1
v -1.18 0.4 0.2889999 1 1 1
v -1.02 0.4 0.2889999 1 1 1
v -1.18 0.44 0.2889999 1 1 1
v -1.02 0.44 0.2889999 1 1 1
v -1.02 0.4 0.4889999 1 1 1
v -1.18 0.4 0.4889999 1 1 1
v -1.02 0.44 0.4889999 1 1 1
v -1.18 0.44 0.4889999 1 1 1
v -0.9999999 0.44 0.309 1 1 1
v -0.9999999 0.4 0.309 1 1 1
v -0.9999999 0.44 0.4689999 1 1 1
v -0.9999999 0.4 0.4689999 1 1 1
v 0.45 0.8 0.5189999 1 1 1
v 0.43 0.8 0.539 1 1 1
v 0.45 0.85 0.5189999 1 1 1
v 0.43 0.85 0.539 1 1 1
v 0.03000002 0.8 0.539 1 1 1
v 0.03000002 0.85 0.539 1 1 1
v 0.01000004 0.8 0.5189999 1 1 1
v 0.01000004 0.85 0.5189999 1 1 1
v 0.06880572 0.9097014 0.4789999 1 1 1
v 0.3911943 0.9902986 0.4789999 1 1 1
v 0.06395501 0.9291043 0.4789999 1 1 1
v 0.3863436 1.009701 0.4789999 1 1 1
v 0.06880572 0.9097014 0.259 1 1 1
v 0.06395501 0.9291043 0.259 1 1 1
v 0.3911943 0.9902986 0.259 1 1 1
v 0.3863436 1.009701 0.259 1 1 1
v 0.06880572 0.9097014 0.499 1 1 1
v 0.06395501 0.9291043 0.499 1 1 1
v 0.3911943 0.9902986 0.499 1 1 1
v 0.3863436 1.009701 0.499 1 1 1
v 0.04940286 0.9048507 0.4789999 1 1 1
v 0.04455216 0.9242536 0.4789999 1 1 1
v 0.4105972 0.9951493 0.4789999 1 1 1
v 0.4057465 1.014552 0.4789999 1 1 1
v 0.04455216 0.9242536 0.259 1 1 1
v 0.06395501 0.9291043 0.239 1 1 1
v 0.3863436 1.009701 0.239 1 1 1
v 0.4057465 1.014552 0.259 1 1 1
v 0.04940286 0.9048507 0.259 1 1 1
v 0.06880572 0.9097014 0.239 1 1 1
v 0.3911943 0.9902986 0.239 1 1 1
v 0.4105972 0.9951493 0.259 1 1 1
v 0.03000002 0.8 0.199 1 1 1
v 0.03000002 0.85 0.199 1 1 1
v 0.01000004 0.8 0.219 1 1 1
v 0.01000004 0.85 0.219 1 1 1
v 0.45 0.8 0.219 1 1 1
v 0.45 0.85 0.219 1 1 1
v 0.43 0.8 0.199 1 1 1
v 0.43 0.85 0.199 1 1 1
v 0.43 0.85 0.219 1 1 1
v 0.43 0.85 0.5189999 1 1 1
v 0.03000002 0.85 0.219 1 1 1
v 0.03000002 0.85 0.5189999 1 1 1
v 0.1999998 0.8 0.6390001 1 1 1
v 0.1999998 0.88 0.6390001 1 1 1
v 0.1999998 0.83 0.6890001 1 1 1
v 0.1999998 0.83 0.7090001 1 1 1
v 0.1999998 0.88 0.7090001 1 1 1
v 0.5999998 0.83 0.6890001 1 1 1
v 0.5999999 0.83 0.2890001 1 1 1
v 0.6199999 0.88 0.2890001 1 1 1
v 0.6199999 0.83 0.2890001 1 1 1
v 0.5499999 0.88 0.2890001 1 1 1
v 0.5499999 0.8 0.2890001 1 1 1
v 0.5499998 0.88 0.6390001 1 1 1
v 0.5499998 0.8 0.6390001 1 1 1
v 0.6199998 0.83 0.6890001 1 1 1
v 0.6199998 0.88 0.6890001 1 1 1
v 0.5999998 0.83 0.7090001 1 1 1
v 0.5999998 0.88 0.7090001 1 1 1
v 0.2000001 0.83 0.6890001 1 1 1
v -0.2 0.83 0.6890001 1 1 1
v 0.2000001 0.83 0.7090001 1 1 1
v -0.2 0.83 0.7090001 1 1 1
v -0.2 0.8 0.6890001 1 1 1
v 0.2000001 0.8 0.6890001 1 1 1
v -0.2 0.88 0.6390001 1 1 1
v -0.2 0.8 0.6390001 1 1 1
v 0.2 0.88 0.6390001 1 1 1
v 0.2 0.8 0.6390001 1 1 1
v 0.2000001 0.88 0.7090001 1 1 1
v -0.2 0.88 0.7090001 1 1 1
v -0.5999999 0.83 0.289 1 1 1
v -0.5999999 0.83 -0.111 1 1 1
v -0.6199999 0.83 0.289 1 1 1
v -0.6199999 0.83 -0.111 1 1 1
v -0.5999999 0.8 -0.111 1 1 1
v -0.5999999 0.8 0.289 1 1 1
v -0.55 0.88 -0.111 1 1 1
v -0.55 0.8 -0.111 1 1 1
v -0.55 0.88 0.289 1 1 1
v -0.55 0.8 0.289 1 1 1
v -0.6199999 0.88 0.289 1 1 1
v -0.6199999 0.88 -0.111 1 1 1
v -0.5499998 0.8 -0.1110001 1 1 1
v -0.5999998 0.8 -0.1110001 1 1 1
v -0.5499998 0.88 -0.1110001 1 1 1
v -0.5999998 0.83 -0.1110001 1 1 1
v -0.6199998 0.83 -0.1110001 1 1 1
v -0.6199998 0.88 -0.1110001 1 1 1
v -0.5999998 0.8 -0.5110001 1 1 1
v -0.5999998 0.83 -0.5110001 1 1 1
v -0.1999999 0.8 -0.5110001 1 1 1
v -0.1999999 0.83 -0.5110001 1 1 1
v -0.1999999 0.88 -0.5310001 1 1 1
v -0.1999999 0.83 -0.5310001 1 1 1
v -0.1999999 0.88 -0.4610001 1 1 1
v -0.1999999 0.8 -0.4610001 1 1 1
v -0.5499998 0.88 -0.4610001 1 1 1
v -0.5499998 0.8 -0.4610001 1 1 1
v -0.5999998 0.83 -0.5310001 1 1 1
v -0.5999998 0.88 -0.5310001 1 1 1
v -0.6199998 0.83 -0.5110001 1 1 1
v -0.6199998 0.88 -0.5110001 1 1 1
v -0.2 0.83 -0.5110002 1 1 1
v 0.2000001 0.83 -0.5110001 1 1 1
v -0.2 0.83 -0.5310001 1 1 1
v 0.2000001 0.83 -0.5310001 1 1 1
v 0.2000001 0.8 -0.5110001 1 1 1
v -0.2 0.8 -0.5110002 1 1 1
v 0.2 0.88 -0.4610001 1 1 1
v 0.2 0.8 -0.4610001 1 1 1
v -0.2 0.88 -0.4610001 1 1 1
v -0.2 0.8 -0.4610001 1 1 1
v -0.2 0.88 -0.5310001 1 1 1
v 0.2000001 0.88 -0.5310001 1 1 1
v 0.5499998 0.8 -0.1110001 1 1 1
v 0.5999998 0.8 -0.1110001 1 1 1
v 0.5499998 0.88 -0.1110001 1 1 1
v 0.5999998 0.83 -0.1110001 1 1 1
v 0.6199998 0.83 -0.1110001 1 1 1
v 0.6199998 0.88 -0.1110001 1 1 1
v 0.5999998 0.8 -0.5110001 1 1 1
v 0.5999998 0.83 -0.5110001 1 1 1
v 0.1999999 0.8 -0.5110001 1 1 1
v 0.1999999 0.83 -0.5110001 1 1 1
v 0.1999999 0.88 -0.5310001 1 1 1
v 0.1999999 0.83 -0.5310001 1 1 1
v 0.1999999 0.88 -0.4610001 1 1 1
v 0.1999999 0.8 -0.4610001 1 1 1
v 0.5499998 0.88 -0.4610001 1 1 1
v 0.5499998 0.8 -0.4610001 1 1 1
v 0.5999998 0.83 -0.5310001 1 1 1
v 0.5999998 0.88 -0.5310001 1 1 1
v 0.6199998 0.83 -0.5110001 1 1 1
v 0.6199998 0.88 -0.5110001 1 1 1
v -0.1999998 0.8 0.6390001 1 1 1
v -0.1999998 0.8 0.6890001 1 1 1
v -0.1999998 0.88 0.6390001 1 1 1
v -0.1999998 0.83 0.6890001 1 1 1
v -0.1999998 0.83 0.7090001 1 1 1
v -0.1999998 0.88 0.7090001 1 1 1
v -0.5999998 0.8 0.6890001 1 1 1
v -0.5999998 0.83 0.6890001 1 1 1
v -0.5999999 0.8 0.2890001 1 1 1
v -0.5999999 0.83 0.2890001 1 1 1
v -0.6199999 0.88 0.2890001 1 1 1
v -0.6199999 0.83 0.2890001 1 1 1
v -0.5499999 0.88 0.2890001 1 1 1
v -0.5499999 0.8 0.2890001 1 1 1
v -0.5499998 0.88 0.6390001 1 1 1
v -0.5499998 0.8 0.6390001 1 1 1
v -0.6199998 0.83 0.6890001 1 1 1
v -0.6199998 0.88 0.6890001 1 1 1
v -0.5999998 0.83 0.7090001 1 1 1
v -0.5999998 0.88 0.7090001 1 1 1
v 0.5999999 0.83 -0.111 1 1 1
v 0.5999999 0.83 0.289 1 1 1
v 0.6199999 0.83 -0.111 1 1 1
v 0.6199999 0.83 0.289 1 1 1
v 0.5999999 0.8 0.289 1 1 1
v 0.5999999 0.8 -0.111 1 1 1
v 0.55 0.88 0.289 1 1 1
v 0.55 0.8 0.289 1 1 1
v 0.55 0.88 -0.111 1 1 1
v 0.55 0.8 -0.111 1 1 1
v 0.6199999 0.88 -0.111 1 1 1
v 0.6199999 0.88 0.289 1 1 1
v -0.6000001 0.43 -0.111 1 1 1
v -0.6000001 0.43 -0.131 1 1 1
v -1 0.43 -0.1110001 1 1 1
v -1 0.43 -0.1310001 1 1 1
v -0.6000001 0.4 -0.111 1 1 1
v -1 0.4 -0.1110001 1 1 1
v -0.6000001 0.48 -0.06099999 1 1 1
v -0.6000001 0.4 -0.06099999 1 1 1
v -1 0.48 -0.06100005 1 1 1
v -1 0.4 -0.06100005 1 1 1
v -0.6000001 0.48 -0.131 1 1 1
v -1 0.48 -0.1310001 1 1 1
v -0.6000001 0.43 0.6890001 1 1 1
v -1 0.43 0.6890001 1 1 1
v -0.6000001 0.43 0.7090001 1 1 1
v -1 0.43 0.7090001 1 1 1
v -1 0.4 0.6890001 1 1 1
v -0.6000001 0.4 0.6890001 1 1 1
v -1 0.48 0.6390001 1 1 1
v -1 0.4 0.6390001 1 1 1
v -0.6000001 0.48 0.6390001 1 1 1
v -0.6000001 0.4 0.6390001 1 1 1
v -0.6000001 0.48 0.7090001 1 1 1
v -1 0.48 0.7090001 1 1 1
v -1.35 0.4 0.289 1 1 1
v -1.35 0.48 0.289 1 1 1
v -1.4 0.43 0.289 1 1 1
v -1.42 0.43 0.289 1 1 1
v -1.42 0.48 0.289 1 1 1
v -1.4 0.43 -0.111 1 1 1
v -1 0.4 -0.111 1 1 1
v -1 0.43 -0.111 1 1 1
v -1 0.48 -0.131 1 1 1
v -1 0.43 -0.131 1 1 1
v -1 0.48 -0.061 1 1 1
v -1 0.4 -0.061 1 1 1
v -1.35 0.48 -0.061 1 1 1
v -1.35 0.4 -0.061 1 1 1
v -1.4 0.43 -0.131 1 1 1
v -1.4 0.48 -0.131 1 1 1
v -1.42 0.43 -0.111 1 1 1
v -1.42 0.48 -0.111 1 1 1
v -1.35 0.4 0.2890001 1 1 1
v -1.4 0.4 0.2890001 1 1 1
v -1.35 0.48 0.2890001 1 1 1
v -1.4 0.43 0.2890001 1 1 1
v -1.42 0.43 0.2890001 1 1 1
v -1.42 0.48 0.2890001 1 1 1
v -1.4 0.4 0.6890001 1 1 1
v -1.4 0.43 0.6890001 1 1 1
v -1 0.4 0.6890001 1 1 1
v -1 0.43 0.6890001 1 1 1
v -1 0.48 0.7090001 1 1 1
v -1 0.43 0.7090001 1 1 1
v -1 0.48 0.6390001 1 1 1
v -1 0.4 0.6390001 1 1 1
v -1.35 0.48 0.6390001 1 1 1
v -1.35 0.4 0.6390001 1 1 1
v -1.4 0.43 0.7090001 1 1 1
v -1.4 0.48 0.7090001 1 1 1
v -1.42 0.43 0.6890001 1 1 1
v -1.42 0.48 0.6890001 1 1 1
v -1.450728 0.04999998 -0.06972785 1 1 1
v -1.438 0.04999998 -0.07499992 1 1 1
v -1.450728 0.364 -0.06972785 1 1 1
v -1.438 0.364 -0.07499992 1 1 1
v -1.42 0.364 -0.05699992 1 1 1
v -1.42 0.04999998 -0.05699992 1 1 1
v -1.425272 0.364 -0.044272 1 1 1
v -1.425272 0.04999998 -0.044272 1 1 1
v -1.425272 0.04999998 -0.06972785 1 1 1
v -1.425272 0.364 -0.06972785 1 1 1
v -1.438 0.04999998 -0.03899992 1 1 1
v -1.438 0.364 -0.03899992 1 1 1
v -1.450728 0.04999998 -0.044272 1 1 1
v -1.450728 0.364 -0.044272 1 1 1
v -1.456 0.04999998 -0.05699992 1 1 1
v -1.456 0.364 -0.05699992 1 1 1
v -1.4 0.364 -0.03899992 1 1 1
v -1.4 0.364 -0.07499992 1 1 1
v -1.456 0.364 -0.03899992 1 1 1
v -1.456 0.364 -0.07499992 1 1 1
v -1.4 0.4 -0.07499992 1 1 1
v -1.4 0.4 -0.03899992 1 1 1
v -1.446 0.4 -0.07499992 1 1 1
v -1.446 0.4 -0.03899992 1 1 1
v -1.456 0.39 -0.03899992 1 1 1
v -1.456 0.39 -0.07499992 1 1 1
v -1.456093 0.278707 -0.0750933 1 1 1
v -1.456093 0.307138 -0.0750933 1 1 1
v -1.463588 0.278707 -0.05699992 1 1 1
v -1.463588 0.307138 -0.05699992 1 1 1
v -1.438 0.278707 -0.08258782 1 1 1
v -1.438 0.307138 -0.08258782 1 1 1
v -1.412412 0.307138 -0.05699992 1 1 1
v -1.412412 0.278707 -0.05699992 1 1 1
v -1.419906 0.307138 -0.03890654 1 1 1
v -1.419906 0.278707 -0.03890654 1 1 1
v -1.419906 0.307138 -0.0750933 1 1 1
v -1.419906 0.278707 -0.0750933 1 1 1
v -1.456093 0.278707 -0.03890654 1 1 1
v -1.456093 0.307138 -0.03890654 1 1 1
v -1.438 0.278707 -0.03141202 1 1 1
v -1.438 0.307138 -0.03141202 1 1 1
v -1.456093 0.1032155 -0.0750933 1 1 1
v -1.456093 0.1316465 -0.0750933 1 1 1
v -1.463588 0.1032155 -0.05699992 1 1 1
v -1.463588 0.1316465 -0.05699992 1 1 1
v -1.438 0.1032155 -0.08258782 1 1 1
v -1.438 0.1316465 -0.08258782 1 1 1
v -1.412412 0.1316465 -0.05699992 1 1 1
v -1.412412 0.1032155 -0.05699992 1 1 1
v -1.419906 0.1316465 -0.03890654 1 1 1
v -1.419906 0.1032155 -0.03890654 1 1 1
v -1.419906 0.1316465 -0.0750933 1 1 1
v -1.419906 0.1032155 -0.0750933 1 1 1
v -1.456093 0.1032155 -0.03890654 1 1 1
v -1.456093 0.1316465 -0.03890654 1 1 1
v -1.438 0.1032155 -0.03141202 1 1 1
v -1.438 0.1316465 -0.03141202 1 1 1
v -1.32 0.27 0.7089999 1 1 1
v -1.08 0.27 0.7089999 1 1 1
v -1.32 0.27 0.6889999 1 1 1
v -1.08 0.27 0.6889999 1 1 1
v -1.42 1.240786E-16 0.2889999 1 1 1
v -1.42 1.240786E-16 0.6889999 1 1 1
v -1 1.240786E-16 0.2889999 1 1 1
v -1.4 1.240786E-16 0.7089999 1 1 1
v -1 1.240786E-16 0.7089999 1 1 1
v -1.32 0.13 0.7089999 1 1 1
v -1.08 0.13 0.7089999 1 1 1
v -1 0.05 0.7089999 1 1 1
v -1.4 0.05 0.7089999 1 1 1
v -1.42 0.05 0.2889999 1 1 1
v -1.42 0.05 0.6889999 1 1 1
v -1.05 0.13 0.7089999 1 1 1
v -1.05 0.3 0.7089999 1 1 1
v -1.35 0.3 0.7089999 1 1 1
v -1.35 0.13 0.7089999 1 1 1
v -1.35 0.13 0.729 1 1 1
v -1.35 0.13 0.709 1 1 1
v -1.33 0.13 0.749 1 1 1
v -1.32 0.13 0.709 1 1 1
v -1.07 0.13 0.749 1 1 1
v -1.32 0.13 0.689 1 1 1
v -1.08 0.13 0.709 1 1 1
v -1.08 0.13 0.689 1 1 1
v -1.05 0.13 0.709 1 1 1
v -1.05 0.13 0.729 1 1 1
v -1.07 0.11 0.749 1 1 1
v -1.33 0.11 0.749 1 1 1
v -1.35 0.11 0.689 1 1 1
v -1.35 0.11 0.729 1 1 1
v -1.05 0.11 0.689 1 1 1
v -1.05 0.11 0.729 1 1 1
v -1.05 0.13 0.689 1 1 1
v -1.35 0.13 0.689 1 1 1
v -1.3 0.25 0.6890001 1 1 1
v -1.21 0.25 0.6890001 1 1 1
v -1.3 0.25 0.6690001 1 1 1
v -1.1 0.25 0.6690001 1 1 1
v -1.19 0.25 0.6890001 1 1 1
v -1.1 0.25 0.6890001 1 1 1
v -1.1 0.15 0.6890001 1 1 1
v -1.1 0.15 0.6690001 1 1 1
v -1.3 0.15 0.6890001 1 1 1
v -1.3 0.15 0.6690001 1 1 1
v -1.21 0.15 0.6890001 1 1 1
v -1.19 0.15 0.6890001 1 1 1
v -1.08 0.27 0.6890001 1 1 1
v -1.08 0.13 0.6890001 1 1 1
v -1.32 0.13 0.6890001 1 1 1
v -1.32 0.27 0.6890001 1 1 1
v -0.92 0.27 0.6889999 1 1 1
v -0.92 0.27 0.7089999 1 1 1
v -0.68 0.27 0.6889999 1 1 1
v -0.68 0.27 0.7089999 1 1 1
v -0.92 0.13 0.7089999 1 1 1
v -0.68 0.13 0.7089999 1 1 1
v -1 0.05 0.7089999 1 1 1
v -0.6 0.05 0.7089999 1 1 1
v -0.6 1.353584E-16 0.7089999 1 1 1
v -1 1.353584E-16 0.7089999 1 1 1
v -0.65 0.13 0.7089999 1 1 1
v -0.65 0.3 0.7089999 1 1 1
v -0.95 0.3 0.7089999 1 1 1
v -0.95 0.13 0.7089999 1 1 1
v -1 1.353584E-16 0.2889999 1 1 1
v -0.6 1.353584E-16 0.2889999 1 1 1
v -0.9500002 0.13 0.729 1 1 1
v -0.9500002 0.13 0.709 1 1 1
v -0.9300002 0.13 0.749 1 1 1
v -0.9200002 0.13 0.709 1 1 1
v -0.6700002 0.13 0.749 1 1 1
v -0.9200002 0.13 0.689 1 1 1
v -0.6800002 0.13 0.709 1 1 1
v -0.6800002 0.13 0.689 1 1 1
v -0.6500002 0.13 0.709 1 1 1
v -0.6500002 0.13 0.729 1 1 1
v -0.6700002 0.11 0.749 1 1 1
v -0.9300002 0.11 0.749 1 1 1
v -0.9500002 0.11 0.689 1 1 1
v -0.9500002 0.11 0.729 1 1 1
v -0.6500002 0.11 0.689 1 1 1
v -0.6500002 0.11 0.729 1 1 1
v -0.6500002 0.13 0.689 1 1 1
v -0.9500002 0.13 0.689 1 1 1
v -0.9000002 0.25 0.6890001 1 1 1
v -0.8100002 0.25 0.6890001 1 1 1
v -0.9000002 0.25 0.6690001 1 1 1
v -0.7000002 0.25 0.6690001 1 1 1
v -0.7900002 0.25 0.6890001 1 1 1
v -0.7000002 0.25 0.6890001 1 1 1
v -0.7000002 0.15 0.6890001 1 1 1
v -0.7000002 0.15 0.6690001 1 1 1
v -0.9000002 0.15 0.6890001 1 1 1
v -0.9000002 0.15 0.6690001 1 1 1
v -0.8100002 0.15 0.6890001 1 1 1
v -0.7900002 0.15 0.6890001 1 1 1
v -0.6800002 0.27 0.6890001 1 1 1
v -0.6800002 0.13 0.6890001 1 1 1
v -0.9200002 0.13 0.6890001 1 1 1
v -0.9200002 0.27 0.6890001 1 1 1
v 0.1 0.05 0.709 1 1 1
v 0.1 0.28 0.709 1 1 1
v 0.2 0.05 0.709 1 1 1
v -0.2 0.05 0.709 1 1 1
v -0.1 0.05 0.709 1 1 1
v -0.2 1.841438E-16 0.289 1 1 1
v -0.2 1.804778E-16 0.709 1 1 1
v 0.2 1.841438E-16 0.289 1 1 1
v -0.07 3.646216E-16 0.689 1 1 1
v -0.07 3.646216E-16 0.709 1 1 1
v 0.07 3.646216E-16 0.689 1 1 1
v 0.07 3.646216E-16 0.709 1 1 1
v 0.2 1.841438E-16 0.709 1 1 1
v -0.08 0.3 0.709 1 1 1
v 0.08 0.3 0.709 1 1 1
v -0.1 0.28 0.709 1 1 1
v 0.07 0.27 0.709 1 1 1
v -0.07 0.27 0.709 1 1 1
v -0.07 0.27 0.689 1 1 1
v 0.07 0.27 0.689 1 1 1
v 0.03321166 0.09534679 0.689 1 1 1
v 0.03321166 0.09534679 0.7 1 1 1
v 0.0524817 0.09534679 0.689 1 1 1
v 0.0524817 0.09534679 0.7 1 1 1
v 0.03321166 0.136817 0.7 1 1 1
v 0.03321166 0.136817 0.689 1 1 1
v 0.0524817 0.136817 0.7 1 1 1
v 0.0524817 0.136817 0.689 1 1 1
v 0.04589566 0.1142863 0.6999999 1 1 1
v 0.04589566 0.1273973 0.6999999 1 1 1
v 0.01498214 0.1142863 0.6999999 1 1 1
v 0.01498214 0.1273973 0.6999999 1 1 1
v 0.04589566 0.1142863 0.7109999 1 1 1
v 0.01498214 0.1142863 0.7109999 1 1 1
v 0.04589566 0.1273973 0.7109999 1 1 1
v 0.01498214 0.1273973 0.7109999 1 1 1
v -0.1713706 1.8125 1.057629 1 1 1
v -0.2950001 1.8125 1.108838 1 1 1
v -0.1713706 1.925 1.057629 1 1 1
v -0.2950001 1.925 1.108838 1 1 1
v -0.2950001 1.8125 0.7591616 1 1 1
v -0.1713706 1.8125 0.8103706 1 1 1
v -0.2950001 1.925 0.7591616 1 1 1
v -0.1713706 1.925 0.8103706 1 1 1
v -0.1201616 1.8125 0.934 1 1 1
v -0.4186295 1.8125 1.057629 1 1 1
v -0.4186295 1.8125 0.8103706 1 1 1
v -0.4698385 1.8125 0.934 1 1 1
v -0.1201616 1.925 0.934 1 1 1
v -0.4186295 1.925 0.8103706 1 1 1
v -0.4698385 1.925 0.934 1 1 1
v -0.4186295 1.925 1.057629 1 1 1
v -0.4211309 1.925 0.934 1 1 1
v -0.384188 1.925 0.844812 1 1 1
v -0.384188 1.925 1.023188 1 1 1
v -0.2950001 1.925 0.8078692 1 1 1
v -0.2058121 1.925 0.844812 1 1 1
v -0.2950001 1.925 1.060131 1 1 1
v -0.2058121 1.925 1.023188 1 1 1
v -0.1688693 1.925 0.934 1 1 1
v -0.5200001 3.665956E-16 0.934 1 1 1
v -0.5200001 0.1125 0.934 1 1 1
v -0.4540991 3.665956E-16 1.093099 1 1 1
v -0.4540991 0.1125 1.093099 1 1 1
v -0.2950001 3.665956E-16 1.159 1 1 1
v -0.2950001 0.1125 1.159 1 1 1
v -0.07000008 0.1125 0.934 1 1 1
v -0.1359011 0.1125 1.093099 1 1 1
v -0.1359011 0.1125 0.774901 1 1 1
v -0.2950001 0.1125 0.709 1 1 1
v -0.4540991 0.1125 0.774901 1 1 1
v -0.4540991 3.665956E-16 0.774901 1 1 1
v -0.07000008 3.665956E-16 0.934 1 1 1
v -0.1359011 3.665956E-16 1.093099 1 1 1
v -0.1359011 3.665956E-16 0.774901 1 1 1
v -0.2950001 3.665956E-16 0.709 1 1 1
v -0.7700001 3.045564E-16 -0.131 1 1 1
v -0.7700001 0.27 -0.131 1 1 1
v -0.7700001 3.045564E-16 -0.111 1 1 1
v -0.7700001 0.27 -0.111 1 1 1
v -1.23 0.27 -0.131 1 1 1
v -1.23 3.045564E-16 -0.131 1 1 1
v -1.23 0.27 -0.111 1 1 1
v -1.23 3.045564E-16 -0.111 1 1 1
v -0.6 1.240786E-16 0.289 1 1 1
v -0.6 1.240786E-16 -0.131 1 1 1
v -1.42 1.240786E-16 0.289 1 1 1
v -1.4 1.638714E-16 -0.131 1 1 1
v -1.42 1.240786E-16 -0.111 1 1 1
v -1.26 0.05 -0.131 1 1 1
v -1.4 0.05 -0.131 1 1 1
v -1.42 0.05 0.289 1 1 1
v -1.42 0.05 -0.111 1 1 1
v -1.26 0.28 -0.131 1 1 1
v -0.6 0.05 -0.131 1 1 1
v -0.74 0.05 -0.131 1 1 1
v -0.74 0.28 -0.131 1 1 1
v -0.7600001 0.3 -0.131 1 1 1
v -1.24 0.3 -0.131 1 1 1
v -1.021949 0.03688905 -0.1109999 1 1 1
v -1.021949 0.05 -0.1109999 1 1 1
v -0.9780514 0.03688905 -0.1109999 1 1 1
v -0.9780514 0.05 -0.1109999 1 1 1
v -1.021949 0.03688905 -0.1219999 1 1 1
v -0.9780514 0.03688905 -0.1219999 1 1 1
v -1.021949 0.05 -0.1219999 1 1 1
v -0.9780514 0.05 -0.1219999 1 1 1
v -0.6507279 0.05 -0.4697279 1 1 1
v -0.638 0.05 -0.475 1 1 1
v -0.6507279 0.764 -0.4697279 1 1 1
v -0.638 0.764 -0.475 1 1 1
v -0.62 0.764 -0.457 1 1 1
v -0.62 0.05 -0.457 1 1 1
v -0.6252721 0.764 -0.4442721 1 1 1
v -0.6252721 0.05 -0.4442721 1 1 1
v -0.6252721 0.05 -0.4697279 1 1 1
v -0.6252721 0.764 -0.4697279 1 1 1
v -0.638 0.05 -0.439 1 1 1
v -0.638 0.764 -0.439 1 1 1
v -0.6507279 0.05 -0.4442721 1 1 1
v -0.6507279 0.764 -0.4442721 1 1 1
v -0.656 0.05 -0.457 1 1 1
v -0.656 0.764 -0.457 1 1 1
v -0.6 0.764 -0.439 1 1 1
v -0.6 0.764 -0.475 1 1 1
v -0.656 0.764 -0.439 1 1 1
v -0.656 0.764 -0.475 1 1 1
v -0.6 0.8 -0.475 1 1 1
v -0.6 0.8 -0.439 1 1 1
v -0.646 0.8 -0.475 1 1 1
v -0.646 0.8 -0.439 1 1 1
v -0.656 0.79 -0.439 1 1 1
v -0.656 0.79 -0.475 1 1 1
v -0.6560934 0.678707 -0.4750934 1 1 1
v -0.6560934 0.707138 -0.4750934 1 1 1
v -0.6635879 0.678707 -0.457 1 1 1
v -0.6635879 0.707138 -0.457 1 1 1
v -0.638 0.678707 -0.4825879 1 1 1
v -0.638 0.707138 -0.4825879 1 1 1
v -0.6124121 0.707138 -0.457 1 1 1
v -0.6124121 0.678707 -0.457 1 1 1
v -0.6199067 0.707138 -0.4389066 1 1 1
v -0.6199067 0.678707 -0.4389066 1 1 1
v -0.6199067 0.707138 -0.4750934 1 1 1
v -0.6199067 0.678707 -0.4750934 1 1 1
v -0.6560934 0.678707 -0.4389066 1 1 1
v -0.6560934 0.707138 -0.4389066 1 1 1
v -0.638 0.678707 -0.4314121 1 1 1
v -0.638 0.707138 -0.4314121 1 1 1
v -0.6560934 0.127724 -0.4750934 1 1 1
v -0.6560934 0.156155 -0.4750934 1 1 1
v -0.6635879 0.127724 -0.457 1 1 1
v -0.6635879 0.156155 -0.457 1 1 1
v -0.638 0.127724 -0.4825879 1 1 1
v -0.638 0.156155 -0.4825879 1 1 1
v -0.6124121 0.156155 -0.457 1 1 1
v -0.6124121 0.127724 -0.457 1 1 1
v -0.6199067 0.156155 -0.4389066 1 1 1
v -0.6199067 0.127724 -0.4389066 1 1 1
v -0.6199067 0.156155 -0.4750934 1 1 1
v -0.6199067 0.127724 -0.4750934 1 1 1
v -0.6560934 0.127724 -0.4389066 1 1 1
v -0.6560934 0.156155 -0.4389066 1 1 1
v -0.638 0.127724 -0.4314121 1 1 1
v -0.638 0.156155 -0.4314121 1 1 1
v -0.6560934 0.4032155 -0.4750934 1 1 1
v -0.6560934 0.4316465 -0.4750934 1 1 1
v -0.6635879 0.4032155 -0.457 1 1 1
v -0.6635879 0.4316465 -0.457 1 1 1
v -0.638 0.4032155 -0.4825879 1 1 1
v -0.638 0.4316465 -0.4825879 1 1 1
v -0.6124121 0.4316465 -0.457 1 1 1
v -0.6124121 0.4032155 -0.457 1 1 1
v -0.6199067 0.4316465 -0.4389066 1 1 1
v -0.6199067 0.4032155 -0.4389066 1 1 1
v -0.6199067 0.4316465 -0.4750934 1 1 1
v -0.6199067 0.4032155 -0.4750934 1 1 1
v -0.6560934 0.4032155 -0.4389066 1 1 1
v -0.6560934 0.4316465 -0.4389066 1 1 1
v -0.638 0.4032155 -0.4314121 1 1 1
v -0.638 0.4316465 -0.4314121 1 1 1
v 0.5199999 0.67 -0.5309999 1 1 1
v 0.2799999 0.67 -0.5309999 1 1 1
v 0.5199999 0.67 -0.5109999 1 1 1
v 0.2799999 0.67 -0.5109999 1 1 1
v 0.6199999 0.4 -0.1109999 1 1 1
v 0.6199999 0.4 -0.5109999 1 1 1
v 0.1999999 0.4 -0.1109999 1 1 1
v 0.5999999 0.4 -0.5309999 1 1 1
v 0.1999999 0.4 -0.5309999 1 1 1
v 0.5199999 0.53 -0.5309999 1 1 1
v 0.2799999 0.53 -0.5309999 1 1 1
v 0.1999999 0.45 -0.5309999 1 1 1
v 0.5999999 0.45 -0.5309999 1 1 1
v 0.6199999 0.45 -0.1109999 1 1 1
v 0.6199999 0.45 -0.5109999 1 1 1
v 0.2499999 0.53 -0.5309999 1 1 1
v 0.2499999 0.7 -0.5309999 1 1 1
v 0.5499999 0.7 -0.5309999 1 1 1
v 0.5499999 0.53 -0.5309999 1 1 1
v 0.5500001 0.53 -0.5509999 1 1 1
v 0.5500001 0.53 -0.5309999 1 1 1
v 0.5300001 0.53 -0.5709999 1 1 1
v 0.5200001 0.53 -0.5309999 1 1 1
v 0.2700001 0.53 -0.5709999 1 1 1
v 0.5200001 0.53 -0.5109999 1 1 1
v 0.2800001 0.53 -0.5309999 1 1 1
v 0.2800001 0.53 -0.5109999 1 1 1
v 0.2500001 0.53 -0.5309999 1 1 1
v 0.2500001 0.53 -0.5509999 1 1 1
v 0.2700001 0.51 -0.5709999 1 1 1
v 0.5300001 0.51 -0.5709999 1 1 1
v 0.5500001 0.51 -0.5109999 1 1 1
v 0.5500001 0.51 -0.5509999 1 1 1
v 0.2500001 0.51 -0.5109999 1 1 1
v 0.2500001 0.51 -0.5509999 1 1 1
v 0.2500001 0.53 -0.5109999 1 1 1
v 0.5500001 0.53 -0.5109999 1 1 1
v 0.5000001 0.65 -0.5109999 1 1 1
v 0.4100001 0.65 -0.5109999 1 1 1
v 0.5000001 0.65 -0.4909999 1 1 1
v 0.3000001 0.65 -0.4909999 1 1 1
v 0.3900001 0.65 -0.5109999 1 1 1
v 0.3000001 0.65 -0.5109999 1 1 1
v 0.3000001 0.55 -0.5109999 1 1 1
v 0.3000001 0.55 -0.4909999 1 1 1
v 0.5000001 0.55 -0.5109999 1 1 1
v 0.5000001 0.55 -0.4909999 1 1 1
v 0.4100001 0.55 -0.5109999 1 1 1
v 0.3900001 0.55 -0.5109999 1 1 1
v 0.2800001 0.67 -0.5109999 1 1 1
v 0.5200001 0.67 -0.5109999 1 1 1
v -0.1199998 0.67 -0.5109999 1 1 1
v -0.1199998 0.67 -0.5309999 1 1 1
v 0.1200002 0.67 -0.5109999 1 1 1
v 0.1200002 0.67 -0.5309999 1 1 1
v -0.1999998 0.4 -0.1109999 1 1 1
v -0.1999998 0.4 -0.5309999 1 1 1
v 0.2000002 0.4 -0.1109999 1 1 1
v 0.2000002 0.4 -0.5309999 1 1 1
v -0.1199998 0.53 -0.5309999 1 1 1
v 0.1200002 0.53 -0.5309999 1 1 1
v 0.2000002 0.45 -0.5309999 1 1 1
v -0.1999998 0.45 -0.5309999 1 1 1
v 0.1500002 0.53 -0.5309999 1 1 1
v 0.1500002 0.7 -0.5309999 1 1 1
v -0.1499998 0.7 -0.5309999 1 1 1
v -0.1499998 0.53 -0.5309999 1 1 1
v -0.15 0.53 -0.5509999 1 1 1
v -0.15 0.53 -0.5309999 1 1 1
v -0.13 0.53 -0.5709999 1 1 1
v -0.12 0.53 -0.5309999 1 1 1
v 0.13 0.53 -0.5709999 1 1 1
v -0.12 0.53 -0.5109999 1 1 1
v 0.12 0.53 -0.5309999 1 1 1
v 0.12 0.53 -0.5109999 1 1 1
v 0.15 0.53 -0.5309999 1 1 1
v 0.15 0.53 -0.5509999 1 1 1
v 0.13 0.51 -0.5709999 1 1 1
v -0.13 0.51 -0.5709999 1 1 1
v -0.15 0.51 -0.5109999 1 1 1
v -0.15 0.51 -0.5509999 1 1 1
v 0.15 0.51 -0.5109999 1 1 1
v 0.15 0.51 -0.5509999 1 1 1
v 0.15 0.53 -0.5109999 1 1 1
v -0.15 0.53 -0.5109999 1 1 1
v -0.1 0.65 -0.5109999 1 1 1
v -0.01000001 0.65 -0.5109999 1 1 1
v -0.1 0.65 -0.4909999 1 1 1
v 0.09999999 0.65 -0.4909999 1 1 1
v 0.01000001 0.65 -0.5109999 1 1 1
v 0.09999999 0.65 -0.5109999 1 1 1
v 0.09999999 0.55 -0.5109999 1 1 1
v 0.09999999 0.55 -0.4909999 1 1 1
v -0.1 0.55 -0.5109999 1 1 1
v -0.1 0.55 -0.4909999 1 1 1
v -0.01000001 0.55 -0.5109999 1 1 1
v 0.01000001 0.55 -0.5109999 1 1 1
v 0.12 0.67 -0.5109999 1 1 1
v -0.12 0.67 -0.5109999 1 1 1
v -0.5199999 0.67 -0.5109999 1 1 1
v -0.5199999 0.67 -0.5309999 1 1 1
v -0.2799999 0.67 -0.5109999 1 1 1
v -0.2799999 0.67 -0.5309999 1 1 1
v -0.6199999 0.4 -0.1109999 1 1 1
v -0.6199999 0.4 -0.5109999 1 1 1
v -0.1999999 0.4 -0.1109999 1 1 1
v -0.5999999 0.4 -0.5309999 1 1 1
v -0.1999999 0.4 -0.5309999 1 1 1
v -0.5199999 0.53 -0.5309999 1 1 1
v -0.2799999 0.53 -0.5309999 1 1 1
v -0.6199999 0.45 -0.1109999 1 1 1
v -0.6199999 0.45 -0.5109999 1 1 1
v -0.5999999 0.45 -0.5309999 1 1 1
v -0.1999999 0.45 -0.5309999 1 1 1
v -0.2499999 0.53 -0.5309999 1 1 1
v -0.2499999 0.7 -0.5309999 1 1 1
v -0.5499999 0.7 -0.5309999 1 1 1
v -0.5499999 0.53 -0.5309999 1 1 1
v -0.5500001 0.53 -0.5509999 1 1 1
v -0.5500001 0.53 -0.5309999 1 1 1
v -0.5300001 0.53 -0.5709999 1 1 1
v -0.5200001 0.53 -0.5309999 1 1 1
v -0.2700001 0.53 -0.5709999 1 1 1
v -0.5200001 0.53 -0.5109999 1 1 1
v -0.2800001 0.53 -0.5309999 1 1 1
v -0.2800001 0.53 -0.5109999 1 1 1
v -0.2500001 0.53 -0.5309999 1 1 1
v -0.2500001 0.53 -0.5509999 1 1 1
v -0.2700001 0.51 -0.5709999 1 1 1
v -0.5300001 0.51 -0.5709999 1 1 1
v -0.5500001 0.51 -0.5109999 1 1 1
v -0.5500001 0.51 -0.5509999 1 1 1
v -0.2500001 0.51 -0.5109999 1 1 1
v -0.2500001 0.51 -0.5509999 1 1 1
v -0.2500001 0.53 -0.5109999 1 1 1
v -0.5500001 0.53 -0.5109999 1 1 1
v -0.5000001 0.65 -0.5109999 1 1 1
v -0.4100001 0.65 -0.5109999 1 1 1
v -0.5000001 0.65 -0.4909999 1 1 1
v -0.3000001 0.65 -0.4909999 1 1 1
v -0.3900001 0.65 -0.5109999 1 1 1
v -0.3000001 0.65 -0.5109999 1 1 1
v -0.3000001 0.55 -0.5109999 1 1 1
v -0.3000001 0.55 -0.4909999 1 1 1
v -0.5000001 0.55 -0.5109999 1 1 1
v -0.5000001 0.55 -0.4909999 1 1 1
v -0.4100001 0.55 -0.5109999 1 1 1
v -0.3900001 0.55 -0.5109999 1 1 1
v -0.2800001 0.67 -0.5109999 1 1 1
v -0.5200001 0.67 -0.5109999 1 1 1
v 0.1199998 1.804778E-16 -0.5310001 1 1 1
v 0.1199998 0.27 -0.5310001 1 1 1
v 0.1199998 1.804778E-16 -0.5110001 1 1 1
v 0.1199998 0.27 -0.5110001 1 1 1
v -0.1200002 0.27 -0.5310001 1 1 1
v -0.1200002 1.804778E-16 -0.5310001 1 1 1
v -0.1200002 0.27 -0.5110001 1 1 1
v -0.1200002 1.804778E-16 -0.5110001 1 1 1
v -0.1500002 0.05 -0.5310001 1 1 1
v -0.1500002 0.28 -0.5310001 1 1 1
v 0.1499998 0.28 -0.5310001 1 1 1
v 0.1499998 0.05 -0.5310001 1 1 1
v 0.1299998 0.3 -0.5310001 1 1 1
v -0.1300002 0.3 -0.5310001 1 1 1
v 0.1999998 1.8061E-16 -0.5310001 1 1 1
v 0.1999998 0.05 -0.5310001 1 1 1
v -0.2000002 1.8061E-16 -0.5310001 1 1 1
v -0.2000002 0.05 -0.5310001 1 1 1
v 0.1999998 1.804778E-16 -0.1110001 1 1 1
v -0.2000002 1.804778E-16 -0.1110001 1 1 1
v -0.02927022 0.1142649 -0.4910001 1 1 1
v -0.02927022 0.1142649 -0.5110001 1 1 1
v -0.01000018 0.1142649 -0.4910001 1 1 1
v -0.01000018 0.1142649 -0.5110001 1 1 1
v -0.02927022 0.1557351 -0.5110001 1 1 1
v -0.02927022 0.1557351 -0.4910001 1 1 1
v -0.01000018 0.1557351 -0.5110001 1 1 1
v -0.01000018 0.1557351 -0.4910001 1 1 1
v 0.01000018 0.1142649 -0.4910001 1 1 1
v 0.01000018 0.1142649 -0.5110001 1 1 1
v 0.02927022 0.1142649 -0.4910001 1 1 1
v 0.02927022 0.1142649 -0.5110001 1 1 1
v 0.01000018 0.1557351 -0.5110001 1 1 1
v 0.01000018 0.1557351 -0.4910001 1 1 1
v 0.02927022 0.1557351 -0.5110001 1 1 1
v 0.02927022 0.1557351 -0.4910001 1 1 1
v 0.43 1 0.1190001 1 1 1
v 0.03000002 0.9 0.1190001 1 1 1
v 0.03000002 0.9 -0.1809999 1 1 1
v 0.43 1 -0.1809999 1 1 1
v 0.09305929 0.8951493 -0.1209999 1 1 1
v 0.08820857 0.9145522 -0.1209999 1 1 1
v 0.3766422 0.966045 -0.1209999 1 1 1
v 0.1494029 0.9298507 -0.1209999 1 1 1
v 0.1688057 0.9347014 -0.1209999 1 1 1
v 0.2911943 0.9652986 -0.1209999 1 1 1
v 0.3105972 0.9701493 -0.1209999 1 1 1
v 0.3717915 0.9854479 -0.1209999 1 1 1
v 0.09305929 0.8951493 0.0590001 1 1 1
v 0.3766422 0.966045 0.0590001 1 1 1
v 0.08820857 0.9145522 0.0590001 1 1 1
v 0.1494029 0.9298507 0.0590001 1 1 1
v 0.1688057 0.9347014 0.0590001 1 1 1
v 0.2911943 0.9652986 0.0590001 1 1 1
v 0.3105972 0.9701493 0.0590001 1 1 1
v 0.3717915 0.9854479 0.0590001 1 1 1
v 0.43 1 0.5189999 1 1 1
v 0.03000002 0.9 0.5189999 1 1 1
v 0.03000002 0.9 0.219 1 1 1
v 0.43 1 0.219 1 1 1
v 0.09305929 0.8951493 0.279 1 1 1
v 0.08820857 0.9145522 0.279 1 1 1
v 0.3766422 0.966045 0.279 1 1 1
v 0.1494029 0.9298507 0.279 1 1 1
v 0.1688057 0.9347014 0.279 1 1 1
v 0.2911943 0.9652986 0.279 1 1 1
v 0.3105972 0.9701493 0.279 1 1 1
v 0.3717915 0.9854479 0.279 1 1 1
v 0.09305929 0.8951493 0.459 1 1 1
v 0.3766422 0.966045 0.459 1 1 1
v 0.08820857 0.9145522 0.459 1 1 1
v 0.1494029 0.9298507 0.459 1 1 1
v 0.1688057 0.9347014 0.459 1 1 1
v 0.2911943 0.9652986 0.459 1 1 1
v 0.3105972 0.9701493 0.459 1 1 1
v 0.3717915 0.9854479 0.459 1 1 1
v 0.1999999 0.8 0.289 1 1 1
v 0.2 0.8 0.289 1 1 1
v -0.2000001 0.8 0.2890001 1 1 1
v 5.960464E-08 0.8 -0.111 1 1 1
v 5.960464E-08 0.8 0.289 1 1 1
v -0.1999999 0.8 -0.1110001 1 1 1
v -0.2000001 0.8 -0.1110001 1 1 1
v 0.2 0.8 -0.111 1 1 1
v 0.1999999 0.8 -0.1110001 1 1 1
v -0.1999999 0.8 0.289 1 1 1
v -5.960464E-08 0.8 0.289 1 1 1
v -5.960464E-08 0.8 -0.111 1 1 1
v -0.6000002 0.4 0.289 1 1 1
v -1 0.4 0.289 1 1 1
v -1 0.4 0.2890001 1 1 1
v -1 0.4 0.289 1 1 1
v -1 0.4 0.2890001 1 1 1
v 0.5399998 3.981129E-17 -0.6810001 1 1 1
v 0.5699998 3.981129E-17 -0.6810001 1 1 1
v 0.5399998 0.3 -0.6810001 1 1 1
v 0.5699998 0.3 -0.6810001 1 1 1
v 0.5699998 -6.261583E-34 -0.6510001 1 1 1
v 0.5399998 -6.261583E-34 -0.6510001 1 1 1
v 0.5699998 0.3 -0.6510001 1 1 1
v 0.5399998 0.3 -0.6510001 1 1 1
v -0.5699998 1.300503E-16 -0.6810001 1 1 1
v -0.5399998 1.300503E-16 -0.6810001 1 1 1
v -0.5699998 0.3 -0.6810001 1 1 1
v -0.5399998 0.3 -0.6810001 1 1 1
v -0.5399998 9.023897E-17 -0.6510001 1 1 1
v -0.5699998 9.023897E-17 -0.6510001 1 1 1
v -0.5399998 0.3 -0.6510001 1 1 1
v -0.5699998 0.3 -0.6510001 1 1 1
v -0.1688693 1.86875 0.934 1 1 1
v -0.2058121 1.86875 1.023188 1 1 1
v -0.2058121 1.86875 0.844812 1 1 1
v -0.2950001 1.86875 0.8078692 1 1 1
v -0.2950001 1.86875 1.060131 1 1 1
v -0.384188 1.86875 0.844812 1 1 1
v -0.384188 1.86875 1.023188 1 1 1
v -0.4211309 1.86875 0.934 1 1 1
v -1.23 3.045563E-16 -0.1110001 1 1 1
v -0.77 3.045563E-16 -0.1110001 1 1 1
v -1.23 0.27 -0.1110001 1 1 1
v -0.77 0.27 -0.1110001 1 1 1
v -0.1 0.25 -0.5109999 1 1 1
v -0.1 0.02 -0.5109999 1 1 1
v -0.1 0.25 -0.4909999 1 1 1
v -0.1 0.02 -0.4909999 1 1 1
v 0.1 0.02 -0.5109999 1 1 1
v 0.1 0.02 -0.4909999 1 1 1
v 0.01 0.02 -0.5109999 1 1 1
v 0.01 0.02 -0.4909999 1 1 1
v 0.1 0.25 -0.5109999 1 1 1
v 0.1 0.25 -0.4909999 1 1 1
v 0.01 0.25 -0.5109999 1 1 1
v 0.01 0.25 -0.4909999 1 1 1
v -0.01 0.02 -0.5109999 1 1 1
v -0.01 0.25 -0.5109999 1 1 1
v -0.01 0.02 -0.4909999 1 1 1
v -0.01 0.25 -0.4909999 1 1 1
v -0.12 0.27 -0.5109999 1 1 1
v -0.12 1.804778E-16 -0.5109999 1 1 1
v 0.12 1.804778E-16 -0.5109999 1 1 1
v 0.12 0.27 -0.5109999 1 1 1
v -0.4249722 1.35954 0.8040279 1 1 1
v -0.2950001 1.35954 0.7501917 1 1 1
v -0.4179886 1.694252 0.8110115 1 1 1
v -0.2950001 1.694252 0.760068 1 1 1
v -0.165028 1.35954 1.063972 1 1 1
v -0.2950001 1.35954 1.117808 1 1 1
v -0.1720116 1.694252 1.056988 1 1 1
v -0.2950001 1.694252 1.107932 1 1 1
v -0.165028 1.35954 0.8040279 1 1 1
v -0.1720116 1.694252 0.8110115 1 1 1
v -0.1111918 1.35954 0.934 1 1 1
v -0.121068 1.694252 0.934 1 1 1
v -0.4788084 1.35954 0.934 1 1 1
v -0.4689321 1.694252 0.934 1 1 1
v -0.4249722 1.35954 1.063972 1 1 1
v -0.4179886 1.694252 1.056988 1 1 1
v -0.2950001 0.8574725 1.132623 1 1 1
v -0.4354475 0.8574725 1.074448 1 1 1
v -0.2950001 1.192184 1.122746 1 1 1
v -0.428464 1.192184 1.067464 1 1 1
v -0.1545526 0.8574725 1.074448 1 1 1
v -0.1615362 1.192184 1.067464 1 1 1
v -0.4354475 0.8574725 0.7935525 1 1 1
v -0.2950001 0.8574725 0.7353773 1 1 1
v -0.428464 1.192184 0.8005362 1 1 1
v -0.2950001 1.192184 0.7452536 1 1 1
v -0.4936228 0.8574725 0.934 1 1 1
v -0.4837465 1.192184 0.934 1 1 1
v -0.1545526 0.8574725 0.7935525 1 1 1
v -0.09637737 0.8574725 0.934 1 1 1
v -0.1615362 1.192184 0.8005362 1 1 1
v -0.1062537 1.192184 0.934 1 1 1

vn -1 0 1.192093E-07
vn -1.192093E-07 0 -1
vn -1.634387E-13 0 -1
vn 1 0 -1.634387E-13
vn 1 0 0
vn 0 1 0
vn 1 0 1.192093E-07
vn -1.192093E-07 0 1
vn 8.537615E-14 0 1
vn -1 0 8.537615E-14
vn -1 0 -1.224647E-16
vn 1.19238E-13 0 1
vn -1 0 1.19238E-13
vn -1.504352E-14 0 1
vn 7.729928E-14 0 1
vn -0.7067991 0.02949395 -0.7067991
vn 0 0.02949395 -0.9995649
vn -0.9995649 0.02949395 0
vn 0.7067991 0.02949395 -0.7067991
vn -0.7067991 0.02949395 0.7067991
vn 0 0.02949395 0.9995649
vn 0.9995649 0.02949395 0
vn 0.7067991 0.02949395 0.7067991
vn -1 0 0
vn 0 0 -1
vn -2.650391E-14 0 -1
vn -1 0 2.650391E-14
vn -0.9238797 0 -0.3826834
vn -0.3826836 0 -0.9238796
vn 0 -1 0
vn 0.3826834 0 -0.9238795
vn 0.9238795 0 -0.3826834
vn 0.9238795 0 0.3826834
vn 0.3826834 0 0.9238795
vn -0.3826834 0 0.9238795
vn -0.9238795 0 0.3826834
vn -1.490017E-08 0 -1
vn 1.490017E-08 0 1
vn -0.3712575 -0.09281436 0.9238795
vn 0.3712575 0.09281436 0.9238795
vn -0.8962948 -0.2240737 0.3826835
vn 0.8962948 0.2240737 0.3826835
vn -0.2425356 0.9701425 3.613821E-09
vn -0.9701425 -0.2425356 1.445528E-08
vn -0.8962948 -0.2240737 -0.3826835
vn -0.3712575 -0.09281436 -0.9238795
vn 0.3712575 0.09281436 -0.9238795
vn 0.8962948 0.2240737 -0.3826835
vn -0.3826834 0 -0.9238795
vn -0.9238795 0 -0.3826834
vn 0.9701425 0.2425356 -1.445528E-08
vn 0.9238796 0 0.3826836
vn 0.3826834 0 0.9238797
vn 0 0 1
vn -0.1950903 0 -0.9807853
vn 0.1950903 0 -0.9807853
vn 0.9807853 0 -0.1950903
vn -0.7071068 0 -0.7071068
vn -0.9807853 0 -0.1950903
vn 0.7071068 0 -0.7071068
vn -0.9870876 0.1601822 1.1767E-07
vn -0.7071068 0.7071068 8.42937E-08
vn 1.192093E-07 0 1
vn 1 0 -1.192093E-07
vn -0.1601823 0.9870875 1.909521E-08
vn -1 0 -1.192093E-07
vn 1.192093E-07 0 -1
vn -0.9238796 0 0.3826836
vn -0.3826834 0 0.9238797
vn 1 0 -2.707418E-13
vn -1 0 2.707418E-13
vn -4.124479E-14 0 -1
vn -1 0 4.124479E-14
vn 4.124479E-14 0 1
vn 1 0 -4.124479E-14
vn -0.7071068 0 -0.7071068
vn 0.7071068 0 0.7071068
vn 0.7071068 0 -0.7071068
vn -0.7071068 0 0.7071068
vn -0.3662924 0.9304998 0
vn -0.9179972 0.3965869 0
vn 0.7071068 0 0.7071068
vn -0.7071068 0 0.7071068
vn 0.7071068 -0.7071068 -8.431396E-14
vn -0.7071068 -0.7071068 8.431396E-14
vn 1 0 -1.19238E-13
vn -0.7071068 0.7071068 8.431396E-14
vn 0.7071068 0.7071068 -8.431396E-14
vn 0.7071068 -0.7071068 1.063738E-14
vn -0.7071068 -0.7071068 -1.063738E-14
vn 1 0 1.504352E-14
vn -1 0 -1.504352E-14
vn -0.7071068 0.7071068 -1.063738E-14
vn 0.7071068 0.7071068 1.063738E-14
vn 1 0 -7.729928E-14
vn 0.9238795 0.3826834 -7.141522E-14
vn -0.3826834 0.9238795 2.958115E-14
vn 0.3826834 0.9238795 -2.958115E-14
vn -0.9238795 0.3826834 7.141522E-14
vn -1 0 7.729928E-14
vn -0.7071068 -0.7071068 5.465884E-14
vn 0.7071068 -0.7071068 -5.465884E-14
vn -0.7071068 0.7071068 5.465884E-14
vn 0.7071068 0.7071068 -5.465884E-14
vn -7.729928E-14 0 -1
vn -0.9238795 0.3826834 0
vn 0.9238795 0.3826834 0
vn 0.3826834 0.9238795 0
vn -0.3826834 0.9238795 0
vn -0.7071068 -0.7071068 0
vn 0.7071068 -0.7071068 0
vn 0.7071068 0.7071068 0
vn -0.7071068 0.7071068 0
vn 0.7071068 -0.7071068 -1.874109E-14
vn -0.7071068 -0.7071068 1.874109E-14
vn 1 0 -2.650391E-14
vn -0.7071068 0.7071068 1.874109E-14
vn 0.7071068 0.7071068 -1.874109E-14
vn 1 0 -1.490017E-08
vn -1 0 1.490017E-08
vn -0.5425534 0.6413047 -0.5425534
vn 0 0.6413047 -0.7672864
vn 0.5425534 0.6413047 0.5425534
vn 0 0.6413047 0.7672864
vn 0.5425534 0.6413047 -0.5425534
vn 0.7672864 0.6413047 0
vn -0.7672864 0.6413047 0
vn -0.5425534 0.6413047 0.5425534

vt 0.96875 0.3
vt 0.96875 0.475
vt 0.96875 0.34
vt 0.96875 0.425
vt 0.96875 0.415
vt 0.96875 0.275
vt 0.59375 0.275
vt 0.59375 0.3
vt 0.59375 0.3216087
vt 0.59375 0.3772609
vt 0.59375 0.4523914
vt 0.59375 0.3953477
vt 0.59375 0.4704783
vt 0.59375 0.3727391
vt 0.59375 0.390826
vt 0.59375 0.4569132
vt 0.59375 0.475
vt 0.59375 0.375
vt 0.59375 0.4083334
vt 0.59375 0.4583333
vt 0.59375 0.395
vt 0.59375 0.425
vt 0.59375 0.325
vt 0.59375 0.3972222
vt 0.59375 0.41
vt 0.59375 0.34
vt 0.59375 0.3435714
vt 0.59375 0.2864286
vt 0.59375 0.355
vt 0.59375 0.415
vt 0.71875 0.3216087
vt 0.71875 0.4614349
vt 0.71875 0.3682174
vt 0.71875 0.3636957
vt 0.71875 0.3817826
vt 0.71875 0.4297829
vt 0.71875 0.3960435
vt 0.71875 0.4005652
vt 0.71875 0.4290871
vt 0.71875 0.4336088
vt 0.71875 0.4478697
vt 0.71875 0.4523914
vt 0.71875 0.3772609
vt 0.71875 0.4569132
vt 0.71875 0.3727391
vt 0.71875 0.375
vt 0.71875 0.395
vt 0.71875 0.475
vt 0.71875 0.275
vt 0.71875 0.41
vt 0.71875 0.3490741
vt 0.71875 0.2809259
vt 0.71875 0.355
vt 0.71875 0.575
vt 0.71875 0.675
vt 0.59375 0.1136957
vt 0.59375 0.1797829
vt 0.59375 0.03642857
vt 0.59375 0.09357143
vt 0.59375 0.03092593
vt 0.59375 0.09907407

usemtl colormap

f 6/2/2 5/1/2 3/2/2
f 1/1/2 3/2/2 5/1/2
f 4/2/1 3/2/1 2/1/1
f 1/1/1 2/1/1 3/2/1
f 12/2/4 11/1/4 9/2/4
f 7/1/4 9/2/4 11/1/4
f 10/2/3 9/2/3 8/1/3
f 7/1/3 8/1/3 9/2/3
f 15/2/5 14/1/5 13/2/5
f 14/1/5 15/2/5 16/1/5
f 19/2/5 18/1/5 17/2/5
f 18/1/5 19/2/5 20/1/5
f 23/2/6 22/2/6 21/2/6
f 22/2/6 23/2/6 24/2/6
f 30/2/8 29/1/8 27/2/8
f 25/1/8 27/2/8 29/1/8
f 28/2/7 27/2/7 26/1/7
f 25/1/7 26/1/7 27/2/7
f 36/2/10 35/1/10 33/2/10
f 31/1/10 33/2/10 35/1/10
f 34/2/9 33/2/9 32/1/9
f 31/1/9 32/1/9 33/2/9
f 42/2/8 41/1/8 39/2/8
f 37/1/8 39/2/8 41/1/8
f 40/2/7 39/2/7 38/1/7
f 37/1/7 38/1/7 39/2/7
f 48/2/10 47/1/10 45/2/10
f 43/1/10 45/2/10 47/1/10
f 46/2/9 45/2/9 44/1/9
f 43/1/9 44/1/9 45/2/9
f 51/2/11 50/1/11 49/2/11
f 50/1/11 51/2/11 52/1/11
f 55/2/11 54/1/11 53/2/11
f 54/1/11 55/2/11 56/1/11
f 59/2/8 58/1/8 57/2/8
f 58/1/8 59/2/8 60/1/8
f 63/3/12 62/3/12 61/3/12
f 63/3/12 64/3/12 62/3/12
f 63/3/12 65/1/12 64/3/12
f 66/1/12 64/3/12 65/1/12
f 65/1/12 63/3/12 67/2/12
f 67/2/12 63/3/12 68/4/12
f 64/3/12 66/1/12 69/2/12
f 67/2/12 68/4/12 69/2/12
f 64/3/12 69/2/12 70/4/12
f 70/4/12 69/2/12 68/4/12
f 71/2/13 65/1/13 67/2/13
f 65/1/13 71/2/13 72/1/13
f 75/3/14 74/3/14 73/3/14
f 75/3/14 76/3/14 74/3/14
f 75/3/14 77/1/14 76/3/14
f 78/1/14 76/3/14 77/1/14
f 77/1/14 75/3/14 79/2/14
f 79/2/14 75/3/14 80/4/14
f 76/3/14 78/1/14 81/2/14
f 79/2/14 80/4/14 81/2/14
f 76/3/14 81/2/14 82/4/14
f 82/4/14 81/2/14 80/4/14
f 85/2/15 84/1/15 83/1/15
f 84/1/15 85/2/15 86/5/15
f 86/5/15 85/2/15 87/4/15
f 88/4/15 86/5/15 87/4/15
f 87/4/15 85/2/15 88/4/15
f 88/4/15 85/2/15 89/4/15
f 89/4/15 85/2/15 90/4/15
f 91/2/15 90/4/15 85/2/15
f 90/4/15 92/5/15 89/4/15
f 91/2/15 92/5/15 90/4/15
f 93/1/15 92/5/15 91/2/15
f 92/5/15 93/1/15 94/1/15
f 97/2/16 96/6/17 95/6/16
f 98/6/18 97/2/16 95/6/16
f 96/6/17 97/2/16 99/2/17
f 97/2/16 98/6/18 100/2/18
f 99/2/17 101/6/19 96/6/17
f 101/6/19 99/2/17 102/2/19
f 103/6/20 100/2/18 98/6/18
f 100/2/18 103/6/20 104/2/20
f 103/6/20 105/2/21 104/2/20
f 105/2/21 103/6/20 106/6/21
f 102/2/19 107/6/22 101/6/19
f 107/6/22 102/2/19 108/2/22
f 106/6/21 109/2/23 105/2/21
f 109/2/23 107/6/22 108/2/22
f 109/2/23 106/6/21 110/6/23
f 107/6/22 109/2/23 110/6/23
f 113/1/24 112/2/24 111/1/24
f 112/2/24 113/1/24 114/2/24
f 112/2/25 115/1/25 111/1/25
f 115/1/25 112/2/25 116/5/25
f 116/5/25 112/2/25 117/4/25
f 117/4/25 112/2/25 118/4/25
f 119/2/25 118/4/25 112/2/25
f 119/2/25 120/5/25 118/4/25
f 121/1/25 120/5/25 119/2/25
f 120/5/25 121/1/25 122/1/25
f 125/3/25 124/3/25 123/3/25
f 125/3/25 126/3/25 124/3/25
f 125/3/25 127/1/25 126/3/25
f 128/1/25 126/3/25 127/1/25
f 127/1/25 125/3/25 129/2/25
f 129/2/25 125/3/25 130/4/25
f 126/3/25 128/1/25 131/2/25
f 129/2/25 130/4/25 131/2/25
f 126/3/25 131/2/25 132/4/25
f 132/4/25 131/2/25 130/4/25
f 133/2/5 127/1/5 129/2/5
f 127/1/5 133/2/5 134/1/5
f 142/4/26 143/2/26 144/4/26
f 144/4/26 143/2/26 138/3/26
f 143/2/26 142/4/26 141/2/26
f 143/2/26 140/1/26 138/3/26
f 142/4/26 137/3/26 141/2/26
f 141/2/26 137/3/26 139/1/26
f 139/1/26 138/3/26 140/1/26
f 138/3/26 139/1/26 137/3/26
f 136/3/26 138/3/26 137/3/26
f 135/3/26 136/3/26 137/3/26
f 156/1/27 155/2/27 149/1/27
f 151/2/27 149/1/27 155/2/27
f 152/4/26 153/2/26 154/4/26
f 154/4/26 153/2/26 148/3/26
f 153/2/26 152/4/26 151/2/26
f 153/2/26 150/1/26 148/3/26
f 152/4/26 147/3/26 151/2/26
f 151/2/26 147/3/26 149/1/26
f 149/1/26 148/3/26 150/1/26
f 148/3/26 149/1/26 147/3/26
f 146/3/26 148/3/26 147/3/26
f 145/3/26 146/3/26 147/3/26
f 159/2/25 158/1/25 157/1/25
f 158/1/25 159/2/25 160/5/25
f 160/5/25 159/2/25 161/4/25
f 161/4/25 159/2/25 162/4/25
f 163/2/25 162/4/25 159/2/25
f 163/2/25 164/5/25 162/4/25
f 165/1/25 164/5/25 163/2/25
f 164/5/25 165/1/25 166/1/25
f 1/8/6 5/8/6 174/8/6
f 174/8/6 172/8/6 1/8/6
f 172/8/6 169/8/6 1/8/6
f 1/8/6 169/8/6 2/8/6
f 170/8/6 2/8/6 169/8/6
f 171/7/30 173/7/30 167/7/30
f 167/7/30 173/7/30 168/7/30
f 175/7/30 168/7/30 173/7/30
f 169/8/28 172/8/29 167/7/28
f 171/7/29 167/7/28 172/8/29
f 174/8/2 173/7/2 172/8/29
f 171/7/29 172/8/29 173/7/2
f 170/8/1 169/8/28 168/7/1
f 167/7/28 168/7/1 169/8/28
f 183/8/6 181/8/6 11/8/6
f 11/8/6 181/8/6 7/8/6
f 181/8/6 178/8/6 7/8/6
f 7/8/6 178/8/6 8/8/6
f 179/8/6 8/8/6 178/8/6
f 180/7/30 182/7/30 176/7/30
f 176/7/30 182/7/30 177/7/30
f 184/7/30 177/7/30 182/7/30
f 178/8/31 181/8/32 176/7/31
f 180/7/32 176/7/31 181/8/32
f 183/8/4 182/7/4 181/8/32
f 180/7/32 181/8/32 182/7/4
f 179/8/3 178/8/31 177/7/3
f 176/7/31 177/7/3 178/8/31
f 187/9/33 186/7/34 185/7/33
f 186/7/34 187/9/33 188/9/34
f 188/9/34 189/7/35 186/7/34
f 189/7/35 188/9/34 190/9/35
f 190/9/35 191/7/36 189/7/35
f 191/7/36 190/9/35 192/9/36
f 195/12/37 194/11/37 193/10/37
f 194/11/37 195/12/37 196/13/37
f 199/11/38 198/12/38 197/10/38
f 198/12/38 199/11/38 200/13/38
f 203/11/40 202/12/39 201/10/39
f 202/12/39 203/11/40 204/13/40
f 201/10/39 206/15/41 205/14/41
f 206/15/41 201/10/39 202/12/39
f 207/16/42 204/13/40 203/11/40
f 204/13/40 207/16/42 208/17/42
f 202/12/43 209/15/43 206/15/43
f 209/15/43 202/12/43 195/12/43
f 195/12/43 210/12/43 209/15/43
f 210/12/43 195/12/43 198/12/43
f 195/12/43 202/12/43 196/13/43
f 196/13/43 202/12/43 204/13/43
f 210/12/43 198/12/43 200/13/43
f 196/13/43 204/13/43 208/17/43
f 196/13/43 208/17/43 200/13/43
f 210/12/43 200/13/43 211/13/43
f 200/13/43 208/17/43 211/13/43
f 211/13/43 208/17/43 212/17/43
f 200/13/44 194/11/44 196/13/44
f 194/11/44 200/13/44 199/11/44
f 209/15/45 205/14/41 206/15/41
f 205/14/41 209/15/45 213/14/45
f 209/15/45 214/10/46 213/14/45
f 214/10/46 209/15/45 210/12/46
f 211/13/47 216/16/48 215/11/47
f 216/16/48 211/13/47 212/17/48
f 207/16/42 212/17/48 208/17/42
f 212/17/48 207/16/42 216/16/48
f 219/7/50 218/9/49 217/7/49
f 218/9/49 219/7/50 220/9/50
f 210/12/46 215/11/47 214/10/46
f 215/11/47 210/12/46 211/13/47
f 220/9/50 191/7/36 192/9/36
f 191/7/36 220/9/50 219/7/50
f 197/10/51 195/12/51 193/10/51
f 195/12/51 197/10/51 198/12/51
f 223/7/31 222/9/32 221/7/32
f 222/9/32 223/7/31 224/9/31
f 221/7/32 187/9/33 185/7/33
f 187/9/33 221/7/32 222/9/32
f 222/9/6 188/9/6 187/9/6
f 224/9/6 188/9/6 222/9/6
f 225/9/6 188/9/6 224/9/6
f 218/9/6 225/9/6 224/9/6
f 226/9/6 188/9/6 225/9/6
f 218/9/6 227/9/6 225/9/6
f 228/9/6 188/9/6 226/9/6
f 218/9/6 228/9/6 227/9/6
f 188/9/6 228/9/6 190/9/6
f 218/9/6 190/9/6 228/9/6
f 220/9/6 190/9/6 218/9/6
f 190/9/6 220/9/6 192/9/6
f 217/7/49 224/9/31 223/7/31
f 224/9/31 217/7/49 218/9/49
f 231/8/5 230/7/5 229/8/5
f 230/7/5 231/8/5 232/7/5
f 229/8/6 16/8/6 231/8/6
f 16/8/6 229/8/6 14/8/6
f 233/7/30 230/7/30 232/7/30
f 230/7/30 233/7/30 234/7/30
f 237/8/5 236/7/5 235/8/5
f 236/7/5 237/8/5 238/7/5
f 235/8/6 20/8/6 237/8/6
f 20/8/6 235/8/6 18/8/6
f 239/7/30 236/7/30 238/7/30
f 236/7/30 239/7/30 240/7/30
f 243/7/30 242/7/30 241/7/30
f 242/7/30 243/7/30 244/7/30
f 252/8/6 250/8/6 29/8/6
f 29/8/6 250/8/6 25/8/6
f 250/8/6 247/8/6 25/8/6
f 25/8/6 247/8/6 26/8/6
f 248/8/6 26/8/6 247/8/6
f 249/7/30 251/7/30 245/7/30
f 251/7/30 253/7/30 245/7/30
f 246/7/30 245/7/30 253/7/30
f 247/8/52 250/8/53 245/7/52
f 249/7/53 245/7/52 250/8/53
f 252/8/8 251/7/8 250/8/53
f 249/7/53 250/8/53 251/7/8
f 248/8/7 247/8/52 246/7/7
f 245/7/52 246/7/7 247/8/52
f 261/8/6 259/8/6 35/8/6
f 35/8/6 259/8/6 31/8/6
f 259/8/6 256/8/6 31/8/6
f 31/8/6 256/8/6 32/8/6
f 257/8/6 32/8/6 256/8/6
f 258/7/30 260/7/30 254/7/30
f 260/7/30 262/7/30 254/7/30
f 255/7/30 254/7/30 262/7/30
f 256/8/35 259/8/36 254/7/35
f 258/7/36 254/7/35 259/8/36
f 261/8/10 260/7/10 259/8/36
f 258/7/36 259/8/36 260/7/10
f 257/8/9 256/8/35 255/7/9
f 254/7/35 255/7/9 256/8/35
f 270/8/6 268/8/6 41/8/6
f 41/8/6 268/8/6 37/8/6
f 268/8/6 265/8/6 37/8/6
f 37/8/6 265/8/6 38/8/6
f 266/8/6 38/8/6 265/8/6
f 267/7/30 269/7/30 263/7/30
f 269/7/30 271/7/30 263/7/30
f 264/7/30 263/7/30 271/7/30
f 265/8/52 268/8/53 263/7/52
f 267/7/53 263/7/52 268/8/53
f 270/8/8 269/7/8 268/8/53
f 267/7/53 268/8/53 269/7/8
f 266/8/7 265/8/52 264/7/7
f 263/7/52 264/7/7 265/8/52
f 279/8/6 277/8/6 47/8/6
f 47/8/6 277/8/6 43/8/6
f 277/8/6 274/8/6 43/8/6
f 43/8/6 274/8/6 44/8/6
f 275/8/6 44/8/6 274/8/6
f 276/7/30 278/7/30 272/7/30
f 272/7/30 278/7/30 273/7/30
f 280/7/30 273/7/30 278/7/30
f 274/8/35 277/8/36 272/7/35
f 276/7/36 272/7/35 277/8/36
f 279/8/10 278/7/10 277/8/36
f 276/7/36 277/8/36 278/7/10
f 275/8/9 274/8/35 273/7/9
f 272/7/35 273/7/9 274/8/35
f 283/8/11 282/7/11 281/8/11
f 282/7/11 283/8/11 284/7/11
f 281/8/6 52/8/6 283/8/6
f 52/8/6 281/8/6 50/8/6
f 285/7/30 282/7/30 284/7/30
f 282/7/30 285/7/30 286/7/30
f 289/8/11 288/7/11 287/8/11
f 288/7/11 289/8/11 290/7/11
f 287/8/6 56/8/6 289/8/6
f 56/8/6 287/8/6 54/8/6
f 291/7/30 288/7/30 290/7/30
f 288/7/30 291/7/30 292/7/30
f 295/8/8 294/7/8 293/8/8
f 294/7/8 295/8/8 296/7/8
f 293/8/6 60/8/6 295/8/6
f 60/8/6 293/8/6 58/8/6
f 297/7/30 294/7/30 296/7/30
f 294/7/30 297/7/30 298/7/30
f 301/7/30 300/7/30 299/7/30
f 300/7/30 301/7/30 302/7/30
f 302/7/30 301/7/30 303/7/30
f 303/7/30 301/7/30 304/7/30
f 304/7/30 301/7/30 305/7/30
f 305/7/30 301/7/30 306/7/30
f 309/17/54 308/18/54 307/18/54
f 308/18/54 309/17/54 310/17/54
f 311/17/55 303/7/56 304/7/55
f 303/7/56 311/17/55 312/17/56
f 314/17/5 300/7/57 313/17/57
f 300/7/57 314/17/5 299/7/5
f 306/7/59 315/17/58 305/7/58
f 315/17/58 306/7/59 316/17/59
f 317/17/5 308/18/5 310/17/5
f 308/18/5 317/17/5 318/18/5
f 319/17/6 315/17/6 316/17/6
f 317/17/6 315/17/6 319/17/6
f 310/17/6 315/17/6 317/17/6
f 310/17/6 311/17/6 315/17/6
f 309/17/6 311/17/6 310/17/6
f 311/17/6 309/17/6 312/17/6
f 320/17/6 312/17/6 309/17/6
f 320/17/6 321/17/6 312/17/6
f 314/17/6 321/17/6 320/17/6
f 321/17/6 314/17/6 313/17/6
f 301/7/24 316/17/59 306/7/59
f 316/17/59 301/7/24 319/17/24
f 313/17/57 302/7/60 321/17/60
f 302/7/60 313/17/57 300/7/57
f 322/18/24 309/17/24 307/18/24
f 309/17/24 322/18/24 320/17/24
f 322/18/54 314/17/54 320/17/54
f 322/18/54 299/7/54 314/17/54
f 299/7/54 322/18/54 301/7/54
f 318/18/54 301/7/54 322/18/54
f 301/7/54 318/18/54 319/17/54
f 319/17/54 318/18/54 317/17/54
f 312/17/56 302/7/60 303/7/56
f 302/7/60 312/17/56 321/17/60
f 315/17/58 304/7/55 305/7/58
f 304/7/55 315/17/58 311/17/55
f 325/19/2 324/17/2 323/19/2
f 324/17/2 325/19/2 326/17/2
f 327/7/2 326/17/2 325/19/2
f 327/7/2 328/20/2 326/17/2
f 329/7/2 328/20/2 327/7/2
f 328/20/2 329/7/2 330/19/2
f 332/20/62 330/19/61 331/19/61
f 330/19/61 332/20/62 328/20/62
f 333/19/30 325/19/30 323/19/30
f 325/19/30 333/19/30 334/19/30
f 336/7/63 331/19/63 335/7/63
f 331/19/63 336/7/63 332/20/63
f 332/20/63 336/7/63 337/17/63
f 337/17/63 336/7/63 334/19/63
f 337/17/63 334/19/63 333/19/63
f 337/17/63 333/19/63 338/17/63
f 331/19/61 329/7/1 335/7/1
f 329/7/1 331/19/61 330/19/61
f 325/19/64 336/7/64 327/7/64
f 336/7/64 325/19/64 334/19/64
f 337/17/65 324/17/6 326/17/65
f 324/17/6 337/17/65 338/17/6
f 328/20/62 337/17/65 326/17/65
f 337/17/65 328/20/62 332/20/62
f 341/19/2 340/17/2 339/19/2
f 340/17/2 341/19/2 342/17/2
f 343/7/2 342/17/2 341/19/2
f 343/7/2 344/20/2 342/17/2
f 345/7/2 344/20/2 343/7/2
f 344/20/2 345/7/2 346/19/2
f 348/20/62 346/19/61 347/19/61
f 346/19/61 348/20/62 344/20/62
f 349/19/30 341/19/30 339/19/30
f 341/19/30 349/19/30 350/19/30
f 352/7/63 347/19/63 351/7/63
f 347/19/63 352/7/63 348/20/63
f 348/20/63 352/7/63 353/17/63
f 353/17/63 352/7/63 350/19/63
f 353/17/63 350/19/63 349/19/63
f 353/17/63 349/19/63 354/17/63
f 347/19/61 345/7/1 351/7/1
f 345/7/1 347/19/61 346/19/61
f 341/19/64 352/7/64 343/7/64
f 352/7/64 341/19/64 350/19/64
f 353/17/65 340/17/6 342/17/65
f 340/17/6 353/17/65 354/17/6
f 344/20/62 353/17/65 342/17/65
f 353/17/65 344/20/62 348/20/62
f 357/7/36 356/17/50 355/7/50
f 356/17/50 357/7/36 358/17/36
f 361/17/49 360/7/31 359/7/49
f 360/7/31 361/17/49 362/17/31
f 365/17/34 364/7/35 363/7/34
f 364/7/35 365/17/34 366/17/35
f 369/17/33 368/7/32 367/17/32
f 368/7/32 369/17/33 370/7/33
f 355/7/50 361/17/49 359/7/49
f 361/17/49 355/7/50 356/17/50
f 364/7/35 358/17/36 357/7/36
f 358/17/36 364/7/35 366/17/35
f 365/17/34 370/7/33 369/17/33
f 370/7/33 365/17/34 363/7/34
f 367/17/32 360/7/31 362/17/31
f 360/7/31 367/17/32 368/7/32
f 362/17/6 369/17/6 367/17/6
f 369/17/6 362/17/6 365/17/6
f 365/17/6 362/17/6 361/17/6
f 365/17/6 361/17/6 366/17/6
f 366/17/6 361/17/6 356/17/6
f 366/17/6 356/17/6 358/17/6
f 373/9/33 372/7/34 371/7/33
f 372/7/34 373/9/33 374/9/34
f 374/9/34 375/7/35 372/7/34
f 375/7/35 374/9/34 376/9/35
f 376/9/35 377/7/36 375/7/35
f 377/7/36 376/9/35 378/9/36
f 381/12/37 380/11/37 379/10/37
f 380/11/37 381/12/37 382/13/37
f 385/11/38 384/12/38 383/10/38
f 384/12/38 385/11/38 386/13/38
f 389/11/40 388/12/39 387/10/39
f 388/12/39 389/11/40 390/13/40
f 387/10/39 392/15/41 391/14/41
f 392/15/41 387/10/39 388/12/39
f 393/16/42 390/13/40 389/11/40
f 390/13/40 393/16/42 394/17/42
f 388/12/43 395/15/43 392/15/43
f 395/15/43 388/12/43 381/12/43
f 381/12/43 396/12/43 395/15/43
f 396/12/43 381/12/43 384/12/43
f 381/12/43 388/12/43 382/13/43
f 382/13/43 388/12/43 390/13/43
f 396/12/43 384/12/43 386/13/43
f 382/13/43 390/13/43 394/17/43
f 382/13/43 394/17/43 386/13/43
f 396/12/43 386/13/43 397/13/43
f 386/13/43 394/17/43 397/13/43
f 397/13/43 394/17/43 398/17/43
f 386/13/44 380/11/44 382/13/44
f 380/11/44 386/13/44 385/11/44
f 395/15/45 391/14/41 392/15/41
f 391/14/41 395/15/45 399/14/45
f 395/15/45 400/10/46 399/14/45
f 400/10/46 395/15/45 396/12/46
f 397/13/47 402/16/48 401/11/47
f 402/16/48 397/13/47 398/17/48
f 393/16/42 398/17/48 394/17/42
f 398/17/48 393/16/42 402/16/48
f 405/7/50 404/9/49 403/7/49
f 404/9/49 405/7/50 406/9/50
f 396/12/46 401/11/47 400/10/46
f 401/11/47 396/12/46 397/13/47
f 406/9/50 377/7/36 378/9/36
f 377/7/36 406/9/50 405/7/50
f 383/10/51 381/12/51 379/10/51
f 381/12/51 383/10/51 384/12/51
f 409/7/31 408/9/32 407/7/32
f 408/9/32 409/7/31 410/9/31
f 407/7/32 373/9/33 371/7/33
f 373/9/33 407/7/32 408/9/32
f 408/9/6 374/9/6 373/9/6
f 410/9/6 374/9/6 408/9/6
f 411/9/6 374/9/6 410/9/6
f 404/9/6 411/9/6 410/9/6
f 412/9/6 374/9/6 411/9/6
f 404/9/6 413/9/6 411/9/6
f 414/9/6 374/9/6 412/9/6
f 404/9/6 414/9/6 413/9/6
f 374/9/6 414/9/6 376/9/6
f 404/9/6 376/9/6 414/9/6
f 406/9/6 376/9/6 404/9/6
f 376/9/6 406/9/6 378/9/6
f 403/7/49 410/9/31 409/7/31
f 410/9/31 403/7/49 404/9/49
f 426/17/66 424/17/66 427/21/66
f 425/21/66 427/21/66 424/17/66
f 431/17/53 430/22/53 429/17/52
f 428/22/52 429/17/52 430/22/53
f 419/17/8 418/22/8 431/17/53
f 430/22/53 431/17/53 418/22/8
f 431/17/6 429/17/6 419/17/6
f 419/17/6 429/17/6 416/17/6
f 416/17/6 429/17/6 426/17/6
f 426/17/6 429/17/6 424/17/6
f 422/17/6 424/17/6 429/17/6
f 421/22/30 423/22/30 420/22/30
f 428/22/30 420/22/30 423/22/30
f 430/22/30 418/22/30 428/22/30
f 428/22/30 418/22/30 420/22/30
f 417/22/30 420/22/30 418/22/30
f 422/17/7 429/17/52 423/22/7
f 428/22/52 423/22/7 429/17/52
f 415/21/67 416/17/67 427/21/67
f 426/17/67 427/21/67 416/17/67
f 425/21/67 424/17/67 40/21/67
f 40/21/67 424/17/67 421/22/67
f 421/22/67 424/17/67 423/22/67
f 422/17/67 423/22/67 424/17/67
f 421/22/7 420/22/7 40/21/7
f 39/21/7 40/21/7 420/22/7
f 417/22/8 42/21/8 420/22/8
f 39/21/8 420/22/8 42/21/8
f 419/17/66 416/17/66 418/22/66
f 418/22/66 416/17/66 417/22/66
f 417/22/66 416/17/66 42/21/66
f 415/21/66 42/21/66 416/17/66
f 434/22/30 433/22/30 432/22/30
f 433/22/30 434/22/30 435/22/30
f 437/21/63 433/22/63 436/21/63
f 433/22/63 437/21/63 432/22/63
f 440/17/2 439/21/2 438/17/2
f 439/21/2 440/17/2 441/21/2
f 438/17/6 442/17/6 440/17/6
f 442/17/6 438/17/6 443/17/6
f 434/22/63 443/17/63 435/22/63
f 443/17/63 434/22/63 442/17/63
f 446/22/30 445/22/30 444/22/30
f 445/22/30 446/22/30 447/22/30
f 449/21/24 445/22/24 448/21/24
f 445/22/24 449/21/24 444/22/24
f 452/17/5 451/21/5 450/17/5
f 451/21/5 452/17/5 453/21/5
f 450/17/6 454/17/6 452/17/6
f 454/17/6 450/17/6 455/17/6
f 446/22/24 455/17/24 447/22/24
f 455/17/24 446/22/24 454/17/24
f 458/17/54 457/21/54 456/21/54
f 457/21/54 458/17/54 459/22/54
f 459/22/54 458/17/54 460/22/54
f 460/22/54 458/17/54 461/17/54
f 457/21/24 463/22/24 462/21/24
f 463/22/24 457/21/24 459/22/24
f 463/22/25 464/21/25 462/21/25
f 464/21/25 463/22/25 465/22/25
f 468/17/5 467/22/5 466/17/5
f 467/22/5 468/17/5 465/22/5
f 465/22/5 468/17/5 464/21/5
f 464/21/5 468/17/5 469/21/5
f 458/17/5 471/21/5 470/17/5
f 471/21/5 458/17/5 456/21/5
f 473/17/49 467/22/25 472/22/49
f 467/22/25 473/17/49 466/17/25
f 460/22/30 463/22/30 459/22/30
f 463/22/30 460/22/30 472/22/30
f 472/22/30 460/22/30 474/22/30
f 467/22/30 463/22/30 472/22/30
f 463/22/30 467/22/30 465/22/30
f 473/17/6 468/17/6 466/17/6
f 468/17/6 473/17/6 470/17/6
f 470/17/6 473/17/6 458/17/6
f 458/17/6 473/17/6 461/17/6
f 461/17/6 473/17/6 475/17/6
f 460/22/24 475/17/50 474/22/50
f 475/17/50 460/22/24 461/17/24
f 474/22/50 473/17/49 472/22/49
f 473/17/49 474/22/50 475/17/50
f 468/17/54 471/21/54 469/21/54
f 471/21/54 468/17/54 470/17/54
f 478/22/30 477/22/30 476/22/30
f 477/22/30 478/22/30 479/22/30
f 481/21/67 477/22/67 480/21/67
f 477/22/67 481/21/67 476/22/67
f 484/17/8 483/21/8 482/17/8
f 483/21/8 484/17/8 485/21/8
f 482/17/6 486/17/6 484/17/6
f 486/17/6 482/17/6 487/17/6
f 478/22/67 487/17/67 479/22/67
f 487/17/67 478/22/67 486/17/67
f 502/17/54 500/17/54 503/21/54
f 501/21/54 503/21/54 500/17/54
f 507/17/32 506/22/32 505/17/31
f 504/22/31 505/17/31 506/22/32
f 493/17/5 492/22/5 507/17/32
f 506/22/32 507/17/32 492/22/5
f 507/17/6 505/17/6 493/17/6
f 493/17/6 505/17/6 490/17/6
f 490/17/6 505/17/6 502/17/6
f 502/17/6 505/17/6 500/17/6
f 498/17/6 500/17/6 505/17/6
f 497/22/30 499/22/30 495/22/30
f 504/22/30 495/22/30 499/22/30
f 506/22/30 492/22/30 504/22/30
f 504/22/30 492/22/30 495/22/30
f 491/22/30 495/22/30 492/22/30
f 498/17/25 505/17/31 499/22/25
f 504/22/31 499/22/25 505/17/31
f 488/21/24 490/17/24 503/21/24
f 502/17/24 503/21/24 490/17/24
f 501/21/24 500/17/24 496/21/24
f 496/21/24 500/17/24 497/22/24
f 497/22/24 500/17/24 499/22/24
f 498/17/24 499/22/24 500/17/24
f 497/22/25 495/22/25 496/21/25
f 494/21/25 496/21/25 495/22/25
f 491/22/5 489/21/5 495/22/5
f 494/21/5 495/22/5 489/21/5
f 493/17/54 490/17/54 492/22/54
f 492/22/54 490/17/54 491/22/54
f 491/22/54 490/17/54 489/21/54
f 488/21/54 489/21/54 490/17/54
f 510/17/64 509/21/64 508/21/64
f 509/21/64 510/17/64 511/22/64
f 511/22/64 510/17/64 512/22/64
f 512/22/64 510/17/64 513/17/64
f 509/21/63 515/22/63 514/21/63
f 515/22/63 509/21/63 511/22/63
f 515/22/1 516/21/1 514/21/1
f 516/21/1 515/22/1 517/22/1
f 520/17/2 519/22/2 518/17/2
f 519/22/2 520/17/2 517/22/2
f 517/22/2 520/17/2 516/21/2
f 516/21/2 520/17/2 521/21/2
f 510/17/2 523/21/2 522/17/2
f 523/21/2 510/17/2 508/21/2
f 525/17/68 519/22/1 524/22/68
f 519/22/1 525/17/68 518/17/1
f 512/22/30 515/22/30 511/22/30
f 515/22/30 512/22/30 524/22/30
f 524/22/30 512/22/30 526/22/30
f 519/22/30 515/22/30 524/22/30
f 515/22/30 519/22/30 517/22/30
f 525/17/6 520/17/6 518/17/6
f 520/17/6 525/17/6 522/17/6
f 522/17/6 525/17/6 510/17/6
f 510/17/6 525/17/6 513/17/6
f 513/17/6 525/17/6 527/17/6
f 512/22/63 527/17/69 526/22/69
f 527/17/69 512/22/63 513/17/63
f 526/22/69 525/17/68 524/22/68
f 525/17/68 526/22/69 527/17/69
f 520/17/64 523/21/64 521/21/64
f 523/21/64 520/17/64 522/17/64
f 530/22/30 529/22/30 528/22/30
f 529/22/30 530/22/30 531/22/30
f 533/21/70 529/22/70 532/21/70
f 529/22/70 533/21/70 528/22/70
f 536/17/71 535/21/71 534/17/71
f 535/21/71 536/17/71 537/21/71
f 534/17/6 538/17/6 536/17/6
f 538/17/6 534/17/6 539/17/6
f 530/22/70 539/17/70 531/22/70
f 539/17/70 530/22/70 538/17/70
f 542/22/30 541/22/30 540/22/30
f 541/22/30 542/22/30 543/22/30
f 545/21/67 540/22/67 544/21/67
f 540/22/67 545/21/67 542/22/67
f 548/17/8 547/21/8 546/17/8
f 547/21/8 548/17/8 549/21/8
f 550/17/6 548/17/6 546/17/6
f 548/17/6 550/17/6 551/17/6
f 543/22/67 550/17/67 541/22/67
f 550/17/67 543/22/67 551/17/67
f 550/17/7 540/22/7 541/22/7
f 546/17/7 540/22/7 550/17/7
f 547/21/7 540/22/7 546/17/7
f 540/22/7 547/21/7 544/21/7
f 554/22/30 553/22/30 552/22/30
f 553/22/30 554/22/30 555/22/30
f 557/21/63 553/22/63 556/21/63
f 553/22/63 557/21/63 552/22/63
f 560/17/2 559/21/2 558/17/2
f 559/21/2 560/17/2 561/21/2
f 558/17/6 562/17/6 560/17/6
f 562/17/6 558/17/6 563/17/6
f 554/22/63 563/17/63 555/22/63
f 563/17/63 554/22/63 562/17/63
f 560/17/64 557/21/64 561/21/64
f 557/21/64 560/17/64 552/22/64
f 552/22/64 560/17/64 554/22/64
f 554/22/64 560/17/64 562/17/64
f 565/17/54 114/21/54 564/21/54
f 114/21/54 565/17/54 566/22/54
f 566/22/54 565/17/54 567/22/54
f 567/22/54 565/17/54 568/17/54
f 114/21/24 569/22/24 112/21/24
f 569/22/24 114/21/24 566/22/24
f 569/22/25 570/21/25 112/21/25
f 570/21/25 569/22/25 571/22/25
f 574/17/5 573/22/5 572/17/5
f 573/22/5 574/17/5 571/22/5
f 571/22/5 574/17/5 570/21/5
f 570/21/5 574/17/5 575/21/5
f 565/17/5 577/21/5 576/17/5
f 577/21/5 565/17/5 564/21/5
f 579/17/49 573/22/25 578/22/49
f 573/22/25 579/17/49 572/17/25
f 567/22/30 569/22/30 566/22/30
f 569/22/30 567/22/30 578/22/30
f 578/22/30 567/22/30 580/22/30
f 573/22/30 569/22/30 578/22/30
f 569/22/30 573/22/30 571/22/30
f 579/17/6 574/17/6 572/17/6
f 574/17/6 579/17/6 576/17/6
f 576/17/6 579/17/6 565/17/6
f 565/17/6 579/17/6 568/17/6
f 568/17/6 579/17/6 581/17/6
f 567/22/24 581/17/50 580/22/50
f 581/17/50 567/22/24 568/17/24
f 580/22/50 579/17/49 578/22/49
f 579/17/49 580/22/50 581/17/50
f 574/17/54 577/21/54 575/21/54
f 577/21/54 574/17/54 576/17/54
f 596/17/72 594/17/72 597/21/72
f 595/21/72 597/21/72 594/17/72
f 601/17/36 600/22/36 599/17/35
f 598/22/35 599/17/35 600/22/36
f 587/17/73 586/22/73 601/17/36
f 600/22/36 601/17/36 586/22/73
f 601/17/6 599/17/6 587/17/6
f 587/17/6 599/17/6 584/17/6
f 584/17/6 599/17/6 596/17/6
f 596/17/6 599/17/6 594/17/6
f 592/17/6 594/17/6 599/17/6
f 591/22/30 593/22/30 589/22/30
f 598/22/30 589/22/30 593/22/30
f 600/22/30 586/22/30 598/22/30
f 598/22/30 586/22/30 589/22/30
f 585/22/30 589/22/30 586/22/30
f 592/17/74 599/17/35 593/22/74
f 598/22/35 593/22/74 599/17/35
f 582/21/75 584/17/75 597/21/75
f 596/17/75 597/21/75 584/17/75
f 595/21/75 594/17/75 590/21/75
f 590/21/75 594/17/75 591/22/75
f 591/22/75 594/17/75 593/22/75
f 592/17/75 593/22/75 594/17/75
f 591/22/74 589/22/74 590/21/74
f 588/21/74 590/21/74 589/22/74
f 585/22/73 583/21/73 589/22/73
f 588/21/73 589/22/73 583/21/73
f 587/17/72 584/17/72 586/22/72
f 586/22/72 584/17/72 585/22/72
f 585/22/72 584/17/72 583/21/72
f 582/21/72 583/21/72 584/17/72
f 604/23/76 603/22/25 602/22/76
f 603/22/25 604/23/76 605/23/25
f 608/23/77 607/22/5 606/23/5
f 607/22/5 608/23/77 609/22/77
f 605/23/25 610/22/78 603/22/25
f 610/22/78 605/23/25 611/23/78
f 606/23/5 610/22/78 611/23/78
f 610/22/78 606/23/5 607/22/5
f 608/23/77 612/22/54 609/22/77
f 612/22/54 608/23/77 613/23/54
f 613/23/54 614/22/79 612/22/54
f 614/22/79 613/23/54 615/23/79
f 614/22/79 617/23/24 616/22/24
f 617/23/24 614/22/79 615/23/79
f 616/22/24 604/23/76 602/22/76
f 604/23/76 616/22/24 617/23/24
f 609/22/30 610/22/30 607/22/30
f 610/22/30 609/22/30 612/22/30
f 610/22/30 612/22/30 603/22/30
f 603/22/30 612/22/30 614/22/30
f 603/22/30 614/22/30 602/22/30
f 602/22/30 614/22/30 616/22/30
f 620/23/30 619/23/30 618/23/30
f 619/23/30 620/23/30 621/23/30
f 624/22/80 623/22/6 622/22/6
f 623/22/6 624/22/80 625/22/80
f 623/22/54 620/23/54 618/23/54
f 620/23/54 623/22/54 626/24/54
f 626/24/54 623/22/54 625/22/54
f 623/22/5 619/23/5 622/22/5
f 619/23/5 623/22/5 618/23/5
f 627/24/25 619/23/25 621/23/25
f 619/23/25 627/24/25 622/22/25
f 622/22/25 627/24/25 624/22/25
f 620/23/24 627/24/81 621/23/24
f 627/24/81 620/23/24 626/24/81
f 626/24/81 624/22/80 627/24/81
f 624/22/80 626/24/81 625/22/80
f 630/23/24 629/22/58 628/23/58
f 629/22/58 630/23/24 631/22/24
f 629/22/58 632/23/25 628/23/58
f 632/23/25 629/22/58 633/22/25
f 636/22/82 635/23/5 634/22/5
f 635/23/5 636/22/82 637/23/82
f 634/22/5 639/23/60 638/22/60
f 639/23/60 634/22/5 635/23/5
f 640/23/83 631/22/24 630/23/24
f 631/22/24 640/23/83 641/22/83
f 643/22/54 640/23/83 642/23/54
f 640/23/83 643/22/54 641/22/83
f 633/22/25 639/23/60 632/23/25
f 639/23/60 633/22/25 638/22/60
f 636/22/82 642/23/54 637/23/82
f 642/23/54 636/22/82 643/22/54
f 638/22/6 636/22/6 634/22/6
f 636/22/6 638/22/6 633/22/6
f 636/22/6 633/22/6 643/22/6
f 643/22/6 633/22/6 629/22/6
f 643/22/6 629/22/6 641/22/6
f 641/22/6 629/22/6 631/22/6
f 637/23/30 639/23/30 635/23/30
f 639/23/30 637/23/30 642/23/30
f 639/23/30 642/23/30 632/23/30
f 632/23/30 642/23/30 640/23/30
f 632/23/30 640/23/30 628/23/30
f 628/23/30 640/23/30 630/23/30
f 646/23/24 645/22/58 644/23/58
f 645/22/58 646/23/24 647/22/24
f 645/22/58 648/23/25 644/23/58
f 648/23/25 645/22/58 649/22/25
f 652/22/82 651/23/5 650/22/5
f 651/23/5 652/22/82 653/23/82
f 650/22/5 655/23/60 654/22/60
f 655/23/60 650/22/5 651/23/5
f 656/23/83 647/22/24 646/23/24
f 647/22/24 656/23/83 657/22/83
f 659/22/54 656/23/83 658/23/54
f 656/23/83 659/22/54 657/22/83
f 649/22/25 655/23/60 648/23/25
f 655/23/60 649/22/25 654/22/60
f 652/22/82 658/23/54 653/23/82
f 658/23/54 652/22/82 659/22/54
f 654/22/6 652/22/6 650/22/6
f 652/22/6 654/22/6 649/22/6
f 652/22/6 649/22/6 659/22/6
f 659/22/6 649/22/6 645/22/6
f 659/22/6 645/22/6 657/22/6
f 657/22/6 645/22/6 647/22/6
f 653/23/30 655/23/30 651/23/30
f 655/23/30 653/23/30 658/23/30
f 655/23/30 658/23/30 648/23/30
f 648/23/30 658/23/30 656/23/30
f 648/23/30 656/23/30 644/23/30
f 644/23/30 656/23/30 646/23/30
f 662/25/84 661/25/85 660/25/84
f 661/25/85 662/25/84 663/25/85
f 666/7/30 665/7/30 664/7/30
f 665/7/30 666/7/30 667/7/30
f 667/7/30 666/7/30 668/7/30
f 61/26/86 660/25/84 669/26/86
f 660/25/84 61/26/86 662/25/84
f 663/25/85 670/26/13 661/25/85
f 670/26/13 663/25/85 62/26/13
f 65/8/6 671/8/6 66/8/6
f 671/8/6 65/8/6 672/8/6
f 72/8/6 672/8/6 65/8/6
f 673/8/6 672/8/6 72/8/6
f 672/8/6 673/8/6 674/8/6
f 673/8/13 665/7/36 674/8/36
f 665/7/36 673/8/13 664/7/13
f 671/8/12 667/7/35 668/7/12
f 667/7/35 671/8/12 672/8/35
f 674/8/36 667/7/35 672/8/35
f 667/7/35 674/8/36 665/7/36
f 676/22/12 670/26/12 675/26/12
f 670/26/12 676/22/12 661/25/12
f 661/25/12 676/22/12 660/25/12
f 677/22/12 660/25/12 676/22/12
f 678/26/12 660/25/12 677/22/12
f 660/25/12 678/26/12 669/26/12
f 64/26/86 676/22/86 675/26/86
f 676/22/86 64/26/86 70/22/86
f 676/22/6 68/22/6 677/22/6
f 68/22/6 676/22/6 70/22/6
f 68/22/13 678/26/13 677/22/13
f 678/26/13 68/22/13 63/26/13
f 681/17/6 680/17/6 679/17/6
f 680/17/6 681/17/6 682/17/6
f 682/17/6 681/17/6 683/17/6
f 682/17/6 683/17/6 684/17/6
f 684/17/6 683/17/6 685/17/6
f 686/17/6 684/17/6 685/17/6
f 685/17/6 683/17/6 687/17/6
f 687/17/6 683/17/6 688/17/6
f 683/17/34 690/7/35 689/7/34
f 690/7/35 683/17/34 681/17/35
f 693/7/30 692/7/30 691/7/30
f 692/7/30 693/7/30 690/7/30
f 690/7/30 693/7/30 689/7/30
f 689/7/30 693/7/30 694/7/30
f 693/7/86 688/17/33 694/7/33
f 688/17/33 693/7/86 687/17/86
f 687/17/86 693/7/86 695/17/86
f 680/17/13 692/7/36 679/17/36
f 692/7/36 680/17/13 691/7/13
f 691/7/13 680/17/13 696/17/13
f 688/17/33 689/7/34 694/7/33
f 689/7/34 688/17/33 683/17/34
f 679/17/36 690/7/35 681/17/35
f 690/7/35 679/17/36 692/7/36
f 699/27/84 698/27/30 697/27/84
f 698/27/30 699/27/84 700/27/85
f 698/27/30 700/27/85 701/27/30
f 701/27/30 700/27/85 702/27/85
f 700/27/85 703/28/87 702/27/85
f 703/28/87 700/27/85 704/28/87
f 706/28/88 697/27/84 705/28/88
f 697/27/84 706/28/88 699/27/84
f 707/28/6 706/28/88 705/28/88
f 706/28/88 707/28/6 704/28/87
f 704/28/87 707/28/6 708/28/6
f 704/28/87 708/28/6 703/28/87
f 703/28/12 709/29/12 702/27/12
f 702/27/12 709/29/12 701/27/12
f 703/28/12 710/7/12 709/29/12
f 710/7/12 703/28/12 711/7/12
f 705/28/12 711/7/12 703/28/12
f 705/28/12 703/28/12 708/28/12
f 711/7/12 705/28/12 712/29/12
f 705/28/12 708/28/12 707/28/12
f 701/27/12 707/28/12 708/28/12
f 712/29/12 705/28/12 697/27/12
f 712/29/12 697/27/12 709/29/12
f 707/28/12 701/27/12 698/27/12
f 701/27/12 709/29/12 698/27/12
f 698/27/12 709/29/12 697/27/12
f 715/25/90 714/25/89 713/25/89
f 714/25/89 715/25/90 716/25/90
f 73/26/91 714/25/89 717/26/91
f 714/25/89 73/26/91 713/25/89
f 715/25/90 718/26/92 716/25/90
f 718/26/92 715/25/90 74/26/92
f 720/8/6 77/8/6 719/8/6
f 77/8/6 720/8/6 78/8/6
f 720/8/14 722/7/14 721/7/14
f 722/7/14 720/8/14 719/8/14
f 724/22/14 718/26/14 723/26/14
f 718/26/14 724/22/14 716/25/14
f 716/25/14 724/22/14 714/25/14
f 725/22/14 714/25/14 724/22/14
f 726/26/14 714/25/14 725/22/14
f 714/25/14 726/26/14 717/26/14
f 76/26/91 724/22/91 723/26/91
f 724/22/91 76/26/91 82/22/91
f 724/22/6 80/22/6 725/22/6
f 80/22/6 724/22/6 82/22/6
f 80/22/92 726/26/92 725/22/92
f 726/26/92 80/22/92 75/26/92
f 728/7/30 722/7/30 727/7/30
f 722/7/30 728/7/30 721/7/30
f 731/17/6 730/17/6 729/17/6
f 730/17/6 731/17/6 732/17/6
f 732/17/6 731/17/6 733/17/6
f 732/17/6 733/17/6 734/17/6
f 734/17/6 733/17/6 735/17/6
f 736/17/6 734/17/6 735/17/6
f 735/17/6 733/17/6 737/17/6
f 737/17/6 733/17/6 738/17/6
f 733/17/34 740/7/35 739/7/34
f 740/7/35 733/17/34 731/17/35
f 743/7/30 742/7/30 741/7/30
f 742/7/30 743/7/30 740/7/30
f 740/7/30 743/7/30 739/7/30
f 739/7/30 743/7/30 744/7/30
f 743/7/91 738/17/33 744/7/33
f 738/17/33 743/7/91 737/17/91
f 737/17/91 743/7/91 745/17/91
f 730/17/92 742/7/36 729/17/36
f 742/7/36 730/17/92 741/7/92
f 741/7/92 730/17/92 746/17/92
f 738/17/33 739/7/34 744/7/33
f 739/7/34 738/17/33 733/17/34
f 729/17/36 740/7/35 731/17/35
f 740/7/35 729/17/36 742/7/36
f 749/27/89 748/27/30 747/27/89
f 748/27/30 749/27/89 750/27/90
f 748/27/30 750/27/90 751/27/30
f 751/27/30 750/27/90 752/27/90
f 750/27/90 753/28/93 752/27/90
f 753/28/93 750/27/90 754/28/93
f 756/28/94 747/27/89 755/28/94
f 747/27/89 756/28/94 749/27/89
f 757/28/6 756/28/94 755/28/94
f 756/28/94 757/28/6 754/28/93
f 754/28/93 757/28/6 758/28/6
f 754/28/93 758/28/6 753/28/93
f 753/28/14 759/29/14 752/27/14
f 752/27/14 759/29/14 751/27/14
f 753/28/14 760/7/14 759/29/14
f 760/7/14 753/28/14 761/7/14
f 755/28/14 761/7/14 753/28/14
f 755/28/14 753/28/14 758/28/14
f 761/7/14 755/28/14 762/29/14
f 755/28/14 758/28/14 757/28/14
f 751/27/14 757/28/14 758/28/14
f 762/29/14 755/28/14 747/27/14
f 762/29/14 747/27/14 759/29/14
f 757/28/14 751/27/14 748/27/14
f 751/27/14 759/29/14 748/27/14
f 748/27/14 759/29/14 747/27/14
f 84/8/95 764/30/96 763/8/95
f 764/30/96 84/8/95 86/30/96
f 763/8/6 83/8/6 84/8/6
f 83/8/6 763/8/6 765/8/6
f 766/8/6 94/8/6 93/8/6
f 94/8/6 766/8/6 767/8/6
f 770/7/30 769/7/30 768/7/30
f 769/7/30 770/7/30 771/7/30
f 772/7/30 769/7/30 771/7/30
f 771/7/30 770/7/30 773/7/30
f 773/7/30 770/7/30 774/7/30
f 774/7/30 770/7/30 775/7/30
f 776/22/97 88/22/98 89/22/97
f 88/22/98 776/22/97 777/22/98
f 92/30/99 767/8/100 778/30/99
f 767/8/100 92/30/99 94/8/100
f 86/30/96 777/22/98 764/30/96
f 777/22/98 86/30/96 88/22/98
f 89/22/97 778/30/99 776/22/97
f 778/30/99 89/22/97 92/30/99
f 765/8/15 774/7/15 775/7/15
f 774/7/15 765/8/15 763/8/15
f 774/7/15 763/8/15 779/25/15
f 779/25/15 763/8/15 764/30/15
f 779/25/15 764/30/15 780/25/15
f 778/30/15 780/25/15 764/30/15
f 778/30/15 764/30/15 777/22/15
f 778/30/15 777/22/15 776/22/15
f 767/8/15 780/25/15 778/30/15
f 780/25/15 767/8/15 772/7/15
f 766/8/15 772/7/15 767/8/15
f 772/7/15 766/8/15 769/7/15
f 782/25/30 780/25/30 781/25/30
f 780/25/30 782/25/30 779/25/30
f 771/7/95 780/25/95 772/7/95
f 780/25/95 771/7/95 781/25/95
f 782/25/100 774/7/100 779/25/100
f 774/7/100 782/25/100 773/7/100
f 785/7/102 784/7/101 783/7/101
f 784/7/101 785/7/102 786/7/102
f 788/17/103 784/7/101 787/17/103
f 784/7/101 788/17/103 783/7/101
f 785/7/102 789/17/104 786/7/102
f 789/17/104 785/7/102 790/17/104
f 789/17/104 788/17/103 787/17/103
f 788/17/103 789/17/104 790/17/104
f 789/17/15 784/7/15 786/7/15
f 784/7/15 789/17/15 787/17/15
f 793/23/105 792/22/105 791/23/105
f 792/22/105 793/23/105 794/22/105
f 797/22/82 796/23/83 795/23/82
f 796/23/83 797/22/82 798/22/83
f 791/23/95 797/22/82 795/23/82
f 797/22/82 791/23/95 792/22/95
f 797/22/6 794/22/6 798/22/6
f 794/22/6 797/22/6 792/22/6
f 791/23/30 796/23/30 793/23/30
f 796/23/30 791/23/30 795/23/30
f 794/22/100 796/23/83 798/22/83
f 796/23/83 794/22/100 793/23/100
f 801/17/82 800/7/54 799/7/82
f 800/7/54 801/17/82 802/17/54
f 805/17/25 804/7/60 803/7/25
f 804/7/60 805/17/25 806/17/60
f 799/7/30 804/7/30 807/7/30
f 804/7/30 799/7/30 800/7/30
f 804/7/30 800/7/30 803/7/30
f 803/7/30 800/7/30 808/7/30
f 803/7/30 808/7/30 809/7/30
f 809/7/30 808/7/30 810/7/30
f 801/17/82 807/7/5 811/17/5
f 807/7/5 801/17/82 799/7/82
f 812/17/58 803/7/25 809/7/58
f 803/7/25 812/17/58 805/17/25
f 810/7/24 812/17/58 809/7/58
f 812/17/58 810/7/24 813/17/24
f 808/7/83 813/17/24 810/7/24
f 813/17/24 808/7/83 814/17/83
f 802/17/54 808/7/83 800/7/54
f 808/7/83 802/17/54 814/17/83
f 811/17/5 804/7/60 806/17/60
f 804/7/60 811/17/5 807/7/5
f 815/17/6 812/17/6 813/17/6
f 814/17/6 815/17/6 813/17/6
f 816/17/6 812/17/6 815/17/6
f 814/17/6 817/17/6 815/17/6
f 818/17/6 812/17/6 816/17/6
f 818/17/6 805/17/6 812/17/6
f 819/17/6 805/17/6 818/17/6
f 819/17/6 806/17/6 805/17/6
f 802/17/6 817/17/6 814/17/6
f 802/17/6 820/17/6 817/17/6
f 802/17/6 821/17/6 820/17/6
f 801/17/6 821/17/6 802/17/6
f 822/17/6 806/17/6 819/17/6
f 801/17/6 822/17/6 821/17/6
f 806/17/6 822/17/6 811/17/6
f 822/17/6 801/17/6 811/17/6
f 825/7/83 824/17/24 823/7/24
f 824/17/24 825/7/83 826/17/83
f 828/17/54 825/7/83 827/7/54
f 825/7/83 828/17/54 826/17/83
f 831/17/6 830/17/6 829/17/6
f 830/17/6 831/17/6 832/17/6
f 830/17/6 832/17/6 828/17/6
f 828/17/6 832/17/6 833/17/6
f 828/17/6 833/17/6 826/17/6
f 826/17/6 833/17/6 824/17/6
f 823/7/24 833/17/58 834/7/58
f 833/17/58 823/7/24 824/17/24
f 830/17/82 835/7/5 829/17/5
f 835/7/5 830/17/82 836/7/82
f 830/17/82 827/7/54 836/7/82
f 827/7/54 830/17/82 828/17/54
f 829/17/5 837/7/60 831/17/60
f 837/7/60 829/17/5 835/7/5
f 833/17/58 838/7/25 834/7/58
f 838/7/25 833/17/58 832/17/25
f 832/17/25 837/7/60 838/7/25
f 837/7/60 832/17/25 831/17/60
f 836/7/30 837/7/30 835/7/30
f 837/7/30 836/7/30 827/7/30
f 837/7/30 827/7/30 838/7/30
f 838/7/30 827/7/30 825/7/30
f 838/7/30 825/7/30 834/7/30
f 834/7/30 825/7/30 823/7/30
f 841/7/24 840/25/24 839/7/24
f 840/25/24 841/7/24 842/25/24
f 845/25/5 844/7/5 843/25/5
f 844/7/5 845/25/5 846/7/5
f 845/25/30 840/25/30 842/25/30
f 840/25/30 845/25/30 843/25/30
f 849/7/30 848/7/30 847/7/30
f 848/7/30 849/7/30 841/7/30
f 839/7/30 848/7/30 841/7/30
f 841/7/30 849/7/30 846/7/30
f 846/7/30 849/7/30 844/7/30
f 844/7/30 849/7/30 850/7/30
f 850/7/30 849/7/30 851/7/30
f 853/8/6 115/8/6 852/8/6
f 115/8/6 853/8/6 111/8/6
f 111/8/6 853/8/6 113/8/6
f 113/8/6 853/8/6 854/8/6
f 854/8/6 853/8/6 855/8/6
f 115/8/24 856/30/106 852/8/24
f 856/30/106 115/8/24 116/30/106
f 858/8/6 121/8/6 857/8/6
f 121/8/6 858/8/6 122/8/6
f 849/7/24 855/8/50 851/7/50
f 855/8/50 849/7/24 854/8/24
f 851/7/50 853/8/49 850/7/49
f 853/8/49 851/7/50 855/8/50
f 120/30/107 858/8/5 859/30/107
f 858/8/5 120/30/107 122/8/5
f 861/22/109 118/22/108 860/22/108
f 118/22/108 861/22/109 117/22/109
f 118/22/108 859/30/107 860/22/108
f 859/30/107 118/22/108 120/30/107
f 116/30/106 861/22/109 856/30/106
f 861/22/109 116/30/106 117/22/109
f 853/8/49 844/7/25 850/7/49
f 844/7/25 853/8/49 852/8/25
f 844/7/25 852/8/25 843/25/25
f 843/25/25 852/8/25 856/30/25
f 843/25/25 856/30/25 840/25/25
f 859/30/25 840/25/25 856/30/25
f 859/30/25 856/30/25 861/22/25
f 859/30/25 861/22/25 860/22/25
f 858/8/25 840/25/25 859/30/25
f 840/25/25 858/8/25 839/7/25
f 857/8/25 839/7/25 858/8/25
f 839/7/25 857/8/25 848/7/25
f 864/23/54 863/22/54 862/23/54
f 863/22/54 864/23/54 865/22/54
f 868/22/58 867/23/60 866/23/58
f 867/23/60 868/22/58 869/22/60
f 862/23/24 868/22/58 866/23/58
f 868/22/58 862/23/24 863/22/24
f 868/22/6 865/22/6 869/22/6
f 865/22/6 868/22/6 863/22/6
f 862/23/30 867/23/30 864/23/30
f 867/23/30 862/23/30 866/23/30
f 865/22/5 867/23/60 869/22/60
f 867/23/60 865/22/5 864/23/5
f 872/23/76 871/22/25 870/22/76
f 871/22/25 872/23/76 873/23/25
f 876/23/77 875/22/5 874/23/5
f 875/22/5 876/23/77 877/22/77
f 873/23/25 878/22/78 871/22/25
f 878/22/78 873/23/25 879/23/78
f 874/23/5 878/22/78 879/23/78
f 878/22/78 874/23/5 875/22/5
f 876/23/77 880/22/54 877/22/77
f 880/22/54 876/23/77 881/23/54
f 881/23/54 882/22/79 880/22/54
f 882/22/79 881/23/54 883/23/79
f 882/22/79 885/23/24 884/22/24
f 885/23/24 882/22/79 883/23/79
f 884/22/24 872/23/76 870/22/76
f 872/23/76 884/22/24 885/23/24
f 877/22/30 878/22/30 875/22/30
f 878/22/30 877/22/30 880/22/30
f 878/22/30 880/22/30 871/22/30
f 871/22/30 880/22/30 882/22/30
f 871/22/30 882/22/30 870/22/30
f 870/22/30 882/22/30 884/22/30
f 888/23/30 887/23/30 886/23/30
f 887/23/30 888/23/30 889/23/30
f 892/22/80 891/22/6 890/22/6
f 891/22/6 892/22/80 893/22/80
f 891/22/54 888/23/54 886/23/54
f 888/23/54 891/22/54 894/24/54
f 894/24/54 891/22/54 893/22/54
f 891/22/5 887/23/5 890/22/5
f 887/23/5 891/22/5 886/23/5
f 895/24/25 887/23/25 889/23/25
f 887/23/25 895/24/25 890/22/25
f 890/22/25 895/24/25 892/22/25
f 888/23/24 895/24/81 889/23/24
f 895/24/81 888/23/24 894/24/81
f 894/24/81 892/22/80 895/24/81
f 892/22/80 894/24/81 893/22/80
f 898/23/24 897/22/58 896/23/58
f 897/22/58 898/23/24 899/22/24
f 897/22/58 900/23/25 896/23/58
f 900/23/25 897/22/58 901/22/25
f 904/22/82 903/23/5 902/22/5
f 903/23/5 904/22/82 905/23/82
f 902/22/5 907/23/60 906/22/60
f 907/23/60 902/22/5 903/23/5
f 908/23/83 899/22/24 898/23/24
f 899/22/24 908/23/83 909/22/83
f 911/22/54 908/23/83 910/23/54
f 908/23/83 911/22/54 909/22/83
f 901/22/25 907/23/60 900/23/25
f 907/23/60 901/22/25 906/22/60
f 904/22/82 910/23/54 905/23/82
f 910/23/54 904/22/82 911/22/54
f 906/22/6 904/22/6 902/22/6
f 904/22/6 906/22/6 901/22/6
f 904/22/6 901/22/6 911/22/6
f 911/22/6 901/22/6 897/22/6
f 911/22/6 897/22/6 909/22/6
f 909/22/6 897/22/6 899/22/6
f 905/23/30 907/23/30 903/23/30
f 907/23/30 905/23/30 910/23/30
f 907/23/30 910/23/30 900/23/30
f 900/23/30 910/23/30 908/23/30
f 900/23/30 908/23/30 896/23/30
f 896/23/30 908/23/30 898/23/30
f 914/23/24 913/22/58 912/23/58
f 913/22/58 914/23/24 915/22/24
f 913/22/58 916/23/25 912/23/58
f 916/23/25 913/22/58 917/22/25
f 920/22/82 919/23/5 918/22/5
f 919/23/5 920/22/82 921/23/82
f 918/22/5 923/23/60 922/22/60
f 923/23/60 918/22/5 919/23/5
f 924/23/83 915/22/24 914/23/24
f 915/22/24 924/23/83 925/22/83
f 927/22/54 924/23/83 926/23/54
f 924/23/83 927/22/54 925/22/83
f 917/22/25 923/23/60 916/23/25
f 923/23/60 917/22/25 922/22/60
f 920/22/82 926/23/54 921/23/82
f 926/23/54 920/22/82 927/22/54
f 922/22/6 920/22/6 918/22/6
f 920/22/6 922/22/6 917/22/6
f 920/22/6 917/22/6 927/22/6
f 927/22/6 917/22/6 913/22/6
f 927/22/6 913/22/6 925/22/6
f 925/22/6 913/22/6 915/22/6
f 921/23/30 923/23/30 919/23/30
f 923/23/30 921/23/30 926/23/30
f 923/23/30 926/23/30 916/23/30
f 916/23/30 926/23/30 924/23/30
f 916/23/30 924/23/30 912/23/30
f 912/23/30 924/23/30 914/23/30
f 930/23/24 929/22/58 928/23/58
f 929/22/58 930/23/24 931/22/24
f 929/22/58 932/23/25 928/23/58
f 932/23/25 929/22/58 933/22/25
f 936/22/82 935/23/5 934/22/5
f 935/23/5 936/22/82 937/23/82
f 934/22/5 939/23/60 938/22/60
f 939/23/60 934/22/5 935/23/5
f 940/23/83 931/22/24 930/23/24
f 931/22/24 940/23/83 941/22/83
f 943/22/54 940/23/83 942/23/54
f 940/23/83 943/22/54 941/22/83
f 933/22/25 939/23/60 932/23/25
f 939/23/60 933/22/25 938/22/60
f 936/22/82 942/23/54 937/23/82
f 942/23/54 936/22/82 943/22/54
f 938/22/6 936/22/6 934/22/6
f 936/22/6 938/22/6 933/22/6
f 936/22/6 933/22/6 943/22/6
f 943/22/6 933/22/6 929/22/6
f 943/22/6 929/22/6 941/22/6
f 941/22/6 929/22/6 931/22/6
f 937/23/30 939/23/30 935/23/30
f 939/23/30 937/23/30 942/23/30
f 939/23/30 942/23/30 932/23/30
f 932/23/30 942/23/30 940/23/30
f 932/23/30 940/23/30 928/23/30
f 928/23/30 940/23/30 930/23/30
f 946/25/110 945/25/111 944/25/110
f 945/25/111 946/25/110 947/25/111
f 950/7/30 949/7/30 948/7/30
f 949/7/30 950/7/30 951/7/30
f 951/7/30 950/7/30 952/7/30
f 123/26/24 944/25/110 953/26/24
f 944/25/110 123/26/24 946/25/110
f 947/25/111 954/26/5 945/25/111
f 954/26/5 947/25/111 124/26/5
f 127/8/6 955/8/6 128/8/6
f 955/8/6 127/8/6 956/8/6
f 134/8/6 956/8/6 127/8/6
f 957/8/6 956/8/6 134/8/6
f 956/8/6 957/8/6 958/8/6
f 957/8/5 949/7/32 958/8/32
f 949/7/32 957/8/5 948/7/5
f 955/8/25 951/7/31 952/7/25
f 951/7/31 955/8/25 956/8/31
f 958/8/32 951/7/31 956/8/31
f 951/7/31 958/8/32 949/7/32
f 960/22/25 954/26/25 959/26/25
f 954/26/25 960/22/25 945/25/25
f 945/25/25 960/22/25 944/25/25
f 961/22/25 944/25/25 960/22/25
f 962/26/25 944/25/25 961/22/25
f 944/25/25 962/26/25 953/26/25
f 126/26/24 960/22/24 959/26/24
f 960/22/24 126/26/24 132/22/24
f 960/22/6 130/22/6 961/22/6
f 130/22/6 960/22/6 132/22/6
f 130/22/5 962/26/5 961/22/5
f 962/26/5 130/22/5 125/26/5
f 965/17/6 964/17/6 963/17/6
f 964/17/6 965/17/6 966/17/6
f 966/17/6 965/17/6 967/17/6
f 966/17/6 967/17/6 968/17/6
f 968/17/6 967/17/6 969/17/6
f 970/17/6 968/17/6 969/17/6
f 969/17/6 967/17/6 971/17/6
f 971/17/6 967/17/6 972/17/6
f 967/17/49 974/7/31 973/7/49
f 974/7/31 967/17/49 965/17/31
f 977/7/30 976/7/30 975/7/30
f 976/7/30 977/7/30 974/7/30
f 974/7/30 977/7/30 973/7/30
f 973/7/30 977/7/30 978/7/30
f 977/7/24 972/17/50 978/7/50
f 972/17/50 977/7/24 971/17/24
f 971/17/24 977/7/24 979/17/24
f 964/17/5 976/7/32 963/17/32
f 976/7/32 964/17/5 975/7/5
f 975/7/5 964/17/5 980/17/5
f 972/17/50 973/7/49 978/7/50
f 973/7/49 972/17/50 967/17/49
f 963/17/32 974/7/31 965/17/31
f 974/7/31 963/17/32 976/7/32
f 983/27/110 982/27/30 981/27/110
f 982/27/30 983/27/110 984/27/111
f 982/27/30 984/27/111 985/27/30
f 985/27/30 984/27/111 986/27/111
f 984/27/111 987/28/112 986/27/111
f 987/28/112 984/27/111 988/28/112
f 990/28/113 981/27/110 989/28/113
f 981/27/110 990/28/113 983/27/110
f 991/28/6 990/28/113 989/28/113
f 990/28/113 991/28/6 988/28/112
f 988/28/112 991/28/6 992/28/6
f 988/28/112 992/28/6 987/28/112
f 987/28/25 993/29/25 986/27/25
f 986/27/25 993/29/25 985/27/25
f 987/28/25 970/7/25 993/29/25
f 970/7/25 987/28/25 968/7/25
f 989/28/25 968/7/25 987/28/25
f 989/28/25 987/28/25 992/28/25
f 968/7/25 989/28/25 994/29/25
f 989/28/25 992/28/25 991/28/25
f 985/27/25 991/28/25 992/28/25
f 994/29/25 989/28/25 981/27/25
f 994/29/25 981/27/25 993/29/25
f 991/28/25 985/27/25 982/27/25
f 985/27/25 993/29/25 982/27/25
f 982/27/25 993/29/25 981/27/25
f 1029/27/26 1041/29/26 1030/27/26
f 1030/27/26 1041/29/26 1033/27/26
f 1030/27/26 1033/27/26 1039/28/26
f 1041/29/26 1029/27/26 1042/29/26
f 1029/27/26 1037/28/26 1042/29/26
f 1040/28/26 1039/28/26 1033/27/26
f 1039/28/26 1040/28/26 1037/28/26
f 1042/29/26 1037/28/26 1016/7/26
f 1040/28/26 1035/28/26 1037/28/26
f 1035/28/26 1016/7/26 1037/28/26
f 1016/7/26 1035/28/26 1018/7/26
f 1041/29/26 1018/7/26 1035/28/26
f 1033/27/26 1041/29/26 1034/27/26
f 1034/27/26 1041/29/26 1035/28/26
f 1035/28/117 1040/28/6 1036/28/117
f 1040/28/6 1039/28/6 1036/28/117
f 1036/28/117 1039/28/6 1038/28/118
f 1037/28/118 1038/28/118 1039/28/6
f 1031/27/114 1038/28/118 1029/27/114
f 1037/28/118 1029/27/114 1038/28/118
f 1036/28/117 1032/27/115 1035/28/117
f 1034/27/115 1035/28/117 1032/27/115
f 1034/27/115 1032/27/115 1033/27/30
f 1033/27/30 1032/27/115 1030/27/30
f 1032/27/115 1031/27/114 1030/27/30
f 1029/27/114 1030/27/30 1031/27/114
f 1024/7/50 1011/17/50 1022/7/49
f 1013/17/49 1022/7/49 1011/17/50
f 1015/17/31 1020/17/32 1021/7/31
f 1026/7/32 1021/7/31 1020/17/32
f 1028/17/27 1012/17/27 1023/7/27
f 1023/7/27 1012/17/27 1024/7/50
f 1011/17/50 1024/7/50 1012/17/27
f 1027/17/116 1025/7/116 1019/17/116
f 1019/17/116 1025/7/116 1020/17/32
f 1026/7/32 1020/17/32 1025/7/116
f 1026/7/30 1025/7/30 1021/7/30
f 1021/7/30 1025/7/30 1022/7/30
f 1022/7/30 1025/7/30 1024/7/30
f 1023/7/30 1024/7/30 1025/7/30
f 1013/17/49 1015/17/31 1022/7/49
f 1021/7/31 1022/7/49 1015/17/31
f 1020/17/6 1015/17/6 1019/17/6
f 1019/17/6 1015/17/6 1017/17/6
f 1017/17/6 1016/17/6 1018/17/6
f 1017/17/6 1015/17/6 1016/17/6
f 1016/17/6 1015/17/6 1014/17/6
f 1015/17/6 1013/17/6 1014/17/6
f 1014/17/6 1013/17/6 1012/17/6
f 1011/17/6 1012/17/6 1013/17/6
f 140/8/6 1005/8/6 139/8/6
f 1006/8/6 139/8/6 1005/8/6
f 137/26/27 142/22/27 1010/26/27
f 1009/22/27 1010/26/27 142/22/27
f 144/22/6 1008/22/6 142/22/6
f 1009/22/6 142/22/6 1008/22/6
f 144/22/116 138/26/116 1008/22/116
f 1007/26/116 1008/22/116 138/26/116
f 1003/26/26 1010/26/26 996/25/26
f 1009/22/26 996/25/26 1010/26/26
f 1008/22/26 996/25/26 1009/22/26
f 996/25/26 1008/22/26 998/25/26
f 998/25/26 1008/22/26 1004/26/26
f 1007/26/26 1004/26/26 1008/22/26
f 1006/8/26 1005/8/26 1000/7/26
f 1002/7/26 1000/7/26 1005/8/26
f 136/26/27 997/25/115 1004/26/27
f 998/25/115 1004/26/27 997/25/115
f 995/25/114 135/26/116 996/25/114
f 1003/26/116 996/25/114 135/26/116
f 1002/7/30 1001/7/30 1000/7/30
f 999/7/30 1000/7/30 1001/7/30
f 998/25/115 997/25/115 996/25/114
f 995/25/114 996/25/114 997/25/115
f 1080/27/26 1092/29/26 1081/27/26
f 1081/27/26 1092/29/26 1084/27/26
f 1081/27/26 1084/27/26 1090/28/26
f 1092/29/26 1080/27/26 1093/29/26
f 1080/27/26 1088/28/26 1093/29/26
f 1091/28/26 1090/28/26 1084/27/26
f 1090/28/26 1091/28/26 1088/28/26
f 1093/29/26 1088/28/26 1067/7/26
f 1091/28/26 1086/28/26 1088/28/26
f 1086/28/26 1067/7/26 1088/28/26
f 1067/7/26 1086/28/26 1069/7/26
f 1092/29/26 1069/7/26 1086/28/26
f 1084/27/26 1092/29/26 1085/27/26
f 1085/27/26 1092/29/26 1086/28/26
f 1086/28/117 1091/28/6 1087/28/117
f 1091/28/6 1090/28/6 1087/28/117
f 1087/28/117 1090/28/6 1089/28/118
f 1088/28/118 1089/28/118 1090/28/6
f 1082/27/114 1089/28/118 1080/27/114
f 1088/28/118 1080/27/114 1089/28/118
f 1087/28/117 1083/27/115 1086/28/117
f 1085/27/115 1086/28/117 1083/27/115
f 1085/27/115 1083/27/115 1084/27/30
f 1084/27/30 1083/27/115 1081/27/30
f 1083/27/115 1082/27/114 1081/27/30
f 1080/27/114 1081/27/30 1082/27/114
f 1075/7/50 1062/17/50 1073/7/49
f 1064/17/49 1073/7/49 1062/17/50
f 1066/17/31 1071/17/32 1072/7/31
f 1077/7/32 1072/7/31 1071/17/32
f 1079/17/27 1063/17/27 1074/7/27
f 1074/7/27 1063/17/27 1075/7/50
f 1062/17/50 1075/7/50 1063/17/27
f 1078/17/116 1076/7/116 1070/17/116
f 1070/17/116 1076/7/116 1071/17/32
f 1077/7/32 1071/17/32 1076/7/116
f 1077/7/30 1076/7/30 1072/7/30
f 1072/7/30 1076/7/30 1073/7/30
f 1073/7/30 1076/7/30 1075/7/30
f 1074/7/30 1075/7/30 1076/7/30
f 1064/17/49 1066/17/31 1073/7/49
f 1072/7/31 1073/7/49 1066/17/31
f 1071/17/6 1066/17/6 1070/17/6
f 1070/17/6 1066/17/6 1068/17/6
f 1068/17/6 1067/17/6 1069/17/6
f 1068/17/6 1066/17/6 1067/17/6
f 1067/17/6 1066/17/6 1065/17/6
f 1066/17/6 1064/17/6 1065/17/6
f 1065/17/6 1064/17/6 1063/17/6
f 1062/17/6 1063/17/6 1064/17/6
f 147/26/27 152/22/27 1061/26/27
f 1060/22/27 1061/26/27 152/22/27
f 154/22/6 1059/22/6 152/22/6
f 1060/22/6 152/22/6 1059/22/6
f 154/22/116 148/26/116 1059/22/116
f 1058/26/116 1059/22/116 148/26/116
f 1052/26/26 1061/26/26 1044/25/26
f 1060/22/26 1044/25/26 1061/26/26
f 1059/22/26 1044/25/26 1060/22/26
f 1044/25/26 1059/22/26 1046/25/26
f 1046/25/26 1059/22/26 1053/26/26
f 1058/26/26 1053/26/26 1059/22/26
f 1048/7/50 1055/8/50 1050/7/49
f 1056/8/49 1050/7/49 1055/8/50
f 1056/8/49 1057/8/26 1050/7/49
f 1051/7/26 1050/7/49 1057/8/26
f 1047/7/27 1054/8/27 1048/7/50
f 1055/8/50 1048/7/50 1054/8/27
f 150/8/6 1057/8/6 149/8/6
f 1057/8/6 1056/8/6 149/8/6
f 149/8/6 1056/8/6 156/8/6
f 1056/8/6 1055/8/6 156/8/6
f 1054/8/6 156/8/6 1055/8/6
f 146/26/27 1045/25/27 1053/26/27
f 1046/25/27 1053/26/27 1045/25/27
f 1043/25/116 145/26/116 1044/25/116
f 1052/26/116 1044/25/116 145/26/116
f 1051/7/30 1049/7/30 1050/7/30
f 1050/7/30 1049/7/30 1048/7/30
f 1047/7/30 1048/7/30 1049/7/30
f 1046/25/30 1045/25/30 1044/25/30
f 1043/25/30 1044/25/30 1045/25/30
f 1096/7/24 1095/25/24 1094/7/24
f 1095/25/24 1096/7/24 1097/25/24
f 1100/25/5 1099/7/5 1098/25/5
f 1099/7/5 1100/25/5 1101/7/5
f 1100/25/30 1095/25/30 1097/25/30
f 1095/25/30 1100/25/30 1098/25/30
f 158/8/24 1103/30/106 1102/8/24
f 1103/30/106 158/8/24 160/30/106
f 164/30/107 1105/8/5 1104/30/107
f 1105/8/5 164/30/107 166/8/5
f 1107/22/109 162/22/108 1106/22/108
f 162/22/108 1107/22/109 161/22/109
f 160/30/106 1107/22/109 1103/30/106
f 1107/22/109 160/30/106 161/22/109
f 162/22/108 1104/30/107 1106/22/108
f 1104/30/107 162/22/108 164/30/107
f 1109/8/25 1108/7/25 1105/8/25
f 1094/7/25 1105/8/25 1108/7/25
f 1105/8/25 1094/7/25 1095/25/25
f 1105/8/25 1095/25/25 1104/30/25
f 1104/30/25 1095/25/25 1103/30/25
f 1098/25/25 1103/30/25 1095/25/25
f 1104/30/25 1103/30/25 1107/22/25
f 1104/30/25 1107/22/25 1106/22/25
f 1098/25/25 1102/8/25 1103/30/25
f 1099/7/25 1102/8/25 1098/25/25
f 1102/8/25 1099/7/25 1110/7/25
f 1102/8/25 1110/7/25 1111/8/25
f 1113/7/30 1108/7/30 1112/7/30
f 1108/7/30 1113/7/30 1096/7/30
f 1094/7/30 1108/7/30 1096/7/30
f 1096/7/30 1113/7/30 1101/7/30
f 1101/7/30 1113/7/30 1099/7/30
f 1099/7/30 1113/7/30 1110/7/30
f 1105/8/6 165/8/6 1109/8/6
f 165/8/6 1105/8/6 166/8/6
f 1111/8/6 158/8/6 1102/8/6
f 158/8/6 1111/8/6 157/8/6
f 1118/17/25 1120/17/25 1115/7/25
f 1117/7/25 1115/7/25 1120/17/25
f 1121/17/112 1120/17/112 1119/17/113
f 1118/17/113 1119/17/113 1120/17/112
f 1121/17/112 1116/7/111 1120/17/112
f 1117/7/111 1120/17/112 1116/7/111
f 1114/7/110 1119/17/113 1115/7/110
f 1118/17/113 1115/7/110 1119/17/113
f 1117/7/111 1116/7/111 1115/7/110
f 1114/7/110 1115/7/110 1116/7/111
f 1126/17/25 1128/17/25 1123/7/25
f 1125/7/25 1123/7/25 1128/17/25
f 1129/17/112 1128/17/112 1127/17/113
f 1126/17/113 1127/17/113 1128/17/112
f 1129/17/112 1124/7/111 1128/17/112
f 1125/7/111 1128/17/112 1124/7/111
f 1122/7/110 1127/17/113 1123/7/110
f 1126/17/113 1123/7/110 1127/17/113
f 1125/7/111 1124/7/111 1123/7/110
f 1122/7/110 1123/7/110 1124/7/111
f 1130/32/38 228/31/38 226/31/38
f 228/31/38 1130/32/38 1131/33/38
f 1132/33/37 225/31/37 227/31/37
f 225/31/37 1132/33/37 1133/32/37
f 1136/36/38 1135/35/38 1134/34/38
f 1135/35/38 1136/36/38 1137/37/38
f 1137/37/38 1136/36/38 1138/38/38
f 1138/38/38 1136/36/38 1139/39/38
f 1139/39/38 1136/36/38 1140/40/38
f 1140/40/38 1136/36/38 1141/41/38
f 1144/35/37 1143/36/37 1142/34/37
f 1143/36/37 1144/35/37 1145/37/37
f 1143/36/37 1145/37/37 1146/38/37
f 1143/36/37 1146/38/37 1147/39/37
f 1143/36/37 1147/39/37 1148/40/37
f 1143/36/37 1148/40/37 1149/41/37
f 1134/34/51 1144/35/51 1142/34/51
f 1144/35/51 1134/34/51 1135/35/51
f 225/31/119 1130/32/119 226/31/119
f 1130/32/119 225/31/119 1133/32/119
f 1132/33/120 228/31/120 1131/33/120
f 228/31/120 1132/33/120 227/31/120
f 1141/41/44 1143/36/44 1149/41/44
f 1143/36/44 1141/41/44 1136/36/44
f 1133/32/43 214/43/43 215/42/43
f 1133/32/43 215/42/43 216/44/43
f 1132/33/43 214/43/43 1133/32/43
f 214/43/43 1132/33/43 213/45/43
f 213/45/43 1132/33/43 205/45/43
f 1131/33/43 205/45/43 1132/33/43
f 205/45/43 1131/33/43 201/43/43
f 1133/32/43 216/44/43 1130/32/43
f 201/43/43 1131/33/43 1130/32/43
f 207/44/43 1130/32/43 216/44/43
f 201/43/43 1130/32/43 203/42/43
f 203/42/43 1130/32/43 207/44/43
f 1148/40/43 194/42/43 1149/41/43
f 1149/41/43 194/42/43 1141/41/43
f 199/42/43 1141/41/43 194/42/43
f 199/42/43 1140/40/43 1141/41/43
f 1139/39/43 1148/40/43 1140/40/43
f 199/42/43 1139/39/43 1140/40/43
f 1148/40/43 1139/39/43 1147/39/43
f 1147/39/43 194/42/43 1148/40/43
f 199/42/43 1138/38/43 1139/39/43
f 1146/38/43 194/42/43 1147/39/43
f 1137/37/43 1146/38/43 1138/38/43
f 199/42/43 1137/37/43 1138/38/43
f 1146/38/43 1137/37/43 1145/37/43
f 1145/37/43 194/42/43 1146/38/43
f 199/42/43 1135/35/43 1137/37/43
f 1135/35/43 199/42/43 197/43/43
f 1144/35/43 194/42/43 1145/37/43
f 197/43/43 1144/35/43 1135/35/43
f 1144/35/43 193/43/43 194/42/43
f 193/43/43 1144/35/43 197/43/43
f 308/46/6 322/46/6 307/46/6
f 322/46/6 308/46/6 318/46/6
f 1150/32/38 414/31/38 412/31/38
f 414/31/38 1150/32/38 1151/33/38
f 1152/33/37 411/31/37 413/31/37
f 411/31/37 1152/33/37 1153/32/37
f 1156/36/38 1155/35/38 1154/34/38
f 1155/35/38 1156/36/38 1157/37/38
f 1157/37/38 1156/36/38 1158/38/38
f 1158/38/38 1156/36/38 1159/39/38
f 1159/39/38 1156/36/38 1160/40/38
f 1160/40/38 1156/36/38 1161/41/38
f 1164/35/37 1163/36/37 1162/34/37
f 1163/36/37 1164/35/37 1165/37/37
f 1163/36/37 1165/37/37 1166/38/37
f 1163/36/37 1166/38/37 1167/39/37
f 1163/36/37 1167/39/37 1168/40/37
f 1163/36/37 1168/40/37 1169/41/37
f 1154/34/51 1164/35/51 1162/34/51
f 1164/35/51 1154/34/51 1155/35/51
f 411/31/119 1150/32/119 412/31/119
f 1150/32/119 411/31/119 1153/32/119
f 1152/33/120 414/31/120 1151/33/120
f 414/31/120 1152/33/120 413/31/120
f 1161/41/44 1163/36/44 1169/41/44
f 1163/36/44 1161/41/44 1156/36/44
f 1153/32/43 400/43/43 401/42/43
f 1153/32/43 401/42/43 402/44/43
f 1152/33/43 400/43/43 1153/32/43
f 400/43/43 1152/33/43 399/45/43
f 399/45/43 1152/33/43 391/45/43
f 1151/33/43 391/45/43 1152/33/43
f 391/45/43 1151/33/43 387/43/43
f 1153/32/43 402/44/43 1150/32/43
f 387/43/43 1151/33/43 1150/32/43
f 393/44/43 1150/32/43 402/44/43
f 387/43/43 1150/32/43 389/42/43
f 389/42/43 1150/32/43 393/44/43
f 1168/40/43 380/42/43 1169/41/43
f 1169/41/43 380/42/43 1161/41/43
f 385/42/43 1161/41/43 380/42/43
f 385/42/43 1160/40/43 1161/41/43
f 1159/39/43 1168/40/43 1160/40/43
f 385/42/43 1159/39/43 1160/40/43
f 1168/40/43 1159/39/43 1167/39/43
f 1167/39/43 380/42/43 1168/40/43
f 385/42/43 1158/38/43 1159/39/43
f 1166/38/43 380/42/43 1167/39/43
f 1157/37/43 1166/38/43 1158/38/43
f 385/42/43 1157/37/43 1158/38/43
f 1166/38/43 1157/37/43 1165/37/43
f 1165/37/43 380/42/43 1166/38/43
f 385/42/43 1155/35/43 1157/37/43
f 1155/35/43 385/42/43 383/43/43
f 1164/35/43 380/42/43 1165/37/43
f 383/43/43 1164/35/43 1155/35/43
f 1164/35/43 379/43/43 380/42/43
f 379/43/43 1164/35/43 383/43/43
f 415/47/6 427/47/6 1170/47/6
f 425/47/6 1170/47/6 427/47/6
f 1172/47/6 441/47/6 1171/47/6
f 441/47/6 1172/47/6 439/47/6
f 451/47/6 1174/47/6 1173/47/6
f 1174/47/6 451/47/6 453/47/6
f 471/47/6 1175/47/6 469/47/6
f 1175/47/6 471/47/6 456/47/6
f 1177/47/6 485/47/6 1176/47/6
f 485/47/6 1177/47/6 483/47/6
f 488/47/6 503/47/6 1178/47/6
f 501/47/6 1178/47/6 503/47/6
f 523/47/6 1179/47/6 521/47/6
f 1179/47/6 523/47/6 508/47/6
f 535/47/6 1181/47/6 1180/47/6
f 1181/47/6 535/47/6 537/47/6
f 547/47/6 1183/47/6 1182/47/6
f 1183/47/6 547/47/6 549/47/6
f 1184/47/6 561/47/6 1182/47/6
f 561/47/6 1184/47/6 559/47/6
f 577/47/6 1185/47/6 575/47/6
f 1185/47/6 577/47/6 564/47/6
f 582/47/6 597/47/6 1186/47/6
f 595/47/6 1186/47/6 597/47/6
f 1189/49/25 1188/48/25 1187/48/25
f 1188/48/25 1189/49/25 1190/49/25
f 1192/48/30 1188/48/30 1191/48/30
f 1188/48/30 1192/48/30 1187/48/30
f 1193/49/5 1188/48/5 1190/49/5
f 1188/48/5 1193/49/5 1191/48/5
f 1192/48/24 1189/49/24 1187/48/24
f 1189/49/24 1192/48/24 1194/49/24
f 1193/49/54 1192/48/54 1191/48/54
f 1192/48/54 1193/49/54 1194/49/54
f 1197/49/25 1196/48/25 1195/48/25
f 1196/48/25 1197/49/25 1198/49/25
f 1200/48/30 1196/48/30 1199/48/30
f 1196/48/30 1200/48/30 1195/48/30
f 1201/49/5 1196/48/5 1198/49/5
f 1196/48/5 1201/49/5 1199/48/5
f 1200/48/24 1197/49/24 1195/48/24
f 1197/49/24 1200/48/24 1202/49/24
f 1201/49/54 1200/48/54 1199/48/54
f 1200/48/54 1201/49/54 1202/49/54
f 782/50/15 771/49/15 773/49/15
f 771/49/15 782/50/15 781/50/15
f 1205/46/6 1204/46/6 1203/46/6
f 1204/46/6 1205/46/6 1206/46/6
f 1204/46/6 1206/46/6 1207/46/6
f 1207/46/6 1206/46/6 1208/46/6
f 1207/46/6 1208/46/6 1209/46/6
f 1209/46/6 1208/46/6 1210/46/6
f 817/48/60 1207/46/25 1209/46/60
f 1207/46/25 817/48/60 820/48/25
f 1204/46/58 822/48/24 1203/46/24
f 822/48/24 1204/46/58 821/48/58
f 1203/46/24 819/48/83 1205/46/83
f 819/48/83 1203/46/24 822/48/24
f 817/48/60 1210/46/5 815/48/5
f 1210/46/5 817/48/60 1209/46/60
f 820/48/25 1204/46/58 1207/46/25
f 1204/46/58 820/48/25 821/48/58
f 819/48/83 1206/46/54 1205/46/83
f 1206/46/54 819/48/83 818/48/54
f 815/48/5 1208/46/82 816/48/82
f 1208/46/82 815/48/5 1210/46/5
f 818/48/54 1208/46/82 1206/46/54
f 1208/46/82 818/48/54 816/48/82
f 1213/49/25 1212/48/25 1211/48/25
f 1212/48/25 1213/49/25 1214/49/25
f 1217/51/111 1216/52/112 1215/51/111
f 1216/52/112 1217/51/111 1218/52/112
f 1221/52/112 1220/52/6 1219/52/6
f 1220/52/6 1221/52/112 1222/52/112
f 1220/52/24 1223/51/110 1219/52/24
f 1223/51/110 1220/52/24 1224/51/110
f 1226/51/111 1221/52/112 1225/51/111
f 1221/52/112 1226/51/111 1222/52/112
f 1229/52/113 1228/51/110 1227/52/113
f 1228/51/110 1229/52/113 1230/51/110
f 1227/52/111 1228/51/112 1229/52/111
f 1230/51/112 1229/52/111 1228/51/112
f 1216/52/112 1229/52/113 1227/52/113
f 1229/52/113 1216/52/112 1218/52/112
f 1217/51/111 1228/51/110 1230/51/110
f 1228/51/110 1217/51/111 1215/51/111
f 1226/51/111 1223/51/110 1224/51/110
f 1223/51/110 1226/51/111 1225/51/111
f 1216/52/25 1231/53/25 1215/51/25
f 1215/51/25 1231/53/25 1228/51/25
f 1216/52/25 1232/49/25 1231/53/25
f 1232/49/25 1216/52/25 1233/49/25
f 1233/49/25 1216/52/25 1227/52/25
f 1233/49/25 1227/52/25 1219/52/25
f 1219/52/25 1234/53/25 1233/49/25
f 1227/52/25 1221/52/25 1219/52/25
f 1221/52/25 1227/52/25 1228/51/25
f 1234/53/25 1219/52/25 1223/51/25
f 1234/53/25 1223/51/25 1231/53/25
f 1221/52/25 1228/51/25 1225/51/25
f 1228/51/25 1231/53/25 1225/51/25
f 1225/51/25 1231/53/25 1223/51/25
f 1237/55/121 1236/54/17 1235/54/16
f 1236/54/17 1237/55/121 1238/55/122
f 1241/55/123 1240/54/21 1239/54/23
f 1240/54/21 1241/55/123 1242/55/124
f 1238/55/122 1243/54/19 1236/54/17
f 1243/54/19 1238/55/122 1244/55/125
f 1244/55/125 1245/54/22 1243/54/19
f 1245/54/22 1244/55/125 1246/55/126
f 1241/55/123 1245/54/22 1246/55/126
f 1245/54/22 1241/55/123 1239/54/23
f 1247/54/18 1237/55/121 1235/54/16
f 1237/55/121 1247/54/18 1248/55/127
f 1249/54/20 1248/55/127 1247/54/18
f 1248/55/127 1249/54/20 1250/55/128
f 1242/55/124 1249/54/20 1240/54/21
f 1249/54/20 1242/55/124 1250/55/128
f 1244/55/125 1241/55/123 1246/55/126
f 1241/55/123 1244/55/125 1238/55/122
f 1241/55/123 1238/55/122 1242/55/124
f 1242/55/124 1238/55/122 1237/55/121
f 1242/55/124 1237/55/121 1250/55/128
f 1250/55/128 1237/55/121 1248/55/127
f 1239/54/30 1243/54/30 1245/54/30
f 1243/54/30 1239/54/30 1236/54/30
f 1236/54/30 1239/54/30 1240/54/30
f 1236/54/30 1240/54/30 1249/54/30
f 1236/54/30 1249/54/30 1235/54/30
f 1235/54/30 1249/54/30 1247/54/30
f 1253/55/124 1252/54/20 1251/54/21
f 1252/54/20 1253/55/124 1254/55/128
f 1255/54/23 1253/55/124 1251/54/21
f 1253/55/124 1255/54/23 1256/55/123
f 1259/55/121 1258/54/17 1257/54/16
f 1258/54/17 1259/55/121 1260/55/122
f 1261/54/18 1259/55/121 1257/54/16
f 1259/55/121 1261/54/18 1262/55/127
f 1252/54/20 1262/55/127 1261/54/18
f 1262/55/127 1252/54/20 1254/55/128
f 1265/55/125 1264/54/22 1263/54/19
f 1264/54/22 1265/55/125 1266/55/126
f 1256/55/123 1264/54/22 1266/55/126
f 1264/54/22 1256/55/123 1255/54/23
f 1260/55/122 1263/54/19 1258/54/17
f 1263/54/19 1260/55/122 1265/55/125
f 1255/54/30 1263/54/30 1264/54/30
f 1263/54/30 1255/54/30 1251/54/30
f 1263/54/30 1251/54/30 1258/54/30
f 1258/54/30 1251/54/30 1252/54/30
f 1258/54/30 1252/54/30 1257/54/30
f 1257/54/30 1252/54/30 1261/54/30
f 1265/55/125 1256/55/123 1266/55/126
f 1256/55/123 1265/55/125 1260/55/122
f 1256/55/123 1260/55/122 1253/55/124
f 1253/55/124 1260/55/122 1259/55/121
f 1253/55/124 1259/55/121 1254/55/128
f 1254/55/128 1259/55/121 1262/55/127

usemtl colormap-specular

f 1142/56/43 1136/57/43 1134/56/43
f 1136/57/43 1142/56/43 1143/57/43
f 1162/56/43 1156/57/43 1154/56/43
f 1156/57/43 1162/56/43 1163/57/43
f 700/59/12 706/58/12 704/58/12
f 706/58/12 700/59/12 699/59/12
f 750/59/14 756/58/14 754/58/14
f 756/58/14 750/59/14 749/59/14
f 984/59/25 990/58/25 988/58/25
f 990/58/25 984/59/25 983/59/25
f 1031/59/26 1032/59/26 1038/58/26
f 1036/58/26 1038/58/26 1032/59/26
f 1082/59/26 1083/59/26 1089/58/26
f 1087/58/26 1089/58/26 1083/59/26
f 1218/60/25 1230/61/25 1229/60/25
f 1230/61/25 1218/60/25 1217/61/25
f 1222/60/25 1224/61/25 1220/60/25
f 1224/61/25 1222/60/25 1226/61/25

g building-l




usemtl colormap

f 6/2/2 5/1/2 3/2/2
f 1/1/2 3/2/2 5/1/2
f 4/2/1 3/2/1 2/1/1
f 1/1/1 2/1/1 3/2/1
f 12/2/4 11/1/4 9/2/4
f 7/1/4 9/2/4 11/1/4
f 10/2/3 9/2/3 8/1/3
f 7/1/3 8/1/3 9/2/3
f 15/2/5 14/1/5 13/2/5
f 14/1/5 15/2/5 16/1/5
f 19/2/5 18/1/5 17/2/5
f 18/1/5 19/2/5 20/1/5
f 23/2/6 22/2/6 21/2/6
f 22/2/6 23/2/6 24/2/6
f 30/2/8 29/1/8 27/2/8
f 25/1/8 27/2/8 29/1/8
f 28/2/7 27/2/7 26/1/7
f 25/1/7 26/1/7 27/2/7
f 36/2/10 35/1/10 33/2/10
f 31/1/10 33/2/10 35/1/10
f 34/2/9 33/2/9 32/1/9
f 31/1/9 32/1/9 33/2/9
f 42/2/8 41/1/8 39/2/8
f 37/1/8 39/2/8 41/1/8
f 40/2/7 39/2/7 38/1/7
f 37/1/7 38/1/7 39/2/7
f 48/2/10 47/1/10 45/2/10
f 43/1/10 45/2/10 47/1/10
f 46/2/9 45/2/9 44/1/9
f 43/1/9 44/1/9 45/2/9
f 51/2/11 50/1/11 49/2/11
f 50/1/11 51/2/11 52/1/11
f 55/2/11 54/1/11 53/2/11
f 54/1/11 55/2/11 56/1/11
f 59/2/8 58/1/8 57/2/8
f 58/1/8 59/2/8 60/1/8
f 63/3/12 62/3/12 61/3/12
f 63/3/12 64/3/12 62/3/12
f 63/3/12 65/1/12 64/3/12
f 66/1/12 64/3/12 65/1/12
f 65/1/12 63/3/12 67/2/12
f 67/2/12 63/3/12 68/4/12
f 64/3/12 66/1/12 69/2/12
f 67/2/12 68/4/12 69/2/12
f 64/3/12 69/2/12 70/4/12
f 70/4/12 69/2/12 68/4/12
f 71/2/13 65/1/13 67/2/13
f 65/1/13 71/2/13 72/1/13
f 75/3/14 74/3/14 73/3/14
f 75/3/14 76/3/14 74/3/14
f 75/3/14 77/1/14 76/3/14
f 78/1/14 76/3/14 77/1/14
f 77/1/14 75/3/14 79/2/14
f 79/2/14 75/3/14 80/4/14
f 76/3/14 78/1/14 81/2/14
f 79/2/14 80/4/14 81/2/14
f 76/3/14 81/2/14 82/4/14
f 82/4/14 81/2/14 80/4/14
f 85/2/15 84/1/15 83/1/15
f 84/1/15 85/2/15 86/5/15
f 86/5/15 85/2/15 87/4/15
f 88/4/15 86/5/15 87/4/15
f 87/4/15 85/2/15 88/4/15
f 88/4/15 85/2/15 89/4/15
f 89/4/15 85/2/15 90/4/15
f 91/2/15 90/4/15 85/2/15
f 90/4/15 92/5/15 89/4/15
f 91/2/15 92/5/15 90/4/15
f 93/1/15 92/5/15 91/2/15
f 92/5/15 93/1/15 94/1/15
f 97/2/16 96/6/17 95/6/16
f 98/6/18 97/2/16 95/6/16
f 96/6/17 97/2/16 99/2/17
f 97/2/16 98/6/18 100/2/18
f 99/2/17 101/6/19 96/6/17
f 101/6/19 99/2/17 102/2/19
f 103/6/20 100/2/18 98/6/18
f 100/2/18 103/6/20 104/2/20
f 103/6/20 105/2/21 104/2/20
f 105/2/21 103/6/20 106/6/21
f 102/2/19 107/6/22 101/6/19
f 107/6/22 102/2/19 108/2/22
f 106/6/21 109/2/23 105/2/21
f 109/2/23 107/6/22 108/2/22
f 109/2/23 106/6/21 110/6/23
f 107/6/22 109/2/23 110/6/23
f 113/1/24 112/2/24 111/1/24
f 112/2/24 113/1/24 114/2/24
f 112/2/25 115/1/25 111/1/25
f 115/1/25 112/2/25 116/5/25
f 116/5/25 112/2/25 117/4/25
f 117/4/25 112/2/25 118/4/25
f 119/2/25 118/4/25 112/2/25
f 119/2/25 120/5/25 118/4/25
f 121/1/25 120/5/25 119/2/25
f 120/5/25 121/1/25 122/1/25
f 125/3/25 124/3/25 123/3/25
f 125/3/25 126/3/25 124/3/25
f 125/3/25 127/1/25 126/3/25
f 128/1/25 126/3/25 127/1/25
f 127/1/25 125/3/25 129/2/25
f 129/2/25 125/3/25 130/4/25
f 126/3/25 128/1/25 131/2/25
f 129/2/25 130/4/25 131/2/25
f 126/3/25 131/2/25 132/4/25
f 132/4/25 131/2/25 130/4/25
f 133/2/5 127/1/5 129/2/5
f 127/1/5 133/2/5 134/1/5
f 142/4/26 143/2/26 144/4/26
f 144/4/26 143/2/26 138/3/26
f 143/2/26 142/4/26 141/2/26
f 143/2/26 140/1/26 138/3/26
f 142/4/26 137/3/26 141/2/26
f 141/2/26 137/3/26 139/1/26
f 139/1/26 138/3/26 140/1/26
f 138/3/26 139/1/26 137/3/26
f 136/3/26 138/3/26 137/3/26
f 135/3/26 136/3/26 137/3/26
f 156/1/27 155/2/27 149/1/27
f 151/2/27 149/1/27 155/2/27
f 152/4/26 153/2/26 154/4/26
f 154/4/26 153/2/26 148/3/26
f 153/2/26 152/4/26 151/2/26
f 153/2/26 150/1/26 148/3/26
f 152/4/26 147/3/26 151/2/26
f 151/2/26 147/3/26 149/1/26
f 149/1/26 148/3/26 150/1/26
f 148/3/26 149/1/26 147/3/26
f 146/3/26 148/3/26 147/3/26
f 145/3/26 146/3/26 147/3/26
f 159/2/25 158/1/25 157/1/25
f 158/1/25 159/2/25 160/5/25
f 160/5/25 159/2/25 161/4/25
f 161/4/25 159/2/25 162/4/25
f 163/2/25 162/4/25 159/2/25
f 163/2/25 164/5/25 162/4/25
f 165/1/25 164/5/25 163/2/25
f 164/5/25 165/1/25 166/1/25
f 1/8/6 5/8/6 174/8/6
f 174/8/6 172/8/6 1/8/6
f 172/8/6 169/8/6 1/8/6
f 1/8/6 169/8/6 2/8/6
f 170/8/6 2/8/6 169/8/6
f 171/7/30 173/7/30 167/7/30
f 167/7/30 173/7/30 168/7/30
f 175/7/30 168/7/30 173/7/30
f 169/8/28 172/8/29 167/7/28
f 171/7/29 167/7/28 172/8/29
f 174/8/2 173/7/2 172/8/29
f 171/7/29 172/8/29 173/7/2
f 170/8/1 169/8/28 168/7/1
f 167/7/28 168/7/1 169/8/28
f 183/8/6 181/8/6 11/8/6
f 11/8/6 181/8/6 7/8/6
f 181/8/6 178/8/6 7/8/6
f 7/8/6 178/8/6 8/8/6
f 179/8/6 8/8/6 178/8/6
f 180/7/30 182/7/30 176/7/30
f 176/7/30 182/7/30 177/7/30
f 184/7/30 177/7/30 182/7/30
f 178/8/31 181/8/32 176/7/31
f 180/7/32 176/7/31 181/8/32
f 183/8/4 182/7/4 181/8/32
f 180/7/32 181/8/32 182/7/4
f 179/8/3 178/8/31 177/7/3
f 176/7/31 177/7/3 178/8/31
f 187/9/33 186/7/34 185/7/33
f 186/7/34 187/9/33 188/9/34
f 188/9/34 189/7/35 186/7/34
f 189/7/35 188/9/34 190/9/35
f 190/9/35 191/7/36 189/7/35
f 191/7/36 190/9/35 192/9/36
f 195/12/37 194/11/37 193/10/37
f 194/11/37 195/12/37 196/13/37
f 199/11/38 198/12/38 197/10/38
f 198/12/38 199/11/38 200/13/38
f 203/11/40 202/12/39 201/10/39
f 202/12/39 203/11/40 204/13/40
f 201/10/39 206/15/41 205/14/41
f 206/15/41 201/10/39 202/12/39
f 207/16/42 204/13/40 203/11/40
f 204/13/40 207/16/42 208/17/42
f 202/12/43 209/15/43 206/15/43
f 209/15/43 202/12/43 195/12/43
f 195/12/43 210/12/43 209/15/43
f 210/12/43 195/12/43 198/12/43
f 195/12/43 202/12/43 196/13/43
f 196/13/43 202/12/43 204/13/43
f 210/12/43 198/12/43 200/13/43
f 196/13/43 204/13/43 208/17/43
f 196/13/43 208/17/43 200/13/43
f 210/12/43 200/13/43 211/13/43
f 200/13/43 208/17/43 211/13/43
f 211/13/43 208/17/43 212/17/43
f 200/13/44 194/11/44 196/13/44
f 194/11/44 200/13/44 199/11/44
f 209/15/45 205/14/41 206/15/41
f 205/14/41 209/15/45 213/14/45
f 209/15/45 214/10/46 213/14/45
f 214/10/46 209/15/45 210/12/46
f 211/13/47 216/16/48 215/11/47
f 216/16/48 211/13/47 212/17/48
f 207/16/42 212/17/48 208/17/42
f 212/17/48 207/16/42 216/16/48
f 219/7/50 218/9/49 217/7/49
f 218/9/49 219/7/50 220/9/50
f 210/12/46 215/11/47 214/10/46
f 215/11/47 210/12/46 211/13/47
f 220/9/50 191/7/36 192/9/36
f 191/7/36 220/9/50 219/7/50
f 197/10/51 195/12/51 193/10/51
f 195/12/51 197/10/51 198/12/51
f 223/7/31 222/9/32 221/7/32
f 222/9/32 223/7/31 224/9/31
f 221/7/32 187/9/33 185/7/33
f 187/9/33 221/7/32 222/9/32
f 222/9/6 188/9/6 187/9/6
f 224/9/6 188/9/6 222/9/6
f 225/9/6 188/9/6 224/9/6
f 218/9/6 225/9/6 224/9/6
f 226/9/6 188/9/6 225/9/6
f 218/9/6 227/9/6 225/9/6
f 228/9/6 188/9/6 226/9/6
f 218/9/6 228/9/6 227/9/6
f 188/9/6 228/9/6 190/9/6
f 218/9/6 190/9/6 228/9/6
f 220/9/6 190/9/6 218/9/6
f 190/9/6 220/9/6 192/9/6
f 217/7/49 224/9/31 223/7/31
f 224/9/31 217/7/49 218/9/49
f 231/8/5 230/7/5 229/8/5
f 230/7/5 231/8/5 232/7/5
f 229/8/6 16/8/6 231/8/6
f 16/8/6 229/8/6 14/8/6
f 233/7/30 230/7/30 232/7/30
f 230/7/30 233/7/30 234/7/30
f 237/8/5 236/7/5 235/8/5
f 236/7/5 237/8/5 238/7/5
f 235/8/6 20/8/6 237/8/6
f 20/8/6 235/8/6 18/8/6
f 239/7/30 236/7/30 238/7/30
f 236/7/30 239/7/30 240/7/30
f 243/7/30 242/7/30 241/7/30
f 242/7/30 243/7/30 244/7/30
f 252/8/6 250/8/6 29/8/6
f 29/8/6 250/8/6 25/8/6
f 250/8/6 247/8/6 25/8/6
f 25/8/6 247/8/6 26/8/6
f 248/8/6 26/8/6 247/8/6
f 249/7/30 251/7/30 245/7/30
f 251/7/30 253/7/30 245/7/30
f 246/7/30 245/7/30 253/7/30
f 247/8/52 250/8/53 245/7/52
f 249/7/53 245/7/52 250/8/53
f 252/8/8 251/7/8 250/8/53
f 249/7/53 250/8/53 251/7/8
f 248/8/7 247/8/52 246/7/7
f 245/7/52 246/7/7 247/8/52
f 261/8/6 259/8/6 35/8/6
f 35/8/6 259/8/6 31/8/6
f 259/8/6 256/8/6 31/8/6
f 31/8/6 256/8/6 32/8/6
f 257/8/6 32/8/6 256/8/6
f 258/7/30 260/7/30 254/7/30
f 260/7/30 262/7/30 254/7/30
f 255/7/30 254/7/30 262/7/30
f 256/8/35 259/8/36 254/7/35
f 258/7/36 254/7/35 259/8/36
f 261/8/10 260/7/10 259/8/36
f 258/7/36 259/8/36 260/7/10
f 257/8/9 256/8/35 255/7/9
f 254/7/35 255/7/9 256/8/35
f 270/8/6 268/8/6 41/8/6
f 41/8/6 268/8/6 37/8/6
f 268/8/6 265/8/6 37/8/6
f 37/8/6 265/8/6 38/8/6
f 266/8/6 38/8/6 265/8/6
f 267/7/30 269/7/30 263/7/30
f 269/7/30 271/7/30 263/7/30
f 264/7/30 263/7/30 271/7/30
f 265/8/52 268/8/53 263/7/52
f 267/7/53 263/7/52 268/8/53
f 270/8/8 269/7/8 268/8/53
f 267/7/53 268/8/53 269/7/8
f 266/8/7 265/8/52 264/7/7
f 263/7/52 264/7/7 265/8/52
f 279/8/6 277/8/6 47/8/6
f 47/8/6 277/8/6 43/8/6
f 277/8/6 274/8/6 43/8/6
f 43/8/6 274/8/6 44/8/6
f 275/8/6 44/8/6 274/8/6
f 276/7/30 278/7/30 272/7/30
f 272/7/30 278/7/30 273/7/30
f 280/7/30 273/7/30 278/7/30
f 274/8/35 277/8/36 272/7/35
f 276/7/36 272/7/35 277/8/36
f 279/8/10 278/7/10 277/8/36
f 276/7/36 277/8/36 278/7/10
f 275/8/9 274/8/35 273/7/9
f 272/7/35 273/7/9 274/8/35
f 283/8/11 282/7/11 281/8/11
f 282/7/11 283/8/11 284/7/11
f 281/8/6 52/8/6 283/8/6
f 52/8/6 281/8/6 50/8/6
f 285/7/30 282/7/30 284/7/30
f 282/7/30 285/7/30 286/7/30
f 289/8/11 288/7/11 287/8/11
f 288/7/11 289/8/11 290/7/11
f 287/8/6 56/8/6 289/8/6
f 56/8/6 287/8/6 54/8/6
f 291/7/30 288/7/30 290/7/30
f 288/7/30 291/7/30 292/7/30
f 295/8/8 294/7/8 293/8/8
f 294/7/8 295/8/8 296/7/8
f 293/8/6 60/8/6 295/8/6
f 60/8/6 293/8/6 58/8/6
f 297/7/30 294/7/30 296/7/30
f 294/7/30 297/7/30 298/7/30
f 301/7/30 300/7/30 299/7/30
f 300/7/30 301/7/30 302/7/30
f 302/7/30 301/7/30 303/7/30
f 303/7/30 301/7/30 304/7/30
f 304/7/30 301/7/30 305/7/30
f 305/7/30 301/7/30 306/7/30
f 309/17/54 308/18/54 307/18/54
f 308/18/54 309/17/54 310/17/54
f 311/17/55 303/7/56 304/7/55
f 303/7/56 311/17/55 312/17/56
f 314/17/5 300/7/57 313/17/57
f 300/7/57 314/17/5 299/7/5
f 306/7/59 315/17/58 305/7/58
f 315/17/58 306/7/59 316/17/59
f 317/17/5 308/18/5 310/17/5
f 308/18/5 317/17/5 318/18/5
f 319/17/6 315/17/6 316/17/6
f 317/17/6 315/17/6 319/17/6
f 310/17/6 315/17/6 317/17/6
f 310/17/6 311/17/6 315/17/6
f 309/17/6 311/17/6 310/17/6
f 311/17/6 309/17/6 312/17/6
f 320/17/6 312/17/6 309/17/6
f 320/17/6 321/17/6 312/17/6
f 314/17/6 321/17/6 320/17/6
f 321/17/6 314/17/6 313/17/6
f 301/7/24 316/17/59 306/7/59
f 316/17/59 301/7/24 319/17/24
f 313/17/57 302/7/60 321/17/60
f 302/7/60 313/17/57 300/7/57
f 322/18/24 309/17/24 307/18/24
f 309/17/24 322/18/24 320/17/24
f 322/18/54 314/17/54 320/17/54
f 322/18/54 299/7/54 314/17/54
f 299/7/54 322/18/54 301/7/54
f 318/18/54 301/7/54 322/18/54
f 301/7/54 318/18/54 319/17/54
f 319/17/54 318/18/54 317/17/54
f 312/17/56 302/7/60 303/7/56
f 302/7/60 312/17/56 321/17/60
f 315/17/58 304/7/55 305/7/58
f 304/7/55 315/17/58 311/17/55
f 325/19/2 324/17/2 323/19/2
f 324/17/2 325/19/2 326/17/2
f 327/7/2 326/17/2 325/19/2
f 327/7/2 328/20/2 326/17/2
f 329/7/2 328/20/2 327/7/2
f 328/20/2 329/7/2 330/19/2
f 332/20/62 330/19/61 331/19/61
f 330/19/61 332/20/62 328/20/62
f 333/19/30 325/19/30 323/19/30
f 325/19/30 333/19/30 334/19/30
f 336/7/63 331/19/63 335/7/63
f 331/19/63 336/7/63 332/20/63
f 332/20/63 336/7/63 337/17/63
f 337/17/63 336/7/63 334/19/63
f 337/17/63 334/19/63 333/19/63
f 337/17/63 333/19/63 338/17/63
f 331/19/61 329/7/1 335/7/1
f 329/7/1 331/19/61 330/19/61
f 325/19/64 336/7/64 327/7/64
f 336/7/64 325/19/64 334/19/64
f 337/17/65 324/17/6 326/17/65
f 324/17/6 337/17/65 338/17/6
f 328/20/62 337/17/65 326/17/65
f 337/17/65 328/20/62 332/20/62
f 341/19/2 340/17/2 339/19/2
f 340/17/2 341/19/2 342/17/2
f 343/7/2 342/17/2 341/19/2
f 343/7/2 344/20/2 342/17/2
f 345/7/2 344/20/2 343/7/2
f 344/20/2 345/7/2 346/19/2
f 348/20/62 346/19/61 347/19/61
f 346/19/61 348/20/62 344/20/62
f 349/19/30 341/19/30 339/19/30
f 341/19/30 349/19/30 350/19/30
f 352/7/63 347/19/63 351/7/63
f 347/19/63 352/7/63 348/20/63
f 348/20/63 352/7/63 353/17/63
f 353/17/63 352/7/63 350/19/63
f 353/17/63 350/19/63 349/19/63
f 353/17/63 349/19/63 354/17/63
f 347/19/61 345/7/1 351/7/1
f 345/7/1 347/19/61 346/19/61
f 341/19/64 352/7/64 343/7/64
f 352/7/64 341/19/64 350/19/64
f 353/17/65 340/17/6 342/17/65
f 340/17/6 353/17/65 354/17/6
f 344/20/62 353/17/65 342/17/65
f 353/17/65 344/20/62 348/20/62
f 357/7/36 356/17/50 355/7/50
f 356/17/50 357/7/36 358/17/36
f 361/17/49 360/7/31 359/7/49
f 360/7/31 361/17/49 362/17/31
f 365/17/34 364/7/35 363/7/34
f 364/7/35 365/17/34 366/17/35
f 369/17/33 368/7/32 367/17/32
f 368/7/32 369/17/33 370/7/33
f 355/7/50 361/17/49 359/7/49
f 361/17/49 355/7/50 356/17/50
f 364/7/35 358/17/36 357/7/36
f 358/17/36 364/7/35 366/17/35
f 365/17/34 370/7/33 369/17/33
f 370/7/33 365/17/34 363/7/34
f 367/17/32 360/7/31 362/17/31
f 360/7/31 367/17/32 368/7/32
f 362/17/6 369/17/6 367/17/6
f 369/17/6 362/17/6 365/17/6
f 365/17/6 362/17/6 361/17/6
f 365/17/6 361/17/6 366/17/6
f 366/17/6 361/17/6 356/17/6
f 366/17/6 356/17/6 358/17/6
f 373/9/33 372/7/34 371/7/33
f 372/7/34 373/9/33 374/9/34
f 374/9/34 375/7/35 372/7/34
f 375/7/35 374/9/34 376/9/35
f 376/9/35 377/7/36 375/7/35
f 377/7/36 376/9/35 378/9/36
f 381/12/37 380/11/37 379/10/37
f 380/11/37 381/12/37 382/13/37
f 385/11/38 384/12/38 383/10/38
f 384/12/38 385/11/38 386/13/38
f 389/11/40 388/12/39 387/10/39
f 388/12/39 389/11/40 390/13/40
f 387/10/39 392/15/41 391/14/41
f 392/15/41 387/10/39 388/12/39
f 393/16/42 390/13/40 389/11/40
f 390/13/40 393/16/42 394/17/42
f 388/12/43 395/15/43 392/15/43
f 395/15/43 388/12/43 381/12/43
f 381/12/43 396/12/43 395/15/43
f 396/12/43 381/12/43 384/12/43
f 381/12/43 388/12/43 382/13/43
f 382/13/43 388/12/43 390/13/43
f 396/12/43 384/12/43 386/13/43
f 382/13/43 390/13/43 394/17/43
f 382/13/43 394/17/43 386/13/43
f 396/12/43 386/13/43 397/13/43
f 386/13/43 394/17/43 397/13/43
f 397/13/43 394/17/43 398/17/43
f 386/13/44 380/11/44 382/13/44
f 380/11/44 386/13/44 385/11/44
f 395/15/45 391/14/41 392/15/41
f 391/14/41 395/15/45 399/14/45
f 395/15/45 400/10/46 399/14/45
f 400/10/46 395/15/45 396/12/46
f 397/13/47 402/16/48 401/11/47
f 402/16/48 397/13/47 398/17/48
f 393/16/42 398/17/48 394/17/42
f 398/17/48 393/16/42 402/16/48
f 405/7/50 404/9/49 403/7/49
f 404/9/49 405/7/50 406/9/50
f 396/12/46 401/11/47 400/10/46
f 401/11/47 396/12/46 397/13/47
f 406/9/50 377/7/36 378/9/36
f 377/7/36 406/9/50 405/7/50
f 383/10/51 381/12/51 379/10/51
f 381/12/51 383/10/51 384/12/51
f 409/7/31 408/9/32 407/7/32
f 408/9/32 409/7/31 410/9/31
f 407/7/32 373/9/33 371/7/33
f 373/9/33 407/7/32 408/9/32
f 408/9/6 374/9/6 373/9/6
f 410/9/6 374/9/6 408/9/6
f 411/9/6 374/9/6 410/9/6
f 404/9/6 411/9/6 410/9/6
f 412/9/6 374/9/6 411/9/6
f 404/9/6 413/9/6 411/9/6
f 414/9/6 374/9/6 412/9/6
f 404/9/6 414/9/6 413/9/6
f 374/9/6 414/9/6 376/9/6
f 404/9/6 376/9/6 414/9/6
f 406/9/6 376/9/6 404/9/6
f 376/9/6 406/9/6 378/9/6
f 403/7/49 410/9/31 409/7/31
f 410/9/31 403/7/49 404/9/49
f 426/17/66 424/17/66 427/21/66
f 425/21/66 427/21/66 424/17/66
f 431/17/53 430/22/53 429/17/52
f 428/22/52 429/17/52 430/22/53
f 419/17/8 418/22/8 431/17/53
f 430/22/53 431/17/53 418/22/8
f 431/17/6 429/17/6 419/17/6
f 419/17/6 429/17/6 416/17/6
f 416/17/6 429/17/6 426/17/6
f 426/17/6 429/17/6 424/17/6
f 422/17/6 424/17/6 429/17/6
f 421/22/30 423/22/30 420/22/30
f 428/22/30 420/22/30 423/22/30
f 430/22/30 418/22/30 428/22/30
f 428/22/30 418/22/30 420/22/30
f 417/22/30 420/22/30 418/22/30
f 422/17/7 429/17/52 423/22/7
f 428/22/52 423/22/7 429/17/52
f 415/21/67 416/17/67 427/21/67
f 426/17/67 427/21/67 416/17/67
f 425/21/67 424/17/67 40/21/67
f 40/21/67 424/17/67 421/22/67
f 421/22/67 424/17/67 423/22/67
f 422/17/67 423/22/67 424/17/67
f 421/22/7 420/22/7 40/21/7
f 39/21/7 40/21/7 420/22/7
f 417/22/8 42/21/8 420/22/8
f 39/21/8 420/22/8 42/21/8
f 419/17/66 416/17/66 418/22/66
f 418/22/66 416/17/66 417/22/66
f 417/22/66 416/17/66 42/21/66
f 415/21/66 42/21/66 416/17/66
f 434/22/30 433/22/30 432/22/30
f 433/22/30 434/22/30 435/22/30
f 437/21/63 433/22/63 436/21/63
f 433/22/63 437/21/63 432/22/63
f 440/17/2 439/21/2 438/17/2
f 439/21/2 440/17/2 441/21/2
f 438/17/6 442/17/6 440/17/6
f 442/17/6 438/17/6 443/17/6
f 434/22/63 443/17/63 435/22/63
f 443/17/63 434/22/63 442/17/63
f 446/22/30 445/22/30 444/22/30
f 445/22/30 446/22/30 447/22/30
f 449/21/24 445/22/24 448/21/24
f 445/22/24 449/21/24 444/22/24
f 452/17/5 451/21/5 450/17/5
f 451/21/5 452/17/5 453/21/5
f 450/17/6 454/17/6 452/17/6
f 454/17/6 450/17/6 455/17/6
f 446/22/24 455/17/24 447/22/24
f 455/17/24 446/22/24 454/17/24
f 458/17/54 457/21/54 456/21/54
f 457/21/54 458/17/54 459/22/54
f 459/22/54 458/17/54 460/22/54
f 460/22/54 458/17/54 461/17/54
f 457/21/24 463/22/24 462/21/24
f 463/22/24 457/21/24 459/22/24
f 463/22/25 464/21/25 462/21/25
f 464/21/25 463/22/25 465/22/25
f 468/17/5 467/22/5 466/17/5
f 467/22/5 468/17/5 465/22/5
f 465/22/5 468/17/5 464/21/5
f 464/21/5 468/17/5 469/21/5
f 458/17/5 471/21/5 470/17/5
f 471/21/5 458/17/5 456/21/5
f 473/17/49 467/22/25 472/22/49
f 467/22/25 473/17/49 466/17/25
f 460/22/30 463/22/30 459/22/30
f 463/22/30 460/22/30 472/22/30
f 472/22/30 460/22/30 474/22/30
f 467/22/30 463/22/30 472/22/30
f 463/22/30 467/22/30 465/22/30
f 473/17/6 468/17/6 466/17/6
f 468/17/6 473/17/6 470/17/6
f 470/17/6 473/17/6 458/17/6
f 458/17/6 473/17/6 461/17/6
f 461/17/6 473/17/6 475/17/6
f 460/22/24 475/17/50 474/22/50
f 475/17/50 460/22/24 461/17/24
f 474/22/50 473/17/49 472/22/49
f 473/17/49 474/22/50 475/17/50
f 468/17/54 471/21/54 469/21/54
f 471/21/54 468/17/54 470/17/54
f 478/22/30 477/22/30 476/22/30
f 477/22/30 478/22/30 479/22/30
f 481/21/67 477/22/67 480/21/67
f 477/22/67 481/21/67 476/22/67
f 484/17/8 483/21/8 482/17/8
f 483/21/8 484/17/8 485/21/8
f 482/17/6 486/17/6 484/17/6
f 486/17/6 482/17/6 487/17/6
f 478/22/67 487/17/67 479/22/67
f 487/17/67 478/22/67 486/17/67
f 502/17/54 500/17/54 503/21/54
f 501/21/54 503/21/54 500/17/54
f 507/17/32 506/22/32 505/17/31
f 504/22/31 505/17/31 506/22/32
f 493/17/5 492/22/5 507/17/32
f 506/22/32 507/17/32 492/22/5
f 507/17/6 505/17/6 493/17/6
f 493/17/6 505/17/6 490/17/6
f 490/17/6 505/17/6 502/17/6
f 502/17/6 505/17/6 500/17/6
f 498/17/6 500/17/6 505/17/6
f 497/22/30 499/22/30 495/22/30
f 504/22/30 495/22/30 499/22/30
f 506/22/30 492/22/30 504/22/30
f 504/22/30 492/22/30 495/22/30
f 491/22/30 495/22/30 492/22/30
f 498/17/25 505/17/31 499/22/25
f 504/22/31 499/22/25 505/17/31
f 488/21/24 490/17/24 503/21/24
f 502/17/24 503/21/24 490/17/24
f 501/21/24 500/17/24 496/21/24
f 496/21/24 500/17/24 497/22/24
f 497/22/24 500/17/24 499/22/24
f 498/17/24 499/22/24 500/17/24
f 497/22/25 495/22/25 496/21/25
f 494/21/25 496/21/25 495/22/25
f 491/22/5 489/21/5 495/22/5
f 494/21/5 495/22/5 489/21/5
f 493/17/54 490/17/54 492/22/54
f 492/22/54 490/17/54 491/22/54
f 491/22/54 490/17/54 489/21/54
f 488/21/54 489/21/54 490/17/54
f 510/17/64 509/21/64 508/21/64
f 509/21/64 510/17/64 511/22/64
f 511/22/64 510/17/64 512/22/64
f 512/22/64 510/17/64 513/17/64
f 509/21/63 515/22/63 514/21/63
f 515/22/63 509/21/63 511/22/63
f 515/22/1 516/21/1 514/21/1
f 516/21/1 515/22/1 517/22/1
f 520/17/2 519/22/2 518/17/2
f 519/22/2 520/17/2 517/22/2
f 517/22/2 520/17/2 516/21/2
f 516/21/2 520/17/2 521/21/2
f 510/17/2 523/21/2 522/17/2
f 523/21/2 510/17/2 508/21/2
f 525/17/68 519/22/1 524/22/68
f 519/22/1 525/17/68 518/17/1
f 512/22/30 515/22/30 511/22/30
f 515/22/30 512/22/30 524/22/30
f 524/22/30 512/22/30 526/22/30
f 519/22/30 515/22/30 524/22/30
f 515/22/30 519/22/30 517/22/30
f 525/17/6 520/17/6 518/17/6
f 520/17/6 525/17/6 522/17/6
f 522/17/6 525/17/6 510/17/6
f 510/17/6 525/17/6 513/17/6
f 513/17/6 525/17/6 527/17/6
f 512/22/63 527/17/69 526/22/69
f 527/17/69 512/22/63 513/17/63
f 526/22/69 525/17/68 524/22/68
f 525/17/68 526/22/69 527/17/69
f 520/17/64 523/21/64 521/21/64
f 523/21/64 520/17/64 522/17/64
f 530/22/30 529/22/30 528/22/30
f 529/22/30 530/22/30 531/22/30
f 533/21/70 529/22/70 532/21/70
f 529/22/70 533/21/70 528/22/70
f 536/17/71 535/21/71 534/17/71
f 535/21/71 536/17/71 537/21/71
f 534/17/6 538/17/6 536/17/6
f 538/17/6 534/17/6 539/17/6
f 530/22/70 539/17/70 531/22/70
f 539/17/70 530/22/70 538/17/70
f 542/22/30 541/22/30 540/22/30
f 541/22/30 542/22/30 543/22/30
f 545/21/67 540/22/67 544/21/67
f 540/22/67 545/21/67 542/22/67
f 548/17/8 547/21/8 546/17/8
f 547/21/8 548/17/8 549/21/8
f 550/17/6 548/17/6 546/17/6
f 548/17/6 550/17/6 551/17/6
f 543/22/67 550/17/67 541/22/67
f 550/17/67 543/22/67 551/17/67
f 550/17/7 540/22/7 541/22/7
f 546/17/7 540/22/7 550/17/7
f 547/21/7 540/22/7 546/17/7
f 540/22/7 547/21/7 544/21/7
f 554/22/30 553/22/30 552/22/30
f 553/22/30 554/22/30 555/22/30
f 557/21/63 553/22/63 556/21/63
f 553/22/63 557/21/63 552/22/63
f 560/17/2 559/21/2 558/17/2
f 559/21/2 560/17/2 561/21/2
f 558/17/6 562/17/6 560/17/6
f 562/17/6 558/17/6 563/17/6
f 554/22/63 563/17/63 555/22/63
f 563/17/63 554/22/63 562/17/63
f 560/17/64 557/21/64 561/21/64
f 557/21/64 560/17/64 552/22/64
f 552/22/64 560/17/64 554/22/64
f 554/22/64 560/17/64 562/17/64
f 565/17/54 114/21/54 564/21/54
f 114/21/54 565/17/54 566/22/54
f 566/22/54 565/17/54 567/22/54
f 567/22/54 565/17/54 568/17/54
f 114/21/24 569/22/24 112/21/24
f 569/22/24 114/21/24 566/22/24
f 569/22/25 570/21/25 112/21/25
f 570/21/25 569/22/25 571/22/25
f 574/17/5 573/22/5 572/17/5
f 573/22/5 574/17/5 571/22/5
f 571/22/5 574/17/5 570/21/5
f 570/21/5 574/17/5 575/21/5
f 565/17/5 577/21/5 576/17/5
f 577/21/5 565/17/5 564/21/5
f 579/17/49 573/22/25 578/22/49
f 573/22/25 579/17/49 572/17/25
f 567/22/30 569/22/30 566/22/30
f 569/22/30 567/22/30 578/22/30
f 578/22/30 567/22/30 580/22/30
f 573/22/30 569/22/30 578/22/30
f 569/22/30 573/22/30 571/22/30
f 579/17/6 574/17/6 572/17/6
f 574/17/6 579/17/6 576/17/6
f 576/17/6 579/17/6 565/17/6
f 565/17/6 579/17/6 568/17/6
f 568/17/6 579/17/6 581/17/6
f 567/22/24 581/17/50 580/22/50
f 581/17/50 567/22/24 568/17/24
f 580/22/50 579/17/49 578/22/49
f 579/17/49 580/22/50 581/17/50
f 574/17/54 577/21/54 575/21/54
f 577/21/54 574/17/54 576/17/54
f 596/17/72 594/17/72 597/21/72
f 595/21/72 597/21/72 594/17/72
f 601/17/36 600/22/36 599/17/35
f 598/22/35 599/17/35 600/22/36
f 587/17/73 586/22/73 601/17/36
f 600/22/36 601/17/36 586/22/73
f 601/17/6 599/17/6 587/17/6
f 587/17/6 599/17/6 584/17/6
f 584/17/6 599/17/6 596/17/6
f 596/17/6 599/17/6 594/17/6
f 592/17/6 594/17/6 599/17/6
f 591/22/30 593/22/30 589/22/30
f 598/22/30 589/22/30 593/22/30
f 600/22/30 586/22/30 598/22/30
f 598/22/30 586/22/30 589/22/30
f 585/22/30 589/22/30 586/22/30
f 592/17/74 599/17/35 593/22/74
f 598/22/35 593/22/74 599/17/35
f 582/21/75 584/17/75 597/21/75
f 596/17/75 597/21/75 584/17/75
f 595/21/75 594/17/75 590/21/75
f 590/21/75 594/17/75 591/22/75
f 591/22/75 594/17/75 593/22/75
f 592/17/75 593/22/75 594/17/75
f 591/22/74 589/22/74 590/21/74
f 588/21/74 590/21/74 589/22/74
f 585/22/73 583/21/73 589/22/73
f 588/21/73 589/22/73 583/21/73
f 587/17/72 584/17/72 586/22/72
f 586/22/72 584/17/72 585/22/72
f 585/22/72 584/17/72 583/21/72
f 582/21/72 583/21/72 584/17/72
f 604/23/76 603/22/25 602/22/76
f 603/22/25 604/23/76 605/23/25
f 608/23/77 607/22/5 606/23/5
f 607/22/5 608/23/77 609/22/77
f 605/23/25 610/22/78 603/22/25
f 610/22/78 605/23/25 611/23/78
f 606/23/5 610/22/78 611/23/78
f 610/22/78 606/23/5 607/22/5
f 608/23/77 612/22/54 609/22/77
f 612/22/54 608/23/77 613/23/54
f 613/23/54 614/22/79 612/22/54
f 614/22/79 613/23/54 615/23/79
f 614/22/79 617/23/24 616/22/24
f 617/23/24 614/22/79 615/23/79
f 616/22/24 604/23/76 602/22/76
f 604/23/76 616/22/24 617/23/24
f 609/22/30 610/22/30 607/22/30
f 610/22/30 609/22/30 612/22/30
f 610/22/30 612/22/30 603/22/30
f 603/22/30 612/22/30 614/22/30
f 603/22/30 614/22/30 602/22/30
f 602/22/30 614/22/30 616/22/30
f 620/23/30 619/23/30 618/23/30
f 619/23/30 620/23/30 621/23/30
f 624/22/80 623/22/6 622/22/6
f 623/22/6 624/22/80 625/22/80
f 623/22/54 620/23/54 618/23/54
f 620/23/54 623/22/54 626/24/54
f 626/24/54 623/22/54 625/22/54
f 623/22/5 619/23/5 622/22/5
f 619/23/5 623/22/5 618/23/5
f 627/24/25 619/23/25 621/23/25
f 619/23/25 627/24/25 622/22/25
f 622/22/25 627/24/25 624/22/25
f 620/23/24 627/24/81 621/23/24
f 627/24/81 620/23/24 626/24/81
f 626/24/81 624/22/80 627/24/81
f 624/22/80 626/24/81 625/22/80
f 630/23/24 629/22/58 628/23/58
f 629/22/58 630/23/24 631/22/24
f 629/22/58 632/23/25 628/23/58
f 632/23/25 629/22/58 633/22/25
f 636/22/82 635/23/5 634/22/5
f 635/23/5 636/22/82 637/23/82
f 634/22/5 639/23/60 638/22/60
f 639/23/60 634/22/5 635/23/5
f 640/23/83 631/22/24 630/23/24
f 631/22/24 640/23/83 641/22/83
f 643/22/54 640/23/83 642/23/54
f 640/23/83 643/22/54 641/22/83
f 633/22/25 639/23/60 632/23/25
f 639/23/60 633/22/25 638/22/60
f 636/22/82 642/23/54 637/23/82
f 642/23/54 636/22/82 643/22/54
f 638/22/6 636/22/6 634/22/6
f 636/22/6 638/22/6 633/22/6
f 636/22/6 633/22/6 643/22/6
f 643/22/6 633/22/6 629/22/6
f 643/22/6 629/22/6 641/22/6
f 641/22/6 629/22/6 631/22/6
f 637/23/30 639/23/30 635/23/30
f 639/23/30 637/23/30 642/23/30
f 639/23/30 642/23/30 632/23/30
f 632/23/30 642/23/30 640/23/30
f 632/23/30 640/23/30 628/23/30
f 628/23/30 640/23/30 630/23/30
f 646/23/24 645/22/58 644/23/58
f 645/22/58 646/23/24 647/22/24
f 645/22/58 648/23/25 644/23/58
f 648/23/25 645/22/58 649/22/25
f 652/22/82 651/23/5 650/22/5
f 651/23/5 652/22/82 653/23/82
f 650/22/5 655/23/60 654/22/60
f 655/23/60 650/22/5 651/23/5
f 656/23/83 647/22/24 646/23/24
f 647/22/24 656/23/83 657/22/83
f 659/22/54 656/23/83 658/23/54
f 656/23/83 659/22/54 657/22/83
f 649/22/25 655/23/60 648/23/25
f 655/23/60 649/22/25 654/22/60
f 652/22/82 658/23/54 653/23/82
f 658/23/54 652/22/82 659/22/54
f 654/22/6 652/22/6 650/22/6
f 652/22/6 654/22/6 649/22/6
f 652/22/6 649/22/6 659/22/6
f 659/22/6 649/22/6 645/22/6
f 659/22/6 645/22/6 657/22/6
f 657/22/6 645/22/6 647/22/6
f 653/23/30 655/23/30 651/23/30
f 655/23/30 653/23/30 658/23/30
f 655/23/30 658/23/30 648/23/30
f 648/23/30 658/23/30 656/23/30
f 648/23/30 656/23/30 644/23/30
f 644/23/30 656/23/30 646/23/30
f 662/25/84 661/25/85 660/25/84
f 661/25/85 662/25/84 663/25/85
f 666/7/30 665/7/30 664/7/30
f 665/7/30 666/7/30 667/7/30
f 667/7/30 666/7/30 668/7/30
f 61/26/86 660/25/84 669/26/86
f 660/25/84 61/26/86 662/25/84
f 663/25/85 670/26/13 661/25/85
f 670/26/13 663/25/85 62/26/13
f 65/8/6 671/8/6 66/8/6
f 671/8/6 65/8/6 672/8/6
f 72/8/6 672/8/6 65/8/6
f 673/8/6 672/8/6 72/8/6
f 672/8/6 673/8/6 674/8/6
f 673/8/13 665/7/36 674/8/36
f 665/7/36 673/8/13 664/7/13
f 671/8/12 667/7/35 668/7/12
f 667/7/35 671/8/12 672/8/35
f 674/8/36 667/7/35 672/8/35
f 667/7/35 674/8/36 665/7/36
f 676/22/12 670/26/12 675/26/12
f 670/26/12 676/22/12 661/25/12
f 661/25/12 676/22/12 660/25/12
f 677/22/12 660/25/12 676/22/12
f 678/26/12 660/25/12 677/22/12
f 660/25/12 678/26/12 669/26/12
f 64/26/86 676/22/86 675/26/86
f 676/22/86 64/26/86 70/22/86
f 676/22/6 68/22/6 677/22/6
f 68/22/6 676/22/6 70/22/6
f 68/22/13 678/26/13 677/22/13
f 678/26/13 68/22/13 63/26/13
f 681/17/6 680/17/6 679/17/6
f 680/17/6 681/17/6 682/17/6
f 682/17/6 681/17/6 683/17/6
f 682/17/6 683/17/6 684/17/6
f 684/17/6 683/17/6 685/17/6
f 686/17/6 684/17/6 685/17/6
f 685/17/6 683/17/6 687/17/6
f 687/17/6 683/17/6 688/17/6
f 683/17/34 690/7/35 689/7/34
f 690/7/35 683/17/34 681/17/35
f 693/7/30 692/7/30 691/7/30
f 692/7/30 693/7/30 690/7/30
f 690/7/30 693/7/30 689/7/30
f 689/7/30 693/7/30 694/7/30
f 693/7/86 688/17/33 694/7/33
f 688/17/33 693/7/86 687/17/86
f 687/17/86 693/7/86 695/17/86
f 680/17/13 692/7/36 679/17/36
f 692/7/36 680/17/13 691/7/13
f 691/7/13 680/17/13 696/17/13
f 688/17/33 689/7/34 694/7/33
f 689/7/34 688/17/33 683/17/34
f 679/17/36 690/7/35 681/17/35
f 690/7/35 679/17/36 692/7/36
f 699/27/84 698/27/30 697/27/84
f 698/27/30 699/27/84 700/27/85
f 698/27/30 700/27/85 701/27/30
f 701/27/30 700/27/85 702/27/85
f 700/27/85 703/28/87 702/27/85
f 703/28/87 700/27/85 704/28/87
f 706/28/88 697/27/84 705/28/88
f 697/27/84 706/28/88 699/27/84
f 707/28/6 706/28/88 705/28/88
f 706/28/88 707/28/6 704/28/87
f 704/28/87 707/28/6 708/28/6
f 704/28/87 708/28/6 703/28/87
f 703/28/12 709/29/12 702/27/12
f 702/27/12 709/29/12 701/27/12
f 703/28/12 710/7/12 709/29/12
f 710/7/12 703/28/12 711/7/12
f 705/28/12 711/7/12 703/28/12
f 705/28/12 703/28/12 708/28/12
f 711/7/12 705/28/12 712/29/12
f 705/28/12 708/28/12 707/28/12
f 701/27/12 707/28/12 708/28/12
f 712/29/12 705/28/12 697/27/12
f 712/29/12 697/27/12 709/29/12
f 707/28/12 701/27/12 698/27/12
f 701/27/12 709/29/12 698/27/12
f 698/27/12 709/29/12 697/27/12
f 715/25/90 714/25/89 713/25/89
f 714/25/89 715/25/90 716/25/90
f 73/26/91 714/25/89 717/26/91
f 714/25/89 73/26/91 713/25/89
f 715/25/90 718/26/92 716/25/90
f 718/26/92 715/25/90 74/26/92
f 720/8/6 77/8/6 719/8/6
f 77/8/6 720/8/6 78/8/6
f 720/8/14 722/7/14 721/7/14
f 722/7/14 720/8/14 719/8/14
f 724/22/14 718/26/14 723/26/14
f 718/26/14 724/22/14 716/25/14
f 716/25/14 724/22/14 714/25/14
f 725/22/14 714/25/14 724/22/14
f 726/26/14 714/25/14 725/22/14
f 714/25/14 726/26/14 717/26/14
f 76/26/91 724/22/91 723/26/91
f 724/22/91 76/26/91 82/22/91
f 724/22/6 80/22/6 725/22/6
f 80/22/6 724/22/6 82/22/6
f 80/22/92 726/26/92 725/22/92
f 726/26/92 80/22/92 75/26/92
f 728/7/30 722/7/30 727/7/30
f 722/7/30 728/7/30 721/7/30
f 731/17/6 730/17/6 729/17/6
f 730/17/6 731/17/6 732/17/6
f 732/17/6 731/17/6 733/17/6
f 732/17/6 733/17/6 734/17/6
f 734/17/6 733/17/6 735/17/6
f 736/17/6 734/17/6 735/17/6
f 735/17/6 733/17/6 737/17/6
f 737/17/6 733/17/6 738/17/6
f 733/17/34 740/7/35 739/7/34
f 740/7/35 733/17/34 731/17/35
f 743/7/30 742/7/30 741/7/30
f 742/7/30 743/7/30 740/7/30
f 740/7/30 743/7/30 739/7/30
f 739/7/30 743/7/30 744/7/30
f 743/7/91 738/17/33 744/7/33
f 738/17/33 743/7/91 737/17/91
f 737/17/91 743/7/91 745/17/91
f 730/17/92 742/7/36 729/17/36
f 742/7/36 730/17/92 741/7/92
f 741/7/92 730/17/92 746/17/92
f 738/17/33 739/7/34 744/7/33
f 739/7/34 738/17/33 733/17/34
f 729/17/36 740/7/35 731/17/35
f 740/7/35 729/17/36 742/7/36
f 749/27/89 748/27/30 747/27/89
f 748/27/30 749/27/89 750/27/90
f 748/27/30 750/27/90 751/27/30
f 751/27/30 750/27/90 752/27/90
f 750/27/90 753/28/93 752/27/90
f 753/28/93 750/27/90 754/28/93
f 756/28/94 747/27/89 755/28/94
f 747/27/89 756/28/94 749/27/89
f 757/28/6 756/28/94 755/28/94
f 756/28/94 757/28/6 754/28/93
f 754/28/93 757/28/6 758/28/6
f 754/28/93 758/28/6 753/28/93
f 753/28/14 759/29/14 752/27/14
f 752/27/14 759/29/14 751/27/14
f 753/28/14 760/7/14 759/29/14
f 760/7/14 753/28/14 761/7/14
f 755/28/14 761/7/14 753/28/14
f 755/28/14 753/28/14 758/28/14
f 761/7/14 755/28/14 762/29/14
f 755/28/14 758/28/14 757/28/14
f 751/27/14 757/28/14 758/28/14
f 762/29/14 755/28/14 747/27/14
f 762/29/14 747/27/14 759/29/14
f 757/28/14 751/27/14 748/27/14
f 751/27/14 759/29/14 748/27/14
f 748/27/14 759/29/14 747/27/14
f 84/8/95 764/30/96 763/8/95
f 764/30/96 84/8/95 86/30/96
f 763/8/6 83/8/6 84/8/6
f 83/8/6 763/8/6 765/8/6
f 766/8/6 94/8/6 93/8/6
f 94/8/6 766/8/6 767/8/6
f 770/7/30 769/7/30 768/7/30
f 769/7/30 770/7/30 771/7/30
f 772/7/30 769/7/30 771/7/30
f 771/7/30 770/7/30 773/7/30
f 773/7/30 770/7/30 774/7/30
f 774/7/30 770/7/30 775/7/30
f 776/22/97 88/22/98 89/22/97
f 88/22/98 776/22/97 777/22/98
f 92/30/99 767/8/100 778/30/99
f 767/8/100 92/30/99 94/8/100
f 86/30/96 777/22/98 764/30/96
f 777/22/98 86/30/96 88/22/98
f 89/22/97 778/30/99 776/22/97
f 778/30/99 89/22/97 92/30/99
f 765/8/15 774/7/15 775/7/15
f 774/7/15 765/8/15 763/8/15
f 774/7/15 763/8/15 779/25/15
f 779/25/15 763/8/15 764/30/15
f 779/25/15 764/30/15 780/25/15
f 778/30/15 780/25/15 764/30/15
f 778/30/15 764/30/15 777/22/15
f 778/30/15 777/22/15 776/22/15
f 767/8/15 780/25/15 778/30/15
f 780/25/15 767/8/15 772/7/15
f 766/8/15 772/7/15 767/8/15
f 772/7/15 766/8/15 769/7/15
f 782/25/30 780/25/30 781/25/30
f 780/25/30 782/25/30 779/25/30
f 771/7/95 780/25/95 772/7/95
f 780/25/95 771/7/95 781/25/95
f 782/25/100 774/7/100 779/25/100
f 774/7/100 782/25/100 773/7/100
f 785/7/102 784/7/101 783/7/101
f 784/7/101 785/7/102 786/7/102
f 788/17/103 784/7/101 787/17/103
f 784/7/101 788/17/103 783/7/101
f 785/7/102 789/17/104 786/7/102
f 789/17/104 785/7/102 790/17/104
f 789/17/104 788/17/103 787/17/103
f 788/17/103 789/17/104 790/17/104
f 789/17/15 784/7/15 786/7/15
f 784/7/15 789/17/15 787/17/15
f 793/23/105 792/22/105 791/23/105
f 792/22/105 793/23/105 794/22/105
f 797/22/82 796/23/83 795/23/82
f 796/23/83 797/22/82 798/22/83
f 791/23/95 797/22/82 795/23/82
f 797/22/82 791/23/95 792/22/95
f 797/22/6 794/22/6 798/22/6
f 794/22/6 797/22/6 792/22/6
f 791/23/30 796/23/30 793/23/30
f 796/23/30 791/23/30 795/23/30
f 794/22/100 796/23/83 798/22/83
f 796/23/83 794/22/100 793/23/100
f 801/17/82 800/7/54 799/7/82
f 800/7/54 801/17/82 802/17/54
f 805/17/25 804/7/60 803/7/25
f 804/7/60 805/17/25 806/17/60
f 799/7/30 804/7/30 807/7/30
f 804/7/30 799/7/30 800/7/30
f 804/7/30 800/7/30 803/7/30
f 803/7/30 800/7/30 808/7/30
f 803/7/30 808/7/30 809/7/30
f 809/7/30 808/7/30 810/7/30
f 801/17/82 807/7/5 811/17/5
f 807/7/5 801/17/82 799/7/82
f 812/17/58 803/7/25 809/7/58
f 803/7/25 812/17/58 805/17/25
f 810/7/24 812/17/58 809/7/58
f 812/17/58 810/7/24 813/17/24
f 808/7/83 813/17/24 810/7/24
f 813/17/24 808/7/83 814/17/83
f 802/17/54 808/7/83 800/7/54
f 808/7/83 802/17/54 814/17/83
f 811/17/5 804/7/60 806/17/60
f 804/7/60 811/17/5 807/7/5
f 815/17/6 812/17/6 813/17/6
f 814/17/6 815/17/6 813/17/6
f 816/17/6 812/17/6 815/17/6
f 814/17/6 817/17/6 815/17/6
f 818/17/6 812/17/6 816/17/6
f 818/17/6 805/17/6 812/17/6
f 819/17/6 805/17/6 818/17/6
f 819/17/6 806/17/6 805/17/6
f 802/17/6 817/17/6 814/17/6
f 802/17/6 820/17/6 817/17/6
f 802/17/6 821/17/6 820/17/6
f 801/17/6 821/17/6 802/17/6
f 822/17/6 806/17/6 819/17/6
f 801/17/6 822/17/6 821/17/6
f 806/17/6 822/17/6 811/17/6
f 822/17/6 801/17/6 811/17/6
f 825/7/83 824/17/24 823/7/24
f 824/17/24 825/7/83 826/17/83
f 828/17/54 825/7/83 827/7/54
f 825/7/83 828/17/54 826/17/83
f 831/17/6 830/17/6 829/17/6
f 830/17/6 831/17/6 832/17/6
f 830/17/6 832/17/6 828/17/6
f 828/17/6 832/17/6 833/17/6
f 828/17/6 833/17/6 826/17/6
f 826/17/6 833/17/6 824/17/6
f 823/7/24 833/17/58 834/7/58
f 833/17/58 823/7/24 824/17/24
f 830/17/82 835/7/5 829/17/5
f 835/7/5 830/17/82 836/7/82
f 830/17/82 827/7/54 836/7/82
f 827/7/54 830/17/82 828/17/54
f 829/17/5 837/7/60 831/17/60
f 837/7/60 829/17/5 835/7/5
f 833/17/58 838/7/25 834/7/58
f 838/7/25 833/17/58 832/17/25
f 832/17/25 837/7/60 838/7/25
f 837/7/60 832/17/25 831/17/60
f 836/7/30 837/7/30 835/7/30
f 837/7/30 836/7/30 827/7/30
f 837/7/30 827/7/30 838/7/30
f 838/7/30 827/7/30 825/7/30
f 838/7/30 825/7/30 834/7/30
f 834/7/30 825/7/30 823/7/30
f 841/7/24 840/25/24 839/7/24
f 840/25/24 841/7/24 842/25/24
f 845/25/5 844/7/5 843/25/5
f 844/7/5 845/25/5 846/7/5
f 845/25/30 840/25/30 842/25/30
f 840/25/30 845/25/30 843/25/30
f 849/7/30 848/7/30 847/7/30
f 848/7/30 849/7/30 841/7/30
f 839/7/30 848/7/30 841/7/30
f 841/7/30 849/7/30 846/7/30
f 846/7/30 849/7/30 844/7/30
f 844/7/30 849/7/30 850/7/30
f 850/7/30 849/7/30 851/7/30
f 853/8/6 115/8/6 852/8/6
f 115/8/6 853/8/6 111/8/6
f 111/8/6 853/8/6 113/8/6
f 113/8/6 853/8/6 854/8/6
f 854/8/6 853/8/6 855/8/6
f 115/8/24 856/30/106 852/8/24
f 856/30/106 115/8/24 116/30/106
f 858/8/6 121/8/6 857/8/6
f 121/8/6 858/8/6 122/8/6
f 849/7/24 855/8/50 851/7/50
f 855/8/50 849/7/24 854/8/24
f 851/7/50 853/8/49 850/7/49
f 853/8/49 851/7/50 855/8/50
f 120/30/107 858/8/5 859/30/107
f 858/8/5 120/30/107 122/8/5
f 861/22/109 118/22/108 860/22/108
f 118/22/108 861/22/109 117/22/109
f 118/22/108 859/30/107 860/22/108
f 859/30/107 118/22/108 120/30/107
f 116/30/106 861/22/109 856/30/106
f 861/22/109 116/30/106 117/22/109
f 853/8/49 844/7/25 850/7/49
f 844/7/25 853/8/49 852/8/25
f 844/7/25 852/8/25 843/25/25
f 843/25/25 852/8/25 856/30/25
f 843/25/25 856/30/25 840/25/25
f 859/30/25 840/25/25 856/30/25
f 859/30/25 856/30/25 861/22/25
f 859/30/25 861/22/25 860/22/25
f 858/8/25 840/25/25 859/30/25
f 840/25/25 858/8/25 839/7/25
f 857/8/25 839/7/25 858/8/25
f 839/7/25 857/8/25 848/7/25
f 864/23/54 863/22/54 862/23/54
f 863/22/54 864/23/54 865/22/54
f 868/22/58 867/23/60 866/23/58
f 867/23/60 868/22/58 869/22/60
f 862/23/24 868/22/58 866/23/58
f 868/22/58 862/23/24 863/22/24
f 868/22/6 865/22/6 869/22/6
f 865/22/6 868/22/6 863/22/6
f 862/23/30 867/23/30 864/23/30
f 867/23/30 862/23/30 866/23/30
f 865/22/5 867/23/60 869/22/60
f 867/23/60 865/22/5 864/23/5
f 872/23/76 871/22/25 870/22/76
f 871/22/25 872/23/76 873/23/25
f 876/23/77 875/22/5 874/23/5
f 875/22/5 876/23/77 877/22/77
f 873/23/25 878/22/78 871/22/25
f 878/22/78 873/23/25 879/23/78
f 874/23/5 878/22/78 879/23/78
f 878/22/78 874/23/5 875/22/5
f 876/23/77 880/22/54 877/22/77
f 880/22/54 876/23/77 881/23/54
f 881/23/54 882/22/79 880/22/54
f 882/22/79 881/23/54 883/23/79
f 882/22/79 885/23/24 884/22/24
f 885/23/24 882/22/79 883/23/79
f 884/22/24 872/23/76 870/22/76
f 872/23/76 884/22/24 885/23/24
f 877/22/30 878/22/30 875/22/30
f 878/22/30 877/22/30 880/22/30
f 878/22/30 880/22/30 871/22/30
f 871/22/30 880/22/30 882/22/30
f 871/22/30 882/22/30 870/22/30
f 870/22/30 882/22/30 884/22/30
f 888/23/30 887/23/30 886/23/30
f 887/23/30 888/23/30 889/23/30
f 892/22/80 891/22/6 890/22/6
f 891/22/6 892/22/80 893/22/80
f 891/22/54 888/23/54 886/23/54
f 888/23/54 891/22/54 894/24/54
f 894/24/54 891/22/54 893/22/54
f 891/22/5 887/23/5 890/22/5
f 887/23/5 891/22/5 886/23/5
f 895/24/25 887/23/25 889/23/25
f 887/23/25 895/24/25 890/22/25
f 890/22/25 895/24/25 892/22/25
f 888/23/24 895/24/81 889/23/24
f 895/24/81 888/23/24 894/24/81
f 894/24/81 892/22/80 895/24/81
f 892/22/80 894/24/81 893/22/80
f 898/23/24 897/22/58 896/23/58
f 897/22/58 898/23/24 899/22/24
f 897/22/58 900/23/25 896/23/58
f 900/23/25 897/22/58 901/22/25
f 904/22/82 903/23/5 902/22/5
f 903/23/5 904/22/82 905/23/82
f 902/22/5 907/23/60 906/22/60
f 907/23/60 902/22/5 903/23/5
f 908/23/83 899/22/24 898/23/24
f 899/22/24 908/23/83 909/22/83
f 911/22/54 908/23/83 910/23/54
f 908/23/83 911/22/54 909/22/83
f 901/22/25 907/23/60 900/23/25
f 907/23/60 901/22/25 906/22/60
f 904/22/82 910/23/54 905/23/82
f 910/23/54 904/22/82 911/22/54
f 906/22/6 904/22/6 902/22/6
f 904/22/6 906/22/6 901/22/6
f 904/22/6 901/22/6 911/22/6
f 911/22/6 901/22/6 897/22/6
f 911/22/6 897/22/6 909/22/6
f 909/22/6 897/22/6 899/22/6
f 905/23/30 907/23/30 903/23/30
f 907/23/30 905/23/30 910/23/30
f 907/23/30 910/23/30 900/23/30
f 900/23/30 910/23/30 908/23/30
f 900/23/30 908/23/30 896/23/30
f 896/23/30 908/23/30 898/23/30
f 914/23/24 913/22/58 912/23/58
f 913/22/58 914/23/24 915/22/24
f 913/22/58 916/23/25 912/23/58
f 916/23/25 913/22/58 917/22/25
f 920/22/82 919/23/5 918/22/5
f 919/23/5 920/22/82 921/23/82
f 918/22/5 923/23/60 922/22/60
f 923/23/60 918/22/5 919/23/5
f 924/23/83 915/22/24 914/23/24
f 915/22/24 924/23/83 925/22/83
f 927/22/54 924/23/83 926/23/54
f 924/23/83 927/22/54 925/22/83
f 917/22/25 923/23/60 916/23/25
f 923/23/60 917/22/25 922/22/60
f 920/22/82 926/23/54 921/23/82
f 926/23/54 920/22/82 927/22/54
f 922/22/6 920/22/6 918/22/6
f 920/22/6 922/22/6 917/22/6
f 920/22/6 917/22/6 927/22/6
f 927/22/6 917/22/6 913/22/6
f 927/22/6 913/22/6 925/22/6
f 925/22/6 913/22/6 915/22/6
f 921/23/30 923/23/30 919/23/30
f 923/23/30 921/23/30 926/23/30
f 923/23/30 926/23/30 916/23/30
f 916/23/30 926/23/30 924/23/30
f 916/23/30 924/23/30 912/23/30
f 912/23/30 924/23/30 914/23/30
f 930/23/24 929/22/58 928/23/58
f 929/22/58 930/23/24 931/22/24
f 929/22/58 932/23/25 928/23/58
f 932/23/25 929/22/58 933/22/25
f 936/22/82 935/23/5 934/22/5
f 935/23/5 936/22/82 937/23/82
f 934/22/5 939/23/60 938/22/60
f 939/23/60 934/22/5 935/23/5
f 940/23/83 931/22/24 930/23/24
f 931/22/24 940/23/83 941/22/83
f 943/22/54 940/23/83 942/23/54
f 940/23/83 943/22/54 941/22/83
f 933/22/25 939/23/60 932/23/25
f 939/23/60 933/22/25 938/22/60
f 936/22/82 942/23/54 937/23/82
f 942/23/54 936/22/82 943/22/54
f 938/22/6 936/22/6 934/22/6
f 936/22/6 938/22/6 933/22/6
f 936/22/6 933/22/6 943/22/6
f 943/22/6 933/22/6 929/22/6
f 943/22/6 929/22/6 941/22/6
f 941/22/6 929/22/6 931/22/6
f 937/23/30 939/23/30 935/23/30
f 939/23/30 937/23/30 942/23/30
f 939/23/30 942/23/30 932/23/30
f 932/23/30 942/23/30 940/23/30
f 932/23/30 940/23/30 928/23/30
f 928/23/30 940/23/30 930/23/30
f 946/25/110 945/25/111 944/25/110
f 945/25/111 946/25/110 947/25/111
f 950/7/30 949/7/30 948/7/30
f 949/7/30 950/7/30 951/7/30
f 951/7/30 950/7/30 952/7/30
f 123/26/24 944/25/110 953/26/24
f 944/25/110 123/26/24 946/25/110
f 947/25/111 954/26/5 945/25/111
f 954/26/5 947/25/111 124/26/5
f 127/8/6 955/8/6 128/8/6
f 955/8/6 127/8/6 956/8/6
f 134/8/6 956/8/6 127/8/6
f 957/8/6 956/8/6 134/8/6
f 956/8/6 957/8/6 958/8/6
f 957/8/5 949/7/32 958/8/32
f 949/7/32 957/8/5 948/7/5
f 955/8/25 951/7/31 952/7/25
f 951/7/31 955/8/25 956/8/31
f 958/8/32 951/7/31 956/8/31
f 951/7/31 958/8/32 949/7/32
f 960/22/25 954/26/25 959/26/25
f 954/26/25 960/22/25 945/25/25
f 945/25/25 960/22/25 944/25/25
f 961/22/25 944/25/25 960/22/25
f 962/26/25 944/25/25 961/22/25
f 944/25/25 962/26/25 953/26/25
f 126/26/24 960/22/24 959/26/24
f 960/22/24 126/26/24 132/22/24
f 960/22/6 130/22/6 961/22/6
f 130/22/6 960/22/6 132/22/6
f 130/22/5 962/26/5 961/22/5
f 962/26/5 130/22/5 125/26/5
f 965/17/6 964/17/6 963/17/6
f 964/17/6 965/17/6 966/17/6
f 966/17/6 965/17/6 967/17/6
f 966/17/6 967/17/6 968/17/6
f 968/17/6 967/17/6 969/17/6
f 970/17/6 968/17/6 969/17/6
f 969/17/6 967/17/6 971/17/6
f 971/17/6 967/17/6 972/17/6
f 967/17/49 974/7/31 973/7/49
f 974/7/31 967/17/49 965/17/31
f 977/7/30 976/7/30 975/7/30
f 976/7/30 977/7/30 974/7/30
f 974/7/30 977/7/30 973/7/30
f 973/7/30 977/7/30 978/7/30
f 977/7/24 972/17/50 978/7/50
f 972/17/50 977/7/24 971/17/24
f 971/17/24 977/7/24 979/17/24
f 964/17/5 976/7/32 963/17/32
f 976/7/32 964/17/5 975/7/5
f 975/7/5 964/17/5 980/17/5
f 972/17/50 973/7/49 978/7/50
f 973/7/49 972/17/50 967/17/49
f 963/17/32 974/7/31 965/17/31
f 974/7/31 963/17/32 976/7/32
f 983/27/110 982/27/30 981/27/110
f 982/27/30 983/27/110 984/27/111
f 982/27/30 984/27/111 985/27/30
f 985/27/30 984/27/111 986/27/111
f 984/27/111 987/28/112 986/27/111
f 987/28/112 984/27/111 988/28/112
f 990/28/113 981/27/110 989/28/113
f 981/27/110 990/28/113 983/27/110
f 991/28/6 990/28/113 989/28/113
f 990/28/113 991/28/6 988/28/112
f 988/28/112 991/28/6 992/28/6
f 988/28/112 992/28/6 987/28/112
f 987/28/25 993/29/25 986/27/25
f 986/27/25 993/29/25 985/27/25
f 987/28/25 970/7/25 993/29/25
f 970/7/25 987/28/25 968/7/25
f 989/28/25 968/7/25 987/28/25
f 989/28/25 987/28/25 992/28/25
f 968/7/25 989/28/25 994/29/25
f 989/28/25 992/28/25 991/28/25
f 985/27/25 991/28/25 992/28/25
f 994/29/25 989/28/25 981/27/25
f 994/29/25 981/27/25 993/29/25
f 991/28/25 985/27/25 982/27/25
f 985/27/25 993/29/25 982/27/25
f 982/27/25 993/29/25 981/27/25
f 1029/27/26 1041/29/26 1030/27/26
f 1030/27/26 1041/29/26 1033/27/26
f 1030/27/26 1033/27/26 1039/28/26
f 1041/29/26 1029/27/26 1042/29/26
f 1029/27/26 1037/28/26 1042/29/26
f 1040/28/26 1039/28/26 1033/27/26
f 1039/28/26 1040/28/26 1037/28/26
f 1042/29/26 1037/28/26 1016/7/26
f 1040/28/26 1035/28/26 1037/28/26
f 1035/28/26 1016/7/26 1037/28/26
f 1016/7/26 1035/28/26 1018/7/26
f 1041/29/26 1018/7/26 1035/28/26
f 1033/27/26 1041/29/26 1034/27/26
f 1034/27/26 1041/29/26 1035/28/26
f 1035/28/117 1040/28/6 1036/28/117
f 1040/28/6 1039/28/6 1036/28/117
f 1036/28/117 1039/28/6 1038/28/118
f 1037/28/118 1038/28/118 1039/28/6
f 1031/27/114 1038/28/118 1029/27/114
f 1037/28/118 1029/27/114 1038/28/118
f 1036/28/117 1032/27/115 1035/28/117
f 1034/27/115 1035/28/117 1032/27/115
f 1034/27/115 1032/27/115 1033/27/30
f 1033/27/30 1032/27/115 1030/27/30
f 1032/27/115 1031/27/114 1030/27/30
f 1029/27/114 1030/27/30 1031/27/114
f 1024/7/50 1011/17/50 1022/7/49
f 1013/17/49 1022/7/49 1011/17/50
f 1015/17/31 1020/17/32 1021/7/31
f 1026/7/32 1021/7/31 1020/17/32
f 1028/17/27 1012/17/27 1023/7/27
f 1023/7/27 1012/17/27 1024/7/50
f 1011/17/50 1024/7/50 1012/17/27
f 1027/17/116 1025/7/116 1019/17/116
f 1019/17/116 1025/7/116 1020/17/32
f 1026/7/32 1020/17/32 1025/7/116
f 1026/7/30 1025/7/30 1021/7/30
f 1021/7/30 1025/7/30 1022/7/30
f 1022/7/30 1025/7/30 1024/7/30
f 1023/7/30 1024/7/30 1025/7/30
f 1013/17/49 1015/17/31 1022/7/49
f 1021/7/31 1022/7/49 1015/17/31
f 1020/17/6 1015/17/6 1019/17/6
f 1019/17/6 1015/17/6 1017/17/6
f 1017/17/6 1016/17/6 1018/17/6
f 1017/17/6 1015/17/6 1016/17/6
f 1016/17/6 1015/17/6 1014/17/6
f 1015/17/6 1013/17/6 1014/17/6
f 1014/17/6 1013/17/6 1012/17/6
f 1011/17/6 1012/17/6 1013/17/6
f 140/8/6 1005/8/6 139/8/6
f 1006/8/6 139/8/6 1005/8/6
f 137/26/27 142/22/27 1010/26/27
f 1009/22/27 1010/26/27 142/22/27
f 144/22/6 1008/22/6 142/22/6
f 1009/22/6 142/22/6 1008/22/6
f 144/22/116 138/26/116 1008/22/116
f 1007/26/116 1008/22/116 138/26/116
f 1003/26/26 1010/26/26 996/25/26
f 1009/22/26 996/25/26 1010/26/26
f 1008/22/26 996/25/26 1009/22/26
f 996/25/26 1008/22/26 998/25/26
f 998/25/26 1008/22/26 1004/26/26
f 1007/26/26 1004/26/26 1008/22/26
f 1006/8/26 1005/8/26 1000/7/26
f 1002/7/26 1000/7/26 1005/8/26
f 136/26/27 997/25/115 1004/26/27
f 998/25/115 1004/26/27 997/25/115
f 995/25/114 135/26/116 996/25/114
f 1003/26/116 996/25/114 135/26/116
f 1002/7/30 1001/7/30 1000/7/30
f 999/7/30 1000/7/30 1001/7/30
f 998/25/115 997/25/115 996/25/114
f 995/25/114 996/25/114 997/25/115
f 1080/27/26 1092/29/26 1081/27/26
f 1081/27/26 1092/29/26 1084/27/26
f 1081/27/26 1084/27/26 1090/28/26
f 1092/29/26 1080/27/26 1093/29/26
f 1080/27/26 1088/28/26 1093/29/26
f 1091/28/26 1090/28/26 1084/27/26
f 1090/28/26 1091/28/26 1088/28/26
f 1093/29/26 1088/28/26 1067/7/26
f 1091/28/26 1086/28/26 1088/28/26
f 1086/28/26 1067/7/26 1088/28/26
f 1067/7/26 1086/28/26 1069/7/26
f 1092/29/26 1069/7/26 1086/28/26
f 1084/27/26 1092/29/26 1085/27/26
f 1085/27/26 1092/29/26 1086/28/26
f 1086/28/117 1091/28/6 1087/28/117
f 1091/28/6 1090/28/6 1087/28/117
f 1087/28/117 1090/28/6 1089/28/118
f 1088/28/118 1089/28/118 1090/28/6
f 1082/27/114 1089/28/118 1080/27/114
f 1088/28/118 1080/27/114 1089/28/118
f 1087/28/117 1083/27/115 1086/28/117
f 1085/27/115 1086/28/117 1083/27/115
f 1085/27/115 1083/27/115 1084/27/30
f 1084/27/30 1083/27/115 1081/27/30
f 1083/27/115 1082/27/114 1081/27/30
f 1080/27/114 1081/27/30 1082/27/114
f 1075/7/50 1062/17/50 1073/7/49
f 1064/17/49 1073/7/49 1062/17/50
f 1066/17/31 1071/17/32 1072/7/31
f 1077/7/32 1072/7/31 1071/17/32
f 1079/17/27 1063/17/27 1074/7/27
f 1074/7/27 1063/17/27 1075/7/50
f 1062/17/50 1075/7/50 1063/17/27
f 1078/17/116 1076/7/116 1070/17/116
f 1070/17/116 1076/7/116 1071/17/32
f 1077/7/32 1071/17/32 1076/7/116
f 1077/7/30 1076/7/30 1072/7/30
f 1072/7/30 1076/7/30 1073/7/30
f 1073/7/30 1076/7/30 1075/7/30
f 1074/7/30 1075/7/30 1076/7/30
f 1064/17/49 1066/17/31 1073/7/49
f 1072/7/31 1073/7/49 1066/17/31
f 1071/17/6 1066/17/6 1070/17/6
f 1070/17/6 1066/17/6 1068/17/6
f 1068/17/6 1067/17/6 1069/17/6
f 1068/17/6 1066/17/6 1067/17/6
f 1067/17/6 1066/17/6 1065/17/6
f 1066/17/6 1064/17/6 1065/17/6
f 1065/17/6 1064/17/6 1063/17/6
f 1062/17/6 1063/17/6 1064/17/6
f 147/26/27 152/22/27 1061/26/27
f 1060/22/27 1061/26/27 152/22/27
f 154/22/6 1059/22/6 152/22/6
f 1060/22/6 152/22/6 1059/22/6
f 154/22/116 148/26/116 1059/22/116
f 1058/26/116 1059/22/116 148/26/116
f 1052/26/26 1061/26/26 1044/25/26
f 1060/22/26 1044/25/26 1061/26/26
f 1059/22/26 1044/25/26 1060/22/26
f 1044/25/26 1059/22/26 1046/25/26
f 1046/25/26 1059/22/26 1053/26/26
f 1058/26/26 1053/26/26 1059/22/26
f 1048/7/50 1055/8/50 1050/7/49
f 1056/8/49 1050/7/49 1055/8/50
f 1056/8/49 1057/8/26 1050/7/49
f 1051/7/26 1050/7/49 1057/8/26
f 1047/7/27 1054/8/27 1048/7/50
f 1055/8/50 1048/7/50 1054/8/27
f 150/8/6 1057/8/6 149/8/6
f 1057/8/6 1056/8/6 149/8/6
f 149/8/6 1056/8/6 156/8/6
f 1056/8/6 1055/8/6 156/8/6
f 1054/8/6 156/8/6 1055/8/6
f 146/26/27 1045/25/27 1053/26/27
f 1046/25/27 1053/26/27 1045/25/27
f 1043/25/116 145/26/116 1044/25/116
f 1052/26/116 1044/25/116 145/26/116
f 1051/7/30 1049/7/30 1050/7/30
f 1050/7/30 1049/7/30 1048/7/30
f 1047/7/30 1048/7/30 1049/7/30
f 1046/25/30 1045/25/30 1044/25/30
f 1043/25/30 1044/25/30 1045/25/30
f 1096/7/24 1095/25/24 1094/7/24
f 1095/25/24 1096/7/24 1097/25/24
f 1100/25/5 1099/7/5 1098/25/5
f 1099/7/5 1100/25/5 1101/7/5
f 1100/25/30 1095/25/30 1097/25/30
f 1095/25/30 1100/25/30 1098/25/30
f 158/8/24 1103/30/106 1102/8/24
f 1103/30/106 158/8/24 160/30/106
f 164/30/107 1105/8/5 1104/30/107
f 1105/8/5 164/30/107 166/8/5
f 1107/22/109 162/22/108 1106/22/108
f 162/22/108 1107/22/109 161/22/109
f 160/30/106 1107/22/109 1103/30/106
f 1107/22/109 160/30/106 161/22/109
f 162/22/108 1104/30/107 1106/22/108
f 1104/30/107 162/22/108 164/30/107
f 1109/8/25 1108/7/25 1105/8/25
f 1094/7/25 1105/8/25 1108/7/25
f 1105/8/25 1094/7/25 1095/25/25
f 1105/8/25 1095/25/25 1104/30/25
f 1104/30/25 1095/25/25 1103/30/25
f 1098/25/25 1103/30/25 1095/25/25
f 1104/30/25 1103/30/25 1107/22/25
f 1104/30/25 1107/22/25 1106/22/25
f 1098/25/25 1102/8/25 1103/30/25
f 1099/7/25 1102/8/25 1098/25/25
f 1102/8/25 1099/7/25 1110/7/25
f 1102/8/25 1110/7/25 1111/8/25
f 1113/7/30 1108/7/30 1112/7/30
f 1108/7/30 1113/7/30 1096/7/30
f 1094/7/30 1108/7/30 1096/7/30
f 1096/7/30 1113/7/30 1101/7/30
f 1101/7/30 1113/7/30 1099/7/30
f 1099/7/30 1113/7/30 1110/7/30
f 1105/8/6 165/8/6 1109/8/6
f 165/8/6 1105/8/6 166/8/6
f 1111/8/6 158/8/6 1102/8/6
f 158/8/6 1111/8/6 157/8/6
f 1118/17/25 1120/17/25 1115/7/25
f 1117/7/25 1115/7/25 1120/17/25
f 1121/17/112 1120/17/112 1119/17/113
f 1118/17/113 1119/17/113 1120/17/112
f 1121/17/112 1116/7/111 1120/17/112
f 1117/7/111 1120/17/112 1116/7/111
f 1114/7/110 1119/17/113 1115/7/110
f 1118/17/113 1115/7/110 1119/17/113
f 1117/7/111 1116/7/111 1115/7/110
f 1114/7/110 1115/7/110 1116/7/111
f 1126/17/25 1128/17/25 1123/7/25
f 1125/7/25 1123/7/25 1128/17/25
f 1129/17/112 1128/17/112 1127/17/113
f 1126/17/113 1127/17/113 1128/17/112
f 1129/17/112 1124/7/111 1128/17/112
f 1125/7/111 1128/17/112 1124/7/111
f 1122/7/110 1127/17/113 1123/7/110
f 1126/17/113 1123/7/110 1127/17/113
f 1125/7/111 1124/7/111 1123/7/110
f 1122/7/110 1123/7/110 1124/7/111
f 1130/32/38 228/31/38 226/31/38
f 228/31/38 1130/32/38 1131/33/38
f 1132/33/37 225/31/37 227/31/37
f 225/31/37 1132/33/37 1133/32/37
f 1136/36/38 1135/35/38 1134/34/38
f 1135/35/38 1136/36/38 1137/37/38
f 1137/37/38 1136/36/38 1138/38/38
f 1138/38/38 1136/36/38 1139/39/38
f 1139/39/38 1136/36/38 1140/40/38
f 1140/40/38 1136/36/38 1141/41/38
f 1144/35/37 1143/36/37 1142/34/37
f 1143/36/37 1144/35/37 1145/37/37
f 1143/36/37 1145/37/37 1146/38/37
f 1143/36/37 1146/38/37 1147/39/37
f 1143/36/37 1147/39/37 1148/40/37
f 1143/36/37 1148/40/37 1149/41/37
f 1134/34/51 1144/35/51 1142/34/51
f 1144/35/51 1134/34/51 1135/35/51
f 225/31/119 1130/32/119 226/31/119
f 1130/32/119 225/31/119 1133/32/119
f 1132/33/120 228/31/120 1131/33/120
f 228/31/120 1132/33/120 227/31/120
f 1141/41/44 1143/36/44 1149/41/44
f 1143/36/44 1141/41/44 1136/36/44
f 1133/32/43 214/43/43 215/42/43
f 1133/32/43 215/42/43 216/44/43
f 1132/33/43 214/43/43 1133/32/43
f 214/43/43 1132/33/43 213/45/43
f 213/45/43 1132/33/43 205/45/43
f 1131/33/43 205/45/43 1132/33/43
f 205/45/43 1131/33/43 201/43/43
f 1133/32/43 216/44/43 1130/32/43
f 201/43/43 1131/33/43 1130/32/43
f 207/44/43 1130/32/43 216/44/43
f 201/43/43 1130/32/43 203/42/43
f 203/42/43 1130/32/43 207/44/43
f 1148/40/43 194/42/43 1149/41/43
f 1149/41/43 194/42/43 1141/41/43
f 199/42/43 1141/41/43 194/42/43
f 199/42/43 1140/40/43 1141/41/43
f 1139/39/43 1148/40/43 1140/40/43
f 199/42/43 1139/39/43 1140/40/43
f 1148/40/43 1139/39/43 1147/39/43
f 1147/39/43 194/42/43 1148/40/43
f 199/42/43 1138/38/43 1139/39/43
f 1146/38/43 194/42/43 1147/39/43
f 1137/37/43 1146/38/43 1138/38/43
f 199/42/43 1137/37/43 1138/38/43
f 1146/38/43 1137/37/43 1145/37/43
f 1145/37/43 194/42/43 1146/38/43
f 199/42/43 1135/35/43 1137/37/43
f 1135/35/43 199/42/43 197/43/43
f 1144/35/43 194/42/43 1145/37/43
f 197/43/43 1144/35/43 1135/35/43
f 1144/35/43 193/43/43 194/42/43
f 193/43/43 1144/35/43 197/43/43
f 308/46/6 322/46/6 307/46/6
f 322/46/6 308/46/6 318/46/6
f 1150/32/38 414/31/38 412/31/38
f 414/31/38 1150/32/38 1151/33/38
f 1152/33/37 411/31/37 413/31/37
f 411/31/37 1152/33/37 1153/32/37
f 1156/36/38 1155/35/38 1154/34/38
f 1155/35/38 1156/36/38 1157/37/38
f 1157/37/38 1156/36/38 1158/38/38
f 1158/38/38 1156/36/38 1159/39/38
f 1159/39/38 1156/36/38 1160/40/38
f 1160/40/38 1156/36/38 1161/41/38
f 1164/35/37 1163/36/37 1162/34/37
f 1163/36/37 1164/35/37 1165/37/37
f 1163/36/37 1165/37/37 1166/38/37
f 1163/36/37 1166/38/37 1167/39/37
f 1163/36/37 1167/39/37 1168/40/37
f 1163/36/37 1168/40/37 1169/41/37
f 1154/34/51 1164/35/51 1162/34/51
f 1164/35/51 1154/34/51 1155/35/51
f 411/31/119 1150/32/119 412/31/119
f 1150/32/119 411/31/119 1153/32/119
f 1152/33/120 414/31/120 1151/33/120
f 414/31/120 1152/33/120 413/31/120
f 1161/41/44 1163/36/44 1169/41/44
f 1163/36/44 1161/41/44 1156/36/44
f 1153/32/43 400/43/43 401/42/43
f 1153/32/43 401/42/43 402/44/43
f 1152/33/43 400/43/43 1153/32/43
f 400/43/43 1152/33/43 399/45/43
f 399/45/43 1152/33/43 391/45/43
f 1151/33/43 391/45/43 1152/33/43
f 391/45/43 1151/33/43 387/43/43
f 1153/32/43 402/44/43 1150/32/43
f 387/43/43 1151/33/43 1150/32/43
f 393/44/43 1150/32/43 402/44/43
f 387/43/43 1150/32/43 389/42/43
f 389/42/43 1150/32/43 393/44/43
f 1168/40/43 380/42/43 1169/41/43
f 1169/41/43 380/42/43 1161/41/43
f 385/42/43 1161/41/43 380/42/43
f 385/42/43 1160/40/43 1161/41/43
f 1159/39/43 1168/40/43 1160/40/43
f 385/42/43 1159/39/43 1160/40/43
f 1168/40/43 1159/39/43 1167/39/43
f 1167/39/43 380/42/43 1168/40/43
f 385/42/43 1158/38/43 1159/39/43
f 1166/38/43 380/42/43 1167/39/43
f 1157/37/43 1166/38/43 1158/38/43
f 385/42/43 1157/37/43 1158/38/43
f 1166/38/43 1157/37/43 1165/37/43
f 1165/37/43 380/42/43 1166/38/43
f 385/42/43 1155/35/43 1157/37/43
f 1155/35/43 385/42/43 383/43/43
f 1164/35/43 380/42/43 1165/37/43
f 383/43/43 1164/35/43 1155/35/43
f 1164/35/43 379/43/43 380/42/43
f 379/43/43 1164/35/43 383/43/43
f 415/47/6 427/47/6 1170/47/6
f 425/47/6 1170/47/6 427/47/6
f 1172/47/6 441/47/6 1171/47/6
f 441/47/6 1172/47/6 439/47/6
f 451/47/6 1174/47/6 1173/47/6
f 1174/47/6 451/47/6 453/47/6
f 471/47/6 1175/47/6 469/47/6
f 1175/47/6 471/47/6 456/47/6
f 1177/47/6 485/47/6 1176/47/6
f 485/47/6 1177/47/6 483/47/6
f 488/47/6 503/47/6 1178/47/6
f 501/47/6 1178/47/6 503/47/6
f 523/47/6 1179/47/6 521/47/6
f 1179/47/6 523/47/6 508/47/6
f 535/47/6 1181/47/6 1180/47/6
f 1181/47/6 535/47/6 537/47/6
f 547/47/6 1183/47/6 1182/47/6
f 1183/47/6 547/47/6 549/47/6
f 1184/47/6 561/47/6 1182/47/6
f 561/47/6 1184/47/6 559/47/6
f 577/47/6 1185/47/6 575/47/6
f 1185/47/6 577/47/6 564/47/6
f 582/47/6 597/47/6 1186/47/6
f 595/47/6 1186/47/6 597/47/6
f 1189/49/25 1188/48/25 1187/48/25
f 1188/48/25 1189/49/25 1190/49/25
f 1192/48/30 1188/48/30 1191/48/30
f 1188/48/30 1192/48/30 1187/48/30
f 1193/49/5 1188/48/5 1190/49/5
f 1188/48/5 1193/49/5 1191/48/5
f 1192/48/24 1189/49/24 1187/48/24
f 1189/49/24 1192/48/24 1194/49/24
f 1193/49/54 1192/48/54 1191/48/54
f 1192/48/54 1193/49/54 1194/49/54
f 1197/49/25 1196/48/25 1195/48/25
f 1196/48/25 1197/49/25 1198/49/25
f 1200/48/30 1196/48/30 1199/48/30
f 1196/48/30 1200/48/30 1195/48/30
f 1201/49/5 1196/48/5 1198/49/5
f 1196/48/5 1201/49/5 1199/48/5
f 1200/48/24 1197/49/24 1195/48/24
f 1197/49/24 1200/48/24 1202/49/24
f 1201/49/54 1200/48/54 1199/48/54
f 1200/48/54 1201/49/54 1202/49/54
f 782/50/15 771/49/15 773/49/15
f 771/49/15 782/50/15 781/50/15
f 1205/46/6 1204/46/6 1203/46/6
f 1204/46/6 1205/46/6 1206/46/6
f 1204/46/6 1206/46/6 1207/46/6
f 1207/46/6 1206/46/6 1208/46/6
f 1207/46/6 1208/46/6 1209/46/6
f 1209/46/6 1208/46/6 1210/46/6
f 817/48/60 1207/46/25 1209/46/60
f 1207/46/25 817/48/60 820/48/25
f 1204/46/58 822/48/24 1203/46/24
f 822/48/24 1204/46/58 821/48/58
f 1203/46/24 819/48/83 1205/46/83
f 819/48/83 1203/46/24 822/48/24
f 817/48/60 1210/46/5 815/48/5
f 1210/46/5 817/48/60 1209/46/60
f 820/48/25 1204/46/58 1207/46/25
f 1204/46/58 820/48/25 821/48/58
f 819/48/83 1206/46/54 1205/46/83
f 1206/46/54 819/48/83 818/48/54
f 815/48/5 1208/46/82 816/48/82
f 1208/46/82 815/48/5 1210/46/5
f 818/48/54 1208/46/82 1206/46/54
f 1208/46/82 818/48/54 816/48/82
f 1213/49/25 1212/48/25 1211/48/25
f 1212/48/25 1213/49/25 1214/49/25
f 1217/51/111 1216/52/112 1215/51/111
f 1216/52/112 1217/51/111 1218/52/112
f 1221/52/112 1220/52/6 1219/52/6
f 1220/52/6 1221/52/112 1222/52/112
f 1220/52/24 1223/51/110 1219/52/24
f 1223/51/110 1220/52/24 1224/51/110
f 1226/51/111 1221/52/112 1225/51/111
f 1221/52/112 1226/51/111 1222/52/112
f 1229/52/113 1228/51/110 1227/52/113
f 1228/51/110 1229/52/113 1230/51/110
f 1227/52/111 1228/51/112 1229/52/111
f 1230/51/112 1229/52/111 1228/51/112
f 1216/52/112 1229/52/113 1227/52/113
f 1229/52/113 1216/52/112 1218/52/112
f 1217/51/111 1228/51/110 1230/51/110
f 1228/51/110 1217/51/111 1215/51/111
f 1226/51/111 1223/51/110 1224/51/110
f 1223/51/110 1226/51/111 1225/51/111
f 1216/52/25 1231/53/25 1215/51/25
f 1215/51/25 1231/53/25 1228/51/25
f 1216/52/25 1232/49/25 1231/53/25
f 1232/49/25 1216/52/25 1233/49/25
f 1233/49/25 1216/52/25 1227/52/25
f 1233/49/25 1227/52/25 1219/52/25
f 1219/52/25 1234/53/25 1233/49/25
f 1227/52/25 1221/52/25 1219/52/25
f 1221/52/25 1227/52/25 1228/51/25
f 1234/53/25 1219/52/25 1223/51/25
f 1234/53/25 1223/51/25 1231/53/25
f 1221/52/25 1228/51/25 1225/51/25
f 1228/51/25 1231/53/25 1225/51/25
f 1225/51/25 1231/53/25 1223/51/25
f 1237/55/121 1236/54/17 1235/54/16
f 1236/54/17 1237/55/121 1238/55/122
f 1241/55/123 1240/54/21 1239/54/23
f 1240/54/21 1241/55/123 1242/55/124
f 1238/55/122 1243/54/19 1236/54/17
f 1243/54/19 1238/55/122 1244/55/125
f 1244/55/125 1245/54/22 1243/54/19
f 1245/54/22 1244/55/125 1246/55/126
f 1241/55/123 1245/54/22 1246/55/126
f 1245/54/22 1241/55/123 1239/54/23
f 1247/54/18 1237/55/121 1235/54/16
f 1237/55/121 1247/54/18 1248/55/127
f 1249/54/20 1248/55/127 1247/54/18
f 1248/55/127 1249/54/20 1250/55/128
f 1242/55/124 1249/54/20 1240/54/21
f 1249/54/20 1242/55/124 1250/55/128
f 1244/55/125 1241/55/123 1246/55/126
f 1241/55/123 1244/55/125 1238/55/122
f 1241/55/123 1238/55/122 1242/55/124
f 1242/55/124 1238/55/122 1237/55/121
f 1242/55/124 1237/55/121 1250/55/128
f 1250/55/128 1237/55/121 1248/55/127
f 1239/54/30 1243/54/30 1245/54/30
f 1243/54/30 1239/54/30 1236/54/30
f 1236/54/30 1239/54/30 1240/54/30
f 1236/54/30 1240/54/30 1249/54/30
f 1236/54/30 1249/54/30 1235/54/30
f 1235/54/30 1249/54/30 1247/54/30
f 1253/55/124 1252/54/20 1251/54/21
f 1252/54/20 1253/55/124 1254/55/128
f 1255/54/23 1253/55/124 1251/54/21
f 1253/55/124 1255/54/23 1256/55/123
f 1259/55/121 1258/54/17 1257/54/16
f 1258/54/17 1259/55/121 1260/55/122
f 1261/54/18 1259/55/121 1257/54/16
f 1259/55/121 1261/54/18 1262/55/127
f 1252/54/20 1262/55/127 1261/54/18
f 1262/55/127 1252/54/20 1254/55/128
f 1265/55/125 1264/54/22 1263/54/19
f 1264/54/22 1265/55/125 1266/55/126
f 1256/55/123 1264/54/22 1266/55/126
f 1264/54/22 1256/55/123 1255/54/23
f 1260/55/122 1263/54/19 1258/54/17
f 1263/54/19 1260/55/122 1265/55/125
f 1255/54/30 1263/54/30 1264/54/30
f 1263/54/30 1255/54/30 1251/54/30
f 1263/54/30 1251/54/30 1258/54/30
f 1258/54/30 1251/54/30 1252/54/30
f 1258/54/30 1252/54/30 1257/54/30
f 1257/54/30 1252/54/30 1261/54/30
f 1265/55/125 1256/55/123 1266/55/126
f 1256/55/123 1265/55/125 1260/55/122
f 1256/55/123 1260/55/122 1253/55/124
f 1253/55/124 1260/55/122 1259/55/121
f 1253/55/124 1259/55/121 1254/55/128
f 1254/55/128 1259/55/121 1262/55/127

usemtl colormap-specular

f 1142/56/43 1136/57/43 1134/56/43
f 1136/57/43 1142/56/43 1143/57/43
f 1162/56/43 1156/57/43 1154/56/43
f 1156/57/43 1162/56/43 1163/57/43
f 700/59/12 706/58/12 704/58/12
f 706/58/12 700/59/12 699/59/12
f 750/59/14 756/58/14 754/58/14
f 756/58/14 750/59/14 749/59/14
f 984/59/25 990/58/25 988/58/25
f 990/58/25 984/59/25 983/59/25
f 1031/59/26 1032/59/26 1038/58/26
f 1036/58/26 1038/58/26 1032/59/26
f 1082/59/26 1083/59/26 1089/58/26
f 1087/58/26 1089/58/26 1083/59/26
f 1218/60/25 1230/61/25 1229/60/25
f 1230/61/25 1218/60/25 1217/61/25
f 1222/60/25 1224/61/25 1220/60/25
f 1224/61/25 1222/60/25 1226/61/25

