# Created by Kenney (www.kenney.nl)

mtllib building-b.mtl

g building-b

v -0.1774785 0.45 0.201 1 1 1
v -0.1774786 0.45 -0.1990001 1 1 1
v -0.1774785 0.8 0.201 1 1 1
v -0.1774786 0.8 -0.1990001 1 1 1
v 1.022522 0.45 0.6010001 1 1 1
v 1.022522 0.45 0.201 1 1 1
v 1.022522 0.8 0.6010001 1 1 1
v 1.022522 0.8 0.201 1 1 1
v 0.6225216 0.45 0.601 1 1 1
v 0.6225216 0.8 0.601 1 1 1
v -0.1774785 0.45 0.6010001 1 1 1
v -0.1774786 0.45 0.201 1 1 1
v -0.1774785 0.8 0.6010001 1 1 1
v -0.1774786 0.8 0.201 1 1 1
v 0.2225216 0.45 0.601 1 1 1
v 0.2225216 0.8 0.601 1 1 1
v -0.1774785 0.85 0.6010001 1 1 1
v -0.1774786 0.85 0.201 1 1 1
v -0.1774785 1.2 0.6010001 1 1 1
v -0.1774786 1.2 0.201 1 1 1
v 0.2225216 0.85 0.601 1 1 1
v 0.2225216 1.2 0.601 1 1 1
v -0.632893 0.575 0.2564146 1 1 1
v -0.6565394 1.175 0.2800609 1 1 1
v -0.5937144 0.575 0.3510001 1 1 1
v -0.7274785 0.575 0.217236 1 1 1
v -0.6271554 1.175 0.3510001 1 1 1
v -0.7274785 1.175 0.250677 1 1 1
v -0.822064 0.575 0.2564146 1 1 1
v -0.7984176 1.175 0.2800609 1 1 1
v -0.632893 0.575 0.4455856 1 1 1
v -0.6565394 1.175 0.4219392 1 1 1
v -0.7274785 1.175 0.4513232 1 1 1
v -0.7274785 0.575 0.4847642 1 1 1
v -0.8612427 0.575 0.3510001 1 1 1
v -0.8278016 1.175 0.3510001 1 1 1
v -0.7984176 1.175 0.4219392 1 1 1
v -0.822064 0.575 0.4455856 1 1 1
v 1.022521 0.45 -0.1990001 1 1 1
v 1.022521 0.45 0.201 1 1 1
v 1.022521 0.8 -0.1990001 1 1 1
v 1.022521 0.8 0.201 1 1 1
v 0.6225216 0.45 0.601 1 1 1
v 0.2225216 0.45 0.601 1 1 1
v 0.6225216 0.8 0.601 1 1 1
v 0.2225216 0.8 0.601 1 1 1
v 0.6225216 0.85 0.601 1 1 1
v 0.2225216 0.85 0.601 1 1 1
v 0.6225216 1.2 0.601 1 1 1
v 0.2225216 1.2 0.601 1 1 1
v 1.022522 0.85 0.6010001 1 1 1
v 1.022522 0.85 0.201 1 1 1
v 1.022522 1.2 0.6010001 1 1 1
v 1.022522 1.2 0.201 1 1 1
v 0.6225216 0.85 0.601 1 1 1
v 0.6225216 1.2 0.601 1 1 1
v 1.022521 0.85 -0.1990001 1 1 1
v 1.022521 0.85 0.201 1 1 1
v 1.022521 1.2 -0.1990001 1 1 1
v 1.022521 1.2 0.201 1 1 1
v 0.6225215 0.4 -0.1990001 1 1 1
v 0.6225215 0.4 0.2009999 1 1 1
v -0.1774785 0.4 -0.1990001 1 1 1
v -0.1774785 0.4 0.2009999 1 1 1
v 0.5725216 0.68 -0.599 1 1 1
v 0.5725216 0.52 -0.599 1 1 1
v 0.6225216 0.8 -0.599 1 1 1
v 0.5525216 0.7 -0.599 1 1 1
v 0.6225216 0.45 -0.599 1 1 1
v 0.5525216 0.5 -0.599 1 1 1
v 0.2925216 0.5 -0.599 1 1 1
v 0.2225216 0.45 -0.599 1 1 1
v 0.2725216 0.52 -0.599 1 1 1
v 0.2225216 0.8 -0.599 1 1 1
v 0.2925216 0.7 -0.599 1 1 1
v 0.2725216 0.68 -0.599 1 1 1
v 1.022521 0.45 -0.599 1 1 1
v 1.022521 0.8 -0.599 1 1 1
v 1.022521 0.45 -0.199 1 1 1
v 1.022521 0.8 -0.199 1 1 1
v 0.6725215 0.68 -0.599 1 1 1
v 0.6725215 0.52 -0.599 1 1 1
v 0.6225215 0.8 -0.599 1 1 1
v 0.6925215 0.7 -0.599 1 1 1
v 0.6225215 0.45 -0.599 1 1 1
v 0.6925215 0.5 -0.599 1 1 1
v 0.9525214 0.5 -0.599 1 1 1
v 0.9725214 0.52 -0.599 1 1 1
v 0.9525214 0.7 -0.599 1 1 1
v 0.9725214 0.68 -0.599 1 1 1
v 1.022521 0.85 -0.599 1 1 1
v 1.022521 1.2 -0.599 1 1 1
v 1.022521 0.85 -0.199 1 1 1
v 1.022521 1.2 -0.199 1 1 1
v 0.6725215 1.08 -0.599 1 1 1
v 0.6725215 0.92 -0.599 1 1 1
v 0.6225215 1.2 -0.599 1 1 1
v 0.6925215 1.1 -0.599 1 1 1
v 0.6225215 0.85 -0.599 1 1 1
v 0.6925215 0.9 -0.599 1 1 1
v 0.9525214 0.9 -0.599 1 1 1
v 0.9725214 0.92 -0.599 1 1 1
v 0.9525214 1.1 -0.599 1 1 1
v 0.9725214 1.08 -0.599 1 1 1
v -0.1774785 0.85 -0.599 1 1 1
v -0.1774785 1.2 -0.599 1 1 1
v -0.1774785 0.85 -0.199 1 1 1
v -0.1774785 1.2 -0.199 1 1 1
v 0.1725215 1.08 -0.599 1 1 1
v 0.1725215 0.92 -0.599 1 1 1
v 0.2225215 1.2 -0.599 1 1 1
v 0.1525215 1.1 -0.599 1 1 1
v 0.2225215 0.85 -0.599 1 1 1
v 0.1525215 0.9 -0.599 1 1 1
v -0.1074785 0.9 -0.599 1 1 1
v -0.1274785 0.92 -0.599 1 1 1
v -0.1074785 1.1 -0.599 1 1 1
v -0.1274785 1.08 -0.599 1 1 1
v -0.1774785 0.45 -0.599 1 1 1
v -0.1774785 0.8 -0.599 1 1 1
v -0.1774785 0.45 -0.199 1 1 1
v -0.1774785 0.8 -0.199 1 1 1
v 0.1725215 0.68 -0.599 1 1 1
v 0.1725215 0.52 -0.599 1 1 1
v 0.2225215 0.8 -0.599 1 1 1
v 0.1525215 0.7 -0.599 1 1 1
v 0.2225215 0.45 -0.599 1 1 1
v 0.1525215 0.5 -0.599 1 1 1
v -0.1074785 0.5 -0.599 1 1 1
v -0.1274785 0.52 -0.599 1 1 1
v -0.1074785 0.7 -0.599 1 1 1
v -0.1274785 0.68 -0.599 1 1 1
v 0.5725216 1.08 -0.599 1 1 1
v 0.5725216 0.92 -0.599 1 1 1
v 0.6225216 1.2 -0.599 1 1 1
v 0.5525216 1.1 -0.599 1 1 1
v 0.6225216 0.85 -0.599 1 1 1
v 0.5525216 0.9 -0.599 1 1 1
v 0.2925216 0.9 -0.599 1 1 1
v 0.2225216 0.85 -0.599 1 1 1
v 0.2725216 0.92 -0.599 1 1 1
v 0.2225216 1.2 -0.599 1 1 1
v 0.2925216 1.1 -0.599 1 1 1
v 0.2725216 1.08 -0.599 1 1 1
v -0.1774788 1.08 -0.1490001 1 1 1
v -0.1774788 0.92 -0.1490001 1 1 1
v -0.1774788 1.2 -0.1990001 1 1 1
v -0.1774788 1.1 -0.1290001 1 1 1
v -0.1774788 0.85 -0.1990001 1 1 1
v -0.1774788 0.9 -0.1290001 1 1 1
v -0.1774787 0.9 0.131 1 1 1
v -0.1774787 0.85 0.201 1 1 1
v -0.1774787 0.92 0.151 1 1 1
v -0.1774787 1.2 0.201 1 1 1
v -0.1774787 1.1 0.131 1 1 1
v -0.1774787 1.08 0.151 1 1 1
v -0.1974785 0.4 -0.1990001 1 1 1
v -0.1974785 0.4 0.201 1 1 1
v 0.2225215 0.4 -0.1990001 1 1 1
v 0.2225216 0.4 0.2009999 1 1 1
v -0.1974785 0.45 0.201 1 1 1
v -0.1974785 0.45 -0.1990001 1 1 1
v 1.042522 0.4 0.6010001 1 1 1
v 1.042522 0.4 0.201 1 1 1
v 1.042522 0.45 0.6010001 1 1 1
v 1.042522 0.45 0.201 1 1 1
v 1.022522 0.4 0.6210001 1 1 1
v 1.022522 0.45 0.6210001 1 1 1
v 0.6225216 0.4 0.621 1 1 1
v 0.6225216 0.45 0.621 1 1 1
v 0.6225217 0.4 0.201 1 1 1
v 0.7397934 1.252728 -0.1593484 1 1 1
v 0.7345213 1.24 -0.1593484 1 1 1
v 0.7397934 1.252728 0.2406516 1 1 1
v 0.7345213 1.24 0.2406516 1 1 1
v 0.7705213 1.24 -0.1593484 1 1 1
v 0.7705213 1.24 0.2406516 1 1 1
v 0.7652492 1.227272 -0.1593484 1 1 1
v 0.7652492 1.227272 0.2406516 1 1 1
v 0.7525213 1.258 -0.1593484 1 1 1
v 0.7525213 1.258 0.2406516 1 1 1
v 0.7652492 1.252728 -0.1593484 1 1 1
v 0.7652492 1.252728 0.2406516 1 1 1
v 0.7397934 1.227272 -0.1593484 1 1 1
v 0.7397934 1.227272 0.2406516 1 1 1
v 0.7525213 1.222 0.2406516 1 1 1
v 0.7525213 1.222 -0.1593484 1 1 1
v 0.8225216 1.2 -0.3393484 1 1 1
v 0.8225216 1.28 -0.3393484 1 1 1
v 0.8225216 1.2 -0.1793484 1 1 1
v 0.8225216 1.28 -0.1793484 1 1 1
v 0.8025215 1.2 -0.3593484 1 1 1
v 0.6425216 1.2 -0.3593484 1 1 1
v 0.8025215 1.28 -0.3593484 1 1 1
v 0.6425216 1.28 -0.3593484 1 1 1
v 0.6425216 1.2 -0.1593484 1 1 1
v 0.8025215 1.2 -0.1593484 1 1 1
v 0.6425216 1.28 -0.1593484 1 1 1
v 0.8025215 1.28 -0.1593484 1 1 1
v 0.6225215 1.28 -0.3393484 1 1 1
v 0.6225215 1.2 -0.3393484 1 1 1
v 0.6225215 1.28 -0.1793484 1 1 1
v 0.6225215 1.2 -0.1793484 1 1 1
v 0.6925213 1.214412 0.05486706 1 1 1
v 0.6925213 1.214412 0.02643606 1 1 1
v 0.7106147 1.221907 0.05486706 1 1 1
v 0.7106147 1.221907 0.02643606 1 1 1
v 0.6925213 1.265588 0.02643606 1 1 1
v 0.6925213 1.265588 0.05486706 1 1 1
v 0.7106147 1.258093 0.02643606 1 1 1
v 0.7106147 1.258093 0.05486706 1 1 1
v 0.7181093 1.24 0.02643606 1 1 1
v 0.7181093 1.24 0.05486706 1 1 1
v 0.674428 1.221907 0.05486706 1 1 1
v 0.6669334 1.24 0.05486706 1 1 1
v 0.674428 1.258093 0.05486706 1 1 1
v 0.674428 1.258093 0.02643606 1 1 1
v 0.674428 1.221907 0.02643606 1 1 1
v 0.6669334 1.24 0.02643606 1 1 1
v 0.6745213 1.24 -0.1593484 1 1 1
v 0.6797934 1.227272 -0.1593484 1 1 1
v 0.6745213 1.24 0.2406516 1 1 1
v 0.6797934 1.227272 0.2406516 1 1 1
v 0.6797934 1.252728 -0.1593484 1 1 1
v 0.6797934 1.252728 0.2406516 1 1 1
v 0.6925213 1.258 -0.1593484 1 1 1
v 0.6925213 1.258 0.2406516 1 1 1
v 0.6925213 1.222 0.2406516 1 1 1
v 0.6925213 1.222 -0.1593484 1 1 1
v 0.7052492 1.227272 0.2406516 1 1 1
v 0.7052492 1.227272 -0.1593484 1 1 1
v 0.7105213 1.24 -0.1593484 1 1 1
v 0.7105213 1.24 0.2406516 1 1 1
v 0.7052492 1.252728 -0.1593484 1 1 1
v 0.7052492 1.252728 0.2406516 1 1 1
v 0.7344279 1.258093 0.02643606 1 1 1
v 0.7344279 1.258093 0.05486706 1 1 1
v 0.7525213 1.265588 0.02643606 1 1 1
v 0.7525213 1.265588 0.05486706 1 1 1
v 0.7525213 1.214412 0.05486706 1 1 1
v 0.7525213 1.214412 0.02643606 1 1 1
v 0.7706146 1.221907 0.05486706 1 1 1
v 0.7706146 1.221907 0.02643606 1 1 1
v 0.7344279 1.221907 0.05486706 1 1 1
v 0.7269334 1.24 0.05486706 1 1 1
v 0.7781092 1.24 0.05486706 1 1 1
v 0.7706146 1.258093 0.05486706 1 1 1
v 0.7344279 1.221907 0.02643606 1 1 1
v 0.7781092 1.24 0.02643606 1 1 1
v 0.7269334 1.24 0.02643606 1 1 1
v 0.7706146 1.258093 0.02643606 1 1 1
v 0.8025215 1.2 0.4406515 1 1 1
v 0.8025215 1.28 0.4406515 1 1 1
v 0.6425215 1.2 0.4406515 1 1 1
v 0.6425215 1.28 0.4406515 1 1 1
v 0.8225216 1.2 0.4206515 1 1 1
v 0.8225216 1.2 0.2606515 1 1 1
v 0.8225216 1.28 0.4206515 1 1 1
v 0.8225216 1.28 0.2606515 1 1 1
v 0.6225215 1.2 0.2606515 1 1 1
v 0.6225215 1.2 0.4206515 1 1 1
v 0.6225215 1.28 0.2606515 1 1 1
v 0.6225215 1.28 0.4206515 1 1 1
v 0.8025216 1.28 0.2406515 1 1 1
v 0.8025216 1.2 0.2406515 1 1 1
v 0.6425216 1.28 0.2406515 1 1 1
v 0.6425216 1.2 0.2406515 1 1 1
v -0.5774783 3.960552E-17 0.621 1 1 1
v -0.1774784 3.960552E-17 0.621 1 1 1
v -0.5774783 3.960552E-17 0.201 1 1 1
v -0.1774784 3.960552E-17 0.201 1 1 1
v -0.1774784 0.05 0.621 1 1 1
v -0.5774783 0.05 0.621 1 1 1
v -0.5774783 0.05 0.601 1 1 1
v -0.1774784 0.05 0.601 1 1 1
v -0.1974785 0.4 0.6010001 1 1 1
v -0.1974785 0.4 0.201 1 1 1
v -0.1974785 0.45 0.6010001 1 1 1
v -0.1974785 0.45 0.201 1 1 1
v -0.1774785 0.4 0.6210001 1 1 1
v -0.1774785 0.45 0.6210001 1 1 1
v 0.2225216 0.4 0.621 1 1 1
v 0.2225216 0.45 0.621 1 1 1
v 0.2225215 0.4 0.201 1 1 1
v -0.1974785 0.8 0.6010001 1 1 1
v -0.1974785 0.8 0.201 1 1 1
v -0.1974785 0.85 0.6010001 1 1 1
v -0.1974785 0.85 0.201 1 1 1
v -0.1774785 0.8 0.6210001 1 1 1
v -0.1774785 0.85 0.6210001 1 1 1
v 0.2225216 0.8 0.621 1 1 1
v 0.2225216 0.85 0.621 1 1 1
v 0.2225215 0.8 0.201 1 1 1
v -0.5774785 0.5 0.3510001 1 1 1
v -0.5774785 0.575 0.3510001 1 1 1
v -0.6214125 0.5 0.4570661 1 1 1
v -0.6214125 0.575 0.4570661 1 1 1
v -0.6214125 0.5 0.2449341 1 1 1
v -0.6214125 0.575 0.2449341 1 1 1
v -0.7274785 0.5 0.2010001 1 1 1
v -0.7274785 0.575 0.2010001 1 1 1
v -0.8335445 0.5 0.2449341 1 1 1
v -0.8335445 0.575 0.2449341 1 1 1
v -0.8774785 0.575 0.3510001 1 1 1
v -0.8774785 0.5 0.3510001 1 1 1
v -0.8335445 0.575 0.4570661 1 1 1
v -0.8335445 0.5 0.4570661 1 1 1
v -0.7274785 0.5 0.501 1 1 1
v -0.7274785 0.575 0.501 1 1 1
v -0.8098981 1.25 0.2685804 1 1 1
v -0.8098981 1.175 0.2685804 1 1 1
v -0.8440375 1.25 0.3510001 1 1 1
v -0.8440375 1.175 0.3510001 1 1 1
v -0.7274785 1.175 0.2344411 1 1 1
v -0.7274785 1.25 0.2344411 1 1 1
v -0.6450589 1.175 0.2685804 1 1 1
v -0.6450589 1.25 0.2685804 1 1 1
v -0.6109195 1.175 0.3510001 1 1 1
v -0.6109195 1.25 0.3510001 1 1 1
v -0.6450589 1.175 0.4334197 1 1 1
v -0.6450589 1.25 0.4334197 1 1 1
v -0.7274785 1.175 0.467559 1 1 1
v -0.7274785 1.25 0.467559 1 1 1
v -0.8098981 1.175 0.4334197 1 1 1
v -0.8098981 1.25 0.4334197 1 1 1
v -0.7274785 1.25 0.4350873 1 1 1
v -0.7869371 1.25 0.4104587 1 1 1
v -0.6680199 1.25 0.4104587 1 1 1
v -0.8115657 1.25 0.3510001 1 1 1
v -0.7869371 1.25 0.2915414 1 1 1
v -0.7274785 1.25 0.2669129 1 1 1
v -0.6433913 1.25 0.3510001 1 1 1
v -0.6680199 1.25 0.2915414 1 1 1
v -0.3774785 0.5 0.2209999 1 1 1
v -0.3774785 0.58 0.2209999 1 1 1
v -0.3774785 0.5 0.3809999 1 1 1
v -0.3774785 0.58 0.3809999 1 1 1
v -0.3974785 0.5 0.2009999 1 1 1
v -0.5574785 0.5 0.2009999 1 1 1
v -0.3974785 0.58 0.2009999 1 1 1
v -0.5574785 0.58 0.2009999 1 1 1
v -0.5574785 0.5 0.4009999 1 1 1
v -0.3974785 0.5 0.4009999 1 1 1
v -0.5574785 0.58 0.4009999 1 1 1
v -0.3974785 0.58 0.4009999 1 1 1
v -0.5774785 0.58 0.2209999 1 1 1
v -0.5774785 0.5 0.2209999 1 1 1
v -0.5774785 0.58 0.3809999 1 1 1
v -0.5774785 0.5 0.3809999 1 1 1
v -0.1774785 4.524545E-17 0.621 1 1 1
v 0.2225215 4.524545E-17 0.621 1 1 1
v -0.1774785 4.524545E-17 0.201 1 1 1
v 0.2225215 4.524545E-17 0.201 1 1 1
v 0.2225215 0.05 0.621 1 1 1
v -0.1774785 0.05 0.621 1 1 1
v -0.1774785 0.05 0.601 1 1 1
v 0.2225215 0.05 0.601 1 1 1
v 0.2225216 4.524545E-17 0.621 1 1 1
v 0.6225216 4.524545E-17 0.621 1 1 1
v 0.2225216 4.524545E-17 0.201 1 1 1
v 0.6225216 4.524545E-17 0.201 1 1 1
v 0.6225216 0.05 0.621 1 1 1
v 0.2225216 0.05 0.621 1 1 1
v 0.2225216 0.05 0.601 1 1 1
v 0.6225216 0.05 0.601 1 1 1
v 1.042522 4.524545E-17 0.6010001 1 1 1
v 1.042522 4.524545E-17 0.201 1 1 1
v 1.042522 0.05 0.6010001 1 1 1
v 1.042522 0.05 0.201 1 1 1
v 1.022522 4.524545E-17 0.6210001 1 1 1
v 1.022522 0.05 0.6210001 1 1 1
v 0.6225216 4.524545E-17 0.621 1 1 1
v 0.6225216 0.05 0.621 1 1 1
v 0.6225217 4.524545E-17 0.201 1 1 1
v 1.022522 0.05 0.201 1 1 1
v 1.022522 0.05 0.6010001 1 1 1
v 0.6225216 0.05 0.601 1 1 1
v 1.042521 4.524545E-17 0.201 1 1 1
v 1.042521 4.524545E-17 -0.1990001 1 1 1
v 0.6225214 4.524545E-17 0.2009999 1 1 1
v 0.6225215 4.524545E-17 -0.1990001 1 1 1
v 1.042521 0.05 -0.1990001 1 1 1
v 1.042521 0.05 0.201 1 1 1
v 1.022521 0.05 0.201 1 1 1
v 1.022521 0.05 -0.1990001 1 1 1
v 1.042521 0.4 0.201 1 1 1
v 1.042521 0.4 -0.1990001 1 1 1
v 0.6225214 0.4 0.2009999 1 1 1
v 0.6225215 0.4 -0.1990001 1 1 1
v 1.042521 0.45 -0.1990001 1 1 1
v 1.042521 0.45 0.201 1 1 1
v 0.2225216 0.4 0.621 1 1 1
v 0.6225216 0.4 0.621 1 1 1
v 0.2225216 0.4 0.201 1 1 1
v 0.6225216 0.4 0.201 1 1 1
v 0.6225216 0.45 0.621 1 1 1
v 0.2225216 0.45 0.621 1 1 1
v 0.2225216 0.8 0.621 1 1 1
v 0.6225216 0.8 0.621 1 1 1
v 0.2225216 0.8 0.201 1 1 1
v 0.6225216 0.8 0.201 1 1 1
v 0.6225216 0.85 0.621 1 1 1
v 0.2225216 0.85 0.621 1 1 1
v 1.042522 0.8 0.6010001 1 1 1
v 1.042522 0.8 0.201 1 1 1
v 1.042522 0.85 0.6010001 1 1 1
v 1.042522 0.85 0.201 1 1 1
v 1.022522 0.8 0.6210001 1 1 1
v 1.022522 0.85 0.6210001 1 1 1
v 0.6225216 0.8 0.621 1 1 1
v 0.6225216 0.85 0.621 1 1 1
v 0.6225217 0.8 0.201 1 1 1
v 1.042521 0.8 0.201 1 1 1
v 1.042521 0.8 -0.1990001 1 1 1
v 0.6225214 0.8 0.2009999 1 1 1
v 0.6225215 0.8 -0.1990001 1 1 1
v 1.042521 0.85 -0.1990001 1 1 1
v 1.042521 0.85 0.201 1 1 1
v 0.6225215 4.524545E-17 0.2009999 1 1 1
v 0.6225215 4.524545E-17 -0.1990001 1 1 1
v -0.1774785 4.524545E-17 0.2009999 1 1 1
v -0.1774785 4.524545E-17 -0.1990001 1 1 1
v 0.1705332 1.234 -0.281595 1 1 1
v 0.1618928 1.234 -0.2607353 1 1 1
v 0.1852832 1.2635 -0.281595 1 1 1
v 0.1723226 1.2635 -0.2503055 1 1 1
v 0.1115332 1.234 -0.281595 1 1 1
v 0.09678318 1.2635 -0.281595 1 1 1
v 0.1201735 1.234 -0.2607353 1 1 1
v 0.1097437 1.2635 -0.2503055 1 1 1
v 0.1618928 1.2 -0.2607353 1 1 1
v 0.1410332 1.2 -0.252095 1 1 1
v 0.1410332 1.234 -0.252095 1 1 1
v 0.1723226 1.2635 -0.3128844 1 1 1
v 0.1618928 1.234 -0.3024547 1 1 1
v 0.1410332 1.2635 -0.237345 1 1 1
v 0.1410332 1.234 -0.311095 1 1 1
v 0.1410332 1.2635 -0.325845 1 1 1
v 0.1201735 1.234 -0.3024547 1 1 1
v 0.1097437 1.2635 -0.3128844 1 1 1
v 0.1705332 1.293 -0.281595 1 1 1
v 0.1618928 1.293 -0.2607353 1 1 1
v 0.1201735 1.2 -0.2607353 1 1 1
v 0.1201735 1.2 -0.3024547 1 1 1
v 0.1410332 1.2 -0.311095 1 1 1
v 0.1115332 1.2 -0.281595 1 1 1
v 0.1201735 1.293 -0.3024547 1 1 1
v 0.1410332 1.293 -0.311095 1 1 1
v 0.1618928 1.293 -0.3024547 1 1 1
v 0.1410332 1.293 -0.252095 1 1 1
v 0.1201735 1.293 -0.2607353 1 1 1
v 0.1115332 1.293 -0.281595 1 1 1
v 0.1618928 1.2 -0.3024547 1 1 1
v 0.1705332 1.2 -0.281595 1 1 1
v 0.3705332 1.234 -0.281595 1 1 1
v 0.3618929 1.234 -0.2607353 1 1 1
v 0.3852832 1.2635 -0.281595 1 1 1
v 0.3723227 1.2635 -0.2503055 1 1 1
v 0.3115332 1.234 -0.281595 1 1 1
v 0.2967832 1.2635 -0.281595 1 1 1
v 0.3201736 1.234 -0.2607353 1 1 1
v 0.3097438 1.2635 -0.2503055 1 1 1
v 0.3618929 1.2 -0.2607353 1 1 1
v 0.3410332 1.2 -0.252095 1 1 1
v 0.3410332 1.234 -0.252095 1 1 1
v 0.3723227 1.2635 -0.3128844 1 1 1
v 0.3618929 1.234 -0.3024547 1 1 1
v 0.3410332 1.2635 -0.237345 1 1 1
v 0.3410332 1.234 -0.311095 1 1 1
v 0.3410332 1.2635 -0.325845 1 1 1
v 0.3201736 1.234 -0.3024547 1 1 1
v 0.3097438 1.2635 -0.3128844 1 1 1
v 0.3705332 1.293 -0.281595 1 1 1
v 0.3618929 1.293 -0.2607353 1 1 1
v 0.3201736 1.2 -0.2607353 1 1 1
v 0.3201736 1.2 -0.3024547 1 1 1
v 0.3410332 1.2 -0.311095 1 1 1
v 0.3115332 1.2 -0.281595 1 1 1
v 0.3201736 1.293 -0.3024547 1 1 1
v 0.3410332 1.293 -0.311095 1 1 1
v 0.3618929 1.293 -0.3024547 1 1 1
v 0.3410332 1.293 -0.252095 1 1 1
v 0.3201736 1.293 -0.2607353 1 1 1
v 0.3115332 1.293 -0.281595 1 1 1
v 0.3618929 1.2 -0.3024547 1 1 1
v 0.3705332 1.2 -0.281595 1 1 1
v 0.6225216 1.23 0.601 1 1 1
v 0.2225216 1.23 0.6010001 1 1 1
v 0.6225216 1.23 0.621 1 1 1
v 0.2225216 1.23 0.6210001 1 1 1
v 0.2225216 1.2 0.6010001 1 1 1
v 0.2225216 1.28 0.5510001 1 1 1
v 0.2225216 1.2 0.5510001 1 1 1
v 0.6225216 1.28 0.551 1 1 1
v 0.6225216 1.2 0.551 1 1 1
v 0.6225216 1.28 0.621 1 1 1
v 0.2225216 1.28 0.6210001 1 1 1
v -0.5774783 0.53 -0.1990001 1 1 1
v -0.1774783 0.53 -0.1990001 1 1 1
v -0.5774783 0.53 -0.2190001 1 1 1
v -0.1774783 0.53 -0.2190001 1 1 1
v -0.1774783 0.5 -0.1990001 1 1 1
v -0.5774783 0.5 -0.1990001 1 1 1
v -0.1774783 0.58 -0.149 1 1 1
v -0.1774783 0.5 -0.149 1 1 1
v -0.5774784 0.58 -0.1490001 1 1 1
v -0.5774784 0.5 -0.1490001 1 1 1
v -0.5774783 0.58 -0.2190001 1 1 1
v -0.1774783 0.58 -0.2190001 1 1 1
v -0.9774784 0.5 -0.1990001 1 1 1
v -0.9774784 0.53 -0.1990001 1 1 1
v -0.9774784 0.5 0.2009999 1 1 1
v -0.9774784 0.53 0.2009999 1 1 1
v -0.5774785 0.5 -0.1990001 1 1 1
v -0.5774785 0.53 -0.1990001 1 1 1
v -0.9274784 0.58 -0.1490001 1 1 1
v -0.9274784 0.5 -0.1490001 1 1 1
v -0.9274784 0.58 0.2009999 1 1 1
v -0.9274784 0.5 0.2009999 1 1 1
v -0.9774784 0.53 -0.2190001 1 1 1
v -0.5774785 0.53 -0.2190001 1 1 1
v -0.9774784 0.58 -0.2190001 1 1 1
v -0.5774785 0.58 -0.2190001 1 1 1
v -0.9974784 0.53 0.2009999 1 1 1
v -0.9974784 0.53 -0.1990001 1 1 1
v -0.5774785 0.58 -0.1490001 1 1 1
v -0.9974784 0.58 0.2009999 1 1 1
v -0.9974784 0.58 -0.1990001 1 1 1
v -0.5774785 0.5 -0.1490001 1 1 1
v -0.1774783 0.53 0.601 1 1 1
v -0.5774783 0.53 0.6010001 1 1 1
v -0.1774783 0.53 0.621 1 1 1
v -0.5774783 0.53 0.6210001 1 1 1
v -0.5774783 0.5 0.6010001 1 1 1
v -0.1774783 0.5 0.601 1 1 1
v -0.5774784 0.58 0.5510001 1 1 1
v -0.5774784 0.5 0.5510001 1 1 1
v -0.1774783 0.58 0.551 1 1 1
v -0.1774783 0.5 0.551 1 1 1
v -0.1774783 0.58 0.621 1 1 1
v -0.5774783 0.58 0.6210001 1 1 1
v -0.9774784 0.5 0.6010001 1 1 1
v -0.9774784 0.53 0.6010001 1 1 1
v -0.5774784 0.5 0.601 1 1 1
v -0.5774784 0.53 0.601 1 1 1
v -0.9774785 0.5 0.201 1 1 1
v -0.9774785 0.53 0.201 1 1 1
v -0.9274784 0.58 0.5510001 1 1 1
v -0.9274784 0.5 0.5510001 1 1 1
v -0.5774784 0.58 0.551 1 1 1
v -0.5774784 0.5 0.551 1 1 1
v -0.9974784 0.53 0.6010001 1 1 1
v -0.9974785 0.53 0.201 1 1 1
v -0.9974784 0.58 0.6010001 1 1 1
v -0.9974785 0.58 0.201 1 1 1
v -0.5774784 0.53 0.621 1 1 1
v -0.9774784 0.53 0.6210001 1 1 1
v -0.9274785 0.58 0.201 1 1 1
v -0.5774784 0.58 0.621 1 1 1
v -0.9774784 0.58 0.6210001 1 1 1
v -0.9274785 0.5 0.201 1 1 1
v 0.2225216 1.23 -0.599 1 1 1
v 0.6225216 1.23 -0.5989999 1 1 1
v 0.2225216 1.23 -0.619 1 1 1
v 0.6225216 1.23 -0.6189999 1 1 1
v 0.6225216 1.2 -0.5989999 1 1 1
v 0.6225216 1.28 -0.5489999 1 1 1
v 0.6225216 1.2 -0.5489999 1 1 1
v 0.2225216 1.28 -0.549 1 1 1
v 0.2225216 1.2 -0.549 1 1 1
v 0.2225216 1.28 -0.619 1 1 1
v 0.6225216 1.28 -0.6189999 1 1 1
v -0.1774785 1.2 -0.5989999 1 1 1
v -0.1774785 1.23 -0.5989999 1 1 1
v -0.1774785 1.2 -0.1989999 1 1 1
v -0.1774785 1.23 -0.1989999 1 1 1
v 0.2225215 1.2 -0.5989999 1 1 1
v 0.2225215 1.23 -0.5989999 1 1 1
v -0.1274785 1.28 -0.5489999 1 1 1
v -0.1274785 1.2 -0.5489999 1 1 1
v -0.1274785 1.28 -0.1989999 1 1 1
v -0.1274785 1.2 -0.1989999 1 1 1
v -0.1774785 1.23 -0.6189999 1 1 1
v 0.2225215 1.23 -0.6189999 1 1 1
v -0.1774785 1.28 -0.6189999 1 1 1
v 0.2225215 1.28 -0.6189999 1 1 1
v -0.1974785 1.23 -0.1989999 1 1 1
v -0.1974785 1.23 -0.5989999 1 1 1
v 0.2225215 1.28 -0.5489999 1 1 1
v -0.1974785 1.28 -0.1989999 1 1 1
v -0.1974785 1.28 -0.5989999 1 1 1
v 0.2225215 1.2 -0.5489999 1 1 1
v 1.022522 1.2 -0.5989999 1 1 1
v 1.022522 1.23 -0.5989999 1 1 1
v 0.6225217 1.2 -0.599 1 1 1
v 0.6225217 1.23 -0.599 1 1 1
v 1.022522 1.2 -0.1989999 1 1 1
v 1.022522 1.23 -0.1989999 1 1 1
v 0.9725217 1.28 -0.5489999 1 1 1
v 0.9725217 1.2 -0.5489999 1 1 1
v 0.6225216 1.28 -0.549 1 1 1
v 0.6225216 1.2 -0.549 1 1 1
v 1.042522 1.23 -0.5989999 1 1 1
v 1.042522 1.23 -0.1989999 1 1 1
v 1.042522 1.28 -0.5989999 1 1 1
v 1.042522 1.28 -0.1989999 1 1 1
v 0.6225217 1.23 -0.619 1 1 1
v 1.022522 1.23 -0.6189999 1 1 1
v 0.9725217 1.28 -0.1989999 1 1 1
v 0.6225217 1.28 -0.619 1 1 1
v 1.022522 1.28 -0.6189999 1 1 1
v 0.9725217 1.2 -0.1989999 1 1 1
v -0.1774785 1.23 0.2009999 1 1 1
v -0.1774785 1.23 -0.1990001 1 1 1
v -0.1974785 1.23 0.2009999 1 1 1
v -0.1974785 1.23 -0.1990001 1 1 1
v -0.1774785 1.2 -0.1990001 1 1 1
v -0.1774785 1.2 0.2009999 1 1 1
v -0.1274785 1.28 -0.1990001 1 1 1
v -0.1274785 1.2 -0.1990001 1 1 1
v -0.1274785 1.28 0.2009999 1 1 1
v -0.1274785 1.2 0.2009999 1 1 1
v -0.1974785 1.28 0.2009999 1 1 1
v -0.1974785 1.28 -0.1990001 1 1 1
v -0.1774785 1.23 0.6010001 1 1 1
v 0.2225216 1.23 0.601 1 1 1
v -0.1774786 1.23 0.201 1 1 1
v -0.1274785 1.28 0.5510001 1 1 1
v -0.1274785 1.2 0.5510001 1 1 1
v 0.2225215 1.28 0.551 1 1 1
v 0.2225215 1.2 0.551 1 1 1
v -0.1974785 1.23 0.6010001 1 1 1
v -0.1974785 1.23 0.201 1 1 1
v -0.1974785 1.28 0.6010001 1 1 1
v -0.1974785 1.28 0.201 1 1 1
v 0.2225216 1.23 0.621 1 1 1
v -0.1774785 1.23 0.6210001 1 1 1
v -0.1274785 1.28 0.201 1 1 1
v 0.2225216 1.28 0.621 1 1 1
v -0.1774785 1.28 0.6210001 1 1 1
v -0.1274785 1.2 0.201 1 1 1
v 1.022522 1.2 0.601 1 1 1
v 1.022522 1.23 0.601 1 1 1
v 1.022522 1.23 0.201 1 1 1
v 0.6225217 1.2 0.601 1 1 1
v 0.6225217 1.23 0.601 1 1 1
v 0.9725217 1.28 0.551 1 1 1
v 0.9725217 1.2 0.551 1 1 1
v 0.9725217 1.28 0.201 1 1 1
v 0.9725217 1.2 0.201 1 1 1
v 1.022522 1.23 0.621 1 1 1
v 0.6225217 1.23 0.621 1 1 1
v 1.022522 1.28 0.621 1 1 1
v 0.6225217 1.28 0.621 1 1 1
v 1.042522 1.23 0.201 1 1 1
v 1.042522 1.23 0.601 1 1 1
v 0.6225217 1.28 0.551 1 1 1
v 1.042522 1.28 0.201 1 1 1
v 1.042522 1.28 0.601 1 1 1
v 0.6225217 1.2 0.551 1 1 1
v 1.022522 1.23 -0.1990001 1 1 1
v 1.022522 1.23 0.2009999 1 1 1
v 1.042522 1.23 -0.1990001 1 1 1
v 1.042522 1.23 0.2009999 1 1 1
v 1.022522 1.2 0.2009999 1 1 1
v 1.022522 1.2 -0.1990001 1 1 1
v 0.9725217 1.28 0.2009999 1 1 1
v 0.9725217 1.2 0.2009999 1 1 1
v 0.9725217 1.28 -0.1990001 1 1 1
v 0.9725217 1.2 -0.1990001 1 1 1
v 1.042522 1.28 -0.1990001 1 1 1
v 1.042522 1.28 0.2009999 1 1 1
v -0.9774784 0.5 0.601 1 1 1
v -0.9774784 0.4 0.601 1 1 1
v -0.9774784 0.5 0.201 1 1 1
v -0.9774784 0.4 0.201 1 1 1
v -0.5774785 0.4 0.601 1 1 1
v -0.5774785 0.5 0.601 1 1 1
v -0.9774784 0.5 -0.1990001 1 1 1
v -0.9774784 0.4 -0.1990001 1 1 1
v -0.9774784 0.4 0.2009999 1 1 1
v -0.5774785 0.4 -0.1990001 1 1 1
v -0.5774785 0.5 -0.1990001 1 1 1
v -0.1774784 0.4 -0.1990001 1 1 1
v -0.5774783 0.4 -0.1990001 1 1 1
v -0.1774784 0.5 -0.1990001 1 1 1
v -0.1774784 0.4 0.6010001 1 1 1
v -0.5774783 0.4 0.6010001 1 1 1
v -0.1774784 0.5 0.6010001 1 1 1
v 0.02887812 1.2 0.3364282 1 1 1
v 0.02887812 1.375 0.3364282 1 1 1
v 0.05816744 1.2 0.4071389 1 1 1
v 0.05816744 1.375 0.4071389 1 1 1
v 0.05816744 1.2 0.2657175 1 1 1
v 0.05816744 1.375 0.2657175 1 1 1
v 0.1288781 1.2 0.2364282 1 1 1
v 0.1288781 1.375 0.2364282 1 1 1
v 0.1995888 1.2 0.2657175 1 1 1
v 0.1995888 1.375 0.2657175 1 1 1
v 0.2288781 1.375 0.3364282 1 1 1
v 0.2288781 1.2 0.3364282 1 1 1
v 0.1995888 1.375 0.4071389 1 1 1
v 0.1995888 1.2 0.4071389 1 1 1
v 0.1288781 1.2 0.4364282 1 1 1
v 0.1288781 1.375 0.4364282 1 1 1
v 0.250526 1.375 0.3364282 1 1 1
v 0.2148961 1.375 0.2504101 1 1 1
v 0.2148961 1.375 0.4224462 1 1 1
v 0.1288781 1.375 0.458076 1 1 1
v 0.1288781 1.375 0.2147803 1 1 1
v 0.0428601 1.375 0.4224462 1 1 1
v 0.0428601 1.375 0.2504101 1 1 1
v 0.007230274 1.375 0.3364282 1 1 1
v 0.1592901 1.47 0.3364282 1 1 1
v 0.1503826 1.47 0.3579327 1 1 1
v 0.1503826 1.47 0.3149237 1 1 1
v 0.1288781 1.47 0.3060162 1 1 1
v 0.1288781 1.47 0.3668401 1 1 1
v 0.1073736 1.47 0.3149237 1 1 1
v 0.1073736 1.47 0.3579327 1 1 1
v 0.09846616 1.47 0.3364282 1 1 1
v 0.1288781 1.395 0.458076 1 1 1
v 0.0428601 1.395 0.4224462 1 1 1
v 0.2148961 1.395 0.2504101 1 1 1
v 0.1288781 1.395 0.2147803 1 1 1
v 0.250526 1.395 0.3364282 1 1 1
v 0.2148961 1.395 0.4224462 1 1 1
v 0.007230274 1.395 0.3364282 1 1 1
v 0.0428601 1.395 0.2504101 1 1 1
v -0.0474785 1.806038E-16 -0.6190001 1 1 1
v -0.0474785 0.27 -0.6190001 1 1 1
v -0.0474785 1.911305E-16 -0.5990001 1 1 1
v -0.0474785 0.27 -0.5990001 1 1 1
v 0.0925215 0.27 -0.6190001 1 1 1
v 0.0925215 1.806038E-16 -0.6190001 1 1 1
v 0.0925215 0.27 -0.5990001 1 1 1
v 0.0925215 1.911305E-16 -0.5990001 1 1 1
v -0.1974785 0.05 -0.5990001 1 1 1
v -0.1974785 0 -0.5990001 1 1 1
v -0.1974785 0.05 -0.1990001 1 1 1
v -0.1974785 1.065261E-17 -0.1990001 1 1 1
v 0.1225215 0.05 -0.6190001 1 1 1
v 0.1225215 0.05 -0.5990001 1 1 1
v 0.2225215 0.05 -0.6190001 1 1 1
v 0.2225215 0.05 -0.5990001 1 1 1
v 0.1225215 0.28 -0.6190001 1 1 1
v 0.1225215 0.28 -0.5990001 1 1 1
v 0.2225215 1.259868E-19 -0.6190001 1 1 1
v -0.07747849 0.28 -0.6190001 1 1 1
v 0.1025215 0.3 -0.6190001 1 1 1
v -0.05747849 0.3 -0.6190001 1 1 1
v -0.07747849 0.05 -0.6190001 1 1 1
v -0.1774785 0.05 -0.6190001 1 1 1
v -0.1774785 2.447107E-17 -0.6190001 1 1 1
v -0.1774785 0.05 -0.1990001 1 1 1
v -0.1774785 0.05 -0.5990001 1 1 1
v -0.07747849 0.05 -0.5990001 1 1 1
v -0.05747849 0.3 -0.5990001 1 1 1
v 0.1025215 0.3 -0.5990001 1 1 1
v -0.07747849 0.28 -0.5990001 1 1 1
v 0.2225215 1.065261E-17 -0.1990001 1 1 1
v -0.0174785 0.03 -0.5990001 1 1 1
v -0.0174785 0.03 -0.5790001 1 1 1
v 0.0625215 0.03 -0.5990001 1 1 1
v 0.0625215 0.03 -0.5790001 1 1 1
v 0.0625215 0.24 -0.5990001 1 1 1
v 0.0625215 0.15 -0.5990001 1 1 1
v 0.0625215 0.24 -0.5790001 1 1 1
v 0.0625215 0.12 -0.5990001 1 1 1
v -0.0174785 0.24 -0.5790001 1 1 1
v -0.0174785 0.24 -0.5990001 1 1 1
v -0.0174785 0.12 -0.5990001 1 1 1
v -0.0174785 0.15 -0.5990001 1 1 1
v 0.06252141 0.1142649 -0.599 1 1 1
v 0.06252141 0.1142649 -0.6100001 1 1 1
v 0.08179145 0.1142649 -0.599 1 1 1
v 0.08179145 0.1142649 -0.6100001 1 1 1
v 0.06252141 0.1557351 -0.6100001 1 1 1
v 0.06252141 0.1557351 -0.599 1 1 1
v 0.08179145 0.1557351 -0.6100001 1 1 1
v 0.08179145 0.1557351 -0.599 1 1 1
v 0.07520565 0.1332044 -0.61 1 1 1
v 0.07520565 0.1463153 -0.61 1 1 1
v 0.04429213 0.1332044 -0.61 1 1 1
v 0.04429213 0.1463153 -0.61 1 1 1
v 0.07520565 0.1332044 -0.621 1 1 1
v 0.04429213 0.1332044 -0.621 1 1 1
v 0.07520565 0.1463153 -0.621 1 1 1
v 0.04429213 0.1463153 -0.621 1 1 1
v 0.5425216 0.67 -0.599 1 1 1
v 0.5425216 0.67 -0.619 1 1 1
v 0.3025216 0.67 -0.599 1 1 1
v 0.3025216 0.67 -0.619 1 1 1
v 0.5425216 0.53 -0.619 1 1 1
v 0.5425216 0.53 -0.599 1 1 1
v 0.3025216 0.53 -0.619 1 1 1
v 0.3025216 0.53 -0.599 1 1 1
v 0.5525216 0.5 -0.619 1 1 1
v 0.2925216 0.5 -0.619 1 1 1
v 0.2725216 0.52 -0.619 1 1 1
v 0.2725216 0.68 -0.619 1 1 1
v 0.5725216 0.68 -0.619 1 1 1
v 0.5725216 0.52 -0.619 1 1 1
v 0.5525216 0.7 -0.619 1 1 1
v 0.2925216 0.7 -0.619 1 1 1
v 0.6225216 0.4 -0.599 1 1 1
v 0.6225216 0.4 -0.619 1 1 1
v 0.2225216 0.4 -0.599 1 1 1
v 0.2225216 0.4 -0.619 1 1 1
v 0.2225216 0.45 -0.619 1 1 1
v 0.6225216 0.45 -0.619 1 1 1
v 0.5225216 0.55 -0.599 1 1 1
v 0.5225216 0.65 -0.599 1 1 1
v 0.5225216 0.55 -0.579 1 1 1
v 0.5225216 0.65 -0.579 1 1 1
v 0.3225216 0.65 -0.579 1 1 1
v 0.4325216 0.65 -0.599 1 1 1
v 0.4125216 0.65 -0.599 1 1 1
v 0.3225216 0.65 -0.599 1 1 1
v 0.3225216 0.55 -0.599 1 1 1
v 0.3225216 0.55 -0.579 1 1 1
v 0.4325216 0.55 -0.599 1 1 1
v 0.4125216 0.55 -0.599 1 1 1
v -1.028206 0.04999998 -0.1577279 1 1 1
v -1.015478 0.04999998 -0.163 1 1 1
v -1.028206 0.45 -0.1577279 1 1 1
v -1.015478 0.45 -0.163 1 1 1
v -0.9974784 0.45 -0.145 1 1 1
v -0.9974784 0.04999998 -0.145 1 1 1
v -1.00275 0.45 -0.1322721 1 1 1
v -1.00275 0.04999998 -0.1322721 1 1 1
v -1.00275 0.04999998 -0.1577279 1 1 1
v -1.00275 0.45 -0.1577279 1 1 1
v -1.015478 0.04999998 -0.127 1 1 1
v -1.015478 0.45 -0.127 1 1 1
v -1.028206 0.04999998 -0.1322721 1 1 1
v -1.028206 0.45 -0.1322721 1 1 1
v -1.033478 0.04999998 -0.145 1 1 1
v -1.033478 0.45 -0.145 1 1 1
v -0.9774784 0.45 -0.127 1 1 1
v -0.9774784 0.45 -0.163 1 1 1
v -1.033478 0.45 -0.127 1 1 1
v -1.033478 0.45 -0.163 1 1 1
v -0.9774784 0.486 -0.163 1 1 1
v -0.9774784 0.486 -0.127 1 1 1
v -1.023478 0.486 -0.163 1 1 1
v -1.023478 0.486 -0.127 1 1 1
v -1.033478 0.476 -0.127 1 1 1
v -1.033478 0.476 -0.163 1 1 1
v -1.033572 0.1107845 -0.1630934 1 1 1
v -1.033572 0.1392155 -0.1630934 1 1 1
v -1.041066 0.1107845 -0.145 1 1 1
v -1.041066 0.1392155 -0.145 1 1 1
v -1.015478 0.1107845 -0.1705879 1 1 1
v -1.015478 0.1392155 -0.1705879 1 1 1
v -0.9898905 0.1392155 -0.145 1 1 1
v -0.9898905 0.1107845 -0.145 1 1 1
v -0.997385 0.1392155 -0.1269066 1 1 1
v -0.997385 0.1107845 -0.1269066 1 1 1
v -0.997385 0.1392155 -0.1630934 1 1 1
v -0.997385 0.1107845 -0.1630934 1 1 1
v -1.033572 0.1107845 -0.1269066 1 1 1
v -1.033572 0.1392155 -0.1269066 1 1 1
v -1.015478 0.1107845 -0.1194121 1 1 1
v -1.015478 0.1392155 -0.1194121 1 1 1
v -1.033572 0.364707 -0.1630934 1 1 1
v -1.033572 0.393138 -0.1630934 1 1 1
v -1.041066 0.364707 -0.145 1 1 1
v -1.041066 0.393138 -0.145 1 1 1
v -1.015478 0.364707 -0.1705879 1 1 1
v -1.015478 0.393138 -0.1705879 1 1 1
v -0.9898905 0.393138 -0.145 1 1 1
v -0.9898905 0.364707 -0.145 1 1 1
v -0.997385 0.393138 -0.1269066 1 1 1
v -0.997385 0.364707 -0.1269066 1 1 1
v -0.997385 0.393138 -0.1630934 1 1 1
v -0.997385 0.364707 -0.1630934 1 1 1
v -1.033572 0.364707 -0.1269066 1 1 1
v -1.033572 0.393138 -0.1269066 1 1 1
v -1.015478 0.364707 -0.1194121 1 1 1
v -1.015478 0.393138 -0.1194121 1 1 1
v -0.2282063 0.05000001 -0.557728 1 1 1
v -0.2154784 0.05000001 -0.5630001 1 1 1
v -0.2282063 1.164 -0.557728 1 1 1
v -0.2154784 1.164 -0.5630001 1 1 1
v -0.1974784 1.164 -0.5450001 1 1 1
v -0.1974784 0.05000001 -0.5450001 1 1 1
v -0.2027505 1.164 -0.5322722 1 1 1
v -0.2027505 0.05000001 -0.5322722 1 1 1
v -0.2027505 0.05000001 -0.557728 1 1 1
v -0.2027505 1.164 -0.557728 1 1 1
v -0.2154784 0.05000001 -0.5270001 1 1 1
v -0.2154784 1.164 -0.5270001 1 1 1
v -0.2282063 0.05000001 -0.5322722 1 1 1
v -0.2282063 1.164 -0.5322722 1 1 1
v -0.2334784 0.05000001 -0.5450001 1 1 1
v -0.2334784 1.164 -0.5450001 1 1 1
v -0.1774784 1.164 -0.5270001 1 1 1
v -0.1774784 1.164 -0.5630001 1 1 1
v -0.2334784 1.164 -0.5270001 1 1 1
v -0.2334784 1.164 -0.5630001 1 1 1
v -0.1774784 1.2 -0.5630001 1 1 1
v -0.1774784 1.2 -0.5270001 1 1 1
v -0.2234784 1.2 -0.5630001 1 1 1
v -0.2234784 1.2 -0.5270001 1 1 1
v -0.2334784 1.19 -0.5270001 1 1 1
v -0.2334784 1.19 -0.5630001 1 1 1
v -0.2335718 1.078707 -0.5630934 1 1 1
v -0.2335718 1.107138 -0.5630934 1 1 1
v -0.2410663 1.078707 -0.5450001 1 1 1
v -0.2410663 1.107138 -0.5450001 1 1 1
v -0.2154784 1.078707 -0.570588 1 1 1
v -0.2154784 1.107138 -0.570588 1 1 1
v -0.1898905 1.107138 -0.5450001 1 1 1
v -0.1898905 1.078707 -0.5450001 1 1 1
v -0.197385 1.107138 -0.5269067 1 1 1
v -0.197385 1.078707 -0.5269067 1 1 1
v -0.197385 1.107138 -0.5630934 1 1 1
v -0.197385 1.078707 -0.5630934 1 1 1
v -0.2335718 1.078707 -0.5269067 1 1 1
v -0.2335718 1.107138 -0.5269067 1 1 1
v -0.2154784 1.078707 -0.5194122 1 1 1
v -0.2154784 1.107138 -0.5194122 1 1 1
v -0.2335718 0.527724 -0.5630934 1 1 1
v -0.2335718 0.556155 -0.5630934 1 1 1
v -0.2410663 0.527724 -0.5450001 1 1 1
v -0.2410663 0.556155 -0.5450001 1 1 1
v -0.2154784 0.527724 -0.570588 1 1 1
v -0.2154784 0.556155 -0.570588 1 1 1
v -0.1898905 0.556155 -0.5450001 1 1 1
v -0.1898905 0.527724 -0.5450001 1 1 1
v -0.197385 0.556155 -0.5269067 1 1 1
v -0.197385 0.527724 -0.5269067 1 1 1
v -0.197385 0.556155 -0.5630934 1 1 1
v -0.197385 0.527724 -0.5630934 1 1 1
v -0.2335718 0.527724 -0.5269067 1 1 1
v -0.2335718 0.556155 -0.5269067 1 1 1
v -0.2154784 0.527724 -0.5194122 1 1 1
v -0.2154784 0.556155 -0.5194122 1 1 1
v -0.2335718 0.2522325 -0.5630934 1 1 1
v -0.2335718 0.2806635 -0.5630934 1 1 1
v -0.2410663 0.2522325 -0.5450001 1 1 1
v -0.2410663 0.2806635 -0.5450001 1 1 1
v -0.2154784 0.2522325 -0.570588 1 1 1
v -0.2154784 0.2806635 -0.570588 1 1 1
v -0.1898905 0.2806635 -0.5450001 1 1 1
v -0.1898905 0.2522325 -0.5450001 1 1 1
v -0.197385 0.2806635 -0.5269067 1 1 1
v -0.197385 0.2522325 -0.5269067 1 1 1
v -0.197385 0.2806635 -0.5630934 1 1 1
v -0.197385 0.2522325 -0.5630934 1 1 1
v -0.2335718 0.2522325 -0.5269067 1 1 1
v -0.2335718 0.2806635 -0.5269067 1 1 1
v -0.2154784 0.2522325 -0.5194122 1 1 1
v -0.2154784 0.2806635 -0.5194122 1 1 1
v -0.2335718 0.8032155 -0.5630934 1 1 1
v -0.2335718 0.8316465 -0.5630934 1 1 1
v -0.2410663 0.8032155 -0.5450001 1 1 1
v -0.2410663 0.8316465 -0.5450001 1 1 1
v -0.2154784 0.8032155 -0.570588 1 1 1
v -0.2154784 0.8316465 -0.570588 1 1 1
v -0.1898905 0.8316465 -0.5450001 1 1 1
v -0.1898905 0.8032155 -0.5450001 1 1 1
v -0.197385 0.8316465 -0.5269067 1 1 1
v -0.197385 0.8032155 -0.5269067 1 1 1
v -0.197385 0.8316465 -0.5630934 1 1 1
v -0.197385 0.8032155 -0.5630934 1 1 1
v -0.2335718 0.8032155 -0.5269067 1 1 1
v -0.2335718 0.8316465 -0.5269067 1 1 1
v -0.2154784 0.8032155 -0.5194122 1 1 1
v -0.2154784 0.8316465 -0.5194122 1 1 1
v 0.3925217 2.203967E-16 -0.6189999 1 1 1
v 0.3925217 0.27 -0.6189999 1 1 1
v 0.3925217 2.203967E-16 -0.5989999 1 1 1
v 0.3925217 0.27 -0.5989999 1 1 1
v 0.8525217 0.27 -0.6189999 1 1 1
v 0.8525217 2.203967E-16 -0.6189999 1 1 1
v 0.8525217 0.27 -0.5989999 1 1 1
v 0.8525217 2.203967E-16 -0.5989999 1 1 1
v 0.2225217 3.991885E-17 -0.1989999 1 1 1
v 0.2225217 3.991885E-17 -0.6189999 1 1 1
v 1.042522 3.991885E-17 -0.1989999 1 1 1
v 1.022522 7.97117E-17 -0.6189999 1 1 1
v 1.042522 3.991885E-17 -0.5989999 1 1 1
v 0.8825217 0.05 -0.6189999 1 1 1
v 0.8825217 0.05 -0.5989999 1 1 1
v 1.022522 0.05 -0.6189999 1 1 1
v 1.022522 0.05 -0.5989999 1 1 1
v 1.022522 0.05 -0.1989999 1 1 1
v 1.042522 0.05 -0.1989999 1 1 1
v 1.042522 0.05 -0.5989999 1 1 1
v 0.8825217 0.28 -0.6189999 1 1 1
v 0.8825217 0.28 -0.5989999 1 1 1
v 0.2225217 0.05 -0.6189999 1 1 1
v 0.2225217 0.05 -0.5989999 1 1 1
v 0.3625217 0.05 -0.6189999 1 1 1
v 0.3625217 0.05 -0.5989999 1 1 1
v 0.3625217 0.28 -0.6189999 1 1 1
v 0.3625217 0.28 -0.5989999 1 1 1
v 0.3825217 0.3 -0.6189999 1 1 1
v 0.3825217 0.3 -0.5989999 1 1 1
v 0.8625216 0.3 -0.6189999 1 1 1
v 0.8625216 0.3 -0.5989999 1 1 1
v 0.6444702 0.03688905 -0.599 1 1 1
v 0.6444702 0.05 -0.599 1 1 1
v 0.6005731 0.03688905 -0.599 1 1 1
v 0.6005731 0.05 -0.599 1 1 1
v 0.6444702 0.03688905 -0.6100001 1 1 1
v 0.6005731 0.03688905 -0.6100001 1 1 1
v 0.6444702 0.05 -0.6100001 1 1 1
v 0.6005731 0.05 -0.6100001 1 1 1
v 0.7025214 0.67 -0.599 1 1 1
v 0.7025214 0.67 -0.619 1 1 1
v 0.9425215 0.67 -0.599 1 1 1
v 0.9425215 0.67 -0.619 1 1 1
v 0.7025214 0.53 -0.619 1 1 1
v 0.7025214 0.53 -0.599 1 1 1
v 0.9425215 0.53 -0.619 1 1 1
v 0.9425215 0.53 -0.599 1 1 1
v 0.6925215 0.5 -0.619 1 1 1
v 0.9525214 0.5 -0.619 1 1 1
v 0.9725214 0.52 -0.619 1 1 1
v 0.9725214 0.68 -0.619 1 1 1
v 0.6725215 0.68 -0.619 1 1 1
v 0.6725215 0.52 -0.619 1 1 1
v 0.6925215 0.7 -0.619 1 1 1
v 0.9525214 0.7 -0.619 1 1 1
v 1.022521 0.4 -0.199 1 1 1
v 1.022521 0.4 -0.599 1 1 1
v 1.042521 0.4 -0.199 1 1 1
v 1.022521 0.4 -0.619 1 1 1
v 1.042521 0.4 -0.599 1 1 1
v 0.6225215 0.4 -0.619 1 1 1
v 0.6225215 0.4 -0.599 1 1 1
v 1.042521 0.45 -0.599 1 1 1
v 1.042521 0.45 -0.199 1 1 1
v 0.6225215 0.45 -0.619 1 1 1
v 1.022521 0.45 -0.619 1 1 1
v 0.7225214 0.55 -0.599 1 1 1
v 0.7225214 0.65 -0.599 1 1 1
v 0.7225214 0.55 -0.579 1 1 1
v 0.7225214 0.65 -0.579 1 1 1
v 0.9225215 0.65 -0.579 1 1 1
v 0.8125215 0.65 -0.599 1 1 1
v 0.8325214 0.65 -0.599 1 1 1
v 0.9225215 0.65 -0.599 1 1 1
v 0.9225215 0.55 -0.599 1 1 1
v 0.9225215 0.55 -0.579 1 1 1
v 0.8125215 0.55 -0.599 1 1 1
v 0.8325214 0.55 -0.599 1 1 1
v 0.7025214 1.07 -0.599 1 1 1
v 0.7025214 1.07 -0.619 1 1 1
v 0.9425215 1.07 -0.599 1 1 1
v 0.9425215 1.07 -0.619 1 1 1
v 0.7025214 0.93 -0.619 1 1 1
v 0.7025214 0.93 -0.599 1 1 1
v 0.9425215 0.93 -0.619 1 1 1
v 0.9425215 0.93 -0.599 1 1 1
v 0.6925215 0.9 -0.619 1 1 1
v 0.9525214 0.9 -0.619 1 1 1
v 0.9725214 0.92 -0.619 1 1 1
v 0.9725214 1.08 -0.619 1 1 1
v 0.6725215 1.08 -0.619 1 1 1
v 0.6725215 0.92 -0.619 1 1 1
v 0.6925215 1.1 -0.619 1 1 1
v 0.9525214 1.1 -0.619 1 1 1
v 1.042521 0.8 -0.199 1 1 1
v 1.022521 0.8 -0.619 1 1 1
v 1.042521 0.8 -0.599 1 1 1
v 0.6225215 0.8 -0.619 1 1 1
v 1.042521 0.85 -0.599 1 1 1
v 1.042521 0.85 -0.199 1 1 1
v 0.6225215 0.85 -0.619 1 1 1
v 1.022521 0.85 -0.619 1 1 1
v 0.7225214 0.95 -0.599 1 1 1
v 0.7225214 1.05 -0.599 1 1 1
v 0.7225214 0.95 -0.579 1 1 1
v 0.7225214 1.05 -0.579 1 1 1
v 0.9225215 1.05 -0.579 1 1 1
v 0.8125215 1.05 -0.599 1 1 1
v 0.8325214 1.05 -0.599 1 1 1
v 0.9225215 1.05 -0.599 1 1 1
v 0.9225215 0.95 -0.599 1 1 1
v 0.9225215 0.95 -0.579 1 1 1
v 0.8125215 0.95 -0.599 1 1 1
v 0.8325214 0.95 -0.599 1 1 1
v 0.1425215 1.07 -0.599 1 1 1
v 0.1425215 1.07 -0.619 1 1 1
v -0.09747851 1.07 -0.599 1 1 1
v -0.09747851 1.07 -0.619 1 1 1
v 0.1425215 0.93 -0.619 1 1 1
v 0.1425215 0.93 -0.599 1 1 1
v -0.09747851 0.93 -0.619 1 1 1
v -0.09747851 0.93 -0.599 1 1 1
v 0.1525215 0.9 -0.619 1 1 1
v -0.1074785 0.9 -0.619 1 1 1
v -0.1274785 0.92 -0.619 1 1 1
v -0.1274785 1.08 -0.619 1 1 1
v 0.1725215 1.08 -0.619 1 1 1
v 0.1725215 0.92 -0.619 1 1 1
v 0.1525215 1.1 -0.619 1 1 1
v -0.1074785 1.1 -0.619 1 1 1
v -0.1974785 0.8 -0.199 1 1 1
v -0.1774785 0.8 -0.619 1 1 1
v -0.1974785 0.8 -0.599 1 1 1
v 0.2225215 0.8 -0.619 1 1 1
v -0.1974785 0.85 -0.599 1 1 1
v -0.1974785 0.85 -0.199 1 1 1
v 0.2225215 0.85 -0.619 1 1 1
v -0.1774785 0.85 -0.619 1 1 1
v 0.1225215 0.95 -0.599 1 1 1
v 0.1225215 1.05 -0.599 1 1 1
v 0.1225215 0.95 -0.579 1 1 1
v 0.1225215 1.05 -0.579 1 1 1
v -0.07747851 1.05 -0.579 1 1 1
v 0.03252149 1.05 -0.599 1 1 1
v 0.0125215 1.05 -0.599 1 1 1
v -0.07747851 1.05 -0.599 1 1 1
v -0.07747851 0.95 -0.599 1 1 1
v -0.07747851 0.95 -0.579 1 1 1
v 0.03252149 0.95 -0.599 1 1 1
v 0.0125215 0.95 -0.599 1 1 1
v 0.1425215 0.67 -0.599 1 1 1
v 0.1425215 0.67 -0.619 1 1 1
v -0.09747851 0.67 -0.599 1 1 1
v -0.09747851 0.67 -0.619 1 1 1
v 0.1425215 0.53 -0.619 1 1 1
v 0.1425215 0.53 -0.599 1 1 1
v -0.09747851 0.53 -0.619 1 1 1
v -0.09747851 0.53 -0.599 1 1 1
v 0.1525215 0.5 -0.619 1 1 1
v -0.1074785 0.5 -0.619 1 1 1
v -0.1274785 0.52 -0.619 1 1 1
v -0.1274785 0.68 -0.619 1 1 1
v 0.1725215 0.68 -0.619 1 1 1
v 0.1725215 0.52 -0.619 1 1 1
v 0.1525215 0.7 -0.619 1 1 1
v -0.1074785 0.7 -0.619 1 1 1
v -0.1774785 0.4 -0.199 1 1 1
v -0.1774785 0.4 -0.599 1 1 1
v -0.1974785 0.4 -0.199 1 1 1
v -0.1774785 0.4 -0.619 1 1 1
v -0.1974785 0.4 -0.599 1 1 1
v 0.2225215 0.4 -0.619 1 1 1
v 0.2225215 0.4 -0.599 1 1 1
v -0.1974785 0.45 -0.599 1 1 1
v -0.1974785 0.45 -0.199 1 1 1
v 0.2225215 0.45 -0.619 1 1 1
v -0.1774785 0.45 -0.619 1 1 1
v 0.1225215 0.55 -0.599 1 1 1
v 0.1225215 0.65 -0.599 1 1 1
v 0.1225215 0.55 -0.579 1 1 1
v 0.1225215 0.65 -0.579 1 1 1
v -0.07747851 0.65 -0.579 1 1 1
v 0.03252149 0.65 -0.599 1 1 1
v 0.0125215 0.65 -0.599 1 1 1
v -0.07747851 0.65 -0.599 1 1 1
v -0.07747851 0.55 -0.599 1 1 1
v -0.07747851 0.55 -0.579 1 1 1
v 0.03252149 0.55 -0.599 1 1 1
v 0.0125215 0.55 -0.599 1 1 1
v 0.5425216 1.07 -0.599 1 1 1
v 0.5425216 1.07 -0.619 1 1 1
v 0.3025216 1.07 -0.599 1 1 1
v 0.3025216 1.07 -0.619 1 1 1
v 0.5425216 0.93 -0.619 1 1 1
v 0.5425216 0.93 -0.599 1 1 1
v 0.3025216 0.93 -0.619 1 1 1
v 0.3025216 0.93 -0.599 1 1 1
v 0.5525216 0.9 -0.619 1 1 1
v 0.2925216 0.9 -0.619 1 1 1
v 0.2725216 0.92 -0.619 1 1 1
v 0.2725216 1.08 -0.619 1 1 1
v 0.5725216 1.08 -0.619 1 1 1
v 0.5725216 0.92 -0.619 1 1 1
v 0.5525216 1.1 -0.619 1 1 1
v 0.2925216 1.1 -0.619 1 1 1
v 0.6225216 0.8 -0.619 1 1 1
v 0.2225216 0.8 -0.619 1 1 1
v 0.2225216 0.85 -0.619 1 1 1
v 0.6225216 0.85 -0.619 1 1 1
v 0.5225216 0.95 -0.599 1 1 1
v 0.5225216 1.05 -0.599 1 1 1
v 0.5225216 0.95 -0.579 1 1 1
v 0.5225216 1.05 -0.579 1 1 1
v 0.3225216 1.05 -0.579 1 1 1
v 0.4325216 1.05 -0.599 1 1 1
v 0.4125216 1.05 -0.599 1 1 1
v 0.3225216 1.05 -0.599 1 1 1
v 0.3225216 0.95 -0.599 1 1 1
v 0.3225216 0.95 -0.579 1 1 1
v 0.4325216 0.95 -0.599 1 1 1
v 0.4125216 0.95 -0.599 1 1 1
v -0.1774788 1.07 -0.1190001 1 1 1
v -0.1974788 1.07 -0.1190001 1 1 1
v -0.1774787 1.07 0.121 1 1 1
v -0.1974788 1.07 0.121 1 1 1
v -0.1974788 0.93 -0.1190001 1 1 1
v -0.1774788 0.93 -0.1190001 1 1 1
v -0.1974788 0.93 0.121 1 1 1
v -0.1774787 0.93 0.121 1 1 1
v -0.1974788 0.9 -0.1290001 1 1 1
v -0.1974788 0.9 0.131 1 1 1
v -0.1974788 0.92 0.151 1 1 1
v -0.1974788 1.08 0.151 1 1 1
v -0.1974788 1.08 -0.1490001 1 1 1
v -0.1974788 0.92 -0.1490001 1 1 1
v -0.1974788 1.1 -0.1290001 1 1 1
v -0.1974788 1.1 0.131 1 1 1
v -0.1774788 0.8 -0.1990001 1 1 1
v -0.1974788 0.8 -0.1990001 1 1 1
v -0.1774787 0.8 0.201 1 1 1
v -0.1974787 0.8 0.201 1 1 1
v -0.1974787 0.85 0.201 1 1 1
v -0.1974788 0.85 -0.1990001 1 1 1
v -0.1774788 0.95 -0.0990001 1 1 1
v -0.1774788 1.05 -0.0990001 1 1 1
v -0.1574788 0.95 -0.0990001 1 1 1
v -0.1574788 1.05 -0.0990001 1 1 1
v -0.1574788 1.05 0.101 1 1 1
v -0.1774788 1.05 -0.00900006 1 1 1
v -0.1774788 1.05 0.01099995 1 1 1
v -0.1774788 1.05 0.101 1 1 1
v -0.1774788 0.95 0.101 1 1 1
v -0.1574788 0.95 0.101 1 1 1
v -0.1774788 0.95 -0.00900006 1 1 1
v -0.1774788 0.95 0.01099995 1 1 1
v -0.1774788 1.07 0.121 1 1 1
v -0.1774788 0.93 0.121 1 1 1
v -0.1774788 0.93 -0.1190001 1 1 1
v -0.1774788 1.07 -0.1190001 1 1 1
v -0.2282063 0.5 0.3422721 1 1 1
v -0.2154784 0.5 0.337 1 1 1
v -0.2282063 1.164 0.3422721 1 1 1
v -0.2154784 1.164 0.337 1 1 1
v -0.1974784 1.164 0.355 1 1 1
v -0.1974784 0.5 0.355 1 1 1
v -0.2027505 1.164 0.3677279 1 1 1
v -0.2027505 0.5 0.3677279 1 1 1
v -0.2027505 0.5 0.3422721 1 1 1
v -0.2027505 1.164 0.3422721 1 1 1
v -0.2154784 0.5 0.373 1 1 1
v -0.2154784 1.164 0.373 1 1 1
v -0.2282063 0.5 0.3677279 1 1 1
v -0.2282063 1.164 0.3677279 1 1 1
v -0.2334784 0.5 0.355 1 1 1
v -0.2334784 1.164 0.355 1 1 1
v -0.1774784 1.164 0.373 1 1 1
v -0.1774784 1.164 0.337 1 1 1
v -0.2334784 1.164 0.373 1 1 1
v -0.2334784 1.164 0.337 1 1 1
v -0.1774784 1.2 0.337 1 1 1
v -0.1774784 1.2 0.373 1 1 1
v -0.2234784 1.2 0.337 1 1 1
v -0.2234784 1.2 0.373 1 1 1
v -0.2334784 1.19 0.373 1 1 1
v -0.2334784 1.19 0.337 1 1 1
v -0.2335718 1.078707 0.3369066 1 1 1
v -0.2335718 1.107138 0.3369066 1 1 1
v -0.2410663 1.078707 0.355 1 1 1
v -0.2410663 1.107138 0.355 1 1 1
v -0.2154784 1.078707 0.3294121 1 1 1
v -0.2154784 1.107138 0.3294121 1 1 1
v -0.1898905 1.107138 0.355 1 1 1
v -0.1898905 1.078707 0.355 1 1 1
v -0.197385 1.107138 0.3730934 1 1 1
v -0.197385 1.078707 0.3730934 1 1 1
v -0.197385 1.107138 0.3369066 1 1 1
v -0.197385 1.078707 0.3369066 1 1 1
v -0.2335718 1.078707 0.3730934 1 1 1
v -0.2335718 1.107138 0.3730934 1 1 1
v -0.2154784 1.078707 0.3805879 1 1 1
v -0.2154784 1.107138 0.3805879 1 1 1
v -0.2335718 0.527724 0.3369066 1 1 1
v -0.2335718 0.556155 0.3369066 1 1 1
v -0.2410663 0.527724 0.355 1 1 1
v -0.2410663 0.556155 0.355 1 1 1
v -0.2154784 0.527724 0.3294121 1 1 1
v -0.2154784 0.556155 0.3294121 1 1 1
v -0.1898905 0.556155 0.355 1 1 1
v -0.1898905 0.527724 0.355 1 1 1
v -0.197385 0.556155 0.3730934 1 1 1
v -0.197385 0.527724 0.3730934 1 1 1
v -0.197385 0.556155 0.3369066 1 1 1
v -0.197385 0.527724 0.3369066 1 1 1
v -0.2335718 0.527724 0.3730934 1 1 1
v -0.2335718 0.556155 0.3730934 1 1 1
v -0.2154784 0.527724 0.3805879 1 1 1
v -0.2154784 0.556155 0.3805879 1 1 1
v -0.2335718 0.8032155 0.3369066 1 1 1
v -0.2335718 0.8316465 0.3369066 1 1 1
v -0.2410663 0.8032155 0.355 1 1 1
v -0.2410663 0.8316465 0.355 1 1 1
v -0.2154784 0.8032155 0.3294121 1 1 1
v -0.2154784 0.8316465 0.3294121 1 1 1
v -0.1898905 0.8316465 0.355 1 1 1
v -0.1898905 0.8032155 0.355 1 1 1
v -0.197385 0.8316465 0.3730934 1 1 1
v -0.197385 0.8032155 0.3730934 1 1 1
v -0.197385 0.8316465 0.3369066 1 1 1
v -0.197385 0.8032155 0.3369066 1 1 1
v -0.2335718 0.8032155 0.3730934 1 1 1
v -0.2335718 0.8316465 0.3730934 1 1 1
v -0.2154784 0.8032155 0.3805879 1 1 1
v -0.2154784 0.8316465 0.3805879 1 1 1
v -0.6774784 0.05 0.6209999 1 1 1
v -0.6774784 0.28 0.6209999 1 1 1
v -0.6774784 0.05 0.601 1 1 1
v -0.6774784 0.28 0.601 1 1 1
v -0.5774785 0.05 0.601 1 1 1
v -0.5774785 0.05 0.6209999 1 1 1
v -0.8774785 0.05 0.6209999 1 1 1
v -0.9774784 0.05 0.6209999 1 1 1
v -0.8774785 0.05 0.601 1 1 1
v -0.9774784 0.05 0.601 1 1 1
v -0.9974784 0.05 0.601 1 1 1
v -0.9774784 0.05 0.2009999 1 1 1
v -0.9974784 0.05 0.2009999 1 1 1
v -0.9974784 -4.213903E-16 0.2009999 1 1 1
v -0.9974784 -4.242983E-16 0.601 1 1 1
v -0.5774785 3.960552E-17 0.2009999 1 1 1
v -0.9774784 -3.376668E-16 0.6209999 1 1 1
v -0.8474784 2.200834E-16 0.601 1 1 1
v -0.8474784 2.200834E-16 0.6209999 1 1 1
v -0.7074785 2.200834E-16 0.601 1 1 1
v -0.7074785 2.200834E-16 0.6209999 1 1 1
v -0.5774785 3.960552E-17 0.6209999 1 1 1
v -0.8574784 0.3 0.601 1 1 1
v -0.6974785 0.3 0.601 1 1 1
v -0.8574784 0.3 0.6209999 1 1 1
v -0.6974785 0.3 0.6209999 1 1 1
v -0.8774785 0.28 0.6209999 1 1 1
v -0.8774785 0.28 0.601 1 1 1
v -0.8474784 0.27 0.601 1 1 1
v -0.8474784 0.27 0.6209999 1 1 1
v -0.7074785 0.27 0.601 1 1 1
v -0.7074785 0.27 0.6209999 1 1 1
v -0.7442668 0.09534679 0.6009999 1 1 1
v -0.7442668 0.09534679 0.6119999 1 1 1
v -0.7249967 0.09534679 0.6009999 1 1 1
v -0.7249967 0.09534679 0.6119999 1 1 1
v -0.7442668 0.136817 0.6119999 1 1 1
v -0.7442668 0.136817 0.6009999 1 1 1
v -0.7249967 0.136817 0.6119999 1 1 1
v -0.7249967 0.136817 0.6009999 1 1 1
v -0.7315826 0.1142863 0.612 1 1 1
v -0.7315826 0.1273973 0.612 1 1 1
v -0.7624961 0.1142863 0.612 1 1 1
v -0.7624961 0.1273973 0.612 1 1 1
v -0.7315826 0.1142863 0.6230001 1 1 1
v -0.7624961 0.1142863 0.6230001 1 1 1
v -0.7315826 0.1273973 0.6230001 1 1 1
v -0.7624961 0.1273973 0.6230001 1 1 1
v -0.2474786 1.918837E-16 -0.2190001 1 1 1
v -0.2474786 0.27 -0.2190001 1 1 1
v -0.2474786 1.918837E-16 -0.1990001 1 1 1
v -0.2474786 0.27 -0.1990001 1 1 1
v -0.5074786 0.27 -0.2190001 1 1 1
v -0.5074786 1.918837E-16 -0.2190001 1 1 1
v -0.5074786 0.27 -0.1990001 1 1 1
v -0.5074786 1.918837E-16 -0.1990001 1 1 1
v -0.1774786 1.140585E-17 0.2009999 1 1 1
v -0.1774786 1.140585E-17 -0.2190001 1 1 1
v -0.5774786 1.016448E-16 0.2009999 1 1 1
v -0.5774786 5.119871E-17 -0.2190001 1 1 1
v -0.1774786 0.05 -0.2190001 1 1 1
v -0.1774786 0.05 -0.1990001 1 1 1
v -0.2174786 0.05 -0.2190001 1 1 1
v -0.2174786 0.05 -0.1990001 1 1 1
v -0.2174786 0.28 -0.2190001 1 1 1
v -0.2174786 0.28 -0.1990001 1 1 1
v -0.2374786 0.3 -0.2190001 1 1 1
v -0.2374786 0.3 -0.1990001 1 1 1
v -0.5174786 0.3 -0.2190001 1 1 1
v -0.5174786 0.3 -0.1990001 1 1 1
v -0.5374786 0.28 -0.2190001 1 1 1
v -0.5374786 0.28 -0.1990001 1 1 1
v -0.5774786 0.05 -0.2190001 1 1 1
v -0.5374786 0.05 -0.2190001 1 1 1
v -0.5374786 0.05 -0.1990001 1 1 1
v -0.5774786 0.05 -0.1990001 1 1 1
v -0.399427 0.03688905 -0.21 1 1 1
v -0.399427 0.05 -0.21 1 1 1
v -0.399427 0.03688905 -0.199 1 1 1
v -0.399427 0.05 -0.199 1 1 1
v -0.3555298 0.05 -0.21 1 1 1
v -0.3555298 0.05 -0.199 1 1 1
v -0.3555298 0.03688905 -0.199 1 1 1
v -0.3555298 0.03688905 -0.21 1 1 1
v -0.6474785 2.316766E-16 -0.2190001 1 1 1
v -0.6474785 0.27 -0.2190001 1 1 1
v -0.6474785 2.316766E-16 -0.1990001 1 1 1
v -0.6474785 0.27 -0.1990001 1 1 1
v -0.9074785 0.27 -0.2190001 1 1 1
v -0.9074785 2.316766E-16 -0.2190001 1 1 1
v -0.9074785 0.27 -0.1990001 1 1 1
v -0.9074785 2.316766E-16 -0.1990001 1 1 1
v -0.5774785 5.119871E-17 0.2009999 1 1 1
v -0.5774785 5.119871E-17 -0.2190001 1 1 1
v -0.9974784 5.119871E-17 0.2009999 1 1 1
v -0.9774784 9.099157E-17 -0.2190001 1 1 1
v -0.9974784 5.119871E-17 -0.1990001 1 1 1
v -0.9374784 0.05 -0.2190001 1 1 1
v -0.9374784 0.05 -0.1990001 1 1 1
v -0.9774784 0.05 -0.2190001 1 1 1
v -0.9774784 0.05 -0.1990001 1 1 1
v -0.9974784 0.05 -0.1990001 1 1 1
v -0.5774785 0.05 -0.2190001 1 1 1
v -0.5774785 0.05 -0.1990001 1 1 1
v -0.6174784 0.05 -0.2190001 1 1 1
v -0.6174784 0.05 -0.1990001 1 1 1
v -0.6174784 0.28 -0.2190001 1 1 1
v -0.6174784 0.28 -0.1990001 1 1 1
v -0.6374785 0.3 -0.2190001 1 1 1
v -0.6374785 0.3 -0.1990001 1 1 1
v -0.9174784 0.3 -0.2190001 1 1 1
v -0.9174784 0.3 -0.1990001 1 1 1
v -0.9374784 0.28 -0.2190001 1 1 1
v -0.9374784 0.28 -0.1990001 1 1 1
v -0.799427 0.03688905 -0.21 1 1 1
v -0.799427 0.05 -0.21 1 1 1
v -0.799427 0.03688905 -0.199 1 1 1
v -0.799427 0.05 -0.199 1 1 1
v -0.7555299 0.05 -0.21 1 1 1
v -0.7555299 0.05 -0.199 1 1 1
v -0.7555299 0.03688905 -0.199 1 1 1
v -0.7555299 0.03688905 -0.21 1 1 1
v -0.2282063 0.5 0.242272 1 1 1
v -0.2154784 0.5 0.2369999 1 1 1
v -0.2282063 1.164 0.242272 1 1 1
v -0.2154784 1.164 0.2369999 1 1 1
v -0.1974784 1.164 0.2549999 1 1 1
v -0.1974784 0.5 0.2549999 1 1 1
v -0.2027505 1.164 0.2677278 1 1 1
v -0.2027505 0.5 0.2677278 1 1 1
v -0.2027505 0.5 0.242272 1 1 1
v -0.2027505 1.164 0.242272 1 1 1
v -0.2154784 0.5 0.2729999 1 1 1
v -0.2154784 1.164 0.2729999 1 1 1
v -0.2282063 0.5 0.2677278 1 1 1
v -0.2282063 1.164 0.2677278 1 1 1
v -0.2334784 0.5 0.2549999 1 1 1
v -0.2334784 1.164 0.2549999 1 1 1
v -0.1774784 1.164 0.2729999 1 1 1
v -0.1774784 1.164 0.2369999 1 1 1
v -0.2334784 1.164 0.2729999 1 1 1
v -0.2334784 1.164 0.2369999 1 1 1
v -0.1774784 1.2 0.2369999 1 1 1
v -0.1774784 1.2 0.2729999 1 1 1
v -0.2234784 1.2 0.2369999 1 1 1
v -0.2234784 1.2 0.2729999 1 1 1
v -0.2334784 1.19 0.2729999 1 1 1
v -0.2334784 1.19 0.2369999 1 1 1
v -0.2335718 1.078707 0.2369065 1 1 1
v -0.2335718 1.107138 0.2369065 1 1 1
v -0.2410663 1.078707 0.2549999 1 1 1
v -0.2410663 1.107138 0.2549999 1 1 1
v -0.2154784 1.078707 0.229412 1 1 1
v -0.2154784 1.107138 0.229412 1 1 1
v -0.1898905 1.107138 0.2549999 1 1 1
v -0.1898905 1.078707 0.2549999 1 1 1
v -0.197385 1.107138 0.2730933 1 1 1
v -0.197385 1.078707 0.2730933 1 1 1
v -0.197385 1.107138 0.2369065 1 1 1
v -0.197385 1.078707 0.2369065 1 1 1
v -0.2335718 1.078707 0.2730933 1 1 1
v -0.2335718 1.107138 0.2730933 1 1 1
v -0.2154784 1.078707 0.2805878 1 1 1
v -0.2154784 1.107138 0.2805878 1 1 1
v -0.2335718 0.527724 0.2369065 1 1 1
v -0.2335718 0.556155 0.2369065 1 1 1
v -0.2410663 0.527724 0.2549999 1 1 1
v -0.2410663 0.556155 0.2549999 1 1 1
v -0.2154784 0.527724 0.229412 1 1 1
v -0.2154784 0.556155 0.229412 1 1 1
v -0.1898905 0.556155 0.2549999 1 1 1
v -0.1898905 0.527724 0.2549999 1 1 1
v -0.197385 0.556155 0.2730933 1 1 1
v -0.197385 0.527724 0.2730933 1 1 1
v -0.197385 0.556155 0.2369065 1 1 1
v -0.197385 0.527724 0.2369065 1 1 1
v -0.2335718 0.527724 0.2730933 1 1 1
v -0.2335718 0.556155 0.2730933 1 1 1
v -0.2154784 0.527724 0.2805878 1 1 1
v -0.2154784 0.556155 0.2805878 1 1 1
v -0.2335718 0.8032155 0.2369065 1 1 1
v -0.2335718 0.8316465 0.2369065 1 1 1
v -0.2410663 0.8032155 0.2549999 1 1 1
v -0.2410663 0.8316465 0.2549999 1 1 1
v -0.2154784 0.8032155 0.229412 1 1 1
v -0.2154784 0.8316465 0.229412 1 1 1
v -0.1898905 0.8316465 0.2549999 1 1 1
v -0.1898905 0.8032155 0.2549999 1 1 1
v -0.197385 0.8316465 0.2730933 1 1 1
v -0.197385 0.8032155 0.2730933 1 1 1
v -0.197385 0.8316465 0.2369065 1 1 1
v -0.197385 0.8032155 0.2369065 1 1 1
v -0.2335718 0.8032155 0.2730933 1 1 1
v -0.2335718 0.8316465 0.2730933 1 1 1
v -0.2154784 0.8032155 0.2805878 1 1 1
v -0.2154784 0.8316465 0.2805878 1 1 1
v -0.1774784 0.4 0.601 1 1 1
v -0.5774783 0.4 0.601 1 1 1
v -0.8115657 1.175 0.3510001 1 1 1
v -0.7869371 1.175 0.4104587 1 1 1
v -0.7869371 1.175 0.2915414 1 1 1
v -0.7274785 1.175 0.2669129 1 1 1
v -0.7274785 1.175 0.4350873 1 1 1
v -0.6680199 1.175 0.4104587 1 1 1
v -0.6680199 1.175 0.2915414 1 1 1
v -0.6433913 1.175 0.3510001 1 1 1
v 0.2225215 0.4 0.601 1 1 1
v -0.1774785 0.4 0.601 1 1 1
v 0.6225216 0.4 0.601 1 1 1
v 0.2225216 0.4 0.601 1 1 1
v 1.022522 0.4 0.6010001 1 1 1
v 1.022522 0.4 0.201 1 1 1
v 0.6225216 0.4 0.601 1 1 1
v 1.022521 0.4 -0.1990001 1 1 1
v 1.022521 0.4 0.201 1 1 1
v 0.6225215 1.2 -0.1990001 1 1 1
v 0.2225215 1.2 -0.1990001 1 1 1
v -0.5774784 0.5 0.2009999 1 1 1
v -0.1774784 0.5 0.201 1 1 1
v -0.5774785 0.5 0.2009999 1 1 1
v -0.1774784 0.5 0.201 1 1 1
v -0.5774784 0.5 0.201 1 1 1
v -0.5774785 0.5 0.201 1 1 1
v 0.2225215 1.2 -0.1989999 1 1 1
v 0.6225216 1.2 -0.1989999 1 1 1
v 0.2225215 1.2 -0.1989999 1 1 1
v 0.6225216 1.2 -0.1989999 1 1 1
v 0.2225215 1.2 0.2009999 1 1 1
v 0.2225215 1.2 -0.1990001 1 1 1
v 0.2225215 1.2 0.201 1 1 1
v 0.6225217 1.2 0.201 1 1 1
v 0.6225217 1.2 -0.1990001 1 1 1
v 0.6225217 1.2 0.2009999 1 1 1
v -0.1774785 0.4 -0.5990001 1 1 1
v -0.1774785 0.4 -0.1990001 1 1 1
v 0.2225215 0.4 -0.5990001 1 1 1
v 1.022522 0.4 -0.5989999 1 1 1
v 1.022522 0.4 -0.1989999 1 1 1
v 0.2225217 0.4 -0.5989999 1 1 1
v 0.8525217 2.203967E-16 -0.599 1 1 1
v 0.3925216 2.203967E-16 -0.599 1 1 1
v 0.8525217 0.27 -0.599 1 1 1
v 0.3925216 0.27 -0.599 1 1 1
v -0.5774785 0.4 0.601 1 1 1
v -0.6774784 0.3 0.601 1 1 1
v -0.8774785 0.3 0.601 1 1 1
v -0.9774784 0.4 0.601 1 1 1
v -0.5774786 0.4 -0.1990001 1 1 1
v -0.1774786 0.4 -0.1990001 1 1 1
v -0.9774784 0.4 -0.1990001 1 1 1
v -0.5774785 0.4 -0.1990001 1 1 1
v 0.5732673 1.039183 -0.619 1 1 1
v 0.2745987 1.01095 -0.619 1 1 1
v 0.5704441 1.06905 -0.619 1 1 1
v 0.2717755 1.040817 -0.619 1 1 1
v 0.2745987 1.01095 -0.6389999 1 1 1
v 0.5732673 1.039183 -0.6389999 1 1 1
v 0.2717755 1.040817 -0.6389999 1 1 1
v 0.5704441 1.06905 -0.6389999 1 1 1
v 0.5706433 0.9319836 -0.619 1 1 1
v 0.2717849 0.9581304 -0.619 1 1 1
v 0.573258 0.9618695 -0.619 1 1 1
v 0.2743996 0.9880162 -0.619 1 1 1
v 0.2717849 0.9581304 -0.6389999 1 1 1
v 0.5706433 0.9319836 -0.6389999 1 1 1
v 0.2743996 0.9880162 -0.6389999 1 1 1
v 0.573258 0.9618695 -0.6389999 1 1 1
v 0.1688716 0.5980797 -0.619 1 1 1
v -0.1271851 0.6465608 -0.619 1 1 1
v 0.1737197 0.6276854 -0.619 1 1 1
v -0.122337 0.6761665 -0.619 1 1 1
v -0.1271851 0.6465608 -0.6389999 1 1 1
v 0.1688716 0.5980797 -0.6389999 1 1 1
v -0.122337 0.6761665 -0.6389999 1 1 1
v 0.1737197 0.6276854 -0.6389999 1 1 1
v 0.1740117 0.5560429 -0.619 1 1 1
v -0.1247057 0.5283317 -0.619 1 1 1
v 0.1712405 0.5859146 -0.619 1 1 1
v -0.1274769 0.5582034 -0.619 1 1 1
v -0.1247057 0.5283317 -0.6389999 1 1 1
v 0.1740117 0.5560429 -0.6389999 1 1 1
v -0.1274769 0.5582034 -0.6389999 1 1 1
v 0.1712405 0.5859146 -0.6389999 1 1 1
v -0.2874784 0.18 -0.1989999 1 1 1
v -0.2874784 0.18 -0.1789999 1 1 1
v -0.4674784 0.18 -0.1989999 1 1 1
v -0.4674784 0.18 -0.1789999 1 1 1
v -0.4674784 0.22 -0.1989999 1 1 1
v -0.4674784 0.22 -0.1789999 1 1 1
v -0.2874784 0.22 -0.1789999 1 1 1
v -0.2874784 0.22 -0.1989999 1 1 1
v -0.2474784 0.27 -0.1989999 1 1 1
v -0.2474784 1.918837E-16 -0.1989999 1 1 1
v -0.5074784 0.27 -0.1989999 1 1 1
v -0.5074784 1.918837E-16 -0.1989999 1 1 1
v -0.6874785 0.18 -0.1989999 1 1 1
v -0.6874785 0.18 -0.1789999 1 1 1
v -0.8674784 0.18 -0.1989999 1 1 1
v -0.8674784 0.18 -0.1789999 1 1 1
v -0.8674784 0.22 -0.1989999 1 1 1
v -0.8674784 0.22 -0.1789999 1 1 1
v -0.6874785 0.22 -0.1789999 1 1 1
v -0.6874785 0.22 -0.1989999 1 1 1
v -0.6474785 0.27 -0.1989999 1 1 1
v -0.6474785 2.316766E-16 -0.1989999 1 1 1
v -0.9074785 0.27 -0.1989999 1 1 1
v -0.9074785 2.316766E-16 -0.1989999 1 1 1
v -0.2874786 0.18 -0.1790001 1 1 1
v -0.2874786 0.22 -0.1790001 1 1 1
v -0.4674786 0.18 -0.1790001 1 1 1
v -0.4674786 0.22 -0.1790001 1 1 1
v -0.6874784 0.18 -0.1790001 1 1 1
v -0.6874784 0.22 -0.1790001 1 1 1
v -0.8674784 0.18 -0.1790001 1 1 1
v -0.8674784 0.22 -0.1790001 1 1 1

vn -1 0 1.192093E-07
vn 1 0 1.192093E-07
vn -1.192093E-07 0 1
vn 1.192093E-07 0 1
vn 0.7060111 0.05564868 -0.7060111
vn 0.9984504 0.05564868 0
vn 0 0.05564868 -0.9984504
vn -0.7060111 0.05564868 -0.7060111
vn 0.7060111 0.05564868 0.7060111
vn 0 0.05564868 0.9984504
vn -0.9984504 0.05564868 0
vn -0.7060111 0.05564868 0.7060111
vn 2.137179E-14 0 1
vn 0 1 0
vn 0 0 -1
vn 1 0 0
vn -1 0 0
vn -1 0 1.192093E-07
vn 0 -1 0
vn 0.9238796 0 0.3826836
vn 0.3826834 0 0.9238797
vn -0.7071068 0.7071068 0
vn 0.7071068 -0.7071068 0
vn 0.7071068 0.7071068 0
vn -0.7071068 -0.7071068 0
vn 0.9238795 0 -0.3826834
vn 0.9238795 0 0.3826834
vn 0.3826834 0 -0.9238795
vn -0.3826834 0 -0.9238795
vn -0.3826834 0 0.9238795
vn 0.3826834 0 0.9238795
vn -0.9238795 0 -0.3826834
vn -0.9238795 0 0.3826834
vn 0 0 1
vn -0.3826836 0 0.9238796
vn 0.9238797 0 -0.3826834
vn -0.9238796 0 -0.3826836
vn -0.9238797 0 0.3826834
vn 0.3826836 0 -0.9238796
vn -0.3826834 0 -0.9238797
vn -0.9238796 0 0.3826836
vn -0.3826834 0 0.9238797
vn 0.7071068 0 0.7071068
vn 0.7071068 0 -0.7071068
vn -0.7071068 0 -0.7071068
vn -0.7071068 0 0.7071068
vn 0.8944272 -0.4472136 0
vn 0.6324555 -0.4472136 0.6324555
vn -0.8944272 -0.4472136 0
vn -0.6324555 -0.4472136 0.6324555
vn 0.6324555 -0.4472136 -0.6324555
vn 0 -0.4472136 0.8944272
vn 0 -0.4472136 -0.8944272
vn -0.6324555 -0.4472136 -0.6324555
vn 0.8944272 0.4472136 0
vn 0.6324555 0.4472136 0.6324555
vn -0.6324555 0.4472136 -0.6324555
vn 0 0.4472136 -0.8944272
vn 0.6324555 0.4472136 -0.6324555
vn 0 0.4472136 0.8944272
vn -0.6324555 0.4472136 0.6324555
vn -0.8944272 0.4472136 0
vn -1.192093E-07 0 -1
vn 1.192093E-07 0 -1
vn 1 0 -1.192093E-07
vn -1 0 -1.192093E-07
vn 1 0 -2.122746E-13
vn 2.122746E-13 0 1
vn -1 0 2.122746E-13
vn -2.122746E-13 0 -1
vn 1 0 -3.681361E-13
vn -1 0 3.681361E-13
vn -1 0 2.137179E-14
vn 0 0.7724926 0.6350237
vn -0.4490295 0.7724926 0.4490295
vn 0.4490295 0.7724926 -0.4490295
vn 0 0.7724926 -0.6350237
vn 0.6350237 0.7724926 0
vn 0.4490295 0.7724926 0.4490295
vn -0.6350237 0.7724926 0
vn -0.4490295 0.7724926 -0.4490295
vn 0.9238795 0.3826834 0
vn -0.3826834 0.9238795 0
vn 0.3826834 0.9238795 0
vn -0.9238795 0.3826834 0
vn 0.3826834 -0.9238795 0
vn -0.3826834 -0.9238795 0
vn -0.9238795 -0.3826834 0
vn 0.9238795 -0.3826834 0
vn -0.7071068 0 -0.7071068
vn 0.7071068 0 0.7071068
vn 0.7071068 0 -0.7071068
vn -0.7071068 0 0.7071068
vn -0.3662924 0.9304998 0
vn -0.9179972 0.3965869 0
vn 8.429372E-08 -0.7071068 0.707107
vn -8.429372E-08 -0.7071068 -0.707107
vn 8.429372E-08 0.7071068 0.707107
vn -8.429372E-08 0.7071068 -0.707107
vn -4.561943E-08 -0.9238795 -0.3826836
vn 4.561943E-08 -0.9238795 0.3826836
vn 1.10135E-07 -0.3826834 0.9238799
vn 1.10135E-07 0.3826834 0.9238799
vn -1.10135E-07 0.3826834 -0.9238799
vn -1.10135E-07 -0.3826834 -0.9238799
vn -4.561943E-08 0.9238795 -0.3826836
vn 4.561943E-08 0.9238795 0.3826836
vn 1 0 7.729928E-14
vn 0.9238795 0.3826834 7.141522E-14
vn -0.3826834 0.9238795 -2.958115E-14
vn 0.3826834 0.9238795 2.958115E-14
vn -0.9238795 0.3826834 -7.141522E-14
vn -1 0 -7.729928E-14
vn -7.729928E-14 0 1
vn -0.7071068 -0.7071068 -5.465884E-14
vn 0.7071068 -0.7071068 5.465884E-14
vn -0.7071068 0.7071068 -5.465884E-14
vn 0.7071068 0.7071068 5.465884E-14
vn 7.729928E-14 0 -1
vn 0.9955619 0.09410831 0
vn -0.09410831 0.995562 0
vn -0.9955619 -0.09410831 0
vn 0.09410831 -0.995562 0
vn 0.9961947 -0.08715575 0
vn 0.08715575 0.9961947 0
vn -0.9961947 0.08715575 0
vn -0.08715575 -0.9961947 0
vn 0.9868557 -0.1616038 0
vn 0.1616038 0.9868557 0
vn -0.9868557 0.1616038 0
vn -0.1616038 -0.9868557 0
vn 0.9957247 0.0923706 0
vn -0.0923706 0.9957247 0
vn -0.9957247 -0.0923706 0
vn 0.0923706 -0.9957247 0

vt 0.96875 0.3
vt 0.96875 0.475
vt 0.96875 0.295
vt 0.96875 0.455
vt 0.96875 0.415
vt 0.96875 0.335
vt 0.96875 0.425
vt 0.96875 0.325
vt 0.59375 0.275
vt 0.59375 0.3
vt 0.59375 0.4457107
vt 0.59375 0.375
vt 0.59375 0.3042893
vt 0.59375 0.475
vt 0.59375 0.295
vt 0.59375 0.455
vt 0.59375 0.4242473
vt 0.59375 0.4496236
vt 0.59375 0.395
vt 0.59375 0.425
vt 0.59375 0.325
vt 0.59375 0.3460526
vt 0.59375 0.41
vt 0.59375 0.415
vt 0.59375 0.29
vt 0.59375 0.35
vt 0.59375 0.335
vt 0.59375 0.34
vt 0.59375 0.2864286
vt 0.59375 0.3435714
vt 0.59375 0.355
vt 0.59375 0.3972222
vt 0.71875 0.3
vt 0.71875 0.475
vt 0.71875 0.455
vt 0.71875 0.395
vt 0.71875 0.415
vt 0.71875 0.425
vt 0.71875 0.275
vt 0.71875 0.29
vt 0.71875 0.41
vt 0.71875 0.335
vt 0.71875 0.35
vt 0.09375 0.525
vt 0.09375 0.725
vt 0.71875 0.5916666
vt 0.71875 0.5620371
vt 0.71875 0.525
vt 0.71875 0.725
vt 0.59375 0.04
vt 0.59375 0.145
vt 0.59375 0.03642857
vt 0.59375 0.09357143
vt 0.59375 0.115
vt 0.59375 0.135

usemtl colormap

f 3/2/1 2/1/1 1/1/1
f 2/1/1 3/2/1 4/2/1
f 10/2/3 9/1/3 7/2/3
f 5/1/3 7/2/3 9/1/3
f 8/2/2 7/2/2 6/1/2
f 5/1/2 6/1/2 7/2/2
f 13/2/1 12/1/1 11/1/1
f 12/1/1 13/2/1 14/2/1
f 15/1/4 13/2/4 11/1/4
f 13/2/4 15/1/4 16/2/4
f 19/2/1 18/1/1 17/1/1
f 18/1/1 19/2/1 20/2/1
f 21/1/4 19/2/4 17/1/4
f 19/2/4 21/1/4 22/2/4
f 38/3/12 37/4/12 35/3/11
f 38/3/12 34/3/10 37/4/12
f 36/4/11 35/3/11 37/4/12
f 33/4/10 37/4/12 34/3/10
f 36/4/11 30/4/8 35/3/11
f 29/3/8 35/3/11 30/4/8
f 34/3/10 31/3/9 33/4/10
f 32/4/9 33/4/10 31/3/9
f 32/4/9 31/3/9 27/4/6
f 25/3/6 27/4/6 31/3/9
f 30/4/8 28/4/7 29/3/8
f 26/3/7 29/3/8 28/4/7
f 28/4/7 24/4/5 26/3/7
f 27/4/6 25/3/6 24/4/5
f 23/3/5 26/3/7 24/4/5
f 23/3/5 24/4/5 25/3/6
f 41/2/2 40/1/2 39/1/2
f 40/1/2 41/2/2 42/2/2
f 45/2/13 44/1/13 43/1/13
f 44/1/13 45/2/13 46/2/13
f 49/2/13 48/1/13 47/1/13
f 48/1/13 49/2/13 50/2/13
f 56/2/3 55/1/3 53/2/3
f 51/1/3 53/2/3 55/1/3
f 54/2/2 53/2/2 52/1/2
f 51/1/2 52/1/2 53/2/2
f 59/2/2 58/1/2 57/1/2
f 58/1/2 59/2/2 60/2/2
f 63/2/14 62/2/14 61/2/14
f 62/2/14 63/2/14 64/2/14
f 67/2/15 66/6/15 65/5/15
f 67/2/15 65/5/15 68/7/15
f 69/1/15 66/6/15 67/2/15
f 66/6/15 69/1/15 70/8/15
f 70/8/15 69/1/15 71/8/15
f 72/1/15 71/8/15 69/1/15
f 71/8/15 72/1/15 73/6/15
f 67/2/15 68/7/15 74/2/15
f 73/6/15 72/1/15 74/2/15
f 75/7/15 74/2/15 68/7/15
f 73/6/15 74/2/15 76/5/15
f 76/5/15 74/2/15 75/7/15
f 89/7/15 78/2/15 90/5/15
f 90/5/15 78/2/15 88/6/15
f 84/7/15 78/2/15 89/7/15
f 78/2/15 77/1/15 88/6/15
f 78/2/15 84/7/15 83/2/15
f 88/6/15 77/1/15 87/8/15
f 85/1/15 87/8/15 77/1/15
f 87/8/15 85/1/15 86/8/15
f 86/8/15 85/1/15 82/6/15
f 83/2/15 82/6/15 85/1/15
f 84/7/15 81/5/15 83/2/15
f 81/5/15 82/6/15 83/2/15
f 80/2/16 79/1/16 78/2/16
f 77/1/16 78/2/16 79/1/16
f 103/7/15 92/2/15 104/5/15
f 104/5/15 92/2/15 102/6/15
f 98/7/15 92/2/15 103/7/15
f 92/2/15 91/1/15 102/6/15
f 92/2/15 98/7/15 97/2/15
f 102/6/15 91/1/15 101/8/15
f 99/1/15 101/8/15 91/1/15
f 101/8/15 99/1/15 100/8/15
f 100/8/15 99/1/15 96/6/15
f 97/2/15 96/6/15 99/1/15
f 98/7/15 95/5/15 97/2/15
f 95/5/15 96/6/15 97/2/15
f 94/2/16 93/1/16 92/2/16
f 91/1/16 92/2/16 93/1/16
f 107/1/17 106/2/17 105/1/17
f 106/2/17 107/1/17 108/2/17
f 111/2/15 110/6/15 109/5/15
f 111/2/15 109/5/15 112/7/15
f 113/1/15 110/6/15 111/2/15
f 110/6/15 113/1/15 114/8/15
f 114/8/15 113/1/15 115/8/15
f 105/1/15 115/8/15 113/1/15
f 115/8/15 105/1/15 116/6/15
f 111/2/15 112/7/15 106/2/15
f 116/6/15 105/1/15 106/2/15
f 117/7/15 106/2/15 112/7/15
f 116/6/15 106/2/15 118/5/15
f 118/5/15 106/2/15 117/7/15
f 121/1/17 120/2/17 119/1/17
f 120/2/17 121/1/17 122/2/17
f 125/2/15 124/6/15 123/5/15
f 125/2/15 123/5/15 126/7/15
f 127/1/15 124/6/15 125/2/15
f 124/6/15 127/1/15 128/8/15
f 128/8/15 127/1/15 129/8/15
f 119/1/15 129/8/15 127/1/15
f 129/8/15 119/1/15 130/6/15
f 125/2/15 126/7/15 120/2/15
f 130/6/15 119/1/15 120/2/15
f 131/7/15 120/2/15 126/7/15
f 130/6/15 120/2/15 132/5/15
f 132/5/15 120/2/15 131/7/15
f 135/2/15 134/6/15 133/5/15
f 135/2/15 133/5/15 136/7/15
f 137/1/15 134/6/15 135/2/15
f 134/6/15 137/1/15 138/8/15
f 138/8/15 137/1/15 139/8/15
f 140/1/15 139/8/15 137/1/15
f 139/8/15 140/1/15 141/6/15
f 135/2/15 136/7/15 142/2/15
f 141/6/15 140/1/15 142/2/15
f 143/7/15 142/2/15 136/7/15
f 141/6/15 142/2/15 144/5/15
f 144/5/15 142/2/15 143/7/15
f 147/2/18 146/6/18 145/5/18
f 147/2/18 145/5/18 148/7/18
f 149/1/18 146/6/18 147/2/18
f 146/6/18 149/1/18 150/8/18
f 150/8/18 149/1/18 151/8/18
f 152/1/18 151/8/18 149/1/18
f 151/8/18 152/1/18 153/6/18
f 147/2/18 148/7/18 154/2/18
f 153/6/18 152/1/18 154/2/18
f 155/7/18 154/2/18 148/7/18
f 153/6/18 154/2/18 156/5/18
f 156/5/18 154/2/18 155/7/18
f 159/9/19 158/9/19 157/9/19
f 158/9/19 159/9/19 160/9/19
f 161/10/1 157/9/1 158/9/1
f 157/9/1 161/10/1 162/10/1
f 161/10/14 2/10/14 162/10/14
f 2/10/14 161/10/14 1/10/14
f 5/10/14 9/10/14 170/10/14
f 170/10/14 168/10/14 5/10/14
f 168/10/14 165/10/14 5/10/14
f 5/10/14 165/10/14 6/10/14
f 166/10/14 6/10/14 165/10/14
f 167/9/19 169/9/19 163/9/19
f 169/9/19 171/9/19 163/9/19
f 164/9/19 163/9/19 171/9/19
f 165/10/20 168/10/21 163/9/20
f 167/9/21 163/9/20 168/10/21
f 170/10/3 169/9/3 168/10/21
f 167/9/21 168/10/21 169/9/3
f 166/10/2 165/10/20 164/9/2
f 163/9/20 164/9/2 165/10/20
f 181/14/14 180/14/14 174/11/22
f 172/11/22 174/11/22 180/14/14
f 187/9/19 186/9/19 184/13/25
f 185/13/25 184/13/25 186/9/19
f 177/12/16 176/12/16 183/11/24
f 182/11/24 183/11/24 176/12/16
f 178/13/23 179/13/23 187/9/19
f 186/9/19 187/9/19 179/13/23
f 185/13/25 175/12/17 184/13/25
f 173/12/17 184/13/25 175/12/17
f 183/11/24 182/11/24 181/14/14
f 180/14/14 181/14/14 182/11/24
f 179/13/23 178/13/23 177/12/16
f 176/12/16 177/12/16 178/13/23
f 175/12/17 174/11/22 173/12/17
f 172/11/22 173/12/17 174/11/22
f 191/14/14 189/14/14 199/14/14
f 189/14/14 194/14/14 199/14/14
f 199/14/14 194/14/14 198/14/14
f 194/14/14 195/14/14 198/14/14
f 198/14/14 195/14/14 202/14/14
f 200/14/14 202/14/14 195/14/14
f 201/9/32 200/14/32 193/9/29
f 195/14/29 193/9/29 200/14/32
f 196/9/30 198/14/30 203/9/33
f 202/14/33 203/9/33 198/14/30
f 199/14/31 197/9/31 191/14/27
f 190/9/27 191/14/27 197/9/31
f 189/14/26 188/9/26 194/14/28
f 192/9/28 194/14/28 188/9/26
f 203/9/33 202/14/33 201/9/32
f 200/14/32 201/9/32 202/14/33
f 199/14/31 198/14/30 197/9/31
f 196/9/30 197/9/31 198/14/30
f 195/14/29 194/14/28 193/9/29
f 192/9/28 193/9/29 194/14/28
f 191/14/27 190/9/27 189/14/26
f 188/9/26 189/14/26 190/9/27
f 205/9/19 204/9/19 218/13/25
f 214/13/25 218/13/25 204/9/19
f 215/12/17 216/11/22 219/12/17
f 217/11/22 219/12/17 216/11/22
f 214/13/25 215/12/17 218/13/25
f 219/12/17 218/13/25 215/12/17
f 208/14/15 210/11/15 217/11/15
f 217/11/15 210/11/15 219/12/15
f 210/11/15 212/12/15 219/12/15
f 219/12/15 212/12/15 218/13/15
f 212/12/15 207/13/15 218/13/15
f 205/9/15 218/13/15 207/13/15
f 209/14/14 208/14/14 216/11/22
f 217/11/22 216/11/22 208/14/14
f 209/14/34 216/11/34 211/11/34
f 211/11/34 216/11/34 213/12/34
f 216/11/34 215/12/34 213/12/34
f 213/12/34 215/12/34 206/13/34
f 215/12/34 214/13/34 206/13/34
f 204/9/34 206/13/34 214/13/34
f 206/13/23 207/13/23 213/12/16
f 212/12/16 213/12/16 207/13/23
f 213/12/16 212/12/16 211/11/24
f 210/11/24 211/11/24 212/12/16
f 211/11/24 210/11/24 209/14/14
f 208/14/14 209/14/14 210/11/24
f 207/13/23 206/13/23 205/9/19
f 204/9/19 205/9/19 206/13/23
f 222/12/17 225/11/22 220/12/17
f 224/11/22 220/12/17 225/11/22
f 235/11/24 234/11/24 227/14/14
f 226/14/14 227/14/14 234/11/24
f 233/12/16 232/12/16 235/11/24
f 234/11/24 235/11/24 232/12/16
f 230/13/23 231/13/23 233/12/16
f 232/12/16 233/12/16 231/13/23
f 229/9/19 228/9/19 221/13/25
f 223/13/25 221/13/25 228/9/19
f 231/13/23 230/13/23 229/9/19
f 228/9/19 229/9/19 230/13/23
f 227/14/14 226/14/14 225/11/22
f 224/11/22 225/11/22 226/14/14
f 223/13/25 222/12/17 221/13/25
f 220/12/17 221/13/25 222/12/17
f 244/13/25 245/12/17 248/13/25
f 250/12/17 248/13/25 245/12/17
f 242/13/23 243/13/23 246/12/16
f 249/12/16 246/12/16 243/13/23
f 245/12/17 237/11/22 250/12/17
f 236/11/22 250/12/17 237/11/22
f 246/12/16 249/12/16 247/11/24
f 251/11/24 247/11/24 249/12/16
f 247/11/24 251/11/24 239/14/14
f 238/14/14 239/14/14 251/11/24
f 238/14/15 251/11/15 236/11/15
f 236/11/15 251/11/15 250/12/15
f 251/11/15 249/12/15 250/12/15
f 250/12/15 249/12/15 248/13/15
f 249/12/15 243/13/15 248/13/15
f 241/9/15 248/13/15 243/13/15
f 241/9/19 240/9/19 248/13/25
f 244/13/25 248/13/25 240/9/19
f 239/14/34 237/11/34 247/11/34
f 247/11/34 237/11/34 246/12/34
f 237/11/34 245/12/34 246/12/34
f 246/12/34 245/12/34 242/13/34
f 245/12/34 244/13/34 242/13/34
f 240/9/34 242/13/34 244/13/34
f 243/13/23 242/13/23 241/9/19
f 240/9/19 241/9/19 242/13/23
f 239/14/14 238/14/14 237/11/22
f 236/11/22 237/11/22 238/14/14
f 255/14/14 253/14/14 263/14/14
f 253/14/14 258/14/14 263/14/14
f 263/14/14 258/14/14 262/14/14
f 258/14/14 259/14/14 262/14/14
f 262/14/14 259/14/14 266/14/14
f 264/14/14 266/14/14 259/14/14
f 265/9/39 264/14/39 257/9/36
f 259/14/36 257/9/36 264/14/39
f 260/9/37 262/14/37 267/9/40
f 266/14/40 267/9/40 262/14/37
f 263/14/38 261/9/38 255/14/35
f 254/9/35 255/14/35 261/9/38
f 253/14/21 252/9/21 258/14/20
f 256/9/20 258/14/20 252/9/21
f 267/9/40 266/14/40 265/9/39
f 264/14/39 265/9/39 266/14/40
f 263/14/38 262/14/37 261/9/38
f 260/9/37 261/9/38 262/14/37
f 259/14/36 258/14/20 257/9/36
f 256/9/20 257/9/36 258/14/20
f 255/14/35 254/9/35 253/14/21
f 252/9/21 253/14/21 254/9/35
f 270/9/19 269/9/19 268/9/19
f 269/9/19 270/9/19 271/9/19
f 272/10/13 268/9/13 269/9/13
f 268/9/13 272/10/13 273/10/13
f 272/10/14 274/10/14 273/10/14
f 274/10/14 272/10/14 275/10/14
f 278/10/41 277/9/1 276/9/41
f 277/9/1 278/10/41 279/10/1
f 282/9/4 281/10/42 280/9/42
f 281/10/42 282/9/4 283/10/4
f 281/10/42 276/9/41 280/9/42
f 276/9/41 281/10/42 278/10/41
f 284/9/19 276/9/19 277/9/19
f 276/9/19 284/9/19 282/9/19
f 276/9/19 282/9/19 280/9/19
f 279/10/14 11/10/14 12/10/14
f 11/10/14 279/10/14 278/10/14
f 11/10/14 278/10/14 281/10/14
f 11/10/14 281/10/14 283/10/14
f 283/10/14 15/10/14 11/10/14
f 287/10/41 286/9/1 285/9/41
f 286/9/1 287/10/41 288/10/1
f 291/9/4 290/10/42 289/9/42
f 290/10/42 291/9/4 292/10/4
f 290/10/42 285/9/41 289/9/42
f 285/9/41 290/10/42 287/10/41
f 293/9/19 285/9/19 286/9/19
f 285/9/19 293/9/19 291/9/19
f 285/9/19 291/9/19 289/9/19
f 288/10/14 17/10/14 18/10/14
f 17/10/14 288/10/14 287/10/14
f 17/10/14 287/10/14 290/10/14
f 17/10/14 290/10/14 292/10/14
f 292/10/14 21/10/14 17/10/14
f 25/15/14 299/15/14 23/15/14
f 23/15/14 299/15/14 26/15/14
f 295/15/14 299/15/14 25/15/14
f 299/15/14 301/15/14 26/15/14
f 295/15/14 25/15/14 297/15/14
f 25/15/14 31/15/14 297/15/14
f 26/15/14 301/15/14 29/15/14
f 301/15/14 303/15/14 29/15/14
f 29/15/14 303/15/14 35/15/14
f 304/15/14 35/15/14 303/15/14
f 304/15/14 306/15/14 35/15/14
f 38/15/14 35/15/14 306/15/14
f 297/15/14 31/15/14 309/15/14
f 309/15/14 38/15/14 306/15/14
f 31/15/14 34/15/14 309/15/14
f 34/15/14 38/15/14 309/15/14
f 332/14/14 317/14/14 333/14/14
f 333/14/14 317/14/14 331/14/14
f 319/14/14 317/14/14 332/14/14
f 317/14/14 315/14/14 331/14/14
f 319/14/14 332/14/14 321/14/14
f 332/14/14 328/14/14 321/14/14
f 331/14/14 315/14/14 330/14/14
f 315/14/14 310/14/14 330/14/14
f 330/14/14 310/14/14 329/14/14
f 312/14/14 329/14/14 310/14/14
f 312/14/14 325/14/14 329/14/14
f 327/14/14 329/14/14 325/14/14
f 321/14/14 328/14/14 323/14/14
f 323/14/14 327/14/14 325/14/14
f 328/14/14 326/14/14 323/14/14
f 326/14/14 327/14/14 323/14/14
f 27/16/19 320/16/19 32/16/19
f 32/16/19 320/16/19 33/16/19
f 318/16/19 320/16/19 27/16/19
f 320/16/19 322/16/19 33/16/19
f 318/16/19 27/16/19 316/16/19
f 27/16/19 24/16/19 316/16/19
f 33/16/19 322/16/19 37/16/19
f 322/16/19 324/16/19 37/16/19
f 37/16/19 324/16/19 36/16/19
f 313/16/19 36/16/19 324/16/19
f 313/16/19 311/16/19 36/16/19
f 30/16/19 36/16/19 311/16/19
f 316/16/19 24/16/19 314/16/19
f 314/16/19 30/16/19 311/16/19
f 24/16/19 28/16/19 314/16/19
f 28/16/19 30/16/19 314/16/19
f 324/16/46 325/14/46 313/16/17
f 312/14/17 313/16/17 325/14/46
f 323/14/34 325/14/46 322/16/34
f 324/16/46 322/16/34 325/14/46
f 321/14/43 323/14/34 320/16/43
f 322/16/34 320/16/43 323/14/34
f 321/14/43 320/16/43 319/14/16
f 318/16/16 319/14/16 320/16/43
f 319/14/16 318/16/16 317/14/44
f 316/16/44 317/14/44 318/16/16
f 315/14/15 317/14/44 314/16/15
f 316/16/44 314/16/15 317/14/44
f 310/14/45 315/14/15 311/16/45
f 314/16/15 311/16/45 315/14/15
f 313/16/17 312/14/17 311/16/45
f 310/14/45 311/16/45 312/14/17
f 297/15/43 309/15/34 296/9/43
f 308/9/34 296/9/43 309/15/34
f 309/15/34 306/15/46 308/9/34
f 307/9/46 308/9/34 306/15/46
f 307/9/46 306/15/46 305/9/17
f 304/15/17 305/9/17 306/15/46
f 305/9/17 304/15/17 302/9/45
f 303/15/45 302/9/45 304/15/17
f 303/15/45 301/15/15 302/9/45
f 300/9/15 302/9/45 301/15/15
f 301/15/15 299/15/44 300/9/15
f 298/9/44 300/9/15 299/15/44
f 295/15/16 294/9/16 299/15/44
f 298/9/44 299/15/44 294/9/16
f 297/15/43 296/9/43 295/15/16
f 294/9/16 295/15/16 296/9/43
f 337/14/14 335/14/14 345/14/14
f 335/14/14 340/14/14 345/14/14
f 345/14/14 340/14/14 344/14/14
f 340/14/14 341/14/14 344/14/14
f 344/14/14 341/14/14 348/14/14
f 346/14/14 348/14/14 341/14/14
f 347/9/32 346/14/32 339/9/29
f 341/14/29 339/9/29 346/14/32
f 342/9/30 344/14/30 349/9/33
f 348/14/33 349/9/33 344/14/30
f 345/14/31 343/9/31 337/14/27
f 336/9/27 337/14/27 343/9/31
f 335/14/26 334/9/26 340/14/28
f 338/9/28 340/14/28 334/9/26
f 349/9/33 348/14/33 347/9/32
f 346/14/32 347/9/32 348/14/33
f 345/14/31 344/14/30 343/9/31
f 342/9/30 343/9/31 344/14/30
f 341/14/29 340/14/28 339/9/29
f 338/9/28 339/9/29 340/14/28
f 337/14/27 336/9/27 335/14/26
f 334/9/26 335/14/26 336/9/27
f 352/9/19 351/9/19 350/9/19
f 351/9/19 352/9/19 353/9/19
f 354/10/13 350/9/13 351/9/13
f 350/9/13 354/10/13 355/10/13
f 354/10/14 356/10/14 355/10/14
f 356/10/14 354/10/14 357/10/14
f 360/9/19 359/9/19 358/9/19
f 359/9/19 360/9/19 361/9/19
f 362/10/13 358/9/13 359/9/13
f 358/9/13 362/10/13 363/10/13
f 362/10/14 364/10/14 363/10/14
f 364/10/14 362/10/14 365/10/14
f 376/10/14 377/10/14 373/10/14
f 373/10/14 371/10/14 376/10/14
f 371/10/14 368/10/14 376/10/14
f 376/10/14 368/10/14 375/10/14
f 369/10/14 375/10/14 368/10/14
f 370/9/19 372/9/19 366/9/19
f 366/9/19 372/9/19 367/9/19
f 374/9/19 367/9/19 372/9/19
f 368/10/20 371/10/21 366/9/20
f 370/9/21 366/9/20 371/10/21
f 373/10/3 372/9/3 371/10/21
f 370/9/21 371/10/21 372/9/3
f 369/10/2 368/10/20 367/9/2
f 366/9/20 367/9/2 368/10/20
f 380/9/19 379/9/19 378/9/19
f 379/9/19 380/9/19 381/9/19
f 382/10/2 378/9/2 379/9/2
f 378/9/2 382/10/2 383/10/2
f 382/10/14 384/10/14 383/10/14
f 384/10/14 382/10/14 385/10/14
f 388/9/19 387/9/19 386/9/19
f 387/9/19 388/9/19 389/9/19
f 390/10/2 386/9/2 387/9/2
f 386/9/2 390/10/2 391/10/2
f 390/10/14 40/10/14 391/10/14
f 40/10/14 390/10/14 39/10/14
f 394/9/19 393/9/19 392/9/19
f 393/9/19 394/9/19 395/9/19
f 396/10/13 392/9/13 393/9/13
f 392/9/13 396/10/13 397/10/13
f 396/10/14 44/10/14 397/10/14
f 44/10/14 396/10/14 43/10/14
f 400/9/19 399/9/19 398/9/19
f 399/9/19 400/9/19 401/9/19
f 402/10/13 398/9/13 399/9/13
f 398/9/13 402/10/13 403/10/13
f 402/10/14 48/10/14 403/10/14
f 48/10/14 402/10/14 47/10/14
f 51/10/14 55/10/14 411/10/14
f 411/10/14 409/10/14 51/10/14
f 409/10/14 406/10/14 51/10/14
f 51/10/14 406/10/14 52/10/14
f 407/10/14 52/10/14 406/10/14
f 408/9/19 410/9/19 404/9/19
f 410/9/19 412/9/19 404/9/19
f 405/9/19 404/9/19 412/9/19
f 406/10/20 409/10/21 404/9/20
f 408/9/21 404/9/20 409/10/21
f 411/10/3 410/9/3 409/10/21
f 408/9/21 409/10/21 410/9/3
f 407/10/2 406/10/20 405/9/2
f 404/9/20 405/9/2 406/10/20
f 415/9/19 414/9/19 413/9/19
f 414/9/19 415/9/19 416/9/19
f 417/10/2 413/9/2 414/9/2
f 413/9/2 417/10/2 418/10/2
f 417/10/14 58/10/14 418/10/14
f 58/10/14 417/10/14 57/10/14
f 421/9/19 420/9/19 419/9/19
f 420/9/19 421/9/19 422/9/19
f 425/18/16 424/17/48 423/17/47
f 424/17/48 425/18/16 426/18/43
f 429/17/50 428/18/17 427/17/49
f 428/18/17 429/17/50 430/18/46
f 424/17/43 432/19/34 431/19/43
f 432/19/34 424/17/43 433/17/34
f 425/18/16 435/17/51 434/18/44
f 435/17/51 425/18/16 423/17/47
f 436/18/34 429/17/50 433/17/52
f 429/17/50 436/18/34 430/18/46
f 438/18/15 435/17/51 437/17/53
f 435/17/51 438/18/15 434/18/44
f 440/18/45 437/17/53 439/17/54
f 437/17/53 440/18/45 438/18/15
f 442/14/56 425/18/16 441/14/55
f 425/18/16 442/14/56 426/18/43
f 433/17/34 443/19/46 432/19/34
f 443/19/46 433/17/34 429/17/46
f 439/17/45 445/19/15 444/19/45
f 445/19/15 439/17/45 437/17/15
f 446/19/17 439/17/45 444/19/45
f 439/17/45 446/19/17 427/17/17
f 426/18/43 433/17/52 424/17/48
f 433/17/52 426/18/43 436/18/34
f 447/14/57 438/18/15 440/18/45
f 438/18/15 447/14/57 448/14/58
f 449/14/59 425/18/16 434/18/44
f 425/18/16 449/14/59 441/14/55
f 448/14/58 434/18/44 438/18/15
f 434/18/44 448/14/58 449/14/59
f 439/17/54 428/18/17 440/18/45
f 428/18/17 439/17/54 427/17/49
f 450/14/60 430/18/46 436/18/34
f 430/18/46 450/14/60 451/14/61
f 428/18/17 447/14/57 440/18/45
f 447/14/57 428/18/17 452/14/62
f 449/14/14 442/14/14 441/14/14
f 442/14/14 449/14/14 448/14/14
f 442/14/14 448/14/14 450/14/14
f 450/14/14 448/14/14 447/14/14
f 450/14/14 447/14/14 451/14/14
f 451/14/14 447/14/14 452/14/14
f 423/17/16 453/19/44 435/17/44
f 453/19/44 423/17/16 454/19/16
f 437/17/15 453/19/44 445/19/15
f 453/19/44 437/17/15 435/17/44
f 428/18/17 451/14/61 452/14/62
f 451/14/61 428/18/17 430/18/46
f 424/17/43 454/19/16 423/17/16
f 454/19/16 424/17/43 431/19/43
f 442/14/56 436/18/34 426/18/43
f 436/18/34 442/14/56 450/14/60
f 443/19/46 427/17/17 446/19/17
f 427/17/17 443/19/46 429/17/46
f 457/18/16 456/17/48 455/17/47
f 456/17/48 457/18/16 458/18/43
f 461/17/50 460/18/17 459/17/49
f 460/18/17 461/17/50 462/18/46
f 456/17/43 464/19/34 463/19/43
f 464/19/34 456/17/43 465/17/34
f 457/18/16 467/17/51 466/18/44
f 467/17/51 457/18/16 455/17/47
f 468/18/34 461/17/50 465/17/52
f 461/17/50 468/18/34 462/18/46
f 470/18/15 467/17/51 469/17/53
f 467/17/51 470/18/15 466/18/44
f 472/18/45 469/17/53 471/17/54
f 469/17/53 472/18/45 470/18/15
f 474/14/56 457/18/16 473/14/55
f 457/18/16 474/14/56 458/18/43
f 465/17/34 475/19/46 464/19/34
f 475/19/46 465/17/34 461/17/46
f 471/17/45 477/19/15 476/19/45
f 477/19/15 471/17/45 469/17/15
f 478/19/17 471/17/45 476/19/45
f 471/17/45 478/19/17 459/17/17
f 458/18/43 465/17/52 456/17/48
f 465/17/52 458/18/43 468/18/34
f 479/14/57 470/18/15 472/18/45
f 470/18/15 479/14/57 480/14/58
f 481/14/59 457/18/16 466/18/44
f 457/18/16 481/14/59 473/14/55
f 480/14/58 466/18/44 470/18/15
f 466/18/44 480/14/58 481/14/59
f 471/17/54 460/18/17 472/18/45
f 460/18/17 471/17/54 459/17/49
f 482/14/60 462/18/46 468/18/34
f 462/18/46 482/14/60 483/14/61
f 460/18/17 479/14/57 472/18/45
f 479/14/57 460/18/17 484/14/62
f 481/14/14 474/14/14 473/14/14
f 474/14/14 481/14/14 480/14/14
f 474/14/14 480/14/14 482/14/14
f 482/14/14 480/14/14 479/14/14
f 482/14/14 479/14/14 483/14/14
f 483/14/14 479/14/14 484/14/14
f 455/17/16 485/19/44 467/17/44
f 485/19/44 455/17/16 486/19/16
f 469/17/15 485/19/44 477/19/15
f 485/19/44 469/17/15 467/17/44
f 460/18/17 483/14/61 484/14/62
f 483/14/61 460/18/17 462/18/46
f 456/17/43 486/19/16 455/17/16
f 486/19/16 456/17/43 463/19/43
f 474/14/56 468/18/34 458/18/43
f 468/18/34 474/14/56 482/14/60
f 475/19/46 459/17/17 478/19/17
f 459/17/17 475/19/46 461/17/46
f 489/20/19 488/20/19 487/20/19
f 488/20/19 489/20/19 490/20/19
f 56/19/4 488/20/4 491/19/4
f 488/20/4 56/19/4 487/20/4
f 494/14/63 493/19/63 492/14/63
f 493/19/63 494/14/63 495/19/63
f 492/14/14 496/14/14 494/14/14
f 496/14/14 492/14/14 497/14/14
f 489/20/4 497/14/4 490/20/4
f 497/14/4 489/20/4 496/14/4
f 500/20/19 499/20/19 498/20/19
f 499/20/19 500/20/19 501/20/19
f 503/19/64 499/20/64 502/19/64
f 499/20/64 503/19/64 498/20/64
f 506/14/3 505/19/3 504/14/3
f 505/19/3 506/14/3 507/19/3
f 504/14/14 508/14/14 506/14/14
f 508/14/14 504/14/14 509/14/14
f 500/20/64 509/14/64 501/20/64
f 509/14/64 500/20/64 508/14/64
f 512/19/17 511/20/17 510/19/17
f 511/20/17 512/19/17 513/20/17
f 511/20/15 514/19/15 510/19/15
f 514/19/15 511/20/15 515/20/15
f 518/14/16 517/19/16 516/14/16
f 517/19/16 518/14/16 519/19/16
f 522/14/29 521/20/15 520/20/29
f 521/20/15 522/14/29 523/14/15
f 524/20/19 511/20/19 513/20/19
f 511/20/19 524/20/19 520/20/19
f 520/20/19 524/20/19 525/20/19
f 521/20/19 511/20/19 520/20/19
f 511/20/19 521/20/19 515/20/19
f 522/14/14 526/14/14 523/14/14
f 526/14/14 522/14/14 516/14/14
f 516/14/14 522/14/14 518/14/14
f 518/14/14 522/14/14 527/14/14
f 527/14/14 522/14/14 528/14/14
f 524/20/17 528/14/32 525/20/32
f 528/14/32 524/20/17 527/14/17
f 525/20/32 522/14/29 520/20/29
f 522/14/29 525/20/32 528/14/32
f 526/14/34 517/19/34 529/19/34
f 517/19/34 526/14/34 516/14/34
f 532/20/19 531/20/19 530/20/19
f 531/20/19 532/20/19 533/20/19
f 535/19/4 531/20/4 534/19/4
f 531/20/4 535/19/4 530/20/4
f 538/14/63 537/19/63 536/14/63
f 537/19/63 538/14/63 539/19/63
f 536/14/14 540/14/14 538/14/14
f 540/14/14 536/14/14 541/14/14
f 532/20/4 541/14/4 533/20/4
f 541/14/4 532/20/4 540/14/4
f 544/19/4 543/20/4 542/19/4
f 543/20/4 544/19/4 545/20/4
f 543/20/1 546/19/1 542/19/1
f 546/19/1 543/20/1 547/20/1
f 550/14/63 549/19/63 548/14/63
f 549/19/63 550/14/63 551/19/63
f 554/14/41 553/20/1 552/20/41
f 553/20/1 554/14/41 555/14/1
f 556/20/19 543/20/19 545/20/19
f 543/20/19 556/20/19 552/20/19
f 552/20/19 556/20/19 557/20/19
f 553/20/19 543/20/19 552/20/19
f 543/20/19 553/20/19 547/20/19
f 554/14/14 558/14/14 555/14/14
f 558/14/14 554/14/14 548/14/14
f 548/14/14 554/14/14 550/14/14
f 550/14/14 554/14/14 559/14/14
f 559/14/14 554/14/14 560/14/14
f 556/20/4 560/14/42 557/20/42
f 560/14/42 556/20/4 559/14/4
f 557/20/42 554/14/41 552/20/41
f 554/14/41 557/20/42 560/14/42
f 558/14/65 549/19/65 561/19/65
f 549/19/65 558/14/65 548/14/65
f 564/20/19 563/20/19 562/20/19
f 563/20/19 564/20/19 565/20/19
f 142/19/64 563/20/64 566/19/64
f 563/20/64 142/19/64 562/20/64
f 569/14/3 568/19/3 567/14/3
f 568/19/3 569/14/3 570/19/3
f 567/14/14 571/14/14 569/14/14
f 571/14/14 567/14/14 572/14/14
f 564/20/64 572/14/64 565/20/64
f 572/14/64 564/20/64 571/14/64
f 575/19/17 574/20/17 573/19/17
f 574/20/17 575/19/17 576/20/17
f 574/20/15 577/19/15 573/19/15
f 577/19/15 574/20/15 578/20/15
f 581/14/16 580/19/16 579/14/16
f 580/19/16 581/14/16 582/19/16
f 585/14/29 584/20/15 583/20/29
f 584/20/15 585/14/29 586/14/15
f 587/20/19 574/20/19 576/20/19
f 574/20/19 587/20/19 583/20/19
f 583/20/19 587/20/19 588/20/19
f 584/20/19 574/20/19 583/20/19
f 574/20/19 584/20/19 578/20/19
f 585/14/14 589/14/14 586/14/14
f 589/14/14 585/14/14 579/14/14
f 579/14/14 585/14/14 581/14/14
f 581/14/14 585/14/14 590/14/14
f 590/14/14 585/14/14 591/14/14
f 587/20/17 591/14/32 588/20/32
f 591/14/32 587/20/17 590/14/17
f 588/20/32 585/14/29 583/20/29
f 585/14/29 588/20/32 591/14/32
f 589/14/34 580/19/34 592/19/34
f 580/19/34 589/14/34 579/14/34
f 595/19/64 594/20/64 593/19/64
f 594/20/64 595/19/64 596/20/64
f 594/20/2 597/19/2 593/19/2
f 597/19/2 594/20/2 598/20/2
f 601/14/3 600/19/3 599/14/3
f 600/19/3 601/14/3 602/19/3
f 605/14/36 604/20/2 603/20/36
f 604/20/2 605/14/36 606/14/2
f 607/20/19 594/20/19 596/20/19
f 594/20/19 607/20/19 603/20/19
f 603/20/19 607/20/19 608/20/19
f 604/20/19 594/20/19 603/20/19
f 594/20/19 604/20/19 598/20/19
f 605/14/14 609/14/14 606/14/14
f 609/14/14 605/14/14 599/14/14
f 599/14/14 605/14/14 601/14/14
f 601/14/14 605/14/14 610/14/14
f 610/14/14 605/14/14 611/14/14
f 607/20/64 611/14/39 608/20/39
f 611/14/39 607/20/64 610/14/64
f 608/20/39 605/14/36 603/20/36
f 605/14/36 608/20/39 611/14/39
f 609/14/66 600/19/66 612/19/66
f 600/19/66 609/14/66 599/14/66
f 615/20/19 614/20/19 613/20/19
f 614/20/19 615/20/19 616/20/19
f 618/19/17 614/20/17 617/19/17
f 614/20/17 618/19/17 613/20/17
f 621/14/16 620/19/16 619/14/16
f 620/19/16 621/14/16 622/19/16
f 619/14/14 623/14/14 621/14/14
f 623/14/14 619/14/14 624/14/14
f 615/20/17 624/14/17 616/20/17
f 624/14/17 615/20/17 623/14/17
f 22/19/4 625/20/4 19/19/4
f 625/20/4 22/19/4 626/20/4
f 625/20/1 20/19/1 19/19/1
f 20/19/1 625/20/1 627/20/1
f 630/14/63 629/19/63 628/14/63
f 629/19/63 630/14/63 631/19/63
f 634/14/41 633/20/1 632/20/41
f 633/20/1 634/14/41 635/14/1
f 636/20/19 625/20/19 626/20/19
f 625/20/19 636/20/19 632/20/19
f 632/20/19 636/20/19 637/20/19
f 633/20/19 625/20/19 632/20/19
f 625/20/19 633/20/19 627/20/19
f 634/14/14 638/14/14 635/14/14
f 638/14/14 634/14/14 628/14/14
f 628/14/14 634/14/14 630/14/14
f 630/14/14 634/14/14 639/14/14
f 639/14/14 634/14/14 640/14/14
f 636/20/4 640/14/42 637/20/42
f 640/14/42 636/20/4 639/14/4
f 637/20/42 634/14/41 632/20/41
f 634/14/41 637/20/42 640/14/42
f 638/14/65 629/19/65 641/19/65
f 629/19/65 638/14/65 628/14/65
f 54/19/67 643/20/67 642/19/67
f 643/20/67 54/19/67 644/20/67
f 643/20/68 645/19/68 642/19/68
f 645/19/68 643/20/68 646/20/68
f 649/14/69 648/19/69 647/14/69
f 648/19/69 649/14/69 650/19/69
f 653/14/31 652/20/68 651/20/31
f 652/20/68 653/14/31 654/14/68
f 655/20/19 643/20/19 644/20/19
f 643/20/19 655/20/19 651/20/19
f 651/20/19 655/20/19 656/20/19
f 652/20/19 643/20/19 651/20/19
f 643/20/19 652/20/19 646/20/19
f 653/14/14 657/14/14 654/14/14
f 657/14/14 653/14/14 647/14/14
f 647/14/14 653/14/14 649/14/14
f 649/14/14 653/14/14 658/14/14
f 658/14/14 653/14/14 659/14/14
f 655/20/67 659/14/27 656/20/27
f 659/14/27 655/20/67 658/14/67
f 656/20/27 653/14/31 651/20/31
f 653/14/31 656/20/27 659/14/27
f 657/14/70 648/19/70 660/19/70
f 648/19/70 657/14/70 647/14/70
f 663/20/19 662/20/19 661/20/19
f 662/20/19 663/20/19 664/20/19
f 666/19/71 662/20/71 665/19/71
f 662/20/71 666/19/71 661/20/71
f 669/14/72 668/19/72 667/14/72
f 668/19/72 669/14/72 670/19/72
f 667/14/14 671/14/14 669/14/14
f 671/14/14 667/14/14 672/14/14
f 663/20/71 672/14/71 664/20/71
f 672/14/71 663/20/71 671/14/71
f 675/9/73 674/14/73 673/9/73
f 674/14/73 675/9/73 676/14/73
f 678/9/13 674/14/13 677/14/13
f 674/14/13 678/9/13 673/9/13
f 679/9/15 683/9/15 680/14/15
f 682/14/15 680/14/15 683/9/15
f 681/14/17 512/9/17 680/14/17
f 679/9/17 680/14/17 512/9/17
f 503/9/15 686/9/15 685/14/15
f 684/14/15 685/14/15 686/9/15
f 689/9/13 688/14/13 687/14/13
f 688/14/13 689/9/13 534/9/13
f 692/14/46 691/9/17 690/14/17
f 691/9/17 692/14/46 693/9/46
f 690/14/17 695/9/45 694/14/45
f 695/9/45 690/14/17 691/9/17
f 695/9/45 696/14/15 694/14/45
f 696/14/15 695/9/45 697/9/15
f 697/9/15 698/14/44 696/14/15
f 698/14/44 697/9/15 699/9/44
f 700/9/16 698/14/44 699/9/44
f 698/14/44 700/9/16 701/14/16
f 702/9/43 701/14/16 700/9/16
f 701/14/16 702/9/43 703/14/43
f 702/9/43 704/14/34 703/14/43
f 704/14/34 702/9/43 705/9/34
f 705/9/34 692/14/46 704/14/34
f 692/14/46 705/9/34 693/9/46
f 708/21/19 707/21/19 706/21/19
f 707/21/19 708/21/19 709/21/19
f 707/21/19 709/21/19 710/21/19
f 710/21/19 709/21/19 711/21/19
f 710/21/19 711/21/19 712/21/19
f 712/21/19 711/21/19 713/21/19
f 716/20/14 715/20/14 714/20/14
f 715/20/14 716/20/14 717/20/14
f 715/20/14 717/20/14 718/20/14
f 718/20/14 717/20/14 719/20/14
f 718/20/14 719/20/14 720/20/14
f 720/20/14 719/20/14 721/20/14
f 720/20/75 722/22/74 718/20/74
f 722/22/74 720/20/75 723/22/75
f 725/22/77 716/20/76 724/22/76
f 716/20/76 725/22/77 717/20/77
f 714/20/78 727/22/79 726/22/78
f 727/22/79 714/20/78 715/20/79
f 721/20/80 723/22/75 720/20/75
f 723/22/75 721/20/80 728/22/80
f 729/22/81 717/20/77 725/22/77
f 717/20/77 729/22/81 719/20/81
f 724/22/76 714/20/78 726/22/78
f 714/20/78 724/22/76 716/20/76
f 715/20/79 722/22/74 727/22/79
f 722/22/74 715/20/79 718/20/74
f 729/22/81 721/20/80 719/20/81
f 721/20/80 729/22/81 728/22/80
f 722/22/34 711/21/46 709/21/34
f 711/21/46 722/22/34 723/22/46
f 725/22/15 707/21/44 710/21/15
f 707/21/44 725/22/15 724/22/44
f 727/22/43 706/21/16 726/22/16
f 706/21/16 727/22/43 708/21/43
f 713/21/17 729/22/45 712/21/45
f 729/22/45 713/21/17 728/22/17
f 727/22/43 709/21/34 708/21/43
f 709/21/34 727/22/43 722/22/34
f 711/21/46 728/22/17 713/21/17
f 728/22/17 711/21/46 723/22/46
f 726/22/16 707/21/44 724/22/44
f 707/21/44 726/22/16 706/21/16
f 729/22/45 710/21/15 712/21/45
f 710/21/15 729/22/45 725/22/15
f 784/21/17 785/20/17 787/21/45
f 789/20/45 787/21/45 785/20/17
f 786/21/19 782/21/19 787/21/19
f 784/21/19 787/21/19 782/21/19
f 783/20/14 788/20/14 785/20/14
f 789/20/14 785/20/14 788/20/14
f 783/20/16 782/21/16 788/20/44
f 786/21/44 788/20/44 782/21/16
f 789/20/45 788/20/44 787/21/45
f 786/21/44 787/21/45 788/20/44
f 785/20/34 784/21/34 783/20/34
f 782/21/34 783/20/34 784/21/34
f 778/14/15 780/14/15 775/9/15
f 777/9/15 775/9/15 780/14/15
f 781/14/24 780/14/24 779/14/22
f 778/14/22 779/14/22 780/14/24
f 781/14/24 776/9/23 780/14/24
f 777/9/23 780/14/24 776/9/23
f 774/9/25 779/14/22 775/9/25
f 778/14/22 775/9/25 779/14/22
f 777/9/23 776/9/23 775/9/25
f 774/9/25 775/9/25 776/9/23
f 770/19/23 763/25/24 771/19/23
f 771/19/23 763/25/24 773/26/16
f 773/26/16 763/25/24 772/27/16
f 762/25/24 772/27/16 763/25/24
f 766/19/25 768/19/25 771/19/23
f 770/19/23 771/19/23 768/19/25
f 765/25/22 768/19/25 764/25/22
f 764/25/22 768/19/25 769/27/17
f 769/27/17 768/19/25 767/26/17
f 766/19/25 767/26/17 768/19/25
f 765/25/22 764/25/22 763/25/24
f 762/25/24 763/25/24 764/25/22
f 748/9/19 761/9/19 735/9/19
f 735/9/19 761/9/19 737/9/19
f 737/9/19 761/9/19 732/9/19
f 732/9/19 754/9/19 730/9/19
f 732/9/19 761/9/19 754/9/19
f 754/9/19 761/9/19 739/9/19
f 741/9/19 739/9/19 761/9/19
f 759/20/84 747/24/82 750/20/84
f 746/24/82 750/20/84 747/24/82
f 760/24/85 758/20/83 749/24/85
f 751/20/83 749/24/85 758/20/83
f 757/10/17 760/24/85 752/10/17
f 749/24/85 752/10/17 760/24/85
f 759/20/84 750/20/84 758/20/83
f 751/20/83 758/20/83 750/20/84
f 757/10/14 752/10/14 756/10/14
f 752/10/14 753/10/14 756/10/14
f 756/10/14 753/10/14 755/10/14
f 753/10/14 738/10/14 755/10/14
f 740/10/14 755/10/14 738/10/14
f 739/9/32 738/10/32 754/9/29
f 753/10/29 754/9/29 738/10/32
f 754/9/29 753/10/29 730/9/15
f 752/10/15 730/9/15 753/10/29
f 730/9/15 752/10/15 731/23/15
f 749/24/15 731/23/15 752/10/15
f 751/20/15 750/20/15 749/24/15
f 750/20/15 746/24/15 749/24/15
f 746/24/15 731/23/15 749/24/15
f 731/23/15 746/24/15 734/23/15
f 746/24/15 742/10/15 734/23/15
f 734/23/15 742/10/15 735/9/15
f 742/10/15 744/10/15 735/9/15
f 748/9/15 735/9/15 744/10/15
f 747/24/82 743/10/16 746/24/82
f 742/10/16 746/24/82 743/10/16
f 745/10/14 744/10/14 743/10/14
f 742/10/14 743/10/14 744/10/14
f 741/9/17 740/10/17 739/9/32
f 738/10/32 739/9/32 740/10/17
f 734/23/19 736/23/19 731/23/19
f 733/23/19 731/23/19 736/23/19
f 737/9/17 736/23/17 735/9/17
f 734/23/17 735/9/17 736/23/17
f 733/23/16 732/9/16 731/23/16
f 730/9/16 731/23/16 732/9/16
f 792/23/23 791/23/25 790/23/25
f 791/23/25 792/23/23 793/23/23
f 795/28/22 791/23/25 794/28/22
f 791/23/25 795/28/22 790/23/25
f 796/28/24 795/28/22 794/28/22
f 795/28/22 796/28/24 797/28/24
f 792/23/23 796/28/24 793/23/23
f 796/28/24 792/23/23 797/28/24
f 71/21/87 798/21/86 70/21/86
f 798/21/86 71/21/87 799/21/87
f 73/27/88 801/24/85 800/27/88
f 801/24/85 73/27/88 76/24/85
f 65/24/82 803/27/89 802/24/82
f 803/27/89 65/24/82 66/27/89
f 805/20/83 68/20/84 804/20/84
f 68/20/84 805/20/83 75/20/83
f 66/27/89 798/21/86 803/27/89
f 798/21/86 66/27/89 70/21/86
f 71/21/87 800/27/88 799/21/87
f 800/27/88 71/21/87 73/27/88
f 68/20/84 802/24/82 804/20/84
f 802/24/82 68/20/84 65/24/82
f 76/24/85 805/20/83 801/24/85
f 805/20/83 76/24/85 75/20/83
f 800/27/15 798/21/15 799/21/15
f 798/21/15 800/27/15 803/27/15
f 803/27/15 800/27/15 796/28/15
f 796/28/15 800/27/15 801/24/15
f 794/28/15 803/27/15 796/28/15
f 796/28/15 801/24/15 793/23/15
f 803/27/15 794/28/15 802/24/15
f 793/23/15 801/24/15 791/23/15
f 802/24/15 794/28/15 791/23/15
f 802/24/15 791/23/15 801/24/15
f 802/24/15 801/24/15 805/20/15
f 802/24/15 805/20/15 804/20/15
f 808/9/19 807/9/19 806/9/19
f 807/9/19 808/9/19 809/9/19
f 810/10/15 807/9/15 809/9/15
f 807/9/15 810/10/15 811/10/15
f 810/10/14 69/10/14 811/10/14
f 69/10/14 810/10/14 72/10/14
f 814/29/22 813/30/25 812/29/22
f 813/30/25 814/29/22 815/30/25
f 816/30/23 813/30/25 815/30/25
f 813/30/25 816/30/23 817/30/19
f 817/30/19 816/30/23 818/30/19
f 818/30/19 816/30/23 819/30/23
f 816/30/23 820/29/24 819/30/23
f 820/29/24 816/30/23 821/29/24
f 822/29/14 814/29/22 812/29/22
f 814/29/22 822/29/14 821/29/24
f 821/29/24 822/29/14 823/29/14
f 821/29/24 823/29/14 820/29/24
f 820/29/15 792/31/15 819/30/15
f 819/30/15 792/31/15 818/30/15
f 820/29/15 797/9/15 792/31/15
f 797/9/15 820/29/15 795/9/15
f 812/29/15 795/9/15 820/29/15
f 812/29/15 820/29/15 823/29/15
f 795/9/15 812/29/15 790/31/15
f 812/29/15 823/29/15 822/29/15
f 818/30/15 822/29/15 823/29/15
f 790/31/15 812/29/15 813/30/15
f 790/31/15 813/30/15 792/31/15
f 822/29/15 818/30/15 817/30/15
f 818/30/15 792/31/15 817/30/15
f 817/30/15 792/31/15 813/30/15
f 826/21/90 825/20/15 824/20/90
f 825/20/15 826/21/90 827/21/15
f 830/21/91 829/20/16 828/21/16
f 829/20/16 830/21/91 831/20/91
f 827/21/15 832/20/92 825/20/15
f 832/20/92 827/21/15 833/21/92
f 828/21/16 832/20/92 833/21/92
f 832/20/92 828/21/16 829/20/16
f 830/21/91 834/20/34 831/20/91
f 834/20/34 830/21/91 835/21/34
f 835/21/34 836/20/93 834/20/34
f 836/20/93 835/21/34 837/21/93
f 836/20/93 839/21/17 838/20/17
f 839/21/17 836/20/93 837/21/93
f 838/20/17 826/21/90 824/20/90
f 826/21/90 838/20/17 839/21/17
f 831/20/19 832/20/19 829/20/19
f 832/20/19 831/20/19 834/20/19
f 832/20/19 834/20/19 825/20/19
f 825/20/19 834/20/19 836/20/19
f 825/20/19 836/20/19 824/20/19
f 824/20/19 836/20/19 838/20/19
f 842/21/19 841/21/19 840/21/19
f 841/21/19 842/21/19 843/21/19
f 846/20/94 845/20/14 844/20/14
f 845/20/14 846/20/94 847/20/94
f 845/20/34 842/21/34 840/21/34
f 842/21/34 845/20/34 848/32/34
f 848/32/34 845/20/34 847/20/34
f 845/20/16 841/21/16 844/20/16
f 841/21/16 845/20/16 840/21/16
f 849/32/15 841/21/15 843/21/15
f 841/21/15 849/32/15 844/20/15
f 844/20/15 849/32/15 846/20/15
f 842/21/17 849/32/95 843/21/17
f 849/32/95 842/21/17 848/32/95
f 848/32/95 846/20/94 849/32/95
f 846/20/94 848/32/95 847/20/94
f 852/21/17 851/20/45 850/21/45
f 851/20/45 852/21/17 853/20/17
f 851/20/45 854/21/15 850/21/45
f 854/21/15 851/20/45 855/20/15
f 858/20/43 857/21/16 856/20/16
f 857/21/16 858/20/43 859/21/43
f 856/20/16 861/21/44 860/20/44
f 861/21/44 856/20/16 857/21/16
f 862/21/46 853/20/17 852/21/17
f 853/20/17 862/21/46 863/20/46
f 865/20/34 862/21/46 864/21/34
f 862/21/46 865/20/34 863/20/46
f 855/20/15 861/21/44 854/21/15
f 861/21/44 855/20/15 860/20/44
f 858/20/43 864/21/34 859/21/43
f 864/21/34 858/20/43 865/20/34
f 860/20/14 858/20/14 856/20/14
f 858/20/14 860/20/14 855/20/14
f 858/20/14 855/20/14 865/20/14
f 865/20/14 855/20/14 851/20/14
f 865/20/14 851/20/14 863/20/14
f 863/20/14 851/20/14 853/20/14
f 859/21/19 861/21/19 857/21/19
f 861/21/19 859/21/19 864/21/19
f 861/21/19 864/21/19 854/21/19
f 854/21/19 864/21/19 862/21/19
f 854/21/19 862/21/19 850/21/19
f 850/21/19 862/21/19 852/21/19
f 868/21/17 867/20/45 866/21/45
f 867/20/45 868/21/17 869/20/17
f 867/20/45 870/21/15 866/21/45
f 870/21/15 867/20/45 871/20/15
f 874/20/43 873/21/16 872/20/16
f 873/21/16 874/20/43 875/21/43
f 872/20/16 877/21/44 876/20/44
f 877/21/44 872/20/16 873/21/16
f 878/21/46 869/20/17 868/21/17
f 869/20/17 878/21/46 879/20/46
f 881/20/34 878/21/46 880/21/34
f 878/21/46 881/20/34 879/20/46
f 871/20/15 877/21/44 870/21/15
f 877/21/44 871/20/15 876/20/44
f 874/20/43 880/21/34 875/21/43
f 880/21/34 874/20/43 881/20/34
f 876/20/14 874/20/14 872/20/14
f 874/20/14 876/20/14 871/20/14
f 874/20/14 871/20/14 881/20/14
f 881/20/14 871/20/14 867/20/14
f 881/20/14 867/20/14 879/20/14
f 879/20/14 867/20/14 869/20/14
f 875/21/19 877/21/19 873/21/19
f 877/21/19 875/21/19 880/21/19
f 877/21/19 880/21/19 870/21/19
f 870/21/19 880/21/19 878/21/19
f 870/21/19 878/21/19 866/21/19
f 866/21/19 878/21/19 868/21/19
f 884/21/90 883/20/15 882/20/90
f 883/20/15 884/21/90 885/21/15
f 888/21/91 887/20/16 886/21/16
f 887/20/16 888/21/91 889/20/91
f 885/21/15 890/20/92 883/20/15
f 890/20/92 885/21/15 891/21/92
f 886/21/16 890/20/92 891/21/92
f 890/20/92 886/21/16 887/20/16
f 888/21/91 892/20/34 889/20/91
f 892/20/34 888/21/91 893/21/34
f 893/21/34 894/20/93 892/20/34
f 894/20/93 893/21/34 895/21/93
f 894/20/93 897/21/17 896/20/17
f 897/21/17 894/20/93 895/21/93
f 896/20/17 884/21/90 882/20/90
f 884/21/90 896/20/17 897/21/17
f 889/20/19 890/20/19 887/20/19
f 890/20/19 889/20/19 892/20/19
f 890/20/19 892/20/19 883/20/19
f 883/20/19 892/20/19 894/20/19
f 883/20/19 894/20/19 882/20/19
f 882/20/19 894/20/19 896/20/19
f 900/21/19 899/21/19 898/21/19
f 899/21/19 900/21/19 901/21/19
f 904/20/94 903/20/14 902/20/14
f 903/20/14 904/20/94 905/20/94
f 903/20/34 900/21/34 898/21/34
f 900/21/34 903/20/34 906/32/34
f 906/32/34 903/20/34 905/20/34
f 903/20/16 899/21/16 902/20/16
f 899/21/16 903/20/16 898/21/16
f 907/32/15 899/21/15 901/21/15
f 899/21/15 907/32/15 902/20/15
f 902/20/15 907/32/15 904/20/15
f 900/21/17 907/32/95 901/21/17
f 907/32/95 900/21/17 906/32/95
f 906/32/95 904/20/94 907/32/95
f 904/20/94 906/32/95 905/20/94
f 910/21/17 909/20/45 908/21/45
f 909/20/45 910/21/17 911/20/17
f 909/20/45 912/21/15 908/21/45
f 912/21/15 909/20/45 913/20/15
f 916/20/43 915/21/16 914/20/16
f 915/21/16 916/20/43 917/21/43
f 914/20/16 919/21/44 918/20/44
f 919/21/44 914/20/16 915/21/16
f 920/21/46 911/20/17 910/21/17
f 911/20/17 920/21/46 921/20/46
f 923/20/34 920/21/46 922/21/34
f 920/21/46 923/20/34 921/20/46
f 913/20/15 919/21/44 912/21/15
f 919/21/44 913/20/15 918/20/44
f 916/20/43 922/21/34 917/21/43
f 922/21/34 916/20/43 923/20/34
f 918/20/14 916/20/14 914/20/14
f 916/20/14 918/20/14 913/20/14
f 916/20/14 913/20/14 923/20/14
f 923/20/14 913/20/14 909/20/14
f 923/20/14 909/20/14 921/20/14
f 921/20/14 909/20/14 911/20/14
f 917/21/19 919/21/19 915/21/19
f 919/21/19 917/21/19 922/21/19
f 919/21/19 922/21/19 912/21/19
f 912/21/19 922/21/19 920/21/19
f 912/21/19 920/21/19 908/21/19
f 908/21/19 920/21/19 910/21/19
f 926/21/17 925/20/45 924/21/45
f 925/20/45 926/21/17 927/20/17
f 925/20/45 928/21/15 924/21/45
f 928/21/15 925/20/45 929/20/15
f 932/20/43 931/21/16 930/20/16
f 931/21/16 932/20/43 933/21/43
f 930/20/16 935/21/44 934/20/44
f 935/21/44 930/20/16 931/21/16
f 936/21/46 927/20/17 926/21/17
f 927/20/17 936/21/46 937/20/46
f 939/20/34 936/21/46 938/21/34
f 936/21/46 939/20/34 937/20/46
f 929/20/15 935/21/44 928/21/15
f 935/21/44 929/20/15 934/20/44
f 932/20/43 938/21/34 933/21/43
f 938/21/34 932/20/43 939/20/34
f 934/20/14 932/20/14 930/20/14
f 932/20/14 934/20/14 929/20/14
f 932/20/14 929/20/14 939/20/14
f 939/20/14 929/20/14 925/20/14
f 939/20/14 925/20/14 937/20/14
f 937/20/14 925/20/14 927/20/14
f 933/21/19 935/21/19 931/21/19
f 935/21/19 933/21/19 938/21/19
f 935/21/19 938/21/19 928/21/19
f 928/21/19 938/21/19 936/21/19
f 928/21/19 936/21/19 924/21/19
f 924/21/19 936/21/19 926/21/19
f 942/21/17 941/20/45 940/21/45
f 941/20/45 942/21/17 943/20/17
f 941/20/45 944/21/15 940/21/45
f 944/21/15 941/20/45 945/20/15
f 948/20/43 947/21/16 946/20/16
f 947/21/16 948/20/43 949/21/43
f 946/20/16 951/21/44 950/20/44
f 951/21/44 946/20/16 947/21/16
f 952/21/46 943/20/17 942/21/17
f 943/20/17 952/21/46 953/20/46
f 955/20/34 952/21/46 954/21/34
f 952/21/46 955/20/34 953/20/46
f 945/20/15 951/21/44 944/21/15
f 951/21/44 945/20/15 950/20/44
f 948/20/43 954/21/34 949/21/43
f 954/21/34 948/20/43 955/20/34
f 950/20/14 948/20/14 946/20/14
f 948/20/14 950/20/14 945/20/14
f 948/20/14 945/20/14 955/20/14
f 955/20/14 945/20/14 941/20/14
f 955/20/14 941/20/14 953/20/14
f 953/20/14 941/20/14 943/20/14
f 949/21/19 951/21/19 947/21/19
f 951/21/19 949/21/19 954/21/19
f 951/21/19 954/21/19 944/21/19
f 944/21/19 954/21/19 952/21/19
f 944/21/19 952/21/19 940/21/19
f 940/21/19 952/21/19 942/21/19
f 958/21/17 957/20/45 956/21/45
f 957/20/45 958/21/17 959/20/17
f 957/20/45 960/21/15 956/21/45
f 960/21/15 957/20/45 961/20/15
f 964/20/43 963/21/16 962/20/16
f 963/21/16 964/20/43 965/21/43
f 962/20/16 967/21/44 966/20/44
f 967/21/44 962/20/16 963/21/16
f 968/21/46 959/20/17 958/21/17
f 959/20/17 968/21/46 969/20/46
f 971/20/34 968/21/46 970/21/34
f 968/21/46 971/20/34 969/20/46
f 961/20/15 967/21/44 960/21/15
f 967/21/44 961/20/15 966/20/44
f 964/20/43 970/21/34 965/21/43
f 970/21/34 964/20/43 971/20/34
f 966/20/14 964/20/14 962/20/14
f 964/20/14 966/20/14 961/20/14
f 964/20/14 961/20/14 971/20/14
f 971/20/14 961/20/14 957/20/14
f 971/20/14 957/20/14 969/20/14
f 969/20/14 957/20/14 959/20/14
f 965/21/19 967/21/19 963/21/19
f 967/21/19 965/21/19 970/21/19
f 967/21/19 970/21/19 960/21/19
f 960/21/19 970/21/19 968/21/19
f 960/21/19 968/21/19 956/21/19
f 956/21/19 968/21/19 958/21/19
f 1006/21/17 1007/20/17 1009/21/45
f 1011/20/45 1009/21/45 1007/20/17
f 1008/21/19 1004/21/19 1009/21/19
f 1006/21/19 1009/21/19 1004/21/19
f 1005/20/14 1010/20/14 1007/20/14
f 1011/20/14 1007/20/14 1010/20/14
f 1005/20/16 1004/21/16 1010/20/44
f 1008/21/44 1010/20/44 1004/21/16
f 1011/20/45 1010/20/44 1009/21/45
f 1008/21/44 1009/21/45 1010/20/44
f 1007/20/34 1006/21/34 1005/20/34
f 1004/21/34 1005/20/34 1006/21/34
f 981/9/15 994/10/15 972/9/15
f 996/10/15 972/9/15 994/10/15
f 972/9/15 996/10/15 973/23/15
f 998/24/15 973/23/15 996/10/15
f 1000/20/15 1002/20/15 998/24/15
f 1002/20/15 992/24/15 998/24/15
f 992/24/15 973/23/15 998/24/15
f 973/23/15 992/24/15 976/23/15
f 992/24/15 985/10/15 976/23/15
f 976/23/15 985/10/15 977/9/15
f 985/10/15 987/10/28 977/9/15
f 983/9/28 977/9/15 987/10/28
f 1003/20/84 993/24/82 1002/20/84
f 992/24/82 1002/20/84 993/24/82
f 999/24/85 1001/20/83 998/24/85
f 1000/20/83 998/24/85 1001/20/83
f 1003/20/84 1002/20/84 1001/20/83
f 1000/20/83 1001/20/83 1002/20/84
f 997/10/17 999/24/85 996/10/17
f 998/24/85 996/10/17 999/24/85
f 991/10/26 984/9/26 987/10/28
f 983/9/28 987/10/28 984/9/26
f 990/10/16 982/9/16 991/10/26
f 984/9/26 991/10/26 982/9/16
f 997/10/14 996/10/14 995/10/14
f 994/10/14 995/10/14 996/10/14
f 993/24/82 986/10/16 992/24/82
f 985/10/16 992/24/82 986/10/16
f 991/10/14 987/10/14 990/10/14
f 990/10/14 987/10/14 989/10/14
f 989/10/14 987/10/14 988/10/14
f 988/10/14 987/10/14 986/10/14
f 985/10/14 986/10/14 987/10/14
f 984/9/19 982/9/19 983/9/19
f 983/9/19 982/9/19 977/9/19
f 977/9/19 982/9/19 979/9/19
f 979/9/19 982/9/19 974/9/19
f 974/9/19 981/9/19 972/9/19
f 974/9/19 982/9/19 981/9/19
f 980/9/19 981/9/19 982/9/19
f 976/23/19 978/23/19 973/23/19
f 975/23/19 973/23/19 978/23/19
f 979/9/17 978/23/17 977/9/17
f 976/23/17 977/9/17 978/23/17
f 975/23/16 974/9/16 973/23/16
f 972/9/16 973/23/16 974/9/16
f 1040/30/15 1014/31/15 1044/30/15
f 1044/30/15 1014/31/15 1045/30/15
f 1044/30/15 1045/30/15 1049/29/15
f 1014/31/15 1040/30/15 1012/31/15
f 1040/30/15 1039/29/15 1012/31/15
f 1050/29/15 1049/29/15 1045/30/15
f 1049/29/15 1050/29/15 1039/29/15
f 1012/31/15 1039/29/15 1017/9/15
f 1050/29/15 1047/29/15 1039/29/15
f 1047/29/15 1017/9/15 1039/29/15
f 1017/9/15 1047/29/15 1019/9/15
f 1014/31/15 1019/9/15 1047/29/15
f 1045/30/15 1014/31/15 1046/30/15
f 1046/30/15 1014/31/15 1047/29/15
f 1047/29/22 1050/29/14 1048/29/22
f 1050/29/14 1049/29/14 1048/29/22
f 1048/29/22 1049/29/14 1041/29/24
f 1039/29/24 1041/29/24 1049/29/14
f 1048/29/22 1043/30/25 1047/29/22
f 1046/30/25 1047/29/22 1043/30/25
f 1046/30/25 1043/30/25 1045/30/19
f 1045/30/19 1043/30/25 1044/30/19
f 1044/30/19 1043/30/25 1040/30/23
f 1042/30/23 1040/30/23 1043/30/25
f 1042/30/23 1041/29/24 1040/30/23
f 1039/29/24 1040/30/23 1041/29/24
f 1035/10/26 1032/9/26 1038/10/28
f 1031/9/28 1038/10/28 1032/9/26
f 1037/10/15 1038/10/28 1033/9/15
f 1031/9/28 1033/9/15 1038/10/28
f 1036/10/14 1035/10/14 79/10/14
f 79/10/14 1035/10/14 77/10/14
f 1035/10/14 1038/10/14 77/10/14
f 77/10/14 1038/10/14 85/10/14
f 1037/10/14 85/10/14 1038/10/14
f 1036/10/16 1030/9/16 1035/10/26
f 1032/9/26 1035/10/26 1030/9/16
f 1034/9/19 1033/9/19 1029/9/19
f 1031/9/19 1029/9/19 1033/9/19
f 1032/9/19 1030/9/19 1031/9/19
f 1031/9/19 1030/9/19 1029/9/19
f 1028/9/19 1029/9/19 1030/9/19
f 1026/20/15 1027/20/15 1024/24/15
f 1027/20/15 1023/24/15 1024/24/15
f 1023/24/15 1013/23/15 1024/24/15
f 1013/23/15 1016/28/15 1024/24/15
f 1013/23/15 1023/24/15 1015/23/15
f 1024/24/15 1016/28/15 1025/27/15
f 1015/23/15 1023/24/15 1018/28/15
f 1018/28/15 1025/27/15 1016/28/15
f 1023/24/15 1022/27/15 1018/28/15
f 1018/28/15 1022/27/15 1025/27/15
f 1025/27/15 1022/27/15 1020/21/15
f 1021/21/15 1020/21/15 1022/27/15
f 89/20/84 90/24/82 1027/20/84
f 1023/24/82 1027/20/84 90/24/82
f 81/24/85 84/20/83 1024/24/85
f 1026/20/83 1024/24/85 84/20/83
f 88/27/89 87/21/86 1022/27/89
f 1021/21/86 1022/27/89 87/21/86
f 86/21/87 82/27/88 1020/21/87
f 1025/27/88 1020/21/87 82/27/88
f 89/20/84 1027/20/84 84/20/83
f 1026/20/83 84/20/83 1027/20/84
f 82/27/88 81/24/85 1025/27/88
f 1024/24/85 1025/27/88 81/24/85
f 90/24/82 88/27/89 1023/24/82
f 1022/27/89 1023/24/82 88/27/89
f 1021/21/86 87/21/86 1020/21/87
f 86/21/87 1020/21/87 87/21/86
f 1019/28/22 1014/23/25 1018/28/22
f 1015/23/25 1018/28/22 1014/23/25
f 1019/28/22 1018/28/22 1017/28/24
f 1016/28/24 1017/28/24 1018/28/22
f 1012/23/23 1017/28/24 1013/23/23
f 1016/28/24 1013/23/23 1017/28/24
f 1015/23/25 1014/23/25 1013/23/23
f 1012/23/23 1013/23/23 1014/23/25
f 1076/30/15 1053/31/15 1080/30/15
f 1080/30/15 1053/31/15 1081/30/15
f 1080/30/15 1081/30/15 1085/29/15
f 1053/31/15 1076/30/15 1051/31/15
f 1076/30/15 1075/29/15 1051/31/15
f 1086/29/15 1085/29/15 1081/30/15
f 1085/29/15 1086/29/15 1075/29/15
f 1051/31/15 1075/29/15 1056/9/15
f 1086/29/15 1083/29/15 1075/29/15
f 1083/29/15 1056/9/15 1075/29/15
f 1056/9/15 1083/29/15 1058/9/15
f 1053/31/15 1058/9/15 1083/29/15
f 1081/30/15 1053/31/15 1082/30/15
f 1082/30/15 1053/31/15 1083/29/15
f 1083/29/22 1086/29/14 1084/29/22
f 1086/29/14 1085/29/14 1084/29/22
f 1084/29/22 1085/29/14 1077/29/24
f 1075/29/24 1077/29/24 1085/29/14
f 1084/29/22 1079/30/25 1083/29/22
f 1082/30/25 1083/29/22 1079/30/25
f 1082/30/25 1079/30/25 1081/30/19
f 1081/30/19 1079/30/25 1080/30/19
f 1080/30/19 1079/30/25 1076/30/23
f 1078/30/23 1076/30/23 1079/30/25
f 1078/30/23 1077/29/24 1076/30/23
f 1075/29/24 1076/30/23 1077/29/24
f 1071/10/26 1069/9/26 1074/10/28
f 1068/9/28 1074/10/28 1069/9/26
f 1073/10/15 1074/10/28 1070/9/15
f 1068/9/28 1070/9/15 1074/10/28
f 1072/10/14 1071/10/14 93/10/14
f 93/10/14 1071/10/14 91/10/14
f 1071/10/14 1074/10/14 91/10/14
f 91/10/14 1074/10/14 99/10/14
f 1073/10/14 99/10/14 1074/10/14
f 1072/10/16 1067/9/16 1071/10/26
f 1069/9/26 1071/10/26 1067/9/16
f 83/9/19 1070/9/19 78/9/19
f 1068/9/19 78/9/19 1070/9/19
f 1069/9/19 1067/9/19 1068/9/19
f 1068/9/19 1067/9/19 78/9/19
f 80/9/19 78/9/19 1067/9/19
f 1065/20/15 1066/20/15 1063/24/15
f 1066/20/15 1062/24/15 1063/24/15
f 1062/24/15 1052/23/15 1063/24/15
f 1052/23/15 1055/28/15 1063/24/15
f 1052/23/15 1062/24/15 1054/23/15
f 1063/24/15 1055/28/15 1064/27/15
f 1054/23/15 1062/24/15 1057/28/15
f 1057/28/15 1064/27/15 1055/28/15
f 1062/24/15 1061/27/15 1057/28/15
f 1057/28/15 1061/27/15 1064/27/15
f 1064/27/15 1061/27/15 1059/21/15
f 1060/21/15 1059/21/15 1061/27/15
f 103/20/84 104/24/82 1066/20/84
f 1062/24/82 1066/20/84 104/24/82
f 95/24/85 98/20/83 1063/24/85
f 1065/20/83 1063/24/85 98/20/83
f 102/27/89 101/21/86 1061/27/89
f 1060/21/86 1061/27/89 101/21/86
f 100/21/87 96/27/88 1059/21/87
f 1064/27/88 1059/21/87 96/27/88
f 103/20/84 1066/20/84 98/20/83
f 1065/20/83 98/20/83 1066/20/84
f 96/27/88 95/24/85 1064/27/88
f 1063/24/85 1064/27/88 95/24/85
f 104/24/82 102/27/89 1062/24/82
f 1061/27/89 1062/24/82 102/27/89
f 1060/21/86 101/21/86 1059/21/87
f 100/21/87 1059/21/87 101/21/86
f 1058/28/22 1053/23/25 1057/28/22
f 1054/23/25 1057/28/22 1053/23/25
f 1058/28/22 1057/28/22 1056/28/24
f 1055/28/24 1056/28/24 1057/28/22
f 1051/23/23 1056/28/24 1052/23/23
f 1055/28/24 1052/23/23 1056/28/24
f 1054/23/25 1053/23/25 1052/23/23
f 1051/23/23 1052/23/23 1053/23/25
f 1089/23/23 1088/23/25 1087/23/25
f 1088/23/25 1089/23/23 1090/23/23
f 1092/28/22 1088/23/25 1091/28/22
f 1088/23/25 1092/28/22 1087/23/25
f 1093/28/24 1092/28/22 1091/28/22
f 1092/28/22 1093/28/24 1094/28/24
f 1089/23/23 1093/28/24 1090/23/23
f 1093/28/24 1089/23/23 1094/28/24
f 115/21/87 1095/21/86 114/21/86
f 1095/21/86 115/21/87 1096/21/87
f 116/27/88 1098/24/85 1097/27/88
f 1098/24/85 116/27/88 118/24/85
f 109/24/82 1100/27/89 1099/24/82
f 1100/27/89 109/24/82 110/27/89
f 1102/20/83 112/20/84 1101/20/84
f 112/20/84 1102/20/83 117/20/83
f 110/27/89 1095/21/86 1100/27/89
f 1095/21/86 110/27/89 114/21/86
f 115/21/87 1097/27/88 1096/21/87
f 1097/27/88 115/21/87 116/27/88
f 112/20/84 1099/24/82 1101/20/84
f 1099/24/82 112/20/84 109/24/82
f 118/24/85 1102/20/83 1098/24/85
f 1102/20/83 118/24/85 117/20/83
f 1097/27/15 1095/21/15 1096/21/15
f 1095/21/15 1097/27/15 1100/27/15
f 1100/27/15 1097/27/15 1093/28/15
f 1093/28/15 1097/27/15 1098/24/15
f 1091/28/15 1100/27/15 1093/28/15
f 1093/28/15 1098/24/15 1090/23/15
f 1100/27/15 1091/28/15 1099/24/15
f 1090/23/15 1098/24/15 1088/23/15
f 1099/24/15 1091/28/15 1088/23/15
f 1099/24/15 1088/23/15 1098/24/15
f 1099/24/15 1098/24/15 1102/20/15
f 1099/24/15 1102/20/15 1101/20/15
f 1103/9/19 120/9/19 122/9/19
f 120/9/19 1103/9/19 1104/9/19
f 1104/9/19 1103/9/19 1105/9/19
f 1106/9/19 120/9/19 1104/9/19
f 120/9/19 1106/9/19 125/9/19
f 1103/9/17 1107/10/32 1105/9/32
f 1107/10/32 1103/9/17 1108/10/17
f 1110/10/14 113/10/14 1109/10/14
f 113/10/14 1110/10/14 105/10/14
f 105/10/14 1110/10/14 1107/10/14
f 105/10/14 1107/10/14 107/10/14
f 107/10/14 1107/10/14 1108/10/14
f 1110/10/29 1106/9/15 1104/9/29
f 1106/9/15 1110/10/29 1109/10/15
f 1105/9/32 1110/10/29 1104/9/29
f 1110/10/29 1105/9/32 1107/10/32
f 1113/29/22 1112/30/25 1111/29/22
f 1112/30/25 1113/29/22 1114/30/25
f 1115/30/23 1112/30/25 1114/30/25
f 1112/30/25 1115/30/23 1116/30/19
f 1116/30/19 1115/30/23 1117/30/19
f 1117/30/19 1115/30/23 1118/30/23
f 1115/30/23 1119/29/24 1118/30/23
f 1119/29/24 1115/30/23 1120/29/24
f 1121/29/14 1113/29/22 1111/29/22
f 1113/29/22 1121/29/14 1120/29/24
f 1120/29/24 1121/29/14 1122/29/14
f 1120/29/24 1122/29/14 1119/29/24
f 1119/29/15 1089/31/15 1118/30/15
f 1118/30/15 1089/31/15 1117/30/15
f 1119/29/15 1094/9/15 1089/31/15
f 1094/9/15 1119/29/15 1092/9/15
f 1111/29/15 1092/9/15 1119/29/15
f 1111/29/15 1119/29/15 1122/29/15
f 1092/9/15 1111/29/15 1087/31/15
f 1111/29/15 1122/29/15 1121/29/15
f 1117/30/15 1121/29/15 1122/29/15
f 1087/31/15 1111/29/15 1112/30/15
f 1087/31/15 1112/30/15 1089/31/15
f 1121/29/15 1117/30/15 1116/30/15
f 1117/30/15 1089/31/15 1116/30/15
f 1116/30/15 1089/31/15 1112/30/15
f 1125/23/23 1124/23/25 1123/23/25
f 1124/23/25 1125/23/23 1126/23/23
f 1128/28/22 1124/23/25 1127/28/22
f 1124/23/25 1128/28/22 1123/23/25
f 1129/28/24 1128/28/22 1127/28/22
f 1128/28/22 1129/28/24 1130/28/24
f 1125/23/23 1129/28/24 1126/23/23
f 1129/28/24 1125/23/23 1130/28/24
f 129/21/87 1131/21/86 128/21/86
f 1131/21/86 129/21/87 1132/21/87
f 130/27/88 1134/24/85 1133/27/88
f 1134/24/85 130/27/88 132/24/85
f 123/24/82 1136/27/89 1135/24/82
f 1136/27/89 123/24/82 124/27/89
f 1138/20/83 126/20/84 1137/20/84
f 126/20/84 1138/20/83 131/20/83
f 124/27/89 1131/21/86 1136/27/89
f 1131/21/86 124/27/89 128/21/86
f 129/21/87 1133/27/88 1132/21/87
f 1133/27/88 129/21/87 130/27/88
f 126/20/84 1135/24/82 1137/20/84
f 1135/24/82 126/20/84 123/24/82
f 132/24/85 1138/20/83 1134/24/85
f 1138/20/83 132/24/85 131/20/83
f 1133/27/15 1131/21/15 1132/21/15
f 1131/21/15 1133/27/15 1136/27/15
f 1136/27/15 1133/27/15 1129/28/15
f 1129/28/15 1133/27/15 1134/24/15
f 1127/28/15 1136/27/15 1129/28/15
f 1129/28/15 1134/24/15 1126/23/15
f 1136/27/15 1127/28/15 1135/24/15
f 1126/23/15 1134/24/15 1124/23/15
f 1135/24/15 1127/28/15 1124/23/15
f 1135/24/15 1124/23/15 1134/24/15
f 1135/24/15 1134/24/15 1138/20/15
f 1135/24/15 1138/20/15 1137/20/15
f 1141/9/19 1140/9/19 1139/9/19
f 1140/9/19 1141/9/19 1142/9/19
f 1142/9/19 1141/9/19 1143/9/19
f 1144/9/19 1140/9/19 1142/9/19
f 1140/9/19 1144/9/19 1145/9/19
f 1141/9/17 1146/10/32 1143/9/32
f 1146/10/32 1141/9/17 1147/10/17
f 1149/10/14 127/10/14 1148/10/14
f 127/10/14 1149/10/14 119/10/14
f 119/10/14 1149/10/14 1146/10/14
f 119/10/14 1146/10/14 121/10/14
f 121/10/14 1146/10/14 1147/10/14
f 1149/10/29 1144/9/15 1142/9/29
f 1144/9/15 1149/10/29 1148/10/15
f 1143/9/32 1149/10/29 1142/9/29
f 1149/10/29 1143/9/32 1146/10/32
f 1152/29/22 1151/30/25 1150/29/22
f 1151/30/25 1152/29/22 1153/30/25
f 1154/30/23 1151/30/25 1153/30/25
f 1151/30/25 1154/30/23 1155/30/19
f 1155/30/19 1154/30/23 1156/30/19
f 1156/30/19 1154/30/23 1157/30/23
f 1154/30/23 1158/29/24 1157/30/23
f 1158/29/24 1154/30/23 1159/29/24
f 1160/29/14 1152/29/22 1150/29/22
f 1152/29/22 1160/29/14 1159/29/24
f 1159/29/24 1160/29/14 1161/29/14
f 1159/29/24 1161/29/14 1158/29/24
f 1158/29/15 1125/31/15 1157/30/15
f 1157/30/15 1125/31/15 1156/30/15
f 1158/29/15 1130/9/15 1125/31/15
f 1130/9/15 1158/29/15 1128/9/15
f 1150/29/15 1128/9/15 1158/29/15
f 1150/29/15 1158/29/15 1161/29/15
f 1128/9/15 1150/29/15 1123/31/15
f 1150/29/15 1161/29/15 1160/29/15
f 1156/30/15 1160/29/15 1161/29/15
f 1123/31/15 1150/29/15 1151/30/15
f 1123/31/15 1151/30/15 1125/31/15
f 1160/29/15 1156/30/15 1155/30/15
f 1156/30/15 1125/31/15 1155/30/15
f 1155/30/15 1125/31/15 1151/30/15
f 1164/23/23 1163/23/25 1162/23/25
f 1163/23/25 1164/23/23 1165/23/23
f 1167/28/22 1163/23/25 1166/28/22
f 1163/23/25 1167/28/22 1162/23/25
f 1168/28/24 1167/28/22 1166/28/22
f 1167/28/22 1168/28/24 1169/28/24
f 1164/23/23 1168/28/24 1165/23/23
f 1168/28/24 1164/23/23 1169/28/24
f 139/21/87 1170/21/86 138/21/86
f 1170/21/86 139/21/87 1171/21/87
f 141/27/88 1173/24/85 1172/27/88
f 1173/24/85 141/27/88 144/24/85
f 133/24/82 1175/27/89 1174/24/82
f 1175/27/89 133/24/82 134/27/89
f 1177/20/83 136/20/84 1176/20/84
f 136/20/84 1177/20/83 143/20/83
f 134/27/89 1170/21/86 1175/27/89
f 1170/21/86 134/27/89 138/21/86
f 139/21/87 1172/27/88 1171/21/87
f 1172/27/88 139/21/87 141/27/88
f 136/20/84 1174/24/82 1176/20/84
f 1174/24/82 136/20/84 133/24/82
f 144/24/85 1177/20/83 1173/24/85
f 1177/20/83 144/24/85 143/20/83
f 1172/27/15 1170/21/15 1171/21/15
f 1170/21/15 1172/27/15 1175/27/15
f 1175/27/15 1172/27/15 1168/28/15
f 1168/28/15 1172/27/15 1173/24/15
f 1166/28/15 1175/27/15 1168/28/15
f 1168/28/15 1173/24/15 1165/23/15
f 1175/27/15 1166/28/15 1174/24/15
f 1165/23/15 1173/24/15 1163/23/15
f 1174/24/15 1166/28/15 1163/23/15
f 1174/24/15 1163/23/15 1173/24/15
f 1174/24/15 1173/24/15 1177/20/15
f 1174/24/15 1177/20/15 1176/20/15
f 74/9/19 1178/9/19 67/9/19
f 1178/9/19 74/9/19 1179/9/19
f 1180/10/15 1178/9/15 1179/9/15
f 1178/9/15 1180/10/15 1181/10/15
f 1180/10/14 137/10/14 1181/10/14
f 137/10/14 1180/10/14 140/10/14
f 1184/29/22 1183/30/25 1182/29/22
f 1183/30/25 1184/29/22 1185/30/25
f 1186/30/23 1183/30/25 1185/30/25
f 1183/30/25 1186/30/23 1187/30/19
f 1187/30/19 1186/30/23 1188/30/19
f 1188/30/19 1186/30/23 1189/30/23
f 1186/30/23 1190/29/24 1189/30/23
f 1190/29/24 1186/30/23 1191/29/24
f 1192/29/14 1184/29/22 1182/29/22
f 1184/29/22 1192/29/14 1191/29/24
f 1191/29/24 1192/29/14 1193/29/14
f 1191/29/24 1193/29/14 1190/29/24
f 1190/29/15 1164/31/15 1189/30/15
f 1189/30/15 1164/31/15 1188/30/15
f 1190/29/15 1169/9/15 1164/31/15
f 1169/9/15 1190/29/15 1167/9/15
f 1182/29/15 1167/9/15 1190/29/15
f 1182/29/15 1190/29/15 1193/29/15
f 1167/9/15 1182/29/15 1162/31/15
f 1182/29/15 1193/29/15 1192/29/15
f 1188/30/15 1192/29/15 1193/29/15
f 1162/31/15 1182/29/15 1183/30/15
f 1162/31/15 1183/30/15 1164/31/15
f 1192/29/15 1188/30/15 1187/30/15
f 1188/30/15 1164/31/15 1187/30/15
f 1187/30/15 1164/31/15 1183/30/15
f 1196/23/97 1195/23/96 1194/23/96
f 1195/23/96 1196/23/97 1197/23/97
f 1199/28/98 1195/23/96 1198/28/98
f 1195/23/96 1199/28/98 1194/23/96
f 1200/28/99 1199/28/98 1198/28/98
f 1199/28/98 1200/28/99 1201/28/99
f 1196/23/97 1200/28/99 1197/23/97
f 1200/28/99 1196/23/97 1201/28/99
f 151/21/101 1202/21/100 150/21/100
f 1202/21/100 151/21/101 1203/21/101
f 153/27/102 1205/24/103 1204/27/102
f 1205/24/103 153/27/102 156/24/103
f 145/24/104 1207/27/105 1206/24/104
f 1207/27/105 145/24/104 146/27/105
f 1209/20/107 148/20/106 1208/20/106
f 148/20/106 1209/20/107 155/20/107
f 146/27/105 1202/21/100 1207/27/105
f 1202/21/100 146/27/105 150/21/100
f 151/21/101 1204/27/102 1203/21/101
f 1204/27/102 151/21/101 153/27/102
f 148/20/106 1206/24/104 1208/20/106
f 1206/24/104 148/20/106 145/24/104
f 156/24/103 1209/20/107 1205/24/103
f 1209/20/107 156/24/103 155/20/107
f 1204/27/18 1202/21/18 1203/21/18
f 1202/21/18 1204/27/18 1207/27/18
f 1207/27/18 1204/27/18 1200/28/18
f 1200/28/18 1204/27/18 1205/24/18
f 1198/28/18 1207/27/18 1200/28/18
f 1200/28/18 1205/24/18 1197/23/18
f 1207/27/18 1198/28/18 1206/24/18
f 1197/23/18 1205/24/18 1195/23/18
f 1206/24/18 1198/28/18 1195/23/18
f 1206/24/18 1195/23/18 1205/24/18
f 1206/24/18 1205/24/18 1209/20/18
f 1206/24/18 1209/20/18 1208/20/18
f 1212/9/19 1211/9/19 1210/9/19
f 1211/9/19 1212/9/19 1213/9/19
f 1214/10/18 1211/9/18 1213/9/18
f 1211/9/18 1214/10/18 1215/10/18
f 1214/10/14 149/10/14 1215/10/14
f 149/10/14 1214/10/14 152/10/14
f 1218/29/98 1217/30/96 1216/29/98
f 1217/30/96 1218/29/98 1219/30/96
f 1220/30/97 1217/30/96 1219/30/96
f 1217/30/96 1220/30/97 1221/30/19
f 1221/30/19 1220/30/97 1222/30/19
f 1222/30/19 1220/30/97 1223/30/97
f 1220/30/97 1224/29/99 1223/30/97
f 1224/29/99 1220/30/97 1225/29/99
f 1226/29/14 1218/29/98 1216/29/98
f 1218/29/98 1226/29/14 1225/29/99
f 1225/29/99 1226/29/14 1227/29/14
f 1225/29/99 1227/29/14 1224/29/99
f 1224/29/18 1228/31/18 1223/30/18
f 1223/30/18 1228/31/18 1222/30/18
f 1224/29/18 1229/9/18 1228/31/18
f 1229/9/18 1224/29/18 1230/9/18
f 1216/29/18 1230/9/18 1224/29/18
f 1216/29/18 1224/29/18 1227/29/18
f 1230/9/18 1216/29/18 1231/31/18
f 1216/29/18 1227/29/18 1226/29/18
f 1222/30/18 1226/29/18 1227/29/18
f 1231/31/18 1216/29/18 1217/30/18
f 1231/31/18 1217/30/18 1228/31/18
f 1226/29/18 1222/30/18 1221/30/18
f 1222/30/18 1228/31/18 1221/30/18
f 1221/30/18 1228/31/18 1217/30/18
f 1234/21/90 1233/20/15 1232/20/90
f 1233/20/15 1234/21/90 1235/21/15
f 1238/21/91 1237/20/16 1236/21/16
f 1237/20/16 1238/21/91 1239/20/91
f 1235/21/15 1240/20/92 1233/20/15
f 1240/20/92 1235/21/15 1241/21/92
f 1236/21/16 1240/20/92 1241/21/92
f 1240/20/92 1236/21/16 1237/20/16
f 1238/21/91 1242/20/34 1239/20/91
f 1242/20/34 1238/21/91 1243/21/34
f 1243/21/34 1244/20/93 1242/20/34
f 1244/20/93 1243/21/34 1245/21/93
f 1244/20/93 1247/21/17 1246/20/17
f 1247/21/17 1244/20/93 1245/21/93
f 1246/20/17 1234/21/90 1232/20/90
f 1234/21/90 1246/20/17 1247/21/17
f 1239/20/19 1240/20/19 1237/20/19
f 1240/20/19 1239/20/19 1242/20/19
f 1240/20/19 1242/20/19 1233/20/19
f 1233/20/19 1242/20/19 1244/20/19
f 1233/20/19 1244/20/19 1232/20/19
f 1232/20/19 1244/20/19 1246/20/19
f 1250/21/19 1249/21/19 1248/21/19
f 1249/21/19 1250/21/19 1251/21/19
f 1254/20/94 1253/20/14 1252/20/14
f 1253/20/14 1254/20/94 1255/20/94
f 1253/20/34 1250/21/34 1248/21/34
f 1250/21/34 1253/20/34 1256/32/34
f 1256/32/34 1253/20/34 1255/20/34
f 1253/20/16 1249/21/16 1252/20/16
f 1249/21/16 1253/20/16 1248/21/16
f 1257/32/15 1249/21/15 1251/21/15
f 1249/21/15 1257/32/15 1252/20/15
f 1252/20/15 1257/32/15 1254/20/15
f 1250/21/17 1257/32/95 1251/21/17
f 1257/32/95 1250/21/17 1256/32/95
f 1256/32/95 1254/20/94 1257/32/95
f 1254/20/94 1256/32/95 1255/20/94
f 1260/21/17 1259/20/45 1258/21/45
f 1259/20/45 1260/21/17 1261/20/17
f 1259/20/45 1262/21/15 1258/21/45
f 1262/21/15 1259/20/45 1263/20/15
f 1266/20/43 1265/21/16 1264/20/16
f 1265/21/16 1266/20/43 1267/21/43
f 1264/20/16 1269/21/44 1268/20/44
f 1269/21/44 1264/20/16 1265/21/16
f 1270/21/46 1261/20/17 1260/21/17
f 1261/20/17 1270/21/46 1271/20/46
f 1273/20/34 1270/21/46 1272/21/34
f 1270/21/46 1273/20/34 1271/20/46
f 1263/20/15 1269/21/44 1262/21/15
f 1269/21/44 1263/20/15 1268/20/44
f 1266/20/43 1272/21/34 1267/21/43
f 1272/21/34 1266/20/43 1273/20/34
f 1268/20/14 1266/20/14 1264/20/14
f 1266/20/14 1268/20/14 1263/20/14
f 1266/20/14 1263/20/14 1273/20/14
f 1273/20/14 1263/20/14 1259/20/14
f 1273/20/14 1259/20/14 1271/20/14
f 1271/20/14 1259/20/14 1261/20/14
f 1267/21/19 1269/21/19 1265/21/19
f 1269/21/19 1267/21/19 1272/21/19
f 1269/21/19 1272/21/19 1262/21/19
f 1262/21/19 1272/21/19 1270/21/19
f 1262/21/19 1270/21/19 1258/21/19
f 1258/21/19 1270/21/19 1260/21/19
f 1276/21/17 1275/20/45 1274/21/45
f 1275/20/45 1276/21/17 1277/20/17
f 1275/20/45 1278/21/15 1274/21/45
f 1278/21/15 1275/20/45 1279/20/15
f 1282/20/43 1281/21/16 1280/20/16
f 1281/21/16 1282/20/43 1283/21/43
f 1280/20/16 1285/21/44 1284/20/44
f 1285/21/44 1280/20/16 1281/21/16
f 1286/21/46 1277/20/17 1276/21/17
f 1277/20/17 1286/21/46 1287/20/46
f 1289/20/34 1286/21/46 1288/21/34
f 1286/21/46 1289/20/34 1287/20/46
f 1279/20/15 1285/21/44 1278/21/15
f 1285/21/44 1279/20/15 1284/20/44
f 1282/20/43 1288/21/34 1283/21/43
f 1288/21/34 1282/20/43 1289/20/34
f 1284/20/14 1282/20/14 1280/20/14
f 1282/20/14 1284/20/14 1279/20/14
f 1282/20/14 1279/20/14 1289/20/14
f 1289/20/14 1279/20/14 1275/20/14
f 1289/20/14 1275/20/14 1287/20/14
f 1287/20/14 1275/20/14 1277/20/14
f 1283/21/19 1285/21/19 1281/21/19
f 1285/21/19 1283/21/19 1288/21/19
f 1285/21/19 1288/21/19 1278/21/19
f 1278/21/19 1288/21/19 1286/21/19
f 1278/21/19 1286/21/19 1274/21/19
f 1274/21/19 1286/21/19 1276/21/19
f 1292/21/17 1291/20/45 1290/21/45
f 1291/20/45 1292/21/17 1293/20/17
f 1291/20/45 1294/21/15 1290/21/45
f 1294/21/15 1291/20/45 1295/20/15
f 1298/20/43 1297/21/16 1296/20/16
f 1297/21/16 1298/20/43 1299/21/43
f 1296/20/16 1301/21/44 1300/20/44
f 1301/21/44 1296/20/16 1297/21/16
f 1302/21/46 1293/20/17 1292/21/17
f 1293/20/17 1302/21/46 1303/20/46
f 1305/20/34 1302/21/46 1304/21/34
f 1302/21/46 1305/20/34 1303/20/46
f 1295/20/15 1301/21/44 1294/21/15
f 1301/21/44 1295/20/15 1300/20/44
f 1298/20/43 1304/21/34 1299/21/43
f 1304/21/34 1298/20/43 1305/20/34
f 1300/20/14 1298/20/14 1296/20/14
f 1298/20/14 1300/20/14 1295/20/14
f 1298/20/14 1295/20/14 1305/20/14
f 1305/20/14 1295/20/14 1291/20/14
f 1305/20/14 1291/20/14 1303/20/14
f 1303/20/14 1291/20/14 1293/20/14
f 1299/21/19 1301/21/19 1297/21/19
f 1301/21/19 1299/21/19 1304/21/19
f 1301/21/19 1304/21/19 1294/21/19
f 1294/21/19 1304/21/19 1302/21/19
f 1294/21/19 1302/21/19 1290/21/19
f 1290/21/19 1302/21/19 1292/21/19
f 1308/10/108 1307/24/109 1306/10/108
f 1307/24/109 1308/10/108 1309/24/109
f 1306/10/14 1310/10/14 1308/10/14
f 1310/10/14 1306/10/14 1311/10/14
f 1314/10/14 1313/10/14 1312/10/14
f 1315/10/14 1313/10/14 1314/10/14
f 1313/10/14 1315/10/14 1316/10/14
f 1317/10/14 1316/10/14 1315/10/14
f 1316/10/14 1317/10/14 1318/10/14
f 1321/9/19 1320/9/19 1319/9/19
f 1320/9/19 1321/9/19 1322/9/19
f 1322/9/19 1321/9/19 1323/9/19
f 1324/9/19 1322/9/19 1323/9/19
f 1323/9/19 1321/9/19 1325/9/19
f 1325/9/19 1321/9/19 1326/9/19
f 1326/9/19 1321/9/19 1327/9/19
f 1330/20/110 1329/20/111 1328/20/110
f 1329/20/111 1330/20/110 1331/20/111
f 1333/24/112 1312/10/113 1332/24/112
f 1312/10/113 1333/24/112 1314/10/113
f 1309/24/109 1331/20/111 1307/24/109
f 1331/20/111 1309/24/109 1329/20/111
f 1328/20/110 1332/24/112 1330/20/110
f 1332/24/112 1328/20/110 1333/24/112
f 1336/23/19 1335/23/19 1334/23/19
f 1335/23/19 1336/23/19 1337/23/19
f 1323/9/108 1335/23/108 1324/9/108
f 1335/23/108 1323/9/108 1334/23/108
f 1336/23/113 1326/9/113 1337/23/113
f 1326/9/113 1336/23/113 1325/9/113
f 1318/10/113 1320/9/33 1316/10/33
f 1320/9/33 1318/10/113 1319/9/113
f 1311/10/114 1326/9/114 1327/9/114
f 1326/9/114 1311/10/114 1306/10/114
f 1326/9/114 1306/10/114 1337/23/114
f 1337/23/114 1306/10/114 1307/24/114
f 1337/23/114 1307/24/114 1335/23/114
f 1332/24/114 1335/23/114 1307/24/114
f 1332/24/114 1307/24/114 1331/20/114
f 1332/24/114 1331/20/114 1330/20/114
f 1312/10/114 1335/23/114 1332/24/114
f 1312/10/114 1324/9/114 1335/23/114
f 1313/10/30 1324/9/114 1312/10/114
f 1324/9/114 1313/10/30 1322/9/30
f 1322/9/30 1316/10/33 1320/9/33
f 1316/10/33 1322/9/30 1313/10/30
f 1340/9/116 1339/9/115 1338/9/115
f 1339/9/115 1340/9/116 1341/9/116
f 1343/14/117 1339/9/115 1342/14/117
f 1339/9/115 1343/14/117 1338/9/115
f 1340/9/116 1344/14/118 1341/9/116
f 1344/14/118 1340/9/116 1345/14/118
f 1344/14/118 1343/14/117 1342/14/117
f 1343/14/117 1344/14/118 1345/14/118
f 1344/14/114 1339/9/114 1341/9/114
f 1339/9/114 1344/14/114 1342/14/114
f 1348/21/119 1347/20/119 1346/21/119
f 1347/20/119 1348/21/119 1349/20/119
f 1352/20/43 1351/21/46 1350/21/43
f 1351/21/46 1352/20/43 1353/20/46
f 1346/21/108 1352/20/43 1350/21/43
f 1352/20/43 1346/21/108 1347/20/108
f 1352/20/14 1349/20/14 1353/20/14
f 1349/20/14 1352/20/14 1347/20/14
f 1346/21/19 1351/21/19 1348/21/19
f 1351/21/19 1346/21/19 1350/21/19
f 1349/20/113 1351/21/46 1353/20/46
f 1351/21/46 1349/20/113 1348/21/113
f 1356/9/17 1355/23/17 1354/9/17
f 1355/23/17 1356/9/17 1357/23/17
f 1360/23/16 1359/9/16 1358/23/16
f 1359/9/16 1360/23/16 1361/9/16
f 1364/9/19 1363/9/19 1362/9/19
f 1363/9/19 1364/9/19 1356/9/19
f 1354/9/19 1363/9/19 1356/9/19
f 1356/9/19 1364/9/19 1361/9/19
f 1361/9/19 1364/9/19 1359/9/19
f 1359/9/19 1364/9/19 1365/9/19
f 1368/10/14 1367/10/14 1366/10/14
f 1367/10/14 1368/10/14 1369/10/14
f 1371/24/82 1368/10/16 1370/24/82
f 1368/10/16 1371/24/82 1369/10/16
f 1374/20/83 1373/20/84 1372/20/84
f 1373/20/84 1374/20/83 1375/20/83
f 1373/20/84 1370/24/82 1372/20/84
f 1370/24/82 1373/20/84 1371/24/82
f 1377/24/85 1374/20/83 1376/24/85
f 1374/20/83 1377/24/85 1375/20/83
f 1360/23/19 1355/23/19 1357/23/19
f 1355/23/19 1360/23/19 1358/23/19
f 1378/10/15 1359/9/15 1365/9/15
f 1359/9/15 1378/10/15 1379/10/15
f 1359/9/15 1379/10/15 1358/23/15
f 1358/23/15 1379/10/15 1376/24/15
f 1358/23/15 1376/24/15 1355/23/15
f 1370/24/15 1355/23/15 1376/24/15
f 1370/24/15 1376/24/15 1374/20/15
f 1370/24/15 1374/20/15 1372/20/15
f 1368/10/15 1355/23/15 1370/24/15
f 1355/23/15 1368/10/15 1354/9/15
f 1366/10/15 1354/9/15 1368/10/15
f 1354/9/15 1366/10/15 1363/9/15
f 1380/10/17 1376/24/85 1379/10/17
f 1376/24/85 1380/10/17 1377/24/85
f 1378/10/14 1380/10/14 1379/10/14
f 1380/10/14 1378/10/14 1381/10/14
f 1384/21/17 1383/20/45 1382/21/45
f 1383/20/45 1384/21/17 1385/20/17
f 1383/20/14 1387/20/14 1386/20/14
f 1387/20/14 1383/20/14 1385/20/14
f 1384/21/19 1389/21/19 1388/21/19
f 1389/21/19 1384/21/19 1382/21/19
f 1387/20/16 1389/21/44 1386/20/44
f 1389/21/44 1387/20/16 1388/21/16
f 1383/20/45 1389/21/44 1382/21/45
f 1389/21/44 1383/20/45 1386/20/44
f 1392/9/17 1391/23/17 1390/9/17
f 1391/23/17 1392/9/17 1393/23/17
f 1396/23/16 1395/9/16 1394/23/16
f 1395/9/16 1396/23/16 1397/9/16
f 1400/9/19 1399/9/19 1398/9/19
f 1399/9/19 1400/9/19 1392/9/19
f 1390/9/19 1399/9/19 1392/9/19
f 1392/9/19 1400/9/19 1397/9/19
f 1397/9/19 1400/9/19 1395/9/19
f 1395/9/19 1400/9/19 1401/9/19
f 1401/9/19 1400/9/19 1402/9/19
f 1405/10/14 1404/10/14 1403/10/14
f 1404/10/14 1405/10/14 1406/10/14
f 1406/10/14 1405/10/14 1317/10/14
f 1317/10/14 1405/10/14 1318/10/14
f 1318/10/14 1405/10/14 1407/10/14
f 1410/10/14 1409/10/14 1408/10/14
f 1409/10/14 1410/10/14 1411/10/14
f 1400/9/17 1407/10/32 1402/9/32
f 1407/10/32 1400/9/17 1318/10/17
f 1402/9/32 1405/10/29 1401/9/29
f 1405/10/29 1402/9/32 1407/10/32
f 1413/24/82 1410/10/16 1412/24/82
f 1410/10/16 1413/24/82 1411/10/16
f 1416/20/83 1415/20/84 1414/20/84
f 1415/20/84 1416/20/83 1417/20/83
f 1415/20/84 1412/24/82 1414/20/84
f 1412/24/82 1415/20/84 1413/24/82
f 1419/24/85 1416/20/83 1418/24/85
f 1416/20/83 1419/24/85 1417/20/83
f 1396/23/19 1391/23/19 1393/23/19
f 1391/23/19 1396/23/19 1394/23/19
f 1405/10/29 1395/9/15 1401/9/29
f 1395/9/15 1405/10/29 1403/10/15
f 1395/9/15 1403/10/15 1394/23/15
f 1394/23/15 1403/10/15 1418/24/15
f 1394/23/15 1418/24/15 1391/23/15
f 1412/24/15 1391/23/15 1418/24/15
f 1412/24/15 1418/24/15 1416/20/15
f 1412/24/15 1416/20/15 1414/20/15
f 1410/10/15 1391/23/15 1412/24/15
f 1391/23/15 1410/10/15 1390/9/15
f 1408/10/15 1390/9/15 1410/10/15
f 1390/9/15 1408/10/15 1399/9/15
f 1404/10/17 1418/24/85 1403/10/17
f 1418/24/85 1404/10/17 1419/24/85
f 1422/21/17 1421/20/45 1420/21/45
f 1421/20/45 1422/21/17 1423/20/17
f 1421/20/14 1425/20/14 1424/20/14
f 1425/20/14 1421/20/14 1423/20/14
f 1422/21/19 1427/21/19 1426/21/19
f 1427/21/19 1422/21/19 1420/21/19
f 1425/20/16 1427/21/44 1424/20/44
f 1427/21/44 1425/20/16 1426/21/16
f 1421/20/45 1427/21/44 1420/21/45
f 1427/21/44 1421/20/45 1424/20/44
f 1430/21/90 1429/20/15 1428/20/90
f 1429/20/15 1430/21/90 1431/21/15
f 1434/21/91 1433/20/16 1432/21/16
f 1433/20/16 1434/21/91 1435/20/91
f 1431/21/15 1436/20/92 1429/20/15
f 1436/20/92 1431/21/15 1437/21/92
f 1432/21/16 1436/20/92 1437/21/92
f 1436/20/92 1432/21/16 1433/20/16
f 1434/21/91 1438/20/34 1435/20/91
f 1438/20/34 1434/21/91 1439/21/34
f 1439/21/34 1440/20/93 1438/20/34
f 1440/20/93 1439/21/34 1441/21/93
f 1440/20/93 1443/21/17 1442/20/17
f 1443/21/17 1440/20/93 1441/21/93
f 1442/20/17 1430/21/90 1428/20/90
f 1430/21/90 1442/20/17 1443/21/17
f 1435/20/19 1436/20/19 1433/20/19
f 1436/20/19 1435/20/19 1438/20/19
f 1436/20/19 1438/20/19 1429/20/19
f 1429/20/19 1438/20/19 1440/20/19
f 1429/20/19 1440/20/19 1428/20/19
f 1428/20/19 1440/20/19 1442/20/19
f 1446/21/19 1445/21/19 1444/21/19
f 1445/21/19 1446/21/19 1447/21/19
f 1450/20/94 1449/20/14 1448/20/14
f 1449/20/14 1450/20/94 1451/20/94
f 1449/20/34 1446/21/34 1444/21/34
f 1446/21/34 1449/20/34 1452/32/34
f 1452/32/34 1449/20/34 1451/20/34
f 1449/20/16 1445/21/16 1448/20/16
f 1445/21/16 1449/20/16 1444/21/16
f 1453/32/15 1445/21/15 1447/21/15
f 1445/21/15 1453/32/15 1448/20/15
f 1448/20/15 1453/32/15 1450/20/15
f 1446/21/17 1453/32/95 1447/21/17
f 1453/32/95 1446/21/17 1452/32/95
f 1452/32/95 1450/20/94 1453/32/95
f 1450/20/94 1452/32/95 1451/20/94
f 1456/21/17 1455/20/45 1454/21/45
f 1455/20/45 1456/21/17 1457/20/17
f 1455/20/45 1458/21/15 1454/21/45
f 1458/21/15 1455/20/45 1459/20/15
f 1462/20/43 1461/21/16 1460/20/16
f 1461/21/16 1462/20/43 1463/21/43
f 1460/20/16 1465/21/44 1464/20/44
f 1465/21/44 1460/20/16 1461/21/16
f 1466/21/46 1457/20/17 1456/21/17
f 1457/20/17 1466/21/46 1467/20/46
f 1469/20/34 1466/21/46 1468/21/34
f 1466/21/46 1469/20/34 1467/20/46
f 1459/20/15 1465/21/44 1458/21/15
f 1465/21/44 1459/20/15 1464/20/44
f 1462/20/43 1468/21/34 1463/21/43
f 1468/21/34 1462/20/43 1469/20/34
f 1464/20/14 1462/20/14 1460/20/14
f 1462/20/14 1464/20/14 1459/20/14
f 1462/20/14 1459/20/14 1469/20/14
f 1469/20/14 1459/20/14 1455/20/14
f 1469/20/14 1455/20/14 1467/20/14
f 1467/20/14 1455/20/14 1457/20/14
f 1463/21/19 1465/21/19 1461/21/19
f 1465/21/19 1463/21/19 1468/21/19
f 1465/21/19 1468/21/19 1458/21/19
f 1458/21/19 1468/21/19 1466/21/19
f 1458/21/19 1466/21/19 1454/21/19
f 1454/21/19 1466/21/19 1456/21/19
f 1472/21/17 1471/20/45 1470/21/45
f 1471/20/45 1472/21/17 1473/20/17
f 1471/20/45 1474/21/15 1470/21/45
f 1474/21/15 1471/20/45 1475/20/15
f 1478/20/43 1477/21/16 1476/20/16
f 1477/21/16 1478/20/43 1479/21/43
f 1476/20/16 1481/21/44 1480/20/44
f 1481/21/44 1476/20/16 1477/21/16
f 1482/21/46 1473/20/17 1472/21/17
f 1473/20/17 1482/21/46 1483/20/46
f 1485/20/34 1482/21/46 1484/21/34
f 1482/21/46 1485/20/34 1483/20/46
f 1475/20/15 1481/21/44 1474/21/15
f 1481/21/44 1475/20/15 1480/20/44
f 1478/20/43 1484/21/34 1479/21/43
f 1484/21/34 1478/20/43 1485/20/34
f 1480/20/14 1478/20/14 1476/20/14
f 1478/20/14 1480/20/14 1475/20/14
f 1478/20/14 1475/20/14 1485/20/14
f 1485/20/14 1475/20/14 1471/20/14
f 1485/20/14 1471/20/14 1483/20/14
f 1483/20/14 1471/20/14 1473/20/14
f 1479/21/19 1481/21/19 1477/21/19
f 1481/21/19 1479/21/19 1484/21/19
f 1481/21/19 1484/21/19 1474/21/19
f 1474/21/19 1484/21/19 1482/21/19
f 1474/21/19 1482/21/19 1470/21/19
f 1470/21/19 1482/21/19 1472/21/19
f 1488/21/17 1487/20/45 1486/21/45
f 1487/20/45 1488/21/17 1489/20/17
f 1487/20/45 1490/21/15 1486/21/45
f 1490/21/15 1487/20/45 1491/20/15
f 1494/20/43 1493/21/16 1492/20/16
f 1493/21/16 1494/20/43 1495/21/43
f 1492/20/16 1497/21/44 1496/20/44
f 1497/21/44 1492/20/16 1493/21/16
f 1498/21/46 1489/20/17 1488/21/17
f 1489/20/17 1498/21/46 1499/20/46
f 1501/20/34 1498/21/46 1500/21/34
f 1498/21/46 1501/20/34 1499/20/46
f 1491/20/15 1497/21/44 1490/21/15
f 1497/21/44 1491/20/15 1496/20/44
f 1494/20/43 1500/21/34 1495/21/43
f 1500/21/34 1494/20/43 1501/20/34
f 1496/20/14 1494/20/14 1492/20/14
f 1494/20/14 1496/20/14 1491/20/14
f 1494/20/14 1491/20/14 1501/20/14
f 1501/20/14 1491/20/14 1487/20/14
f 1501/20/14 1487/20/14 1499/20/14
f 1499/20/14 1487/20/14 1489/20/14
f 1495/21/19 1497/21/19 1493/21/19
f 1497/21/19 1495/21/19 1500/21/19
f 1497/21/19 1500/21/19 1490/21/19
f 1490/21/19 1500/21/19 1498/21/19
f 1490/21/19 1498/21/19 1486/21/19
f 1486/21/19 1498/21/19 1488/21/19
f 1502/34/13 274/33/13 275/33/13
f 274/33/13 1502/34/13 1503/34/13
f 329/34/16 1504/35/16 330/34/43
f 1506/35/43 330/34/43 1504/35/16
f 327/34/44 1505/35/44 329/34/16
f 1504/35/16 329/34/16 1505/35/44
f 327/34/44 326/34/15 1505/35/44
f 1508/35/15 1505/35/44 326/34/15
f 326/34/15 328/34/45 1508/35/15
f 1509/35/45 1508/35/15 328/34/45
f 1509/35/45 328/34/45 1511/35/17
f 332/34/17 1511/35/17 328/34/45
f 1511/35/17 332/34/17 1510/35/46
f 333/34/46 1510/35/46 332/34/17
f 333/34/46 331/34/34 1510/35/46
f 1507/35/34 1510/35/46 331/34/34
f 331/34/34 330/34/43 1507/35/34
f 1506/35/43 1507/35/34 330/34/43
f 1511/35/14 1510/35/14 1509/35/14
f 1510/35/14 1507/35/14 1509/35/14
f 1509/35/14 1507/35/14 1508/35/14
f 1508/35/14 1507/35/14 1505/35/14
f 1507/35/14 1506/35/14 1505/35/14
f 1504/35/14 1505/35/14 1506/35/14
f 1512/34/13 356/33/13 357/33/13
f 356/33/13 1512/34/13 1513/34/13
f 1514/34/13 364/33/13 365/33/13
f 364/33/13 1514/34/13 1515/34/13
f 1518/34/3 377/33/3 1516/34/3
f 376/33/3 1516/34/3 377/33/3
f 1517/34/2 1516/34/2 375/33/2
f 376/33/2 375/33/2 1516/34/2
f 1519/34/2 384/33/2 385/33/2
f 384/33/2 1519/34/2 1520/34/2
f 1522/36/14 495/36/14 1521/36/14
f 495/36/14 1522/36/14 493/36/14
f 1524/36/14 507/36/14 1523/36/14
f 507/36/14 1524/36/14 505/36/14
f 517/36/14 1525/36/14 529/36/14
f 1525/36/14 517/36/14 519/36/14
f 1527/36/14 539/36/14 1526/36/14
f 539/36/14 1527/36/14 537/36/14
f 549/36/14 1528/36/14 561/36/14
f 1528/36/14 549/36/14 551/36/14
f 1530/36/14 570/36/14 1529/36/14
f 570/36/14 1530/36/14 568/36/14
f 580/36/14 1531/36/14 592/36/14
f 1531/36/14 580/36/14 582/36/14
f 600/36/14 1532/36/14 612/36/14
f 1532/36/14 600/36/14 602/36/14
f 1534/36/14 622/36/14 1533/36/14
f 622/36/14 1534/36/14 620/36/14
f 629/36/14 1535/36/14 641/36/14
f 1535/36/14 629/36/14 631/36/14
f 648/36/14 1536/36/14 660/36/14
f 1536/36/14 648/36/14 650/36/14
f 1538/36/14 670/36/14 1537/36/14
f 670/36/14 1538/36/14 668/36/14
f 736/41/15 771/36/15 733/41/15
f 771/36/15 736/41/15 766/36/15
f 771/36/15 773/43/15 733/41/15
f 766/36/15 736/41/15 767/43/15
f 773/43/15 772/42/15 733/41/15
f 773/43/15 767/43/15 772/42/15
f 767/43/15 736/41/15 769/42/15
f 769/42/15 772/42/15 767/43/15
f 772/42/15 762/40/15 733/41/15
f 769/42/15 736/41/15 764/40/15
f 733/41/15 762/40/15 732/39/15
f 764/40/15 732/39/15 762/40/15
f 736/41/15 737/39/15 764/40/15
f 732/39/15 764/40/15 737/39/15
f 757/33/15 756/33/15 760/37/15
f 1539/34/15 760/37/15 756/33/15
f 758/38/15 760/37/15 1539/34/15
f 1541/34/15 758/38/15 1539/34/15
f 758/38/15 1541/34/15 759/38/15
f 759/38/15 1541/34/15 747/37/15
f 747/37/15 1541/34/15 743/33/15
f 745/33/15 743/33/15 1541/34/15
f 755/33/17 1540/34/17 756/33/17
f 1539/34/17 756/33/17 1540/34/17
f 1548/39/15 1547/39/15 1546/34/15
f 1545/34/15 1546/34/15 1547/39/15
f 997/33/15 995/33/15 999/37/15
f 1544/34/15 999/37/15 995/33/15
f 1001/38/15 999/37/15 1544/34/15
f 1542/34/15 1001/38/15 1544/34/15
f 1001/38/15 1542/34/15 1003/38/15
f 1003/38/15 1542/34/15 993/37/15
f 993/37/15 1542/34/15 986/33/15
f 988/33/15 986/33/15 1542/34/15
f 1543/34/16 989/33/16 1542/34/16
f 988/33/16 1542/34/16 989/33/16
f 1549/34/114 1308/33/114 1310/33/114
f 1308/33/114 1549/34/114 1309/37/114
f 1309/37/114 1549/34/114 1550/38/114
f 1329/38/114 1309/37/114 1550/38/114
f 1550/38/114 1549/34/114 1329/38/114
f 1329/38/114 1549/34/114 1328/38/114
f 1328/38/114 1549/34/114 1551/38/114
f 1552/34/114 1551/38/114 1549/34/114
f 1551/38/114 1333/37/114 1328/38/114
f 1552/34/114 1333/37/114 1551/38/114
f 1315/33/114 1333/37/114 1552/34/114
f 1333/37/114 1315/33/114 1314/33/114
f 1336/41/114 1323/39/114 1325/39/114
f 1323/39/114 1336/41/114 1334/41/114
f 681/34/113 1315/33/113 1552/34/113
f 1315/33/113 681/34/113 1317/33/113
f 1553/34/15 1380/33/15 1381/33/15
f 1380/33/15 1553/34/15 1377/37/15
f 1377/37/15 1553/34/15 1375/38/15
f 1375/38/15 1553/34/15 1373/38/15
f 1554/34/15 1373/38/15 1553/34/15
f 1554/34/15 1371/37/15 1373/38/15
f 1367/33/15 1371/37/15 1554/34/15
f 1371/37/15 1367/33/15 1369/33/15
f 1317/33/17 1555/34/17 1406/33/17
f 1555/34/17 1317/33/17 681/34/17
f 1555/34/15 1404/33/15 1406/33/15
f 1404/33/15 1555/34/15 1419/37/15
f 1419/37/15 1555/34/15 1417/38/15
f 1417/38/15 1555/34/15 1415/38/15
f 1556/34/15 1415/38/15 1555/34/15
f 1556/34/15 1413/37/15 1415/38/15
f 1409/33/15 1413/37/15 1556/34/15
f 1413/37/15 1409/33/15 1411/33/15
f 1559/45/34 1558/44/34 1557/44/34
f 1558/44/34 1559/45/34 1560/45/34
f 1563/45/15 1562/44/15 1561/44/15
f 1562/44/15 1563/45/15 1564/45/15
f 1559/45/120 1562/44/120 1564/45/120
f 1562/44/120 1559/45/120 1557/44/120
f 1563/45/121 1559/45/121 1564/45/121
f 1559/45/121 1563/45/121 1560/45/121
f 1558/44/122 1563/45/122 1561/44/122
f 1563/45/122 1558/44/122 1560/45/122
f 1558/44/123 1562/44/123 1557/44/123
f 1562/44/123 1558/44/123 1561/44/123
f 1567/45/34 1566/44/34 1565/44/34
f 1566/44/34 1567/45/34 1568/45/34
f 1571/45/15 1570/44/15 1569/44/15
f 1570/44/15 1571/45/15 1572/45/15
f 1567/45/124 1570/44/124 1572/45/124
f 1570/44/124 1567/45/124 1565/44/124
f 1571/45/125 1567/45/125 1572/45/125
f 1567/45/125 1571/45/125 1568/45/125
f 1566/44/126 1571/45/126 1569/44/126
f 1571/45/126 1566/44/126 1568/45/126
f 1566/44/127 1570/44/127 1565/44/127
f 1570/44/127 1566/44/127 1569/44/127
f 1575/45/34 1574/44/34 1573/44/34
f 1574/44/34 1575/45/34 1576/45/34
f 1579/45/15 1578/44/15 1577/44/15
f 1578/44/15 1579/45/15 1580/45/15
f 1575/45/128 1578/44/128 1580/45/128
f 1578/44/128 1575/45/128 1573/44/128
f 1579/45/129 1575/45/129 1580/45/129
f 1575/45/129 1579/45/129 1576/45/129
f 1574/44/130 1579/45/130 1577/44/130
f 1579/45/130 1574/44/130 1576/45/130
f 1574/44/131 1578/44/131 1573/44/131
f 1578/44/131 1574/44/131 1577/44/131
f 1583/45/34 1582/44/34 1581/44/34
f 1582/44/34 1583/45/34 1584/45/34
f 1587/45/15 1586/44/15 1585/44/15
f 1586/44/15 1587/45/15 1588/45/15
f 1583/45/132 1586/44/132 1588/45/132
f 1586/44/132 1583/45/132 1581/44/132
f 1587/45/133 1583/45/133 1588/45/133
f 1583/45/133 1587/45/133 1584/45/133
f 1582/44/134 1587/45/134 1585/44/134
f 1587/45/134 1582/44/134 1584/45/134
f 1582/44/135 1586/44/135 1581/44/135
f 1586/44/135 1582/44/135 1585/44/135
f 1591/46/24 1590/46/22 1589/46/22
f 1590/46/22 1591/46/24 1592/46/24
f 1594/47/23 1591/46/24 1593/47/23
f 1591/46/24 1594/47/23 1592/46/24
f 1594/47/23 1596/47/25 1595/47/25
f 1596/47/25 1594/47/23 1593/47/23
f 1590/46/22 1596/47/25 1589/46/22
f 1596/47/25 1590/46/22 1595/47/25
f 1597/48/15 1589/46/15 1596/47/15
f 1597/48/15 1596/47/15 1593/47/15
f 1589/46/15 1597/48/15 1598/49/15
f 1597/48/15 1593/47/15 1599/48/15
f 1598/49/15 1591/46/15 1589/46/15
f 1591/46/15 1599/48/15 1593/47/15
f 1600/49/15 1591/46/15 1598/49/15
f 1591/46/15 1600/49/15 1599/48/15
f 1603/46/24 1602/46/22 1601/46/22
f 1602/46/22 1603/46/24 1604/46/24
f 1606/47/23 1603/46/24 1605/47/23
f 1603/46/24 1606/47/23 1604/46/24
f 1606/47/23 1608/47/25 1607/47/25
f 1608/47/25 1606/47/23 1605/47/23
f 1602/46/22 1608/47/25 1601/46/22
f 1608/47/25 1602/46/22 1607/47/25
f 1609/48/15 1601/46/15 1608/47/15
f 1609/48/15 1608/47/15 1605/47/15
f 1601/46/15 1609/48/15 1610/49/15
f 1609/48/15 1605/47/15 1611/48/15
f 1610/49/15 1603/46/15 1601/46/15
f 1603/46/15 1611/48/15 1605/47/15
f 1612/49/15 1603/46/15 1610/49/15
f 1603/46/15 1612/49/15 1611/48/15

usemtl colormap-specular

f 770/51/15 768/51/15 763/50/15
f 765/50/15 763/50/15 768/51/15
f 816/53/15 814/52/15 821/52/15
f 814/52/15 816/53/15 815/53/15
f 1042/53/15 1043/53/15 1041/52/15
f 1048/52/15 1041/52/15 1043/53/15
f 1078/53/15 1079/53/15 1077/52/15
f 1084/52/15 1077/52/15 1079/53/15
f 1115/53/15 1113/52/15 1120/52/15
f 1113/52/15 1115/53/15 1114/53/15
f 1154/53/15 1152/52/15 1159/52/15
f 1152/52/15 1154/53/15 1153/53/15
f 1186/53/15 1184/52/15 1191/52/15
f 1184/52/15 1186/53/15 1185/53/15
f 1220/53/18 1218/52/18 1225/52/18
f 1218/52/18 1220/53/18 1219/53/18
f 1615/54/15 1614/55/15 1613/54/15
f 1614/55/15 1615/54/15 1616/55/15
f 1619/54/15 1618/55/15 1617/54/15
f 1618/55/15 1619/54/15 1620/55/15

g building-b




usemtl colormap

f 3/2/1 2/1/1 1/1/1
f 2/1/1 3/2/1 4/2/1
f 10/2/3 9/1/3 7/2/3
f 5/1/3 7/2/3 9/1/3
f 8/2/2 7/2/2 6/1/2
f 5/1/2 6/1/2 7/2/2
f 13/2/1 12/1/1 11/1/1
f 12/1/1 13/2/1 14/2/1
f 15/1/4 13/2/4 11/1/4
f 13/2/4 15/1/4 16/2/4
f 19/2/1 18/1/1 17/1/1
f 18/1/1 19/2/1 20/2/1
f 21/1/4 19/2/4 17/1/4
f 19/2/4 21/1/4 22/2/4
f 38/3/12 37/4/12 35/3/11
f 38/3/12 34/3/10 37/4/12
f 36/4/11 35/3/11 37/4/12
f 33/4/10 37/4/12 34/3/10
f 36/4/11 30/4/8 35/3/11
f 29/3/8 35/3/11 30/4/8
f 34/3/10 31/3/9 33/4/10
f 32/4/9 33/4/10 31/3/9
f 32/4/9 31/3/9 27/4/6
f 25/3/6 27/4/6 31/3/9
f 30/4/8 28/4/7 29/3/8
f 26/3/7 29/3/8 28/4/7
f 28/4/7 24/4/5 26/3/7
f 27/4/6 25/3/6 24/4/5
f 23/3/5 26/3/7 24/4/5
f 23/3/5 24/4/5 25/3/6
f 41/2/2 40/1/2 39/1/2
f 40/1/2 41/2/2 42/2/2
f 45/2/13 44/1/13 43/1/13
f 44/1/13 45/2/13 46/2/13
f 49/2/13 48/1/13 47/1/13
f 48/1/13 49/2/13 50/2/13
f 56/2/3 55/1/3 53/2/3
f 51/1/3 53/2/3 55/1/3
f 54/2/2 53/2/2 52/1/2
f 51/1/2 52/1/2 53/2/2
f 59/2/2 58/1/2 57/1/2
f 58/1/2 59/2/2 60/2/2
f 63/2/14 62/2/14 61/2/14
f 62/2/14 63/2/14 64/2/14
f 67/2/15 66/6/15 65/5/15
f 67/2/15 65/5/15 68/7/15
f 69/1/15 66/6/15 67/2/15
f 66/6/15 69/1/15 70/8/15
f 70/8/15 69/1/15 71/8/15
f 72/1/15 71/8/15 69/1/15
f 71/8/15 72/1/15 73/6/15
f 67/2/15 68/7/15 74/2/15
f 73/6/15 72/1/15 74/2/15
f 75/7/15 74/2/15 68/7/15
f 73/6/15 74/2/15 76/5/15
f 76/5/15 74/2/15 75/7/15
f 89/7/15 78/2/15 90/5/15
f 90/5/15 78/2/15 88/6/15
f 84/7/15 78/2/15 89/7/15
f 78/2/15 77/1/15 88/6/15
f 78/2/15 84/7/15 83/2/15
f 88/6/15 77/1/15 87/8/15
f 85/1/15 87/8/15 77/1/15
f 87/8/15 85/1/15 86/8/15
f 86/8/15 85/1/15 82/6/15
f 83/2/15 82/6/15 85/1/15
f 84/7/15 81/5/15 83/2/15
f 81/5/15 82/6/15 83/2/15
f 80/2/16 79/1/16 78/2/16
f 77/1/16 78/2/16 79/1/16
f 103/7/15 92/2/15 104/5/15
f 104/5/15 92/2/15 102/6/15
f 98/7/15 92/2/15 103/7/15
f 92/2/15 91/1/15 102/6/15
f 92/2/15 98/7/15 97/2/15
f 102/6/15 91/1/15 101/8/15
f 99/1/15 101/8/15 91/1/15
f 101/8/15 99/1/15 100/8/15
f 100/8/15 99/1/15 96/6/15
f 97/2/15 96/6/15 99/1/15
f 98/7/15 95/5/15 97/2/15
f 95/5/15 96/6/15 97/2/15
f 94/2/16 93/1/16 92/2/16
f 91/1/16 92/2/16 93/1/16
f 107/1/17 106/2/17 105/1/17
f 106/2/17 107/1/17 108/2/17
f 111/2/15 110/6/15 109/5/15
f 111/2/15 109/5/15 112/7/15
f 113/1/15 110/6/15 111/2/15
f 110/6/15 113/1/15 114/8/15
f 114/8/15 113/1/15 115/8/15
f 105/1/15 115/8/15 113/1/15
f 115/8/15 105/1/15 116/6/15
f 111/2/15 112/7/15 106/2/15
f 116/6/15 105/1/15 106/2/15
f 117/7/15 106/2/15 112/7/15
f 116/6/15 106/2/15 118/5/15
f 118/5/15 106/2/15 117/7/15
f 121/1/17 120/2/17 119/1/17
f 120/2/17 121/1/17 122/2/17
f 125/2/15 124/6/15 123/5/15
f 125/2/15 123/5/15 126/7/15
f 127/1/15 124/6/15 125/2/15
f 124/6/15 127/1/15 128/8/15
f 128/8/15 127/1/15 129/8/15
f 119/1/15 129/8/15 127/1/15
f 129/8/15 119/1/15 130/6/15
f 125/2/15 126/7/15 120/2/15
f 130/6/15 119/1/15 120/2/15
f 131/7/15 120/2/15 126/7/15
f 130/6/15 120/2/15 132/5/15
f 132/5/15 120/2/15 131/7/15
f 135/2/15 134/6/15 133/5/15
f 135/2/15 133/5/15 136/7/15
f 137/1/15 134/6/15 135/2/15
f 134/6/15 137/1/15 138/8/15
f 138/8/15 137/1/15 139/8/15
f 140/1/15 139/8/15 137/1/15
f 139/8/15 140/1/15 141/6/15
f 135/2/15 136/7/15 142/2/15
f 141/6/15 140/1/15 142/2/15
f 143/7/15 142/2/15 136/7/15
f 141/6/15 142/2/15 144/5/15
f 144/5/15 142/2/15 143/7/15
f 147/2/18 146/6/18 145/5/18
f 147/2/18 145/5/18 148/7/18
f 149/1/18 146/6/18 147/2/18
f 146/6/18 149/1/18 150/8/18
f 150/8/18 149/1/18 151/8/18
f 152/1/18 151/8/18 149/1/18
f 151/8/18 152/1/18 153/6/18
f 147/2/18 148/7/18 154/2/18
f 153/6/18 152/1/18 154/2/18
f 155/7/18 154/2/18 148/7/18
f 153/6/18 154/2/18 156/5/18
f 156/5/18 154/2/18 155/7/18
f 159/9/19 158/9/19 157/9/19
f 158/9/19 159/9/19 160/9/19
f 161/10/1 157/9/1 158/9/1
f 157/9/1 161/10/1 162/10/1
f 161/10/14 2/10/14 162/10/14
f 2/10/14 161/10/14 1/10/14
f 5/10/14 9/10/14 170/10/14
f 170/10/14 168/10/14 5/10/14
f 168/10/14 165/10/14 5/10/14
f 5/10/14 165/10/14 6/10/14
f 166/10/14 6/10/14 165/10/14
f 167/9/19 169/9/19 163/9/19
f 169/9/19 171/9/19 163/9/19
f 164/9/19 163/9/19 171/9/19
f 165/10/20 168/10/21 163/9/20
f 167/9/21 163/9/20 168/10/21
f 170/10/3 169/9/3 168/10/21
f 167/9/21 168/10/21 169/9/3
f 166/10/2 165/10/20 164/9/2
f 163/9/20 164/9/2 165/10/20
f 181/14/14 180/14/14 174/11/22
f 172/11/22 174/11/22 180/14/14
f 187/9/19 186/9/19 184/13/25
f 185/13/25 184/13/25 186/9/19
f 177/12/16 176/12/16 183/11/24
f 182/11/24 183/11/24 176/12/16
f 178/13/23 179/13/23 187/9/19
f 186/9/19 187/9/19 179/13/23
f 185/13/25 175/12/17 184/13/25
f 173/12/17 184/13/25 175/12/17
f 183/11/24 182/11/24 181/14/14
f 180/14/14 181/14/14 182/11/24
f 179/13/23 178/13/23 177/12/16
f 176/12/16 177/12/16 178/13/23
f 175/12/17 174/11/22 173/12/17
f 172/11/22 173/12/17 174/11/22
f 191/14/14 189/14/14 199/14/14
f 189/14/14 194/14/14 199/14/14
f 199/14/14 194/14/14 198/14/14
f 194/14/14 195/14/14 198/14/14
f 198/14/14 195/14/14 202/14/14
f 200/14/14 202/14/14 195/14/14
f 201/9/32 200/14/32 193/9/29
f 195/14/29 193/9/29 200/14/32
f 196/9/30 198/14/30 203/9/33
f 202/14/33 203/9/33 198/14/30
f 199/14/31 197/9/31 191/14/27
f 190/9/27 191/14/27 197/9/31
f 189/14/26 188/9/26 194/14/28
f 192/9/28 194/14/28 188/9/26
f 203/9/33 202/14/33 201/9/32
f 200/14/32 201/9/32 202/14/33
f 199/14/31 198/14/30 197/9/31
f 196/9/30 197/9/31 198/14/30
f 195/14/29 194/14/28 193/9/29
f 192/9/28 193/9/29 194/14/28
f 191/14/27 190/9/27 189/14/26
f 188/9/26 189/14/26 190/9/27
f 205/9/19 204/9/19 218/13/25
f 214/13/25 218/13/25 204/9/19
f 215/12/17 216/11/22 219/12/17
f 217/11/22 219/12/17 216/11/22
f 214/13/25 215/12/17 218/13/25
f 219/12/17 218/13/25 215/12/17
f 208/14/15 210/11/15 217/11/15
f 217/11/15 210/11/15 219/12/15
f 210/11/15 212/12/15 219/12/15
f 219/12/15 212/12/15 218/13/15
f 212/12/15 207/13/15 218/13/15
f 205/9/15 218/13/15 207/13/15
f 209/14/14 208/14/14 216/11/22
f 217/11/22 216/11/22 208/14/14
f 209/14/34 216/11/34 211/11/34
f 211/11/34 216/11/34 213/12/34
f 216/11/34 215/12/34 213/12/34
f 213/12/34 215/12/34 206/13/34
f 215/12/34 214/13/34 206/13/34
f 204/9/34 206/13/34 214/13/34
f 206/13/23 207/13/23 213/12/16
f 212/12/16 213/12/16 207/13/23
f 213/12/16 212/12/16 211/11/24
f 210/11/24 211/11/24 212/12/16
f 211/11/24 210/11/24 209/14/14
f 208/14/14 209/14/14 210/11/24
f 207/13/23 206/13/23 205/9/19
f 204/9/19 205/9/19 206/13/23
f 222/12/17 225/11/22 220/12/17
f 224/11/22 220/12/17 225/11/22
f 235/11/24 234/11/24 227/14/14
f 226/14/14 227/14/14 234/11/24
f 233/12/16 232/12/16 235/11/24
f 234/11/24 235/11/24 232/12/16
f 230/13/23 231/13/23 233/12/16
f 232/12/16 233/12/16 231/13/23
f 229/9/19 228/9/19 221/13/25
f 223/13/25 221/13/25 228/9/19
f 231/13/23 230/13/23 229/9/19
f 228/9/19 229/9/19 230/13/23
f 227/14/14 226/14/14 225/11/22
f 224/11/22 225/11/22 226/14/14
f 223/13/25 222/12/17 221/13/25
f 220/12/17 221/13/25 222/12/17
f 244/13/25 245/12/17 248/13/25
f 250/12/17 248/13/25 245/12/17
f 242/13/23 243/13/23 246/12/16
f 249/12/16 246/12/16 243/13/23
f 245/12/17 237/11/22 250/12/17
f 236/11/22 250/12/17 237/11/22
f 246/12/16 249/12/16 247/11/24
f 251/11/24 247/11/24 249/12/16
f 247/11/24 251/11/24 239/14/14
f 238/14/14 239/14/14 251/11/24
f 238/14/15 251/11/15 236/11/15
f 236/11/15 251/11/15 250/12/15
f 251/11/15 249/12/15 250/12/15
f 250/12/15 249/12/15 248/13/15
f 249/12/15 243/13/15 248/13/15
f 241/9/15 248/13/15 243/13/15
f 241/9/19 240/9/19 248/13/25
f 244/13/25 248/13/25 240/9/19
f 239/14/34 237/11/34 247/11/34
f 247/11/34 237/11/34 246/12/34
f 237/11/34 245/12/34 246/12/34
f 246/12/34 245/12/34 242/13/34
f 245/12/34 244/13/34 242/13/34
f 240/9/34 242/13/34 244/13/34
f 243/13/23 242/13/23 241/9/19
f 240/9/19 241/9/19 242/13/23
f 239/14/14 238/14/14 237/11/22
f 236/11/22 237/11/22 238/14/14
f 255/14/14 253/14/14 263/14/14
f 253/14/14 258/14/14 263/14/14
f 263/14/14 258/14/14 262/14/14
f 258/14/14 259/14/14 262/14/14
f 262/14/14 259/14/14 266/14/14
f 264/14/14 266/14/14 259/14/14
f 265/9/39 264/14/39 257/9/36
f 259/14/36 257/9/36 264/14/39
f 260/9/37 262/14/37 267/9/40
f 266/14/40 267/9/40 262/14/37
f 263/14/38 261/9/38 255/14/35
f 254/9/35 255/14/35 261/9/38
f 253/14/21 252/9/21 258/14/20
f 256/9/20 258/14/20 252/9/21
f 267/9/40 266/14/40 265/9/39
f 264/14/39 265/9/39 266/14/40
f 263/14/38 262/14/37 261/9/38
f 260/9/37 261/9/38 262/14/37
f 259/14/36 258/14/20 257/9/36
f 256/9/20 257/9/36 258/14/20
f 255/14/35 254/9/35 253/14/21
f 252/9/21 253/14/21 254/9/35
f 270/9/19 269/9/19 268/9/19
f 269/9/19 270/9/19 271/9/19
f 272/10/13 268/9/13 269/9/13
f 268/9/13 272/10/13 273/10/13
f 272/10/14 274/10/14 273/10/14
f 274/10/14 272/10/14 275/10/14
f 278/10/41 277/9/1 276/9/41
f 277/9/1 278/10/41 279/10/1
f 282/9/4 281/10/42 280/9/42
f 281/10/42 282/9/4 283/10/4
f 281/10/42 276/9/41 280/9/42
f 276/9/41 281/10/42 278/10/41
f 284/9/19 276/9/19 277/9/19
f 276/9/19 284/9/19 282/9/19
f 276/9/19 282/9/19 280/9/19
f 279/10/14 11/10/14 12/10/14
f 11/10/14 279/10/14 278/10/14
f 11/10/14 278/10/14 281/10/14
f 11/10/14 281/10/14 283/10/14
f 283/10/14 15/10/14 11/10/14
f 287/10/41 286/9/1 285/9/41
f 286/9/1 287/10/41 288/10/1
f 291/9/4 290/10/42 289/9/42
f 290/10/42 291/9/4 292/10/4
f 290/10/42 285/9/41 289/9/42
f 285/9/41 290/10/42 287/10/41
f 293/9/19 285/9/19 286/9/19
f 285/9/19 293/9/19 291/9/19
f 285/9/19 291/9/19 289/9/19
f 288/10/14 17/10/14 18/10/14
f 17/10/14 288/10/14 287/10/14
f 17/10/14 287/10/14 290/10/14
f 17/10/14 290/10/14 292/10/14
f 292/10/14 21/10/14 17/10/14
f 25/15/14 299/15/14 23/15/14
f 23/15/14 299/15/14 26/15/14
f 295/15/14 299/15/14 25/15/14
f 299/15/14 301/15/14 26/15/14
f 295/15/14 25/15/14 297/15/14
f 25/15/14 31/15/14 297/15/14
f 26/15/14 301/15/14 29/15/14
f 301/15/14 303/15/14 29/15/14
f 29/15/14 303/15/14 35/15/14
f 304/15/14 35/15/14 303/15/14
f 304/15/14 306/15/14 35/15/14
f 38/15/14 35/15/14 306/15/14
f 297/15/14 31/15/14 309/15/14
f 309/15/14 38/15/14 306/15/14
f 31/15/14 34/15/14 309/15/14
f 34/15/14 38/15/14 309/15/14
f 332/14/14 317/14/14 333/14/14
f 333/14/14 317/14/14 331/14/14
f 319/14/14 317/14/14 332/14/14
f 317/14/14 315/14/14 331/14/14
f 319/14/14 332/14/14 321/14/14
f 332/14/14 328/14/14 321/14/14
f 331/14/14 315/14/14 330/14/14
f 315/14/14 310/14/14 330/14/14
f 330/14/14 310/14/14 329/14/14
f 312/14/14 329/14/14 310/14/14
f 312/14/14 325/14/14 329/14/14
f 327/14/14 329/14/14 325/14/14
f 321/14/14 328/14/14 323/14/14
f 323/14/14 327/14/14 325/14/14
f 328/14/14 326/14/14 323/14/14
f 326/14/14 327/14/14 323/14/14
f 27/16/19 320/16/19 32/16/19
f 32/16/19 320/16/19 33/16/19
f 318/16/19 320/16/19 27/16/19
f 320/16/19 322/16/19 33/16/19
f 318/16/19 27/16/19 316/16/19
f 27/16/19 24/16/19 316/16/19
f 33/16/19 322/16/19 37/16/19
f 322/16/19 324/16/19 37/16/19
f 37/16/19 324/16/19 36/16/19
f 313/16/19 36/16/19 324/16/19
f 313/16/19 311/16/19 36/16/19
f 30/16/19 36/16/19 311/16/19
f 316/16/19 24/16/19 314/16/19
f 314/16/19 30/16/19 311/16/19
f 24/16/19 28/16/19 314/16/19
f 28/16/19 30/16/19 314/16/19
f 324/16/46 325/14/46 313/16/17
f 312/14/17 313/16/17 325/14/46
f 323/14/34 325/14/46 322/16/34
f 324/16/46 322/16/34 325/14/46
f 321/14/43 323/14/34 320/16/43
f 322/16/34 320/16/43 323/14/34
f 321/14/43 320/16/43 319/14/16
f 318/16/16 319/14/16 320/16/43
f 319/14/16 318/16/16 317/14/44
f 316/16/44 317/14/44 318/16/16
f 315/14/15 317/14/44 314/16/15
f 316/16/44 314/16/15 317/14/44
f 310/14/45 315/14/15 311/16/45
f 314/16/15 311/16/45 315/14/15
f 313/16/17 312/14/17 311/16/45
f 310/14/45 311/16/45 312/14/17
f 297/15/43 309/15/34 296/9/43
f 308/9/34 296/9/43 309/15/34
f 309/15/34 306/15/46 308/9/34
f 307/9/46 308/9/34 306/15/46
f 307/9/46 306/15/46 305/9/17
f 304/15/17 305/9/17 306/15/46
f 305/9/17 304/15/17 302/9/45
f 303/15/45 302/9/45 304/15/17
f 303/15/45 301/15/15 302/9/45
f 300/9/15 302/9/45 301/15/15
f 301/15/15 299/15/44 300/9/15
f 298/9/44 300/9/15 299/15/44
f 295/15/16 294/9/16 299/15/44
f 298/9/44 299/15/44 294/9/16
f 297/15/43 296/9/43 295/15/16
f 294/9/16 295/15/16 296/9/43
f 337/14/14 335/14/14 345/14/14
f 335/14/14 340/14/14 345/14/14
f 345/14/14 340/14/14 344/14/14
f 340/14/14 341/14/14 344/14/14
f 344/14/14 341/14/14 348/14/14
f 346/14/14 348/14/14 341/14/14
f 347/9/32 346/14/32 339/9/29
f 341/14/29 339/9/29 346/14/32
f 342/9/30 344/14/30 349/9/33
f 348/14/33 349/9/33 344/14/30
f 345/14/31 343/9/31 337/14/27
f 336/9/27 337/14/27 343/9/31
f 335/14/26 334/9/26 340/14/28
f 338/9/28 340/14/28 334/9/26
f 349/9/33 348/14/33 347/9/32
f 346/14/32 347/9/32 348/14/33
f 345/14/31 344/14/30 343/9/31
f 342/9/30 343/9/31 344/14/30
f 341/14/29 340/14/28 339/9/29
f 338/9/28 339/9/29 340/14/28
f 337/14/27 336/9/27 335/14/26
f 334/9/26 335/14/26 336/9/27
f 352/9/19 351/9/19 350/9/19
f 351/9/19 352/9/19 353/9/19
f 354/10/13 350/9/13 351/9/13
f 350/9/13 354/10/13 355/10/13
f 354/10/14 356/10/14 355/10/14
f 356/10/14 354/10/14 357/10/14
f 360/9/19 359/9/19 358/9/19
f 359/9/19 360/9/19 361/9/19
f 362/10/13 358/9/13 359/9/13
f 358/9/13 362/10/13 363/10/13
f 362/10/14 364/10/14 363/10/14
f 364/10/14 362/10/14 365/10/14
f 376/10/14 377/10/14 373/10/14
f 373/10/14 371/10/14 376/10/14
f 371/10/14 368/10/14 376/10/14
f 376/10/14 368/10/14 375/10/14
f 369/10/14 375/10/14 368/10/14
f 370/9/19 372/9/19 366/9/19
f 366/9/19 372/9/19 367/9/19
f 374/9/19 367/9/19 372/9/19
f 368/10/20 371/10/21 366/9/20
f 370/9/21 366/9/20 371/10/21
f 373/10/3 372/9/3 371/10/21
f 370/9/21 371/10/21 372/9/3
f 369/10/2 368/10/20 367/9/2
f 366/9/20 367/9/2 368/10/20
f 380/9/19 379/9/19 378/9/19
f 379/9/19 380/9/19 381/9/19
f 382/10/2 378/9/2 379/9/2
f 378/9/2 382/10/2 383/10/2
f 382/10/14 384/10/14 383/10/14
f 384/10/14 382/10/14 385/10/14
f 388/9/19 387/9/19 386/9/19
f 387/9/19 388/9/19 389/9/19
f 390/10/2 386/9/2 387/9/2
f 386/9/2 390/10/2 391/10/2
f 390/10/14 40/10/14 391/10/14
f 40/10/14 390/10/14 39/10/14
f 394/9/19 393/9/19 392/9/19
f 393/9/19 394/9/19 395/9/19
f 396/10/13 392/9/13 393/9/13
f 392/9/13 396/10/13 397/10/13
f 396/10/14 44/10/14 397/10/14
f 44/10/14 396/10/14 43/10/14
f 400/9/19 399/9/19 398/9/19
f 399/9/19 400/9/19 401/9/19
f 402/10/13 398/9/13 399/9/13
f 398/9/13 402/10/13 403/10/13
f 402/10/14 48/10/14 403/10/14
f 48/10/14 402/10/14 47/10/14
f 51/10/14 55/10/14 411/10/14
f 411/10/14 409/10/14 51/10/14
f 409/10/14 406/10/14 51/10/14
f 51/10/14 406/10/14 52/10/14
f 407/10/14 52/10/14 406/10/14
f 408/9/19 410/9/19 404/9/19
f 410/9/19 412/9/19 404/9/19
f 405/9/19 404/9/19 412/9/19
f 406/10/20 409/10/21 404/9/20
f 408/9/21 404/9/20 409/10/21
f 411/10/3 410/9/3 409/10/21
f 408/9/21 409/10/21 410/9/3
f 407/10/2 406/10/20 405/9/2
f 404/9/20 405/9/2 406/10/20
f 415/9/19 414/9/19 413/9/19
f 414/9/19 415/9/19 416/9/19
f 417/10/2 413/9/2 414/9/2
f 413/9/2 417/10/2 418/10/2
f 417/10/14 58/10/14 418/10/14
f 58/10/14 417/10/14 57/10/14
f 421/9/19 420/9/19 419/9/19
f 420/9/19 421/9/19 422/9/19
f 425/18/16 424/17/48 423/17/47
f 424/17/48 425/18/16 426/18/43
f 429/17/50 428/18/17 427/17/49
f 428/18/17 429/17/50 430/18/46
f 424/17/43 432/19/34 431/19/43
f 432/19/34 424/17/43 433/17/34
f 425/18/16 435/17/51 434/18/44
f 435/17/51 425/18/16 423/17/47
f 436/18/34 429/17/50 433/17/52
f 429/17/50 436/18/34 430/18/46
f 438/18/15 435/17/51 437/17/53
f 435/17/51 438/18/15 434/18/44
f 440/18/45 437/17/53 439/17/54
f 437/17/53 440/18/45 438/18/15
f 442/14/56 425/18/16 441/14/55
f 425/18/16 442/14/56 426/18/43
f 433/17/34 443/19/46 432/19/34
f 443/19/46 433/17/34 429/17/46
f 439/17/45 445/19/15 444/19/45
f 445/19/15 439/17/45 437/17/15
f 446/19/17 439/17/45 444/19/45
f 439/17/45 446/19/17 427/17/17
f 426/18/43 433/17/52 424/17/48
f 433/17/52 426/18/43 436/18/34
f 447/14/57 438/18/15 440/18/45
f 438/18/15 447/14/57 448/14/58
f 449/14/59 425/18/16 434/18/44
f 425/18/16 449/14/59 441/14/55
f 448/14/58 434/18/44 438/18/15
f 434/18/44 448/14/58 449/14/59
f 439/17/54 428/18/17 440/18/45
f 428/18/17 439/17/54 427/17/49
f 450/14/60 430/18/46 436/18/34
f 430/18/46 450/14/60 451/14/61
f 428/18/17 447/14/57 440/18/45
f 447/14/57 428/18/17 452/14/62
f 449/14/14 442/14/14 441/14/14
f 442/14/14 449/14/14 448/14/14
f 442/14/14 448/14/14 450/14/14
f 450/14/14 448/14/14 447/14/14
f 450/14/14 447/14/14 451/14/14
f 451/14/14 447/14/14 452/14/14
f 423/17/16 453/19/44 435/17/44
f 453/19/44 423/17/16 454/19/16
f 437/17/15 453/19/44 445/19/15
f 453/19/44 437/17/15 435/17/44
f 428/18/17 451/14/61 452/14/62
f 451/14/61 428/18/17 430/18/46
f 424/17/43 454/19/16 423/17/16
f 454/19/16 424/17/43 431/19/43
f 442/14/56 436/18/34 426/18/43
f 436/18/34 442/14/56 450/14/60
f 443/19/46 427/17/17 446/19/17
f 427/17/17 443/19/46 429/17/46
f 457/18/16 456/17/48 455/17/47
f 456/17/48 457/18/16 458/18/43
f 461/17/50 460/18/17 459/17/49
f 460/18/17 461/17/50 462/18/46
f 456/17/43 464/19/34 463/19/43
f 464/19/34 456/17/43 465/17/34
f 457/18/16 467/17/51 466/18/44
f 467/17/51 457/18/16 455/17/47
f 468/18/34 461/17/50 465/17/52
f 461/17/50 468/18/34 462/18/46
f 470/18/15 467/17/51 469/17/53
f 467/17/51 470/18/15 466/18/44
f 472/18/45 469/17/53 471/17/54
f 469/17/53 472/18/45 470/18/15
f 474/14/56 457/18/16 473/14/55
f 457/18/16 474/14/56 458/18/43
f 465/17/34 475/19/46 464/19/34
f 475/19/46 465/17/34 461/17/46
f 471/17/45 477/19/15 476/19/45
f 477/19/15 471/17/45 469/17/15
f 478/19/17 471/17/45 476/19/45
f 471/17/45 478/19/17 459/17/17
f 458/18/43 465/17/52 456/17/48
f 465/17/52 458/18/43 468/18/34
f 479/14/57 470/18/15 472/18/45
f 470/18/15 479/14/57 480/14/58
f 481/14/59 457/18/16 466/18/44
f 457/18/16 481/14/59 473/14/55
f 480/14/58 466/18/44 470/18/15
f 466/18/44 480/14/58 481/14/59
f 471/17/54 460/18/17 472/18/45
f 460/18/17 471/17/54 459/17/49
f 482/14/60 462/18/46 468/18/34
f 462/18/46 482/14/60 483/14/61
f 460/18/17 479/14/57 472/18/45
f 479/14/57 460/18/17 484/14/62
f 481/14/14 474/14/14 473/14/14
f 474/14/14 481/14/14 480/14/14
f 474/14/14 480/14/14 482/14/14
f 482/14/14 480/14/14 479/14/14
f 482/14/14 479/14/14 483/14/14
f 483/14/14 479/14/14 484/14/14
f 455/17/16 485/19/44 467/17/44
f 485/19/44 455/17/16 486/19/16
f 469/17/15 485/19/44 477/19/15
f 485/19/44 469/17/15 467/17/44
f 460/18/17 483/14/61 484/14/62
f 483/14/61 460/18/17 462/18/46
f 456/17/43 486/19/16 455/17/16
f 486/19/16 456/17/43 463/19/43
f 474/14/56 468/18/34 458/18/43
f 468/18/34 474/14/56 482/14/60
f 475/19/46 459/17/17 478/19/17
f 459/17/17 475/19/46 461/17/46
f 489/20/19 488/20/19 487/20/19
f 488/20/19 489/20/19 490/20/19
f 56/19/4 488/20/4 491/19/4
f 488/20/4 56/19/4 487/20/4
f 494/14/63 493/19/63 492/14/63
f 493/19/63 494/14/63 495/19/63
f 492/14/14 496/14/14 494/14/14
f 496/14/14 492/14/14 497/14/14
f 489/20/4 497/14/4 490/20/4
f 497/14/4 489/20/4 496/14/4
f 500/20/19 499/20/19 498/20/19
f 499/20/19 500/20/19 501/20/19
f 503/19/64 499/20/64 502/19/64
f 499/20/64 503/19/64 498/20/64
f 506/14/3 505/19/3 504/14/3
f 505/19/3 506/14/3 507/19/3
f 504/14/14 508/14/14 506/14/14
f 508/14/14 504/14/14 509/14/14
f 500/20/64 509/14/64 501/20/64
f 509/14/64 500/20/64 508/14/64
f 512/19/17 511/20/17 510/19/17
f 511/20/17 512/19/17 513/20/17
f 511/20/15 514/19/15 510/19/15
f 514/19/15 511/20/15 515/20/15
f 518/14/16 517/19/16 516/14/16
f 517/19/16 518/14/16 519/19/16
f 522/14/29 521/20/15 520/20/29
f 521/20/15 522/14/29 523/14/15
f 524/20/19 511/20/19 513/20/19
f 511/20/19 524/20/19 520/20/19
f 520/20/19 524/20/19 525/20/19
f 521/20/19 511/20/19 520/20/19
f 511/20/19 521/20/19 515/20/19
f 522/14/14 526/14/14 523/14/14
f 526/14/14 522/14/14 516/14/14
f 516/14/14 522/14/14 518/14/14
f 518/14/14 522/14/14 527/14/14
f 527/14/14 522/14/14 528/14/14
f 524/20/17 528/14/32 525/20/32
f 528/14/32 524/20/17 527/14/17
f 525/20/32 522/14/29 520/20/29
f 522/14/29 525/20/32 528/14/32
f 526/14/34 517/19/34 529/19/34
f 517/19/34 526/14/34 516/14/34
f 532/20/19 531/20/19 530/20/19
f 531/20/19 532/20/19 533/20/19
f 535/19/4 531/20/4 534/19/4
f 531/20/4 535/19/4 530/20/4
f 538/14/63 537/19/63 536/14/63
f 537/19/63 538/14/63 539/19/63
f 536/14/14 540/14/14 538/14/14
f 540/14/14 536/14/14 541/14/14
f 532/20/4 541/14/4 533/20/4
f 541/14/4 532/20/4 540/14/4
f 544/19/4 543/20/4 542/19/4
f 543/20/4 544/19/4 545/20/4
f 543/20/1 546/19/1 542/19/1
f 546/19/1 543/20/1 547/20/1
f 550/14/63 549/19/63 548/14/63
f 549/19/63 550/14/63 551/19/63
f 554/14/41 553/20/1 552/20/41
f 553/20/1 554/14/41 555/14/1
f 556/20/19 543/20/19 545/20/19
f 543/20/19 556/20/19 552/20/19
f 552/20/19 556/20/19 557/20/19
f 553/20/19 543/20/19 552/20/19
f 543/20/19 553/20/19 547/20/19
f 554/14/14 558/14/14 555/14/14
f 558/14/14 554/14/14 548/14/14
f 548/14/14 554/14/14 550/14/14
f 550/14/14 554/14/14 559/14/14
f 559/14/14 554/14/14 560/14/14
f 556/20/4 560/14/42 557/20/42
f 560/14/42 556/20/4 559/14/4
f 557/20/42 554/14/41 552/20/41
f 554/14/41 557/20/42 560/14/42
f 558/14/65 549/19/65 561/19/65
f 549/19/65 558/14/65 548/14/65
f 564/20/19 563/20/19 562/20/19
f 563/20/19 564/20/19 565/20/19
f 142/19/64 563/20/64 566/19/64
f 563/20/64 142/19/64 562/20/64
f 569/14/3 568/19/3 567/14/3
f 568/19/3 569/14/3 570/19/3
f 567/14/14 571/14/14 569/14/14
f 571/14/14 567/14/14 572/14/14
f 564/20/64 572/14/64 565/20/64
f 572/14/64 564/20/64 571/14/64
f 575/19/17 574/20/17 573/19/17
f 574/20/17 575/19/17 576/20/17
f 574/20/15 577/19/15 573/19/15
f 577/19/15 574/20/15 578/20/15
f 581/14/16 580/19/16 579/14/16
f 580/19/16 581/14/16 582/19/16
f 585/14/29 584/20/15 583/20/29
f 584/20/15 585/14/29 586/14/15
f 587/20/19 574/20/19 576/20/19
f 574/20/19 587/20/19 583/20/19
f 583/20/19 587/20/19 588/20/19
f 584/20/19 574/20/19 583/20/19
f 574/20/19 584/20/19 578/20/19
f 585/14/14 589/14/14 586/14/14
f 589/14/14 585/14/14 579/14/14
f 579/14/14 585/14/14 581/14/14
f 581/14/14 585/14/14 590/14/14
f 590/14/14 585/14/14 591/14/14
f 587/20/17 591/14/32 588/20/32
f 591/14/32 587/20/17 590/14/17
f 588/20/32 585/14/29 583/20/29
f 585/14/29 588/20/32 591/14/32
f 589/14/34 580/19/34 592/19/34
f 580/19/34 589/14/34 579/14/34
f 595/19/64 594/20/64 593/19/64
f 594/20/64 595/19/64 596/20/64
f 594/20/2 597/19/2 593/19/2
f 597/19/2 594/20/2 598/20/2
f 601/14/3 600/19/3 599/14/3
f 600/19/3 601/14/3 602/19/3
f 605/14/36 604/20/2 603/20/36
f 604/20/2 605/14/36 606/14/2
f 607/20/19 594/20/19 596/20/19
f 594/20/19 607/20/19 603/20/19
f 603/20/19 607/20/19 608/20/19
f 604/20/19 594/20/19 603/20/19
f 594/20/19 604/20/19 598/20/19
f 605/14/14 609/14/14 606/14/14
f 609/14/14 605/14/14 599/14/14
f 599/14/14 605/14/14 601/14/14
f 601/14/14 605/14/14 610/14/14
f 610/14/14 605/14/14 611/14/14
f 607/20/64 611/14/39 608/20/39
f 611/14/39 607/20/64 610/14/64
f 608/20/39 605/14/36 603/20/36
f 605/14/36 608/20/39 611/14/39
f 609/14/66 600/19/66 612/19/66
f 600/19/66 609/14/66 599/14/66
f 615/20/19 614/20/19 613/20/19
f 614/20/19 615/20/19 616/20/19
f 618/19/17 614/20/17 617/19/17
f 614/20/17 618/19/17 613/20/17
f 621/14/16 620/19/16 619/14/16
f 620/19/16 621/14/16 622/19/16
f 619/14/14 623/14/14 621/14/14
f 623/14/14 619/14/14 624/14/14
f 615/20/17 624/14/17 616/20/17
f 624/14/17 615/20/17 623/14/17
f 22/19/4 625/20/4 19/19/4
f 625/20/4 22/19/4 626/20/4
f 625/20/1 20/19/1 19/19/1
f 20/19/1 625/20/1 627/20/1
f 630/14/63 629/19/63 628/14/63
f 629/19/63 630/14/63 631/19/63
f 634/14/41 633/20/1 632/20/41
f 633/20/1 634/14/41 635/14/1
f 636/20/19 625/20/19 626/20/19
f 625/20/19 636/20/19 632/20/19
f 632/20/19 636/20/19 637/20/19
f 633/20/19 625/20/19 632/20/19
f 625/20/19 633/20/19 627/20/19
f 634/14/14 638/14/14 635/14/14
f 638/14/14 634/14/14 628/14/14
f 628/14/14 634/14/14 630/14/14
f 630/14/14 634/14/14 639/14/14
f 639/14/14 634/14/14 640/14/14
f 636/20/4 640/14/42 637/20/42
f 640/14/42 636/20/4 639/14/4
f 637/20/42 634/14/41 632/20/41
f 634/14/41 637/20/42 640/14/42
f 638/14/65 629/19/65 641/19/65
f 629/19/65 638/14/65 628/14/65
f 54/19/67 643/20/67 642/19/67
f 643/20/67 54/19/67 644/20/67
f 643/20/68 645/19/68 642/19/68
f 645/19/68 643/20/68 646/20/68
f 649/14/69 648/19/69 647/14/69
f 648/19/69 649/14/69 650/19/69
f 653/14/31 652/20/68 651/20/31
f 652/20/68 653/14/31 654/14/68
f 655/20/19 643/20/19 644/20/19
f 643/20/19 655/20/19 651/20/19
f 651/20/19 655/20/19 656/20/19
f 652/20/19 643/20/19 651/20/19
f 643/20/19 652/20/19 646/20/19
f 653/14/14 657/14/14 654/14/14
f 657/14/14 653/14/14 647/14/14
f 647/14/14 653/14/14 649/14/14
f 649/14/14 653/14/14 658/14/14
f 658/14/14 653/14/14 659/14/14
f 655/20/67 659/14/27 656/20/27
f 659/14/27 655/20/67 658/14/67
f 656/20/27 653/14/31 651/20/31
f 653/14/31 656/20/27 659/14/27
f 657/14/70 648/19/70 660/19/70
f 648/19/70 657/14/70 647/14/70
f 663/20/19 662/20/19 661/20/19
f 662/20/19 663/20/19 664/20/19
f 666/19/71 662/20/71 665/19/71
f 662/20/71 666/19/71 661/20/71
f 669/14/72 668/19/72 667/14/72
f 668/19/72 669/14/72 670/19/72
f 667/14/14 671/14/14 669/14/14
f 671/14/14 667/14/14 672/14/14
f 663/20/71 672/14/71 664/20/71
f 672/14/71 663/20/71 671/14/71
f 675/9/73 674/14/73 673/9/73
f 674/14/73 675/9/73 676/14/73
f 678/9/13 674/14/13 677/14/13
f 674/14/13 678/9/13 673/9/13
f 679/9/15 683/9/15 680/14/15
f 682/14/15 680/14/15 683/9/15
f 681/14/17 512/9/17 680/14/17
f 679/9/17 680/14/17 512/9/17
f 503/9/15 686/9/15 685/14/15
f 684/14/15 685/14/15 686/9/15
f 689/9/13 688/14/13 687/14/13
f 688/14/13 689/9/13 534/9/13
f 692/14/46 691/9/17 690/14/17
f 691/9/17 692/14/46 693/9/46
f 690/14/17 695/9/45 694/14/45
f 695/9/45 690/14/17 691/9/17
f 695/9/45 696/14/15 694/14/45
f 696/14/15 695/9/45 697/9/15
f 697/9/15 698/14/44 696/14/15
f 698/14/44 697/9/15 699/9/44
f 700/9/16 698/14/44 699/9/44
f 698/14/44 700/9/16 701/14/16
f 702/9/43 701/14/16 700/9/16
f 701/14/16 702/9/43 703/14/43
f 702/9/43 704/14/34 703/14/43
f 704/14/34 702/9/43 705/9/34
f 705/9/34 692/14/46 704/14/34
f 692/14/46 705/9/34 693/9/46
f 708/21/19 707/21/19 706/21/19
f 707/21/19 708/21/19 709/21/19
f 707/21/19 709/21/19 710/21/19
f 710/21/19 709/21/19 711/21/19
f 710/21/19 711/21/19 712/21/19
f 712/21/19 711/21/19 713/21/19
f 716/20/14 715/20/14 714/20/14
f 715/20/14 716/20/14 717/20/14
f 715/20/14 717/20/14 718/20/14
f 718/20/14 717/20/14 719/20/14
f 718/20/14 719/20/14 720/20/14
f 720/20/14 719/20/14 721/20/14
f 720/20/75 722/22/74 718/20/74
f 722/22/74 720/20/75 723/22/75
f 725/22/77 716/20/76 724/22/76
f 716/20/76 725/22/77 717/20/77
f 714/20/78 727/22/79 726/22/78
f 727/22/79 714/20/78 715/20/79
f 721/20/80 723/22/75 720/20/75
f 723/22/75 721/20/80 728/22/80
f 729/22/81 717/20/77 725/22/77
f 717/20/77 729/22/81 719/20/81
f 724/22/76 714/20/78 726/22/78
f 714/20/78 724/22/76 716/20/76
f 715/20/79 722/22/74 727/22/79
f 722/22/74 715/20/79 718/20/74
f 729/22/81 721/20/80 719/20/81
f 721/20/80 729/22/81 728/22/80
f 722/22/34 711/21/46 709/21/34
f 711/21/46 722/22/34 723/22/46
f 725/22/15 707/21/44 710/21/15
f 707/21/44 725/22/15 724/22/44
f 727/22/43 706/21/16 726/22/16
f 706/21/16 727/22/43 708/21/43
f 713/21/17 729/22/45 712/21/45
f 729/22/45 713/21/17 728/22/17
f 727/22/43 709/21/34 708/21/43
f 709/21/34 727/22/43 722/22/34
f 711/21/46 728/22/17 713/21/17
f 728/22/17 711/21/46 723/22/46
f 726/22/16 707/21/44 724/22/44
f 707/21/44 726/22/16 706/21/16
f 729/22/45 710/21/15 712/21/45
f 710/21/15 729/22/45 725/22/15
f 784/21/17 785/20/17 787/21/45
f 789/20/45 787/21/45 785/20/17
f 786/21/19 782/21/19 787/21/19
f 784/21/19 787/21/19 782/21/19
f 783/20/14 788/20/14 785/20/14
f 789/20/14 785/20/14 788/20/14
f 783/20/16 782/21/16 788/20/44
f 786/21/44 788/20/44 782/21/16
f 789/20/45 788/20/44 787/21/45
f 786/21/44 787/21/45 788/20/44
f 785/20/34 784/21/34 783/20/34
f 782/21/34 783/20/34 784/21/34
f 778/14/15 780/14/15 775/9/15
f 777/9/15 775/9/15 780/14/15
f 781/14/24 780/14/24 779/14/22
f 778/14/22 779/14/22 780/14/24
f 781/14/24 776/9/23 780/14/24
f 777/9/23 780/14/24 776/9/23
f 774/9/25 779/14/22 775/9/25
f 778/14/22 775/9/25 779/14/22
f 777/9/23 776/9/23 775/9/25
f 774/9/25 775/9/25 776/9/23
f 770/19/23 763/25/24 771/19/23
f 771/19/23 763/25/24 773/26/16
f 773/26/16 763/25/24 772/27/16
f 762/25/24 772/27/16 763/25/24
f 766/19/25 768/19/25 771/19/23
f 770/19/23 771/19/23 768/19/25
f 765/25/22 768/19/25 764/25/22
f 764/25/22 768/19/25 769/27/17
f 769/27/17 768/19/25 767/26/17
f 766/19/25 767/26/17 768/19/25
f 765/25/22 764/25/22 763/25/24
f 762/25/24 763/25/24 764/25/22
f 748/9/19 761/9/19 735/9/19
f 735/9/19 761/9/19 737/9/19
f 737/9/19 761/9/19 732/9/19
f 732/9/19 754/9/19 730/9/19
f 732/9/19 761/9/19 754/9/19
f 754/9/19 761/9/19 739/9/19
f 741/9/19 739/9/19 761/9/19
f 759/20/84 747/24/82 750/20/84
f 746/24/82 750/20/84 747/24/82
f 760/24/85 758/20/83 749/24/85
f 751/20/83 749/24/85 758/20/83
f 757/10/17 760/24/85 752/10/17
f 749/24/85 752/10/17 760/24/85
f 759/20/84 750/20/84 758/20/83
f 751/20/83 758/20/83 750/20/84
f 757/10/14 752/10/14 756/10/14
f 752/10/14 753/10/14 756/10/14
f 756/10/14 753/10/14 755/10/14
f 753/10/14 738/10/14 755/10/14
f 740/10/14 755/10/14 738/10/14
f 739/9/32 738/10/32 754/9/29
f 753/10/29 754/9/29 738/10/32
f 754/9/29 753/10/29 730/9/15
f 752/10/15 730/9/15 753/10/29
f 730/9/15 752/10/15 731/23/15
f 749/24/15 731/23/15 752/10/15
f 751/20/15 750/20/15 749/24/15
f 750/20/15 746/24/15 749/24/15
f 746/24/15 731/23/15 749/24/15
f 731/23/15 746/24/15 734/23/15
f 746/24/15 742/10/15 734/23/15
f 734/23/15 742/10/15 735/9/15
f 742/10/15 744/10/15 735/9/15
f 748/9/15 735/9/15 744/10/15
f 747/24/82 743/10/16 746/24/82
f 742/10/16 746/24/82 743/10/16
f 745/10/14 744/10/14 743/10/14
f 742/10/14 743/10/14 744/10/14
f 741/9/17 740/10/17 739/9/32
f 738/10/32 739/9/32 740/10/17
f 734/23/19 736/23/19 731/23/19
f 733/23/19 731/23/19 736/23/19
f 737/9/17 736/23/17 735/9/17
f 734/23/17 735/9/17 736/23/17
f 733/23/16 732/9/16 731/23/16
f 730/9/16 731/23/16 732/9/16
f 792/23/23 791/23/25 790/23/25
f 791/23/25 792/23/23 793/23/23
f 795/28/22 791/23/25 794/28/22
f 791/23/25 795/28/22 790/23/25
f 796/28/24 795/28/22 794/28/22
f 795/28/22 796/28/24 797/28/24
f 792/23/23 796/28/24 793/23/23
f 796/28/24 792/23/23 797/28/24
f 71/21/87 798/21/86 70/21/86
f 798/21/86 71/21/87 799/21/87
f 73/27/88 801/24/85 800/27/88
f 801/24/85 73/27/88 76/24/85
f 65/24/82 803/27/89 802/24/82
f 803/27/89 65/24/82 66/27/89
f 805/20/83 68/20/84 804/20/84
f 68/20/84 805/20/83 75/20/83
f 66/27/89 798/21/86 803/27/89
f 798/21/86 66/27/89 70/21/86
f 71/21/87 800/27/88 799/21/87
f 800/27/88 71/21/87 73/27/88
f 68/20/84 802/24/82 804/20/84
f 802/24/82 68/20/84 65/24/82
f 76/24/85 805/20/83 801/24/85
f 805/20/83 76/24/85 75/20/83
f 800/27/15 798/21/15 799/21/15
f 798/21/15 800/27/15 803/27/15
f 803/27/15 800/27/15 796/28/15
f 796/28/15 800/27/15 801/24/15
f 794/28/15 803/27/15 796/28/15
f 796/28/15 801/24/15 793/23/15
f 803/27/15 794/28/15 802/24/15
f 793/23/15 801/24/15 791/23/15
f 802/24/15 794/28/15 791/23/15
f 802/24/15 791/23/15 801/24/15
f 802/24/15 801/24/15 805/20/15
f 802/24/15 805/20/15 804/20/15
f 808/9/19 807/9/19 806/9/19
f 807/9/19 808/9/19 809/9/19
f 810/10/15 807/9/15 809/9/15
f 807/9/15 810/10/15 811/10/15
f 810/10/14 69/10/14 811/10/14
f 69/10/14 810/10/14 72/10/14
f 814/29/22 813/30/25 812/29/22
f 813/30/25 814/29/22 815/30/25
f 816/30/23 813/30/25 815/30/25
f 813/30/25 816/30/23 817/30/19
f 817/30/19 816/30/23 818/30/19
f 818/30/19 816/30/23 819/30/23
f 816/30/23 820/29/24 819/30/23
f 820/29/24 816/30/23 821/29/24
f 822/29/14 814/29/22 812/29/22
f 814/29/22 822/29/14 821/29/24
f 821/29/24 822/29/14 823/29/14
f 821/29/24 823/29/14 820/29/24
f 820/29/15 792/31/15 819/30/15
f 819/30/15 792/31/15 818/30/15
f 820/29/15 797/9/15 792/31/15
f 797/9/15 820/29/15 795/9/15
f 812/29/15 795/9/15 820/29/15
f 812/29/15 820/29/15 823/29/15
f 795/9/15 812/29/15 790/31/15
f 812/29/15 823/29/15 822/29/15
f 818/30/15 822/29/15 823/29/15
f 790/31/15 812/29/15 813/30/15
f 790/31/15 813/30/15 792/31/15
f 822/29/15 818/30/15 817/30/15
f 818/30/15 792/31/15 817/30/15
f 817/30/15 792/31/15 813/30/15
f 826/21/90 825/20/15 824/20/90
f 825/20/15 826/21/90 827/21/15
f 830/21/91 829/20/16 828/21/16
f 829/20/16 830/21/91 831/20/91
f 827/21/15 832/20/92 825/20/15
f 832/20/92 827/21/15 833/21/92
f 828/21/16 832/20/92 833/21/92
f 832/20/92 828/21/16 829/20/16
f 830/21/91 834/20/34 831/20/91
f 834/20/34 830/21/91 835/21/34
f 835/21/34 836/20/93 834/20/34
f 836/20/93 835/21/34 837/21/93
f 836/20/93 839/21/17 838/20/17
f 839/21/17 836/20/93 837/21/93
f 838/20/17 826/21/90 824/20/90
f 826/21/90 838/20/17 839/21/17
f 831/20/19 832/20/19 829/20/19
f 832/20/19 831/20/19 834/20/19
f 832/20/19 834/20/19 825/20/19
f 825/20/19 834/20/19 836/20/19
f 825/20/19 836/20/19 824/20/19
f 824/20/19 836/20/19 838/20/19
f 842/21/19 841/21/19 840/21/19
f 841/21/19 842/21/19 843/21/19
f 846/20/94 845/20/14 844/20/14
f 845/20/14 846/20/94 847/20/94
f 845/20/34 842/21/34 840/21/34
f 842/21/34 845/20/34 848/32/34
f 848/32/34 845/20/34 847/20/34
f 845/20/16 841/21/16 844/20/16
f 841/21/16 845/20/16 840/21/16
f 849/32/15 841/21/15 843/21/15
f 841/21/15 849/32/15 844/20/15
f 844/20/15 849/32/15 846/20/15
f 842/21/17 849/32/95 843/21/17
f 849/32/95 842/21/17 848/32/95
f 848/32/95 846/20/94 849/32/95
f 846/20/94 848/32/95 847/20/94
f 852/21/17 851/20/45 850/21/45
f 851/20/45 852/21/17 853/20/17
f 851/20/45 854/21/15 850/21/45
f 854/21/15 851/20/45 855/20/15
f 858/20/43 857/21/16 856/20/16
f 857/21/16 858/20/43 859/21/43
f 856/20/16 861/21/44 860/20/44
f 861/21/44 856/20/16 857/21/16
f 862/21/46 853/20/17 852/21/17
f 853/20/17 862/21/46 863/20/46
f 865/20/34 862/21/46 864/21/34
f 862/21/46 865/20/34 863/20/46
f 855/20/15 861/21/44 854/21/15
f 861/21/44 855/20/15 860/20/44
f 858/20/43 864/21/34 859/21/43
f 864/21/34 858/20/43 865/20/34
f 860/20/14 858/20/14 856/20/14
f 858/20/14 860/20/14 855/20/14
f 858/20/14 855/20/14 865/20/14
f 865/20/14 855/20/14 851/20/14
f 865/20/14 851/20/14 863/20/14
f 863/20/14 851/20/14 853/20/14
f 859/21/19 861/21/19 857/21/19
f 861/21/19 859/21/19 864/21/19
f 861/21/19 864/21/19 854/21/19
f 854/21/19 864/21/19 862/21/19
f 854/21/19 862/21/19 850/21/19
f 850/21/19 862/21/19 852/21/19
f 868/21/17 867/20/45 866/21/45
f 867/20/45 868/21/17 869/20/17
f 867/20/45 870/21/15 866/21/45
f 870/21/15 867/20/45 871/20/15
f 874/20/43 873/21/16 872/20/16
f 873/21/16 874/20/43 875/21/43
f 872/20/16 877/21/44 876/20/44
f 877/21/44 872/20/16 873/21/16
f 878/21/46 869/20/17 868/21/17
f 869/20/17 878/21/46 879/20/46
f 881/20/34 878/21/46 880/21/34
f 878/21/46 881/20/34 879/20/46
f 871/20/15 877/21/44 870/21/15
f 877/21/44 871/20/15 876/20/44
f 874/20/43 880/21/34 875/21/43
f 880/21/34 874/20/43 881/20/34
f 876/20/14 874/20/14 872/20/14
f 874/20/14 876/20/14 871/20/14
f 874/20/14 871/20/14 881/20/14
f 881/20/14 871/20/14 867/20/14
f 881/20/14 867/20/14 879/20/14
f 879/20/14 867/20/14 869/20/14
f 875/21/19 877/21/19 873/21/19
f 877/21/19 875/21/19 880/21/19
f 877/21/19 880/21/19 870/21/19
f 870/21/19 880/21/19 878/21/19
f 870/21/19 878/21/19 866/21/19
f 866/21/19 878/21/19 868/21/19
f 884/21/90 883/20/15 882/20/90
f 883/20/15 884/21/90 885/21/15
f 888/21/91 887/20/16 886/21/16
f 887/20/16 888/21/91 889/20/91
f 885/21/15 890/20/92 883/20/15
f 890/20/92 885/21/15 891/21/92
f 886/21/16 890/20/92 891/21/92
f 890/20/92 886/21/16 887/20/16
f 888/21/91 892/20/34 889/20/91
f 892/20/34 888/21/91 893/21/34
f 893/21/34 894/20/93 892/20/34
f 894/20/93 893/21/34 895/21/93
f 894/20/93 897/21/17 896/20/17
f 897/21/17 894/20/93 895/21/93
f 896/20/17 884/21/90 882/20/90
f 884/21/90 896/20/17 897/21/17
f 889/20/19 890/20/19 887/20/19
f 890/20/19 889/20/19 892/20/19
f 890/20/19 892/20/19 883/20/19
f 883/20/19 892/20/19 894/20/19
f 883/20/19 894/20/19 882/20/19
f 882/20/19 894/20/19 896/20/19
f 900/21/19 899/21/19 898/21/19
f 899/21/19 900/21/19 901/21/19
f 904/20/94 903/20/14 902/20/14
f 903/20/14 904/20/94 905/20/94
f 903/20/34 900/21/34 898/21/34
f 900/21/34 903/20/34 906/32/34
f 906/32/34 903/20/34 905/20/34
f 903/20/16 899/21/16 902/20/16
f 899/21/16 903/20/16 898/21/16
f 907/32/15 899/21/15 901/21/15
f 899/21/15 907/32/15 902/20/15
f 902/20/15 907/32/15 904/20/15
f 900/21/17 907/32/95 901/21/17
f 907/32/95 900/21/17 906/32/95
f 906/32/95 904/20/94 907/32/95
f 904/20/94 906/32/95 905/20/94
f 910/21/17 909/20/45 908/21/45
f 909/20/45 910/21/17 911/20/17
f 909/20/45 912/21/15 908/21/45
f 912/21/15 909/20/45 913/20/15
f 916/20/43 915/21/16 914/20/16
f 915/21/16 916/20/43 917/21/43
f 914/20/16 919/21/44 918/20/44
f 919/21/44 914/20/16 915/21/16
f 920/21/46 911/20/17 910/21/17
f 911/20/17 920/21/46 921/20/46
f 923/20/34 920/21/46 922/21/34
f 920/21/46 923/20/34 921/20/46
f 913/20/15 919/21/44 912/21/15
f 919/21/44 913/20/15 918/20/44
f 916/20/43 922/21/34 917/21/43
f 922/21/34 916/20/43 923/20/34
f 918/20/14 916/20/14 914/20/14
f 916/20/14 918/20/14 913/20/14
f 916/20/14 913/20/14 923/20/14
f 923/20/14 913/20/14 909/20/14
f 923/20/14 909/20/14 921/20/14
f 921/20/14 909/20/14 911/20/14
f 917/21/19 919/21/19 915/21/19
f 919/21/19 917/21/19 922/21/19
f 919/21/19 922/21/19 912/21/19
f 912/21/19 922/21/19 920/21/19
f 912/21/19 920/21/19 908/21/19
f 908/21/19 920/21/19 910/21/19
f 926/21/17 925/20/45 924/21/45
f 925/20/45 926/21/17 927/20/17
f 925/20/45 928/21/15 924/21/45
f 928/21/15 925/20/45 929/20/15
f 932/20/43 931/21/16 930/20/16
f 931/21/16 932/20/43 933/21/43
f 930/20/16 935/21/44 934/20/44
f 935/21/44 930/20/16 931/21/16
f 936/21/46 927/20/17 926/21/17
f 927/20/17 936/21/46 937/20/46
f 939/20/34 936/21/46 938/21/34
f 936/21/46 939/20/34 937/20/46
f 929/20/15 935/21/44 928/21/15
f 935/21/44 929/20/15 934/20/44
f 932/20/43 938/21/34 933/21/43
f 938/21/34 932/20/43 939/20/34
f 934/20/14 932/20/14 930/20/14
f 932/20/14 934/20/14 929/20/14
f 932/20/14 929/20/14 939/20/14
f 939/20/14 929/20/14 925/20/14
f 939/20/14 925/20/14 937/20/14
f 937/20/14 925/20/14 927/20/14
f 933/21/19 935/21/19 931/21/19
f 935/21/19 933/21/19 938/21/19
f 935/21/19 938/21/19 928/21/19
f 928/21/19 938/21/19 936/21/19
f 928/21/19 936/21/19 924/21/19
f 924/21/19 936/21/19 926/21/19
f 942/21/17 941/20/45 940/21/45
f 941/20/45 942/21/17 943/20/17
f 941/20/45 944/21/15 940/21/45
f 944/21/15 941/20/45 945/20/15
f 948/20/43 947/21/16 946/20/16
f 947/21/16 948/20/43 949/21/43
f 946/20/16 951/21/44 950/20/44
f 951/21/44 946/20/16 947/21/16
f 952/21/46 943/20/17 942/21/17
f 943/20/17 952/21/46 953/20/46
f 955/20/34 952/21/46 954/21/34
f 952/21/46 955/20/34 953/20/46
f 945/20/15 951/21/44 944/21/15
f 951/21/44 945/20/15 950/20/44
f 948/20/43 954/21/34 949/21/43
f 954/21/34 948/20/43 955/20/34
f 950/20/14 948/20/14 946/20/14
f 948/20/14 950/20/14 945/20/14
f 948/20/14 945/20/14 955/20/14
f 955/20/14 945/20/14 941/20/14
f 955/20/14 941/20/14 953/20/14
f 953/20/14 941/20/14 943/20/14
f 949/21/19 951/21/19 947/21/19
f 951/21/19 949/21/19 954/21/19
f 951/21/19 954/21/19 944/21/19
f 944/21/19 954/21/19 952/21/19
f 944/21/19 952/21/19 940/21/19
f 940/21/19 952/21/19 942/21/19
f 958/21/17 957/20/45 956/21/45
f 957/20/45 958/21/17 959/20/17
f 957/20/45 960/21/15 956/21/45
f 960/21/15 957/20/45 961/20/15
f 964/20/43 963/21/16 962/20/16
f 963/21/16 964/20/43 965/21/43
f 962/20/16 967/21/44 966/20/44
f 967/21/44 962/20/16 963/21/16
f 968/21/46 959/20/17 958/21/17
f 959/20/17 968/21/46 969/20/46
f 971/20/34 968/21/46 970/21/34
f 968/21/46 971/20/34 969/20/46
f 961/20/15 967/21/44 960/21/15
f 967/21/44 961/20/15 966/20/44
f 964/20/43 970/21/34 965/21/43
f 970/21/34 964/20/43 971/20/34
f 966/20/14 964/20/14 962/20/14
f 964/20/14 966/20/14 961/20/14
f 964/20/14 961/20/14 971/20/14
f 971/20/14 961/20/14 957/20/14
f 971/20/14 957/20/14 969/20/14
f 969/20/14 957/20/14 959/20/14
f 965/21/19 967/21/19 963/21/19
f 967/21/19 965/21/19 970/21/19
f 967/21/19 970/21/19 960/21/19
f 960/21/19 970/21/19 968/21/19
f 960/21/19 968/21/19 956/21/19
f 956/21/19 968/21/19 958/21/19
f 1006/21/17 1007/20/17 1009/21/45
f 1011/20/45 1009/21/45 1007/20/17
f 1008/21/19 1004/21/19 1009/21/19
f 1006/21/19 1009/21/19 1004/21/19
f 1005/20/14 1010/20/14 1007/20/14
f 1011/20/14 1007/20/14 1010/20/14
f 1005/20/16 1004/21/16 1010/20/44
f 1008/21/44 1010/20/44 1004/21/16
f 1011/20/45 1010/20/44 1009/21/45
f 1008/21/44 1009/21/45 1010/20/44
f 1007/20/34 1006/21/34 1005/20/34
f 1004/21/34 1005/20/34 1006/21/34
f 981/9/15 994/10/15 972/9/15
f 996/10/15 972/9/15 994/10/15
f 972/9/15 996/10/15 973/23/15
f 998/24/15 973/23/15 996/10/15
f 1000/20/15 1002/20/15 998/24/15
f 1002/20/15 992/24/15 998/24/15
f 992/24/15 973/23/15 998/24/15
f 973/23/15 992/24/15 976/23/15
f 992/24/15 985/10/15 976/23/15
f 976/23/15 985/10/15 977/9/15
f 985/10/15 987/10/28 977/9/15
f 983/9/28 977/9/15 987/10/28
f 1003/20/84 993/24/82 1002/20/84
f 992/24/82 1002/20/84 993/24/82
f 999/24/85 1001/20/83 998/24/85
f 1000/20/83 998/24/85 1001/20/83
f 1003/20/84 1002/20/84 1001/20/83
f 1000/20/83 1001/20/83 1002/20/84
f 997/10/17 999/24/85 996/10/17
f 998/24/85 996/10/17 999/24/85
f 991/10/26 984/9/26 987/10/28
f 983/9/28 987/10/28 984/9/26
f 990/10/16 982/9/16 991/10/26
f 984/9/26 991/10/26 982/9/16
f 997/10/14 996/10/14 995/10/14
f 994/10/14 995/10/14 996/10/14
f 993/24/82 986/10/16 992/24/82
f 985/10/16 992/24/82 986/10/16
f 991/10/14 987/10/14 990/10/14
f 990/10/14 987/10/14 989/10/14
f 989/10/14 987/10/14 988/10/14
f 988/10/14 987/10/14 986/10/14
f 985/10/14 986/10/14 987/10/14
f 984/9/19 982/9/19 983/9/19
f 983/9/19 982/9/19 977/9/19
f 977/9/19 982/9/19 979/9/19
f 979/9/19 982/9/19 974/9/19
f 974/9/19 981/9/19 972/9/19
f 974/9/19 982/9/19 981/9/19
f 980/9/19 981/9/19 982/9/19
f 976/23/19 978/23/19 973/23/19
f 975/23/19 973/23/19 978/23/19
f 979/9/17 978/23/17 977/9/17
f 976/23/17 977/9/17 978/23/17
f 975/23/16 974/9/16 973/23/16
f 972/9/16 973/23/16 974/9/16
f 1040/30/15 1014/31/15 1044/30/15
f 1044/30/15 1014/31/15 1045/30/15
f 1044/30/15 1045/30/15 1049/29/15
f 1014/31/15 1040/30/15 1012/31/15
f 1040/30/15 1039/29/15 1012/31/15
f 1050/29/15 1049/29/15 1045/30/15
f 1049/29/15 1050/29/15 1039/29/15
f 1012/31/15 1039/29/15 1017/9/15
f 1050/29/15 1047/29/15 1039/29/15
f 1047/29/15 1017/9/15 1039/29/15
f 1017/9/15 1047/29/15 1019/9/15
f 1014/31/15 1019/9/15 1047/29/15
f 1045/30/15 1014/31/15 1046/30/15
f 1046/30/15 1014/31/15 1047/29/15
f 1047/29/22 1050/29/14 1048/29/22
f 1050/29/14 1049/29/14 1048/29/22
f 1048/29/22 1049/29/14 1041/29/24
f 1039/29/24 1041/29/24 1049/29/14
f 1048/29/22 1043/30/25 1047/29/22
f 1046/30/25 1047/29/22 1043/30/25
f 1046/30/25 1043/30/25 1045/30/19
f 1045/30/19 1043/30/25 1044/30/19
f 1044/30/19 1043/30/25 1040/30/23
f 1042/30/23 1040/30/23 1043/30/25
f 1042/30/23 1041/29/24 1040/30/23
f 1039/29/24 1040/30/23 1041/29/24
f 1035/10/26 1032/9/26 1038/10/28
f 1031/9/28 1038/10/28 1032/9/26
f 1037/10/15 1038/10/28 1033/9/15
f 1031/9/28 1033/9/15 1038/10/28
f 1036/10/14 1035/10/14 79/10/14
f 79/10/14 1035/10/14 77/10/14
f 1035/10/14 1038/10/14 77/10/14
f 77/10/14 1038/10/14 85/10/14
f 1037/10/14 85/10/14 1038/10/14
f 1036/10/16 1030/9/16 1035/10/26
f 1032/9/26 1035/10/26 1030/9/16
f 1034/9/19 1033/9/19 1029/9/19
f 1031/9/19 1029/9/19 1033/9/19
f 1032/9/19 1030/9/19 1031/9/19
f 1031/9/19 1030/9/19 1029/9/19
f 1028/9/19 1029/9/19 1030/9/19
f 1026/20/15 1027/20/15 1024/24/15
f 1027/20/15 1023/24/15 1024/24/15
f 1023/24/15 1013/23/15 1024/24/15
f 1013/23/15 1016/28/15 1024/24/15
f 1013/23/15 1023/24/15 1015/23/15
f 1024/24/15 1016/28/15 1025/27/15
f 1015/23/15 1023/24/15 1018/28/15
f 1018/28/15 1025/27/15 1016/28/15
f 1023/24/15 1022/27/15 1018/28/15
f 1018/28/15 1022/27/15 1025/27/15
f 1025/27/15 1022/27/15 1020/21/15
f 1021/21/15 1020/21/15 1022/27/15
f 89/20/84 90/24/82 1027/20/84
f 1023/24/82 1027/20/84 90/24/82
f 81/24/85 84/20/83 1024/24/85
f 1026/20/83 1024/24/85 84/20/83
f 88/27/89 87/21/86 1022/27/89
f 1021/21/86 1022/27/89 87/21/86
f 86/21/87 82/27/88 1020/21/87
f 1025/27/88 1020/21/87 82/27/88
f 89/20/84 1027/20/84 84/20/83
f 1026/20/83 84/20/83 1027/20/84
f 82/27/88 81/24/85 1025/27/88
f 1024/24/85 1025/27/88 81/24/85
f 90/24/82 88/27/89 1023/24/82
f 1022/27/89 1023/24/82 88/27/89
f 1021/21/86 87/21/86 1020/21/87
f 86/21/87 1020/21/87 87/21/86
f 1019/28/22 1014/23/25 1018/28/22
f 1015/23/25 1018/28/22 1014/23/25
f 1019/28/22 1018/28/22 1017/28/24
f 1016/28/24 1017/28/24 1018/28/22
f 1012/23/23 1017/28/24 1013/23/23
f 1016/28/24 1013/23/23 1017/28/24
f 1015/23/25 1014/23/25 1013/23/23
f 1012/23/23 1013/23/23 1014/23/25
f 1076/30/15 1053/31/15 1080/30/15
f 1080/30/15 1053/31/15 1081/30/15
f 1080/30/15 1081/30/15 1085/29/15
f 1053/31/15 1076/30/15 1051/31/15
f 1076/30/15 1075/29/15 1051/31/15
f 1086/29/15 1085/29/15 1081/30/15
f 1085/29/15 1086/29/15 1075/29/15
f 1051/31/15 1075/29/15 1056/9/15
f 1086/29/15 1083/29/15 1075/29/15
f 1083/29/15 1056/9/15 1075/29/15
f 1056/9/15 1083/29/15 1058/9/15
f 1053/31/15 1058/9/15 1083/29/15
f 1081/30/15 1053/31/15 1082/30/15
f 1082/30/15 1053/31/15 1083/29/15
f 1083/29/22 1086/29/14 1084/29/22
f 1086/29/14 1085/29/14 1084/29/22
f 1084/29/22 1085/29/14 1077/29/24
f 1075/29/24 1077/29/24 1085/29/14
f 1084/29/22 1079/30/25 1083/29/22
f 1082/30/25 1083/29/22 1079/30/25
f 1082/30/25 1079/30/25 1081/30/19
f 1081/30/19 1079/30/25 1080/30/19
f 1080/30/19 1079/30/25 1076/30/23
f 1078/30/23 1076/30/23 1079/30/25
f 1078/30/23 1077/29/24 1076/30/23
f 1075/29/24 1076/30/23 1077/29/24
f 1071/10/26 1069/9/26 1074/10/28
f 1068/9/28 1074/10/28 1069/9/26
f 1073/10/15 1074/10/28 1070/9/15
f 1068/9/28 1070/9/15 1074/10/28
f 1072/10/14 1071/10/14 93/10/14
f 93/10/14 1071/10/14 91/10/14
f 1071/10/14 1074/10/14 91/10/14
f 91/10/14 1074/10/14 99/10/14
f 1073/10/14 99/10/14 1074/10/14
f 1072/10/16 1067/9/16 1071/10/26
f 1069/9/26 1071/10/26 1067/9/16
f 83/9/19 1070/9/19 78/9/19
f 1068/9/19 78/9/19 1070/9/19
f 1069/9/19 1067/9/19 1068/9/19
f 1068/9/19 1067/9/19 78/9/19
f 80/9/19 78/9/19 1067/9/19
f 1065/20/15 1066/20/15 1063/24/15
f 1066/20/15 1062/24/15 1063/24/15
f 1062/24/15 1052/23/15 1063/24/15
f 1052/23/15 1055/28/15 1063/24/15
f 1052/23/15 1062/24/15 1054/23/15
f 1063/24/15 1055/28/15 1064/27/15
f 1054/23/15 1062/24/15 1057/28/15
f 1057/28/15 1064/27/15 1055/28/15
f 1062/24/15 1061/27/15 1057/28/15
f 1057/28/15 1061/27/15 1064/27/15
f 1064/27/15 1061/27/15 1059/21/15
f 1060/21/15 1059/21/15 1061/27/15
f 103/20/84 104/24/82 1066/20/84
f 1062/24/82 1066/20/84 104/24/82
f 95/24/85 98/20/83 1063/24/85
f 1065/20/83 1063/24/85 98/20/83
f 102/27/89 101/21/86 1061/27/89
f 1060/21/86 1061/27/89 101/21/86
f 100/21/87 96/27/88 1059/21/87
f 1064/27/88 1059/21/87 96/27/88
f 103/20/84 1066/20/84 98/20/83
f 1065/20/83 98/20/83 1066/20/84
f 96/27/88 95/24/85 1064/27/88
f 1063/24/85 1064/27/88 95/24/85
f 104/24/82 102/27/89 1062/24/82
f 1061/27/89 1062/24/82 102/27/89
f 1060/21/86 101/21/86 1059/21/87
f 100/21/87 1059/21/87 101/21/86
f 1058/28/22 1053/23/25 1057/28/22
f 1054/23/25 1057/28/22 1053/23/25
f 1058/28/22 1057/28/22 1056/28/24
f 1055/28/24 1056/28/24 1057/28/22
f 1051/23/23 1056/28/24 1052/23/23
f 1055/28/24 1052/23/23 1056/28/24
f 1054/23/25 1053/23/25 1052/23/23
f 1051/23/23 1052/23/23 1053/23/25
f 1089/23/23 1088/23/25 1087/23/25
f 1088/23/25 1089/23/23 1090/23/23
f 1092/28/22 1088/23/25 1091/28/22
f 1088/23/25 1092/28/22 1087/23/25
f 1093/28/24 1092/28/22 1091/28/22
f 1092/28/22 1093/28/24 1094/28/24
f 1089/23/23 1093/28/24 1090/23/23
f 1093/28/24 1089/23/23 1094/28/24
f 115/21/87 1095/21/86 114/21/86
f 1095/21/86 115/21/87 1096/21/87
f 116/27/88 1098/24/85 1097/27/88
f 1098/24/85 116/27/88 118/24/85
f 109/24/82 1100/27/89 1099/24/82
f 1100/27/89 109/24/82 110/27/89
f 1102/20/83 112/20/84 1101/20/84
f 112/20/84 1102/20/83 117/20/83
f 110/27/89 1095/21/86 1100/27/89
f 1095/21/86 110/27/89 114/21/86
f 115/21/87 1097/27/88 1096/21/87
f 1097/27/88 115/21/87 116/27/88
f 112/20/84 1099/24/82 1101/20/84
f 1099/24/82 112/20/84 109/24/82
f 118/24/85 1102/20/83 1098/24/85
f 1102/20/83 118/24/85 117/20/83
f 1097/27/15 1095/21/15 1096/21/15
f 1095/21/15 1097/27/15 1100/27/15
f 1100/27/15 1097/27/15 1093/28/15
f 1093/28/15 1097/27/15 1098/24/15
f 1091/28/15 1100/27/15 1093/28/15
f 1093/28/15 1098/24/15 1090/23/15
f 1100/27/15 1091/28/15 1099/24/15
f 1090/23/15 1098/24/15 1088/23/15
f 1099/24/15 1091/28/15 1088/23/15
f 1099/24/15 1088/23/15 1098/24/15
f 1099/24/15 1098/24/15 1102/20/15
f 1099/24/15 1102/20/15 1101/20/15
f 1103/9/19 120/9/19 122/9/19
f 120/9/19 1103/9/19 1104/9/19
f 1104/9/19 1103/9/19 1105/9/19
f 1106/9/19 120/9/19 1104/9/19
f 120/9/19 1106/9/19 125/9/19
f 1103/9/17 1107/10/32 1105/9/32
f 1107/10/32 1103/9/17 1108/10/17
f 1110/10/14 113/10/14 1109/10/14
f 113/10/14 1110/10/14 105/10/14
f 105/10/14 1110/10/14 1107/10/14
f 105/10/14 1107/10/14 107/10/14
f 107/10/14 1107/10/14 1108/10/14
f 1110/10/29 1106/9/15 1104/9/29
f 1106/9/15 1110/10/29 1109/10/15
f 1105/9/32 1110/10/29 1104/9/29
f 1110/10/29 1105/9/32 1107/10/32
f 1113/29/22 1112/30/25 1111/29/22
f 1112/30/25 1113/29/22 1114/30/25
f 1115/30/23 1112/30/25 1114/30/25
f 1112/30/25 1115/30/23 1116/30/19
f 1116/30/19 1115/30/23 1117/30/19
f 1117/30/19 1115/30/23 1118/30/23
f 1115/30/23 1119/29/24 1118/30/23
f 1119/29/24 1115/30/23 1120/29/24
f 1121/29/14 1113/29/22 1111/29/22
f 1113/29/22 1121/29/14 1120/29/24
f 1120/29/24 1121/29/14 1122/29/14
f 1120/29/24 1122/29/14 1119/29/24
f 1119/29/15 1089/31/15 1118/30/15
f 1118/30/15 1089/31/15 1117/30/15
f 1119/29/15 1094/9/15 1089/31/15
f 1094/9/15 1119/29/15 1092/9/15
f 1111/29/15 1092/9/15 1119/29/15
f 1111/29/15 1119/29/15 1122/29/15
f 1092/9/15 1111/29/15 1087/31/15
f 1111/29/15 1122/29/15 1121/29/15
f 1117/30/15 1121/29/15 1122/29/15
f 1087/31/15 1111/29/15 1112/30/15
f 1087/31/15 1112/30/15 1089/31/15
f 1121/29/15 1117/30/15 1116/30/15
f 1117/30/15 1089/31/15 1116/30/15
f 1116/30/15 1089/31/15 1112/30/15
f 1125/23/23 1124/23/25 1123/23/25
f 1124/23/25 1125/23/23 1126/23/23
f 1128/28/22 1124/23/25 1127/28/22
f 1124/23/25 1128/28/22 1123/23/25
f 1129/28/24 1128/28/22 1127/28/22
f 1128/28/22 1129/28/24 1130/28/24
f 1125/23/23 1129/28/24 1126/23/23
f 1129/28/24 1125/23/23 1130/28/24
f 129/21/87 1131/21/86 128/21/86
f 1131/21/86 129/21/87 1132/21/87
f 130/27/88 1134/24/85 1133/27/88
f 1134/24/85 130/27/88 132/24/85
f 123/24/82 1136/27/89 1135/24/82
f 1136/27/89 123/24/82 124/27/89
f 1138/20/83 126/20/84 1137/20/84
f 126/20/84 1138/20/83 131/20/83
f 124/27/89 1131/21/86 1136/27/89
f 1131/21/86 124/27/89 128/21/86
f 129/21/87 1133/27/88 1132/21/87
f 1133/27/88 129/21/87 130/27/88
f 126/20/84 1135/24/82 1137/20/84
f 1135/24/82 126/20/84 123/24/82
f 132/24/85 1138/20/83 1134/24/85
f 1138/20/83 132/24/85 131/20/83
f 1133/27/15 1131/21/15 1132/21/15
f 1131/21/15 1133/27/15 1136/27/15
f 1136/27/15 1133/27/15 1129/28/15
f 1129/28/15 1133/27/15 1134/24/15
f 1127/28/15 1136/27/15 1129/28/15
f 1129/28/15 1134/24/15 1126/23/15
f 1136/27/15 1127/28/15 1135/24/15
f 1126/23/15 1134/24/15 1124/23/15
f 1135/24/15 1127/28/15 1124/23/15
f 1135/24/15 1124/23/15 1134/24/15
f 1135/24/15 1134/24/15 1138/20/15
f 1135/24/15 1138/20/15 1137/20/15
f 1141/9/19 1140/9/19 1139/9/19
f 1140/9/19 1141/9/19 1142/9/19
f 1142/9/19 1141/9/19 1143/9/19
f 1144/9/19 1140/9/19 1142/9/19
f 1140/9/19 1144/9/19 1145/9/19
f 1141/9/17 1146/10/32 1143/9/32
f 1146/10/32 1141/9/17 1147/10/17
f 1149/10/14 127/10/14 1148/10/14
f 127/10/14 1149/10/14 119/10/14
f 119/10/14 1149/10/14 1146/10/14
f 119/10/14 1146/10/14 121/10/14
f 121/10/14 1146/10/14 1147/10/14
f 1149/10/29 1144/9/15 1142/9/29
f 1144/9/15 1149/10/29 1148/10/15
f 1143/9/32 1149/10/29 1142/9/29
f 1149/10/29 1143/9/32 1146/10/32
f 1152/29/22 1151/30/25 1150/29/22
f 1151/30/25 1152/29/22 1153/30/25
f 1154/30/23 1151/30/25 1153/30/25
f 1151/30/25 1154/30/23 1155/30/19
f 1155/30/19 1154/30/23 1156/30/19
f 1156/30/19 1154/30/23 1157/30/23
f 1154/30/23 1158/29/24 1157/30/23
f 1158/29/24 1154/30/23 1159/29/24
f 1160/29/14 1152/29/22 1150/29/22
f 1152/29/22 1160/29/14 1159/29/24
f 1159/29/24 1160/29/14 1161/29/14
f 1159/29/24 1161/29/14 1158/29/24
f 1158/29/15 1125/31/15 1157/30/15
f 1157/30/15 1125/31/15 1156/30/15
f 1158/29/15 1130/9/15 1125/31/15
f 1130/9/15 1158/29/15 1128/9/15
f 1150/29/15 1128/9/15 1158/29/15
f 1150/29/15 1158/29/15 1161/29/15
f 1128/9/15 1150/29/15 1123/31/15
f 1150/29/15 1161/29/15 1160/29/15
f 1156/30/15 1160/29/15 1161/29/15
f 1123/31/15 1150/29/15 1151/30/15
f 1123/31/15 1151/30/15 1125/31/15
f 1160/29/15 1156/30/15 1155/30/15
f 1156/30/15 1125/31/15 1155/30/15
f 1155/30/15 1125/31/15 1151/30/15
f 1164/23/23 1163/23/25 1162/23/25
f 1163/23/25 1164/23/23 1165/23/23
f 1167/28/22 1163/23/25 1166/28/22
f 1163/23/25 1167/28/22 1162/23/25
f 1168/28/24 1167/28/22 1166/28/22
f 1167/28/22 1168/28/24 1169/28/24
f 1164/23/23 1168/28/24 1165/23/23
f 1168/28/24 1164/23/23 1169/28/24
f 139/21/87 1170/21/86 138/21/86
f 1170/21/86 139/21/87 1171/21/87
f 141/27/88 1173/24/85 1172/27/88
f 1173/24/85 141/27/88 144/24/85
f 133/24/82 1175/27/89 1174/24/82
f 1175/27/89 133/24/82 134/27/89
f 1177/20/83 136/20/84 1176/20/84
f 136/20/84 1177/20/83 143/20/83
f 134/27/89 1170/21/86 1175/27/89
f 1170/21/86 134/27/89 138/21/86
f 139/21/87 1172/27/88 1171/21/87
f 1172/27/88 139/21/87 141/27/88
f 136/20/84 1174/24/82 1176/20/84
f 1174/24/82 136/20/84 133/24/82
f 144/24/85 1177/20/83 1173/24/85
f 1177/20/83 144/24/85 143/20/83
f 1172/27/15 1170/21/15 1171/21/15
f 1170/21/15 1172/27/15 1175/27/15
f 1175/27/15 1172/27/15 1168/28/15
f 1168/28/15 1172/27/15 1173/24/15
f 1166/28/15 1175/27/15 1168/28/15
f 1168/28/15 1173/24/15 1165/23/15
f 1175/27/15 1166/28/15 1174/24/15
f 1165/23/15 1173/24/15 1163/23/15
f 1174/24/15 1166/28/15 1163/23/15
f 1174/24/15 1163/23/15 1173/24/15
f 1174/24/15 1173/24/15 1177/20/15
f 1174/24/15 1177/20/15 1176/20/15
f 74/9/19 1178/9/19 67/9/19
f 1178/9/19 74/9/19 1179/9/19
f 1180/10/15 1178/9/15 1179/9/15
f 1178/9/15 1180/10/15 1181/10/15
f 1180/10/14 137/10/14 1181/10/14
f 137/10/14 1180/10/14 140/10/14
f 1184/29/22 1183/30/25 1182/29/22
f 1183/30/25 1184/29/22 1185/30/25
f 1186/30/23 1183/30/25 1185/30/25
f 1183/30/25 1186/30/23 1187/30/19
f 1187/30/19 1186/30/23 1188/30/19
f 1188/30/19 1186/30/23 1189/30/23
f 1186/30/23 1190/29/24 1189/30/23
f 1190/29/24 1186/30/23 1191/29/24
f 1192/29/14 1184/29/22 1182/29/22
f 1184/29/22 1192/29/14 1191/29/24
f 1191/29/24 1192/29/14 1193/29/14
f 1191/29/24 1193/29/14 1190/29/24
f 1190/29/15 1164/31/15 1189/30/15
f 1189/30/15 1164/31/15 1188/30/15
f 1190/29/15 1169/9/15 1164/31/15
f 1169/9/15 1190/29/15 1167/9/15
f 1182/29/15 1167/9/15 1190/29/15
f 1182/29/15 1190/29/15 1193/29/15
f 1167/9/15 1182/29/15 1162/31/15
f 1182/29/15 1193/29/15 1192/29/15
f 1188/30/15 1192/29/15 1193/29/15
f 1162/31/15 1182/29/15 1183/30/15
f 1162/31/15 1183/30/15 1164/31/15
f 1192/29/15 1188/30/15 1187/30/15
f 1188/30/15 1164/31/15 1187/30/15
f 1187/30/15 1164/31/15 1183/30/15
f 1196/23/97 1195/23/96 1194/23/96
f 1195/23/96 1196/23/97 1197/23/97
f 1199/28/98 1195/23/96 1198/28/98
f 1195/23/96 1199/28/98 1194/23/96
f 1200/28/99 1199/28/98 1198/28/98
f 1199/28/98 1200/28/99 1201/28/99
f 1196/23/97 1200/28/99 1197/23/97
f 1200/28/99 1196/23/97 1201/28/99
f 151/21/101 1202/21/100 150/21/100
f 1202/21/100 151/21/101 1203/21/101
f 153/27/102 1205/24/103 1204/27/102
f 1205/24/103 153/27/102 156/24/103
f 145/24/104 1207/27/105 1206/24/104
f 1207/27/105 145/24/104 146/27/105
f 1209/20/107 148/20/106 1208/20/106
f 148/20/106 1209/20/107 155/20/107
f 146/27/105 1202/21/100 1207/27/105
f 1202/21/100 146/27/105 150/21/100
f 151/21/101 1204/27/102 1203/21/101
f 1204/27/102 151/21/101 153/27/102
f 148/20/106 1206/24/104 1208/20/106
f 1206/24/104 148/20/106 145/24/104
f 156/24/103 1209/20/107 1205/24/103
f 1209/20/107 156/24/103 155/20/107
f 1204/27/18 1202/21/18 1203/21/18
f 1202/21/18 1204/27/18 1207/27/18
f 1207/27/18 1204/27/18 1200/28/18
f 1200/28/18 1204/27/18 1205/24/18
f 1198/28/18 1207/27/18 1200/28/18
f 1200/28/18 1205/24/18 1197/23/18
f 1207/27/18 1198/28/18 1206/24/18
f 1197/23/18 1205/24/18 1195/23/18
f 1206/24/18 1198/28/18 1195/23/18
f 1206/24/18 1195/23/18 1205/24/18
f 1206/24/18 1205/24/18 1209/20/18
f 1206/24/18 1209/20/18 1208/20/18
f 1212/9/19 1211/9/19 1210/9/19
f 1211/9/19 1212/9/19 1213/9/19
f 1214/10/18 1211/9/18 1213/9/18
f 1211/9/18 1214/10/18 1215/10/18
f 1214/10/14 149/10/14 1215/10/14
f 149/10/14 1214/10/14 152/10/14
f 1218/29/98 1217/30/96 1216/29/98
f 1217/30/96 1218/29/98 1219/30/96
f 1220/30/97 1217/30/96 1219/30/96
f 1217/30/96 1220/30/97 1221/30/19
f 1221/30/19 1220/30/97 1222/30/19
f 1222/30/19 1220/30/97 1223/30/97
f 1220/30/97 1224/29/99 1223/30/97
f 1224/29/99 1220/30/97 1225/29/99
f 1226/29/14 1218/29/98 1216/29/98
f 1218/29/98 1226/29/14 1225/29/99
f 1225/29/99 1226/29/14 1227/29/14
f 1225/29/99 1227/29/14 1224/29/99
f 1224/29/18 1228/31/18 1223/30/18
f 1223/30/18 1228/31/18 1222/30/18
f 1224/29/18 1229/9/18 1228/31/18
f 1229/9/18 1224/29/18 1230/9/18
f 1216/29/18 1230/9/18 1224/29/18
f 1216/29/18 1224/29/18 1227/29/18
f 1230/9/18 1216/29/18 1231/31/18
f 1216/29/18 1227/29/18 1226/29/18
f 1222/30/18 1226/29/18 1227/29/18
f 1231/31/18 1216/29/18 1217/30/18
f 1231/31/18 1217/30/18 1228/31/18
f 1226/29/18 1222/30/18 1221/30/18
f 1222/30/18 1228/31/18 1221/30/18
f 1221/30/18 1228/31/18 1217/30/18
f 1234/21/90 1233/20/15 1232/20/90
f 1233/20/15 1234/21/90 1235/21/15
f 1238/21/91 1237/20/16 1236/21/16
f 1237/20/16 1238/21/91 1239/20/91
f 1235/21/15 1240/20/92 1233/20/15
f 1240/20/92 1235/21/15 1241/21/92
f 1236/21/16 1240/20/92 1241/21/92
f 1240/20/92 1236/21/16 1237/20/16
f 1238/21/91 1242/20/34 1239/20/91
f 1242/20/34 1238/21/91 1243/21/34
f 1243/21/34 1244/20/93 1242/20/34
f 1244/20/93 1243/21/34 1245/21/93
f 1244/20/93 1247/21/17 1246/20/17
f 1247/21/17 1244/20/93 1245/21/93
f 1246/20/17 1234/21/90 1232/20/90
f 1234/21/90 1246/20/17 1247/21/17
f 1239/20/19 1240/20/19 1237/20/19
f 1240/20/19 1239/20/19 1242/20/19
f 1240/20/19 1242/20/19 1233/20/19
f 1233/20/19 1242/20/19 1244/20/19
f 1233/20/19 1244/20/19 1232/20/19
f 1232/20/19 1244/20/19 1246/20/19
f 1250/21/19 1249/21/19 1248/21/19
f 1249/21/19 1250/21/19 1251/21/19
f 1254/20/94 1253/20/14 1252/20/14
f 1253/20/14 1254/20/94 1255/20/94
f 1253/20/34 1250/21/34 1248/21/34
f 1250/21/34 1253/20/34 1256/32/34
f 1256/32/34 1253/20/34 1255/20/34
f 1253/20/16 1249/21/16 1252/20/16
f 1249/21/16 1253/20/16 1248/21/16
f 1257/32/15 1249/21/15 1251/21/15
f 1249/21/15 1257/32/15 1252/20/15
f 1252/20/15 1257/32/15 1254/20/15
f 1250/21/17 1257/32/95 1251/21/17
f 1257/32/95 1250/21/17 1256/32/95
f 1256/32/95 1254/20/94 1257/32/95
f 1254/20/94 1256/32/95 1255/20/94
f 1260/21/17 1259/20/45 1258/21/45
f 1259/20/45 1260/21/17 1261/20/17
f 1259/20/45 1262/21/15 1258/21/45
f 1262/21/15 1259/20/45 1263/20/15
f 1266/20/43 1265/21/16 1264/20/16
f 1265/21/16 1266/20/43 1267/21/43
f 1264/20/16 1269/21/44 1268/20/44
f 1269/21/44 1264/20/16 1265/21/16
f 1270/21/46 1261/20/17 1260/21/17
f 1261/20/17 1270/21/46 1271/20/46
f 1273/20/34 1270/21/46 1272/21/34
f 1270/21/46 1273/20/34 1271/20/46
f 1263/20/15 1269/21/44 1262/21/15
f 1269/21/44 1263/20/15 1268/20/44
f 1266/20/43 1272/21/34 1267/21/43
f 1272/21/34 1266/20/43 1273/20/34
f 1268/20/14 1266/20/14 1264/20/14
f 1266/20/14 1268/20/14 1263/20/14
f 1266/20/14 1263/20/14 1273/20/14
f 1273/20/14 1263/20/14 1259/20/14
f 1273/20/14 1259/20/14 1271/20/14
f 1271/20/14 1259/20/14 1261/20/14
f 1267/21/19 1269/21/19 1265/21/19
f 1269/21/19 1267/21/19 1272/21/19
f 1269/21/19 1272/21/19 1262/21/19
f 1262/21/19 1272/21/19 1270/21/19
f 1262/21/19 1270/21/19 1258/21/19
f 1258/21/19 1270/21/19 1260/21/19
f 1276/21/17 1275/20/45 1274/21/45
f 1275/20/45 1276/21/17 1277/20/17
f 1275/20/45 1278/21/15 1274/21/45
f 1278/21/15 1275/20/45 1279/20/15
f 1282/20/43 1281/21/16 1280/20/16
f 1281/21/16 1282/20/43 1283/21/43
f 1280/20/16 1285/21/44 1284/20/44
f 1285/21/44 1280/20/16 1281/21/16
f 1286/21/46 1277/20/17 1276/21/17
f 1277/20/17 1286/21/46 1287/20/46
f 1289/20/34 1286/21/46 1288/21/34
f 1286/21/46 1289/20/34 1287/20/46
f 1279/20/15 1285/21/44 1278/21/15
f 1285/21/44 1279/20/15 1284/20/44
f 1282/20/43 1288/21/34 1283/21/43
f 1288/21/34 1282/20/43 1289/20/34
f 1284/20/14 1282/20/14 1280/20/14
f 1282/20/14 1284/20/14 1279/20/14
f 1282/20/14 1279/20/14 1289/20/14
f 1289/20/14 1279/20/14 1275/20/14
f 1289/20/14 1275/20/14 1287/20/14
f 1287/20/14 1275/20/14 1277/20/14
f 1283/21/19 1285/21/19 1281/21/19
f 1285/21/19 1283/21/19 1288/21/19
f 1285/21/19 1288/21/19 1278/21/19
f 1278/21/19 1288/21/19 1286/21/19
f 1278/21/19 1286/21/19 1274/21/19
f 1274/21/19 1286/21/19 1276/21/19
f 1292/21/17 1291/20/45 1290/21/45
f 1291/20/45 1292/21/17 1293/20/17
f 1291/20/45 1294/21/15 1290/21/45
f 1294/21/15 1291/20/45 1295/20/15
f 1298/20/43 1297/21/16 1296/20/16
f 1297/21/16 1298/20/43 1299/21/43
f 1296/20/16 1301/21/44 1300/20/44
f 1301/21/44 1296/20/16 1297/21/16
f 1302/21/46 1293/20/17 1292/21/17
f 1293/20/17 1302/21/46 1303/20/46
f 1305/20/34 1302/21/46 1304/21/34
f 1302/21/46 1305/20/34 1303/20/46
f 1295/20/15 1301/21/44 1294/21/15
f 1301/21/44 1295/20/15 1300/20/44
f 1298/20/43 1304/21/34 1299/21/43
f 1304/21/34 1298/20/43 1305/20/34
f 1300/20/14 1298/20/14 1296/20/14
f 1298/20/14 1300/20/14 1295/20/14
f 1298/20/14 1295/20/14 1305/20/14
f 1305/20/14 1295/20/14 1291/20/14
f 1305/20/14 1291/20/14 1303/20/14
f 1303/20/14 1291/20/14 1293/20/14
f 1299/21/19 1301/21/19 1297/21/19
f 1301/21/19 1299/21/19 1304/21/19
f 1301/21/19 1304/21/19 1294/21/19
f 1294/21/19 1304/21/19 1302/21/19
f 1294/21/19 1302/21/19 1290/21/19
f 1290/21/19 1302/21/19 1292/21/19
f 1308/10/108 1307/24/109 1306/10/108
f 1307/24/109 1308/10/108 1309/24/109
f 1306/10/14 1310/10/14 1308/10/14
f 1310/10/14 1306/10/14 1311/10/14
f 1314/10/14 1313/10/14 1312/10/14
f 1315/10/14 1313/10/14 1314/10/14
f 1313/10/14 1315/10/14 1316/10/14
f 1317/10/14 1316/10/14 1315/10/14
f 1316/10/14 1317/10/14 1318/10/14
f 1321/9/19 1320/9/19 1319/9/19
f 1320/9/19 1321/9/19 1322/9/19
f 1322/9/19 1321/9/19 1323/9/19
f 1324/9/19 1322/9/19 1323/9/19
f 1323/9/19 1321/9/19 1325/9/19
f 1325/9/19 1321/9/19 1326/9/19
f 1326/9/19 1321/9/19 1327/9/19
f 1330/20/110 1329/20/111 1328/20/110
f 1329/20/111 1330/20/110 1331/20/111
f 1333/24/112 1312/10/113 1332/24/112
f 1312/10/113 1333/24/112 1314/10/113
f 1309/24/109 1331/20/111 1307/24/109
f 1331/20/111 1309/24/109 1329/20/111
f 1328/20/110 1332/24/112 1330/20/110
f 1332/24/112 1328/20/110 1333/24/112
f 1336/23/19 1335/23/19 1334/23/19
f 1335/23/19 1336/23/19 1337/23/19
f 1323/9/108 1335/23/108 1324/9/108
f 1335/23/108 1323/9/108 1334/23/108
f 1336/23/113 1326/9/113 1337/23/113
f 1326/9/113 1336/23/113 1325/9/113
f 1318/10/113 1320/9/33 1316/10/33
f 1320/9/33 1318/10/113 1319/9/113
f 1311/10/114 1326/9/114 1327/9/114
f 1326/9/114 1311/10/114 1306/10/114
f 1326/9/114 1306/10/114 1337/23/114
f 1337/23/114 1306/10/114 1307/24/114
f 1337/23/114 1307/24/114 1335/23/114
f 1332/24/114 1335/23/114 1307/24/114
f 1332/24/114 1307/24/114 1331/20/114
f 1332/24/114 1331/20/114 1330/20/114
f 1312/10/114 1335/23/114 1332/24/114
f 1312/10/114 1324/9/114 1335/23/114
f 1313/10/30 1324/9/114 1312/10/114
f 1324/9/114 1313/10/30 1322/9/30
f 1322/9/30 1316/10/33 1320/9/33
f 1316/10/33 1322/9/30 1313/10/30
f 1340/9/116 1339/9/115 1338/9/115
f 1339/9/115 1340/9/116 1341/9/116
f 1343/14/117 1339/9/115 1342/14/117
f 1339/9/115 1343/14/117 1338/9/115
f 1340/9/116 1344/14/118 1341/9/116
f 1344/14/118 1340/9/116 1345/14/118
f 1344/14/118 1343/14/117 1342/14/117
f 1343/14/117 1344/14/118 1345/14/118
f 1344/14/114 1339/9/114 1341/9/114
f 1339/9/114 1344/14/114 1342/14/114
f 1348/21/119 1347/20/119 1346/21/119
f 1347/20/119 1348/21/119 1349/20/119
f 1352/20/43 1351/21/46 1350/21/43
f 1351/21/46 1352/20/43 1353/20/46
f 1346/21/108 1352/20/43 1350/21/43
f 1352/20/43 1346/21/108 1347/20/108
f 1352/20/14 1349/20/14 1353/20/14
f 1349/20/14 1352/20/14 1347/20/14
f 1346/21/19 1351/21/19 1348/21/19
f 1351/21/19 1346/21/19 1350/21/19
f 1349/20/113 1351/21/46 1353/20/46
f 1351/21/46 1349/20/113 1348/21/113
f 1356/9/17 1355/23/17 1354/9/17
f 1355/23/17 1356/9/17 1357/23/17
f 1360/23/16 1359/9/16 1358/23/16
f 1359/9/16 1360/23/16 1361/9/16
f 1364/9/19 1363/9/19 1362/9/19
f 1363/9/19 1364/9/19 1356/9/19
f 1354/9/19 1363/9/19 1356/9/19
f 1356/9/19 1364/9/19 1361/9/19
f 1361/9/19 1364/9/19 1359/9/19
f 1359/9/19 1364/9/19 1365/9/19
f 1368/10/14 1367/10/14 1366/10/14
f 1367/10/14 1368/10/14 1369/10/14
f 1371/24/82 1368/10/16 1370/24/82
f 1368/10/16 1371/24/82 1369/10/16
f 1374/20/83 1373/20/84 1372/20/84
f 1373/20/84 1374/20/83 1375/20/83
f 1373/20/84 1370/24/82 1372/20/84
f 1370/24/82 1373/20/84 1371/24/82
f 1377/24/85 1374/20/83 1376/24/85
f 1374/20/83 1377/24/85 1375/20/83
f 1360/23/19 1355/23/19 1357/23/19
f 1355/23/19 1360/23/19 1358/23/19
f 1378/10/15 1359/9/15 1365/9/15
f 1359/9/15 1378/10/15 1379/10/15
f 1359/9/15 1379/10/15 1358/23/15
f 1358/23/15 1379/10/15 1376/24/15
f 1358/23/15 1376/24/15 1355/23/15
f 1370/24/15 1355/23/15 1376/24/15
f 1370/24/15 1376/24/15 1374/20/15
f 1370/24/15 1374/20/15 1372/20/15
f 1368/10/15 1355/23/15 1370/24/15
f 1355/23/15 1368/10/15 1354/9/15
f 1366/10/15 1354/9/15 1368/10/15
f 1354/9/15 1366/10/15 1363/9/15
f 1380/10/17 1376/24/85 1379/10/17
f 1376/24/85 1380/10/17 1377/24/85
f 1378/10/14 1380/10/14 1379/10/14
f 1380/10/14 1378/10/14 1381/10/14
f 1384/21/17 1383/20/45 1382/21/45
f 1383/20/45 1384/21/17 1385/20/17
f 1383/20/14 1387/20/14 1386/20/14
f 1387/20/14 1383/20/14 1385/20/14
f 1384/21/19 1389/21/19 1388/21/19
f 1389/21/19 1384/21/19 1382/21/19
f 1387/20/16 1389/21/44 1386/20/44
f 1389/21/44 1387/20/16 1388/21/16
f 1383/20/45 1389/21/44 1382/21/45
f 1389/21/44 1383/20/45 1386/20/44
f 1392/9/17 1391/23/17 1390/9/17
f 1391/23/17 1392/9/17 1393/23/17
f 1396/23/16 1395/9/16 1394/23/16
f 1395/9/16 1396/23/16 1397/9/16
f 1400/9/19 1399/9/19 1398/9/19
f 1399/9/19 1400/9/19 1392/9/19
f 1390/9/19 1399/9/19 1392/9/19
f 1392/9/19 1400/9/19 1397/9/19
f 1397/9/19 1400/9/19 1395/9/19
f 1395/9/19 1400/9/19 1401/9/19
f 1401/9/19 1400/9/19 1402/9/19
f 1405/10/14 1404/10/14 1403/10/14
f 1404/10/14 1405/10/14 1406/10/14
f 1406/10/14 1405/10/14 1317/10/14
f 1317/10/14 1405/10/14 1318/10/14
f 1318/10/14 1405/10/14 1407/10/14
f 1410/10/14 1409/10/14 1408/10/14
f 1409/10/14 1410/10/14 1411/10/14
f 1400/9/17 1407/10/32 1402/9/32
f 1407/10/32 1400/9/17 1318/10/17
f 1402/9/32 1405/10/29 1401/9/29
f 1405/10/29 1402/9/32 1407/10/32
f 1413/24/82 1410/10/16 1412/24/82
f 1410/10/16 1413/24/82 1411/10/16
f 1416/20/83 1415/20/84 1414/20/84
f 1415/20/84 1416/20/83 1417/20/83
f 1415/20/84 1412/24/82 1414/20/84
f 1412/24/82 1415/20/84 1413/24/82
f 1419/24/85 1416/20/83 1418/24/85
f 1416/20/83 1419/24/85 1417/20/83
f 1396/23/19 1391/23/19 1393/23/19
f 1391/23/19 1396/23/19 1394/23/19
f 1405/10/29 1395/9/15 1401/9/29
f 1395/9/15 1405/10/29 1403/10/15
f 1395/9/15 1403/10/15 1394/23/15
f 1394/23/15 1403/10/15 1418/24/15
f 1394/23/15 1418/24/15 1391/23/15
f 1412/24/15 1391/23/15 1418/24/15
f 1412/24/15 1418/24/15 1416/20/15
f 1412/24/15 1416/20/15 1414/20/15
f 1410/10/15 1391/23/15 1412/24/15
f 1391/23/15 1410/10/15 1390/9/15
f 1408/10/15 1390/9/15 1410/10/15
f 1390/9/15 1408/10/15 1399/9/15
f 1404/10/17 1418/24/85 1403/10/17
f 1418/24/85 1404/10/17 1419/24/85
f 1422/21/17 1421/20/45 1420/21/45
f 1421/20/45 1422/21/17 1423/20/17
f 1421/20/14 1425/20/14 1424/20/14
f 1425/20/14 1421/20/14 1423/20/14
f 1422/21/19 1427/21/19 1426/21/19
f 1427/21/19 1422/21/19 1420/21/19
f 1425/20/16 1427/21/44 1424/20/44
f 1427/21/44 1425/20/16 1426/21/16
f 1421/20/45 1427/21/44 1420/21/45
f 1427/21/44 1421/20/45 1424/20/44
f 1430/21/90 1429/20/15 1428/20/90
f 1429/20/15 1430/21/90 1431/21/15
f 1434/21/91 1433/20/16 1432/21/16
f 1433/20/16 1434/21/91 1435/20/91
f 1431/21/15 1436/20/92 1429/20/15
f 1436/20/92 1431/21/15 1437/21/92
f 1432/21/16 1436/20/92 1437/21/92
f 1436/20/92 1432/21/16 1433/20/16
f 1434/21/91 1438/20/34 1435/20/91
f 1438/20/34 1434/21/91 1439/21/34
f 1439/21/34 1440/20/93 1438/20/34
f 1440/20/93 1439/21/34 1441/21/93
f 1440/20/93 1443/21/17 1442/20/17
f 1443/21/17 1440/20/93 1441/21/93
f 1442/20/17 1430/21/90 1428/20/90
f 1430/21/90 1442/20/17 1443/21/17
f 1435/20/19 1436/20/19 1433/20/19
f 1436/20/19 1435/20/19 1438/20/19
f 1436/20/19 1438/20/19 1429/20/19
f 1429/20/19 1438/20/19 1440/20/19
f 1429/20/19 1440/20/19 1428/20/19
f 1428/20/19 1440/20/19 1442/20/19
f 1446/21/19 1445/21/19 1444/21/19
f 1445/21/19 1446/21/19 1447/21/19
f 1450/20/94 1449/20/14 1448/20/14
f 1449/20/14 1450/20/94 1451/20/94
f 1449/20/34 1446/21/34 1444/21/34
f 1446/21/34 1449/20/34 1452/32/34
f 1452/32/34 1449/20/34 1451/20/34
f 1449/20/16 1445/21/16 1448/20/16
f 1445/21/16 1449/20/16 1444/21/16
f 1453/32/15 1445/21/15 1447/21/15
f 1445/21/15 1453/32/15 1448/20/15
f 1448/20/15 1453/32/15 1450/20/15
f 1446/21/17 1453/32/95 1447/21/17
f 1453/32/95 1446/21/17 1452/32/95
f 1452/32/95 1450/20/94 1453/32/95
f 1450/20/94 1452/32/95 1451/20/94
f 1456/21/17 1455/20/45 1454/21/45
f 1455/20/45 1456/21/17 1457/20/17
f 1455/20/45 1458/21/15 1454/21/45
f 1458/21/15 1455/20/45 1459/20/15
f 1462/20/43 1461/21/16 1460/20/16
f 1461/21/16 1462/20/43 1463/21/43
f 1460/20/16 1465/21/44 1464/20/44
f 1465/21/44 1460/20/16 1461/21/16
f 1466/21/46 1457/20/17 1456/21/17
f 1457/20/17 1466/21/46 1467/20/46
f 1469/20/34 1466/21/46 1468/21/34
f 1466/21/46 1469/20/34 1467/20/46
f 1459/20/15 1465/21/44 1458/21/15
f 1465/21/44 1459/20/15 1464/20/44
f 1462/20/43 1468/21/34 1463/21/43
f 1468/21/34 1462/20/43 1469/20/34
f 1464/20/14 1462/20/14 1460/20/14
f 1462/20/14 1464/20/14 1459/20/14
f 1462/20/14 1459/20/14 1469/20/14
f 1469/20/14 1459/20/14 1455/20/14
f 1469/20/14 1455/20/14 1467/20/14
f 1467/20/14 1455/20/14 1457/20/14
f 1463/21/19 1465/21/19 1461/21/19
f 1465/21/19 1463/21/19 1468/21/19
f 1465/21/19 1468/21/19 1458/21/19
f 1458/21/19 1468/21/19 1466/21/19
f 1458/21/19 1466/21/19 1454/21/19
f 1454/21/19 1466/21/19 1456/21/19
f 1472/21/17 1471/20/45 1470/21/45
f 1471/20/45 1472/21/17 1473/20/17
f 1471/20/45 1474/21/15 1470/21/45
f 1474/21/15 1471/20/45 1475/20/15
f 1478/20/43 1477/21/16 1476/20/16
f 1477/21/16 1478/20/43 1479/21/43
f 1476/20/16 1481/21/44 1480/20/44
f 1481/21/44 1476/20/16 1477/21/16
f 1482/21/46 1473/20/17 1472/21/17
f 1473/20/17 1482/21/46 1483/20/46
f 1485/20/34 1482/21/46 1484/21/34
f 1482/21/46 1485/20/34 1483/20/46
f 1475/20/15 1481/21/44 1474/21/15
f 1481/21/44 1475/20/15 1480/20/44
f 1478/20/43 1484/21/34 1479/21/43
f 1484/21/34 1478/20/43 1485/20/34
f 1480/20/14 1478/20/14 1476/20/14
f 1478/20/14 1480/20/14 1475/20/14
f 1478/20/14 1475/20/14 1485/20/14
f 1485/20/14 1475/20/14 1471/20/14
f 1485/20/14 1471/20/14 1483/20/14
f 1483/20/14 1471/20/14 1473/20/14
f 1479/21/19 1481/21/19 1477/21/19
f 1481/21/19 1479/21/19 1484/21/19
f 1481/21/19 1484/21/19 1474/21/19
f 1474/21/19 1484/21/19 1482/21/19
f 1474/21/19 1482/21/19 1470/21/19
f 1470/21/19 1482/21/19 1472/21/19
f 1488/21/17 1487/20/45 1486/21/45
f 1487/20/45 1488/21/17 1489/20/17
f 1487/20/45 1490/21/15 1486/21/45
f 1490/21/15 1487/20/45 1491/20/15
f 1494/20/43 1493/21/16 1492/20/16
f 1493/21/16 1494/20/43 1495/21/43
f 1492/20/16 1497/21/44 1496/20/44
f 1497/21/44 1492/20/16 1493/21/16
f 1498/21/46 1489/20/17 1488/21/17
f 1489/20/17 1498/21/46 1499/20/46
f 1501/20/34 1498/21/46 1500/21/34
f 1498/21/46 1501/20/34 1499/20/46
f 1491/20/15 1497/21/44 1490/21/15
f 1497/21/44 1491/20/15 1496/20/44
f 1494/20/43 1500/21/34 1495/21/43
f 1500/21/34 1494/20/43 1501/20/34
f 1496/20/14 1494/20/14 1492/20/14
f 1494/20/14 1496/20/14 1491/20/14
f 1494/20/14 1491/20/14 1501/20/14
f 1501/20/14 1491/20/14 1487/20/14
f 1501/20/14 1487/20/14 1499/20/14
f 1499/20/14 1487/20/14 1489/20/14
f 1495/21/19 1497/21/19 1493/21/19
f 1497/21/19 1495/21/19 1500/21/19
f 1497/21/19 1500/21/19 1490/21/19
f 1490/21/19 1500/21/19 1498/21/19
f 1490/21/19 1498/21/19 1486/21/19
f 1486/21/19 1498/21/19 1488/21/19
f 1502/34/13 274/33/13 275/33/13
f 274/33/13 1502/34/13 1503/34/13
f 329/34/16 1504/35/16 330/34/43
f 1506/35/43 330/34/43 1504/35/16
f 327/34/44 1505/35/44 329/34/16
f 1504/35/16 329/34/16 1505/35/44
f 327/34/44 326/34/15 1505/35/44
f 1508/35/15 1505/35/44 326/34/15
f 326/34/15 328/34/45 1508/35/15
f 1509/35/45 1508/35/15 328/34/45
f 1509/35/45 328/34/45 1511/35/17
f 332/34/17 1511/35/17 328/34/45
f 1511/35/17 332/34/17 1510/35/46
f 333/34/46 1510/35/46 332/34/17
f 333/34/46 331/34/34 1510/35/46
f 1507/35/34 1510/35/46 331/34/34
f 331/34/34 330/34/43 1507/35/34
f 1506/35/43 1507/35/34 330/34/43
f 1511/35/14 1510/35/14 1509/35/14
f 1510/35/14 1507/35/14 1509/35/14
f 1509/35/14 1507/35/14 1508/35/14
f 1508/35/14 1507/35/14 1505/35/14
f 1507/35/14 1506/35/14 1505/35/14
f 1504/35/14 1505/35/14 1506/35/14
f 1512/34/13 356/33/13 357/33/13
f 356/33/13 1512/34/13 1513/34/13
f 1514/34/13 364/33/13 365/33/13
f 364/33/13 1514/34/13 1515/34/13
f 1518/34/3 377/33/3 1516/34/3
f 376/33/3 1516/34/3 377/33/3
f 1517/34/2 1516/34/2 375/33/2
f 376/33/2 375/33/2 1516/34/2
f 1519/34/2 384/33/2 385/33/2
f 384/33/2 1519/34/2 1520/34/2
f 1522/36/14 495/36/14 1521/36/14
f 495/36/14 1522/36/14 493/36/14
f 1524/36/14 507/36/14 1523/36/14
f 507/36/14 1524/36/14 505/36/14
f 517/36/14 1525/36/14 529/36/14
f 1525/36/14 517/36/14 519/36/14
f 1527/36/14 539/36/14 1526/36/14
f 539/36/14 1527/36/14 537/36/14
f 549/36/14 1528/36/14 561/36/14
f 1528/36/14 549/36/14 551/36/14
f 1530/36/14 570/36/14 1529/36/14
f 570/36/14 1530/36/14 568/36/14
f 580/36/14 1531/36/14 592/36/14
f 1531/36/14 580/36/14 582/36/14
f 600/36/14 1532/36/14 612/36/14
f 1532/36/14 600/36/14 602/36/14
f 1534/36/14 622/36/14 1533/36/14
f 622/36/14 1534/36/14 620/36/14
f 629/36/14 1535/36/14 641/36/14
f 1535/36/14 629/36/14 631/36/14
f 648/36/14 1536/36/14 660/36/14
f 1536/36/14 648/36/14 650/36/14
f 1538/36/14 670/36/14 1537/36/14
f 670/36/14 1538/36/14 668/36/14
f 736/41/15 771/36/15 733/41/15
f 771/36/15 736/41/15 766/36/15
f 771/36/15 773/43/15 733/41/15
f 766/36/15 736/41/15 767/43/15
f 773/43/15 772/42/15 733/41/15
f 773/43/15 767/43/15 772/42/15
f 767/43/15 736/41/15 769/42/15
f 769/42/15 772/42/15 767/43/15
f 772/42/15 762/40/15 733/41/15
f 769/42/15 736/41/15 764/40/15
f 733/41/15 762/40/15 732/39/15
f 764/40/15 732/39/15 762/40/15
f 736/41/15 737/39/15 764/40/15
f 732/39/15 764/40/15 737/39/15
f 757/33/15 756/33/15 760/37/15
f 1539/34/15 760/37/15 756/33/15
f 758/38/15 760/37/15 1539/34/15
f 1541/34/15 758/38/15 1539/34/15
f 758/38/15 1541/34/15 759/38/15
f 759/38/15 1541/34/15 747/37/15
f 747/37/15 1541/34/15 743/33/15
f 745/33/15 743/33/15 1541/34/15
f 755/33/17 1540/34/17 756/33/17
f 1539/34/17 756/33/17 1540/34/17
f 1548/39/15 1547/39/15 1546/34/15
f 1545/34/15 1546/34/15 1547/39/15
f 997/33/15 995/33/15 999/37/15
f 1544/34/15 999/37/15 995/33/15
f 1001/38/15 999/37/15 1544/34/15
f 1542/34/15 1001/38/15 1544/34/15
f 1001/38/15 1542/34/15 1003/38/15
f 1003/38/15 1542/34/15 993/37/15
f 993/37/15 1542/34/15 986/33/15
f 988/33/15 986/33/15 1542/34/15
f 1543/34/16 989/33/16 1542/34/16
f 988/33/16 1542/34/16 989/33/16
f 1549/34/114 1308/33/114 1310/33/114
f 1308/33/114 1549/34/114 1309/37/114
f 1309/37/114 1549/34/114 1550/38/114
f 1329/38/114 1309/37/114 1550/38/114
f 1550/38/114 1549/34/114 1329/38/114
f 1329/38/114 1549/34/114 1328/38/114
f 1328/38/114 1549/34/114 1551/38/114
f 1552/34/114 1551/38/114 1549/34/114
f 1551/38/114 1333/37/114 1328/38/114
f 1552/34/114 1333/37/114 1551/38/114
f 1315/33/114 1333/37/114 1552/34/114
f 1333/37/114 1315/33/114 1314/33/114
f 1336/41/114 1323/39/114 1325/39/114
f 1323/39/114 1336/41/114 1334/41/114
f 681/34/113 1315/33/113 1552/34/113
f 1315/33/113 681/34/113 1317/33/113
f 1553/34/15 1380/33/15 1381/33/15
f 1380/33/15 1553/34/15 1377/37/15
f 1377/37/15 1553/34/15 1375/38/15
f 1375/38/15 1553/34/15 1373/38/15
f 1554/34/15 1373/38/15 1553/34/15
f 1554/34/15 1371/37/15 1373/38/15
f 1367/33/15 1371/37/15 1554/34/15
f 1371/37/15 1367/33/15 1369/33/15
f 1317/33/17 1555/34/17 1406/33/17
f 1555/34/17 1317/33/17 681/34/17
f 1555/34/15 1404/33/15 1406/33/15
f 1404/33/15 1555/34/15 1419/37/15
f 1419/37/15 1555/34/15 1417/38/15
f 1417/38/15 1555/34/15 1415/38/15
f 1556/34/15 1415/38/15 1555/34/15
f 1556/34/15 1413/37/15 1415/38/15
f 1409/33/15 1413/37/15 1556/34/15
f 1413/37/15 1409/33/15 1411/33/15
f 1559/45/34 1558/44/34 1557/44/34
f 1558/44/34 1559/45/34 1560/45/34
f 1563/45/15 1562/44/15 1561/44/15
f 1562/44/15 1563/45/15 1564/45/15
f 1559/45/120 1562/44/120 1564/45/120
f 1562/44/120 1559/45/120 1557/44/120
f 1563/45/121 1559/45/121 1564/45/121
f 1559/45/121 1563/45/121 1560/45/121
f 1558/44/122 1563/45/122 1561/44/122
f 1563/45/122 1558/44/122 1560/45/122
f 1558/44/123 1562/44/123 1557/44/123
f 1562/44/123 1558/44/123 1561/44/123
f 1567/45/34 1566/44/34 1565/44/34
f 1566/44/34 1567/45/34 1568/45/34
f 1571/45/15 1570/44/15 1569/44/15
f 1570/44/15 1571/45/15 1572/45/15
f 1567/45/124 1570/44/124 1572/45/124
f 1570/44/124 1567/45/124 1565/44/124
f 1571/45/125 1567/45/125 1572/45/125
f 1567/45/125 1571/45/125 1568/45/125
f 1566/44/126 1571/45/126 1569/44/126
f 1571/45/126 1566/44/126 1568/45/126
f 1566/44/127 1570/44/127 1565/44/127
f 1570/44/127 1566/44/127 1569/44/127
f 1575/45/34 1574/44/34 1573/44/34
f 1574/44/34 1575/45/34 1576/45/34
f 1579/45/15 1578/44/15 1577/44/15
f 1578/44/15 1579/45/15 1580/45/15
f 1575/45/128 1578/44/128 1580/45/128
f 1578/44/128 1575/45/128 1573/44/128
f 1579/45/129 1575/45/129 1580/45/129
f 1575/45/129 1579/45/129 1576/45/129
f 1574/44/130 1579/45/130 1577/44/130
f 1579/45/130 1574/44/130 1576/45/130
f 1574/44/131 1578/44/131 1573/44/131
f 1578/44/131 1574/44/131 1577/44/131
f 1583/45/34 1582/44/34 1581/44/34
f 1582/44/34 1583/45/34 1584/45/34
f 1587/45/15 1586/44/15 1585/44/15
f 1586/44/15 1587/45/15 1588/45/15
f 1583/45/132 1586/44/132 1588/45/132
f 1586/44/132 1583/45/132 1581/44/132
f 1587/45/133 1583/45/133 1588/45/133
f 1583/45/133 1587/45/133 1584/45/133
f 1582/44/134 1587/45/134 1585/44/134
f 1587/45/134 1582/44/134 1584/45/134
f 1582/44/135 1586/44/135 1581/44/135
f 1586/44/135 1582/44/135 1585/44/135
f 1591/46/24 1590/46/22 1589/46/22
f 1590/46/22 1591/46/24 1592/46/24
f 1594/47/23 1591/46/24 1593/47/23
f 1591/46/24 1594/47/23 1592/46/24
f 1594/47/23 1596/47/25 1595/47/25
f 1596/47/25 1594/47/23 1593/47/23
f 1590/46/22 1596/47/25 1589/46/22
f 1596/47/25 1590/46/22 1595/47/25
f 1597/48/15 1589/46/15 1596/47/15
f 1597/48/15 1596/47/15 1593/47/15
f 1589/46/15 1597/48/15 1598/49/15
f 1597/48/15 1593/47/15 1599/48/15
f 1598/49/15 1591/46/15 1589/46/15
f 1591/46/15 1599/48/15 1593/47/15
f 1600/49/15 1591/46/15 1598/49/15
f 1591/46/15 1600/49/15 1599/48/15
f 1603/46/24 1602/46/22 1601/46/22
f 1602/46/22 1603/46/24 1604/46/24
f 1606/47/23 1603/46/24 1605/47/23
f 1603/46/24 1606/47/23 1604/46/24
f 1606/47/23 1608/47/25 1607/47/25
f 1608/47/25 1606/47/23 1605/47/23
f 1602/46/22 1608/47/25 1601/46/22
f 1608/47/25 1602/46/22 1607/47/25
f 1609/48/15 1601/46/15 1608/47/15
f 1609/48/15 1608/47/15 1605/47/15
f 1601/46/15 1609/48/15 1610/49/15
f 1609/48/15 1605/47/15 1611/48/15
f 1610/49/15 1603/46/15 1601/46/15
f 1603/46/15 1611/48/15 1605/47/15
f 1612/49/15 1603/46/15 1610/49/15
f 1603/46/15 1612/49/15 1611/48/15

usemtl colormap-specular

f 770/51/15 768/51/15 763/50/15
f 765/50/15 763/50/15 768/51/15
f 816/53/15 814/52/15 821/52/15
f 814/52/15 816/53/15 815/53/15
f 1042/53/15 1043/53/15 1041/52/15
f 1048/52/15 1041/52/15 1043/53/15
f 1078/53/15 1079/53/15 1077/52/15
f 1084/52/15 1077/52/15 1079/53/15
f 1115/53/15 1113/52/15 1120/52/15
f 1113/52/15 1115/53/15 1114/53/15
f 1154/53/15 1152/52/15 1159/52/15
f 1152/52/15 1154/53/15 1153/53/15
f 1186/53/15 1184/52/15 1191/52/15
f 1184/52/15 1186/53/15 1185/53/15
f 1220/53/18 1218/52/18 1225/52/18
f 1218/52/18 1220/53/18 1219/53/18
f 1615/54/15 1614/55/15 1613/54/15
f 1614/55/15 1615/54/15 1616/55/15
f 1619/54/15 1618/55/15 1617/54/15
f 1618/55/15 1619/54/15 1620/55/15

