# Created by Kenney (www.kenney.nl)

mtllib building-n.mtl

g building-n

v -0.82 0.45 1.22 1 1 1
v -0.8200001 0.45 0.82 1 1 1
v -0.82 0.8 1.22 1 1 1
v -0.8200001 0.8 0.82 1 1 1
v -0.42 0.45 1.22 1 1 1
v -0.42 0.8 1.22 1 1 1
v -0.02000004 0.45 1.22 1 1 1
v -0.01999998 0.45 0.82 1 1 1
v -0.02000004 0.8 1.22 1 1 1
v -0.01999998 0.8 0.82 1 1 1
v -0.4200001 0.45 1.22 1 1 1
v -0.4200001 0.8 1.22 1 1 1
v -0.01999998 0.8 0.01999998 1 1 1
v -0.1016312 0.881014 0.01999998 1 1 1
v -0.42 0.8 0.01999998 1 1 1
v -0.42 1 0.01999998 1 1 1
v -0.1984797 0.9430407 0.01999998 1 1 1
v -0.30621 0.9833034 0.01999998 1 1 1
v -0.8200001 0.8 0.01999998 1 1 1
v -0.7383688 0.881014 0.01999998 1 1 1
v -0.42 0.8 0.01999998 1 1 1
v -0.42 1 0.01999998 1 1 1
v -0.6415204 0.9430407 0.01999998 1 1 1
v -0.53379 0.9833034 0.01999998 1 1 1
v -0.01999998 0.8 1.22 1 1 1
v -0.1016312 0.881014 1.22 1 1 1
v -0.42 0.8 1.22 1 1 1
v -0.42 1 1.22 1 1 1
v -0.1984797 0.9430407 1.22 1 1 1
v -0.30621 0.9833034 1.22 1 1 1
v -0.82 1.2 0.8200002 1 1 1
v -0.82 0.85 0.8200002 1 1 1
v -0.4199999 1.2 0.8200001 1 1 1
v -0.4199999 0.85 0.8200001 1 1 1
v -0.42 0.85 0.4200001 1 1 1
v -0.42 1.2 0.4200001 1 1 1
v -0.8200001 0.85 0.4200001 1 1 1
v -0.8200001 1.2 0.4200001 1 1 1
v -0.8200001 0.8 1.22 1 1 1
v -0.7383688 0.881014 1.22 1 1 1
v -0.42 0.8 1.22 1 1 1
v -0.42 1 1.22 1 1 1
v -0.6415204 0.9430407 1.22 1 1 1
v -0.53379 0.9833034 1.22 1 1 1
v -0.8200001 0.45 0.8199999 1 1 1
v -0.8200001 0.45 0.4199999 1 1 1
v -0.8200001 0.8 0.8199999 1 1 1
v -0.8200001 0.8 0.4199999 1 1 1
v -0.675 -2.448977E-09 -0.1300001 1 1 1
v -0.695 -4.408172E-09 -0.1500001 1 1 1
v -0.675 2.449003E-09 -0.05500007 1 1 1
v -0.695 3.102065E-09 -0.03500007 1 1 1
v -0.77 6.530663E-10 -0.03500007 1 1 1
v -0.77 -6.857171E-09 -0.1500001 1 1 1
v -0.79 -1.306128E-09 -0.05500007 1 1 1
v -0.79 -6.204109E-09 -0.1300001 1 1 1
v -0.525 -2.448977E-09 -0.1300001 1 1 1
v -0.545 -4.408172E-09 -0.1500001 1 1 1
v -0.525 2.449003E-09 -0.05500007 1 1 1
v -0.545 3.102065E-09 -0.03500007 1 1 1
v -0.62 6.530663E-10 -0.03500007 1 1 1
v -0.62 -6.857171E-09 -0.1500001 1 1 1
v -0.64 -1.306128E-09 -0.05500007 1 1 1
v -0.64 -6.204109E-09 -0.1300001 1 1 1
v -0.08276405 0.9045557 0.8200002 1 1 1
v -0.1120534 0.9045557 0.7492895 1 1 1
v -0.1120534 0.9045557 0.8907108 1 1 1
v -0.1827641 0.9045557 0.9200002 1 1 1
v -0.1827641 0.9045557 0.7200001 1 1 1
v -0.2534747 0.9045557 0.8907108 1 1 1
v -0.2534747 0.9045557 0.7492895 1 1 1
v -0.282764 0.9045557 0.8200002 1 1 1
v -0.1827641 1.904556 0.8733523 1 1 1
v -0.1450384 1.904556 0.8577259 1 1 1
v -0.1827641 1.904556 0.8950002 1 1 1
v -0.2204897 1.904556 0.8577259 1 1 1
v -0.129731 1.904556 0.8730332 1 1 1
v -0.2357971 1.904556 0.8730332 1 1 1
v -0.1294119 1.904556 0.8200002 1 1 1
v -0.1077641 1.904556 0.8200002 1 1 1
v -0.129731 1.904556 0.7669672 1 1 1
v -0.1450384 1.904556 0.7822745 1 1 1
v -0.1827641 1.904556 0.7450002 1 1 1
v -0.1827641 1.904556 0.766648 1 1 1
v -0.2361162 1.904556 0.8200002 1 1 1
v -0.257764 1.904556 0.8200002 1 1 1
v -0.2357971 1.904556 0.7669672 1 1 1
v -0.2204897 1.904556 0.7822745 1 1 1
v -0.82 0.45 0.02000004 1 1 1
v -0.82 0.8 0.02000004 1 1 1
v -0.82 0.45 0.42 1 1 1
v -0.82 0.8 0.42 1 1 1
v -0.47 0.7 0.02000004 1 1 1
v -0.47 0.56 0.02000004 1 1 1
v -0.42 0.8 0.02000004 1 1 1
v -0.49 0.72 0.02000004 1 1 1
v -0.42 0.45 0.02000004 1 1 1
v -0.49 0.54 0.02000004 1 1 1
v -0.75 0.54 0.02000004 1 1 1
v -0.77 0.56 0.02000004 1 1 1
v -0.75 0.72 0.02000004 1 1 1
v -0.77 0.7 0.02000004 1 1 1
v -0.02000004 0.45 0.02000004 1 1 1
v -0.02000004 0.8 0.02000004 1 1 1
v -0.02000004 0.45 0.42 1 1 1
v -0.02000004 0.8 0.42 1 1 1
v -0.37 0.7 0.02000004 1 1 1
v -0.37 0.56 0.02000004 1 1 1
v -0.35 0.72 0.02000004 1 1 1
v -0.35 0.54 0.02000004 1 1 1
v -0.09000003 0.54 0.02000004 1 1 1
v -0.07000004 0.56 0.02000004 1 1 1
v -0.09000003 0.72 0.02000004 1 1 1
v -0.07000004 0.7 0.02000004 1 1 1
v -0.0199999 0.68 0.77 1 1 1
v -0.0199999 0.52 0.77 1 1 1
v -0.01999991 0.8 0.82 1 1 1
v -0.0199999 0.7 0.7499999 1 1 1
v -0.01999991 0.45 0.82 1 1 1
v -0.0199999 0.5 0.7499999 1 1 1
v -0.01999987 0.5 0.4899999 1 1 1
v -0.01999986 0.45 0.4199998 1 1 1
v -0.01999987 0.52 0.4699998 1 1 1
v -0.01999986 0.8 0.4199998 1 1 1
v -0.01999987 0.7 0.4899999 1 1 1
v -0.01999987 0.68 0.4699998 1 1 1
v -0.84 0.4 1.22 1 1 1
v -0.84 0.4 0.82 1 1 1
v -0.84 0.45 1.22 1 1 1
v -0.84 0.45 0.82 1 1 1
v -0.82 0.4 1.24 1 1 1
v -0.82 0.45 1.24 1 1 1
v -0.42 0.4 1.24 1 1 1
v -0.42 0.45 1.24 1 1 1
v -0.42 0.4 0.8199999 1 1 1
v -4.470348E-08 0.4 1.22 1 1 1
v 1.490116E-08 0.4 0.82 1 1 1
v -4.470348E-08 0.45 1.22 1 1 1
v 1.490116E-08 0.45 0.82 1 1 1
v -0.02000004 0.4 1.24 1 1 1
v -0.02000004 0.45 1.24 1 1 1
v -0.4200001 0.4 1.24 1 1 1
v -0.4200001 0.45 1.24 1 1 1
v -4.470348E-08 1.127987E-17 0.8199999 1 1 1
v 1.490116E-08 1.127987E-17 0.4199999 1 1 1
v -0.4200001 1.127987E-17 0.8199999 1 1 1
v -0.42 1.127987E-17 0.4199998 1 1 1
v 1.490116E-08 0.05 0.4199999 1 1 1
v -4.470348E-08 0.05 0.8199999 1 1 1
v -0.02000003 0.05 0.8199999 1 1 1
v -0.01999997 0.05 0.4199999 1 1 1
v -0.84 0 1.22 1 1 1
v -0.84 0 0.82 1 1 1
v -0.84 0.05 1.22 1 1 1
v -0.84 0.05 0.82 1 1 1
v -0.82 0 1.24 1 1 1
v -0.82 0.05 1.24 1 1 1
v -0.42 0 1.24 1 1 1
v -0.42 0.05 1.24 1 1 1
v -0.42 0 0.8199999 1 1 1
v -0.8200001 0.05 0.82 1 1 1
v -0.82 0.05 1.22 1 1 1
v -0.42 0.05 1.22 1 1 1
v -4.470348E-08 0 1.22 1 1 1
v 1.490116E-08 0 0.82 1 1 1
v -4.470348E-08 0.05 1.22 1 1 1
v 1.490116E-08 0.05 0.82 1 1 1
v -0.02000004 0 1.24 1 1 1
v -0.02000004 0.05 1.24 1 1 1
v -0.4200001 0 1.24 1 1 1
v -0.4200001 0.05 1.24 1 1 1
v -0.01999998 0.05 0.82 1 1 1
v -0.02000004 0.05 1.22 1 1 1
v -0.4200001 0.05 1.22 1 1 1
v 0.03662182 0.7860727 0.42 1 1 1
v 0.001132568 0.8212936 0.42 1 1 1
v 0.03662182 0.7860727 0.01999998 1 1 1
v 0.02622726 0.7963886 -0.01535536 1 1 1
v 0.001132568 0.8212936 -0.03000002 1 1 1
v -0.08276395 0.9045557 0.42 1 1 1
v -0.08276395 0.9045557 -0.03000002 1 1 1
v -0.298697 1.012522 0.42 1 1 1
v -0.42 1.030321 0.42 1 1 1
v -0.298697 1.012522 -0.03000002 1 1 1
v -0.42 1.030321 -0.03000002 1 1 1
v -0.1849875 0.9700249 0.42 1 1 1
v -0.1849875 0.9700249 -0.03000002 1 1 1
v -0.8766218 0.7860727 0.4 1 1 1
v -0.8624262 0.800161 0.42 1 1 1
v -0.8766218 0.7860727 0.01999998 1 1 1
v -0.8662273 0.7963886 -0.01535536 1 1 1
v -0.8411326 0.8212936 -0.03000002 1 1 1
v -0.8411326 0.8212936 0.42 1 1 1
v -0.7572361 0.9045557 0.42 1 1 1
v -0.7572361 0.9045557 -0.03000002 1 1 1
v -0.541303 1.012522 -0.03000002 1 1 1
v -0.541303 1.012522 0.42 1 1 1
v -0.42 1.030321 -0.03000002 1 1 1
v -0.42 1.030321 0.42 1 1 1
v -0.6550125 0.9700249 -0.03000002 1 1 1
v -0.6550125 0.9700249 0.42 1 1 1
v -0.42 1.030321 0.4199999 1 1 1
v -0.42 1.030321 0.8199999 1 1 1
v -0.2986971 1.012522 0.4199999 1 1 1
v -0.2986971 1.012522 0.8199999 1 1 1
v -0.1849876 0.9700249 0.4199999 1 1 1
v -0.1849876 0.9700249 0.8199999 1 1 1
v -0.082764 0.9045557 0.4199999 1 1 1
v -0.082764 0.9045557 0.8199999 1 1 1
v 0.001132518 0.8212936 0.4199999 1 1 1
v 0.001132518 0.8212936 0.8199999 1 1 1
v 0.03662176 0.7860727 0.4199999 1 1 1
v 0.03662176 0.7860727 0.8199999 1 1 1
v 0.03662182 0.7860727 0.8200001 1 1 1
v 0.001132568 0.8212936 0.8200001 1 1 1
v 0.03662182 0.7860727 1.22 1 1 1
v 0.02622726 0.7963886 1.255355 1 1 1
v 0.001132568 0.8212936 1.27 1 1 1
v -0.08276395 0.9045557 0.8200001 1 1 1
v -0.08276395 0.9045557 1.27 1 1 1
v -0.298697 1.012522 1.27 1 1 1
v -0.298697 1.012522 0.8200001 1 1 1
v -0.42 1.030321 1.27 1 1 1
v -0.42 1.030321 0.8200001 1 1 1
v -0.1849875 0.9700249 0.8200001 1 1 1
v -0.1849875 0.9700249 1.27 1 1 1
v -0.82 0.85 0.8400002 1 1 1
v -0.82 0.8 0.8400002 1 1 1
v -0.4199999 0.85 0.8400001 1 1 1
v -0.4199999 0.8 0.8400001 1 1 1
v -0.8200001 0.8 0.4000001 1 1 1
v -0.8200001 0.85 0.4000001 1 1 1
v -0.42 0.8 0.4 1 1 1
v -0.42 0.85 0.4 1 1 1
v -0.4 0.8 0.4200001 1 1 1
v -0.4 0.85 0.4200001 1 1 1
v -0.3999999 0.8 0.8200001 1 1 1
v -0.3999999 0.85 0.8200001 1 1 1
v -0.84 0.8 0.4200001 1 1 1
v -0.84 0.85 0.4200001 1 1 1
v -0.84 0.85 0.8200002 1 1 1
v -0.84 0.8 0.8200002 1 1 1
v -0.8200001 1.23 0.3999999 1 1 1
v -0.84 1.23 0.4199999 1 1 1
v -0.8200001 1.28 0.3999999 1 1 1
v -0.84 1.28 0.4199999 1 1 1
v -0.7700001 1.2 0.4699999 1 1 1
v -0.7700001 1.28 0.4699999 1 1 1
v -0.7700001 1.2 0.7699999 1 1 1
v -0.7700001 1.28 0.7699999 1 1 1
v -0.84 1.28 0.8199999 1 1 1
v -0.84 1.23 0.8199999 1 1 1
v -0.8200001 1.28 0.8399999 1 1 1
v -0.8200001 1.23 0.8399999 1 1 1
v -0.4000001 1.23 0.4199999 1 1 1
v -0.4200001 1.23 0.3999999 1 1 1
v -0.4000001 1.28 0.4199999 1 1 1
v -0.4200001 1.28 0.3999999 1 1 1
v -0.4700001 1.2 0.4699999 1 1 1
v -0.4700001 1.28 0.4699999 1 1 1
v -0.4200001 1.2 0.4199999 1 1 1
v -0.8200001 1.2 0.4199999 1 1 1
v -0.4200001 1.23 0.4199999 1 1 1
v -0.8200001 1.23 0.4199999 1 1 1
v -0.4200001 1.23 0.8399999 1 1 1
v -0.4000001 1.23 0.8199999 1 1 1
v -0.4200001 1.28 0.8399999 1 1 1
v -0.4000001 1.28 0.8199999 1 1 1
v -0.4700001 1.2 0.7699999 1 1 1
v -0.4700001 1.28 0.7699999 1 1 1
v -0.8200001 1.2 0.8199999 1 1 1
v -0.4200001 1.2 0.8199999 1 1 1
v -0.8200001 1.23 0.8199999 1 1 1
v -0.4200001 1.23 0.8199999 1 1 1
v -0.8766218 0.7860727 0.84 1 1 1
v -0.8624262 0.800161 0.8200001 1 1 1
v -0.8766218 0.7860727 1.22 1 1 1
v -0.8662273 0.7963886 1.255355 1 1 1
v -0.8411326 0.8212936 1.27 1 1 1
v -0.8411326 0.8212936 0.8200001 1 1 1
v -0.7572361 0.9045557 0.8200001 1 1 1
v -0.7572361 0.9045557 1.27 1 1 1
v -0.541303 1.012522 1.27 1 1 1
v -0.541303 1.012522 0.8200001 1 1 1
v -0.42 1.030321 1.27 1 1 1
v -0.42 1.030321 0.8200001 1 1 1
v -0.6550125 0.9700249 1.27 1 1 1
v -0.6550125 0.9700249 0.8200001 1 1 1
v -0.8400001 0.4 0.4199999 1 1 1
v -0.84 0.4 0.8199999 1 1 1
v -0.4200001 0.4 0.4199998 1 1 1
v -0.42 0.4 0.8199999 1 1 1
v -0.84 0.45 0.8199999 1 1 1
v -0.8400001 0.45 0.4199999 1 1 1
v -0.7399999 9.587886E-17 0.7 1 1 1
v -0.7399999 0.18 0.7 1 1 1
v -0.7399999 9.587886E-17 0.86 1 1 1
v -0.7399999 0.18 0.86 1 1 1
v -0.76 9.587886E-17 0.6799999 1 1 1
v -0.92 9.587886E-17 0.6799999 1 1 1
v -0.76 0.18 0.6799999 1 1 1
v -0.92 0.18 0.6799999 1 1 1
v -0.92 9.587886E-17 0.88 1 1 1
v -0.76 9.587886E-17 0.88 1 1 1
v -0.92 0.18 0.88 1 1 1
v -0.76 0.18 0.88 1 1 1
v -0.94 0.18 0.7 1 1 1
v -0.94 9.587886E-17 0.7 1 1 1
v -0.94 0.18 0.86 1 1 1
v -0.94 9.587886E-17 0.86 1 1 1
v -0.695 0.15 0.01999994 1 1 1
v -0.695 0.225 0.01999994 1 1 1
v -0.695 0.15 -0.05500007 1 1 1
v -0.695 0.225 -0.05500007 1 1 1
v -0.695 0.05 -0.05500007 1 1 1
v -0.695 0.20625 -0.1112501 1 1 1
v -0.695 0.15 -0.1300001 1 1 1
v -0.6950001 0.05 -0.1300001 1 1 1
v -0.77 0.15 -0.1300001 1 1 1
v -0.77 0.20625 -0.1112501 1 1 1
v -0.77 0.15 0.01999994 1 1 1
v -0.77 0.15 -0.05500007 1 1 1
v -0.77 0.05 -0.1300001 1 1 1
v -0.77 0.05 -0.05500007 1 1 1
v -0.77 0.225 -0.05500007 1 1 1
v -0.77 0.225 0.01999994 1 1 1
v -0.675 0.05 -0.1300001 1 1 1
v -0.675 0.05 -0.05500007 1 1 1
v -0.77 0.04999999 -0.1500001 1 1 1
v -0.6950001 0.04999999 -0.1500001 1 1 1
v -0.77 0.05 -0.03500007 1 1 1
v -0.695 0.05 -0.03500007 1 1 1
v -0.79 0.04999999 -0.1300001 1 1 1
v -0.79 0.05 -0.05500007 1 1 1
v -0.545 0.15 0.01999994 1 1 1
v -0.545 0.225 0.01999994 1 1 1
v -0.545 0.15 -0.05500007 1 1 1
v -0.545 0.225 -0.05500007 1 1 1
v -0.545 0.05 -0.05500007 1 1 1
v -0.545 0.20625 -0.1112501 1 1 1
v -0.545 0.15 -0.1300001 1 1 1
v -0.545 0.05 -0.1300001 1 1 1
v -0.62 0.15 -0.1300001 1 1 1
v -0.62 0.20625 -0.1112501 1 1 1
v -0.62 0.15 0.01999994 1 1 1
v -0.62 0.15 -0.05500007 1 1 1
v -0.62 0.05 -0.1300001 1 1 1
v -0.62 0.05 -0.05500007 1 1 1
v -0.62 0.225 -0.05500007 1 1 1
v -0.62 0.225 0.01999994 1 1 1
v -0.525 0.05 -0.1300001 1 1 1
v -0.525 0.05 -0.05500007 1 1 1
v -0.62 0.04999999 -0.1500001 1 1 1
v -0.545 0.04999999 -0.1500001 1 1 1
v -0.62 0.05 -0.03500007 1 1 1
v -0.545 0.05 -0.03500007 1 1 1
v -0.64 0.04999999 -0.1300001 1 1 1
v -0.64 0.05 -0.05500007 1 1 1
v -0.870728 0.05000001 0.699272 1 1 1
v -0.858 0.05000001 0.6939999 1 1 1
v -0.870728 1.164 0.699272 1 1 1
v -0.858 1.164 0.6939999 1 1 1
v -0.84 1.164 0.7119999 1 1 1
v -0.84 0.05000001 0.7119999 1 1 1
v -0.8452721 1.164 0.7247278 1 1 1
v -0.8452721 0.05000001 0.7247278 1 1 1
v -0.8452721 0.05000001 0.699272 1 1 1
v -0.8452721 1.164 0.699272 1 1 1
v -0.858 0.05000001 0.7299999 1 1 1
v -0.858 1.164 0.7299999 1 1 1
v -0.870728 0.05000001 0.7247278 1 1 1
v -0.870728 1.164 0.7247278 1 1 1
v -0.876 0.05000001 0.7119999 1 1 1
v -0.876 1.164 0.7119999 1 1 1
v -0.8200001 1.164 0.7299999 1 1 1
v -0.8200001 1.164 0.6939999 1 1 1
v -0.876 1.164 0.7299999 1 1 1
v -0.876 1.164 0.6939999 1 1 1
v -0.8200001 1.2 0.6939999 1 1 1
v -0.8200001 1.2 0.7299999 1 1 1
v -0.8660001 1.2 0.6939999 1 1 1
v -0.8660001 1.2 0.7299999 1 1 1
v -0.876 1.19 0.7299999 1 1 1
v -0.876 1.19 0.6939999 1 1 1
v -0.8760934 1.078707 0.6939065 1 1 1
v -0.8760934 1.107138 0.6939065 1 1 1
v -0.883588 1.078707 0.7119999 1 1 1
v -0.883588 1.107138 0.7119999 1 1 1
v -0.858 1.078707 0.686412 1 1 1
v -0.858 1.107138 0.686412 1 1 1
v -0.8324121 1.107138 0.7119999 1 1 1
v -0.8324121 1.078707 0.7119999 1 1 1
v -0.8399067 1.107138 0.7300932 1 1 1
v -0.8399067 1.078707 0.7300932 1 1 1
v -0.8399067 1.107138 0.6939065 1 1 1
v -0.8399067 1.078707 0.6939065 1 1 1
v -0.8760934 1.078707 0.7300932 1 1 1
v -0.8760934 1.107138 0.7300932 1 1 1
v -0.858 1.078707 0.7375878 1 1 1
v -0.858 1.107138 0.7375878 1 1 1
v -0.8760934 0.527724 0.6939065 1 1 1
v -0.8760934 0.556155 0.6939065 1 1 1
v -0.883588 0.527724 0.7119999 1 1 1
v -0.883588 0.556155 0.7119999 1 1 1
v -0.858 0.527724 0.686412 1 1 1
v -0.858 0.556155 0.686412 1 1 1
v -0.8324121 0.556155 0.7119999 1 1 1
v -0.8324121 0.527724 0.7119999 1 1 1
v -0.8399067 0.556155 0.7300932 1 1 1
v -0.8399067 0.527724 0.7300932 1 1 1
v -0.8399067 0.556155 0.6939065 1 1 1
v -0.8399067 0.527724 0.6939065 1 1 1
v -0.8760934 0.527724 0.7300932 1 1 1
v -0.8760934 0.556155 0.7300932 1 1 1
v -0.858 0.527724 0.7375878 1 1 1
v -0.858 0.556155 0.7375878 1 1 1
v -0.8760934 0.8032155 0.6939065 1 1 1
v -0.8760934 0.8316465 0.6939065 1 1 1
v -0.883588 0.8032155 0.7119999 1 1 1
v -0.883588 0.8316465 0.7119999 1 1 1
v -0.858 0.8032155 0.686412 1 1 1
v -0.858 0.8316465 0.686412 1 1 1
v -0.8324121 0.8316465 0.7119999 1 1 1
v -0.8324121 0.8032155 0.7119999 1 1 1
v -0.8399067 0.8316465 0.7300932 1 1 1
v -0.8399067 0.8032155 0.7300932 1 1 1
v -0.8399067 0.8316465 0.6939065 1 1 1
v -0.8399067 0.8032155 0.6939065 1 1 1
v -0.8760934 0.8032155 0.7300932 1 1 1
v -0.8760934 0.8316465 0.7300932 1 1 1
v -0.858 0.8032155 0.7375878 1 1 1
v -0.858 0.8316465 0.7375878 1 1 1
v -0.870728 0.05000001 0.7532721 1 1 1
v -0.858 0.05000001 0.748 1 1 1
v -0.870728 1.164 0.7532721 1 1 1
v -0.858 1.164 0.748 1 1 1
v -0.84 1.164 0.766 1 1 1
v -0.84 0.05000001 0.766 1 1 1
v -0.8452721 1.164 0.7787279 1 1 1
v -0.8452721 0.05000001 0.7787279 1 1 1
v -0.8452721 0.05000001 0.7532721 1 1 1
v -0.8452721 1.164 0.7532721 1 1 1
v -0.858 0.05000001 0.784 1 1 1
v -0.858 1.164 0.784 1 1 1
v -0.870728 0.05000001 0.7787279 1 1 1
v -0.870728 1.164 0.7787279 1 1 1
v -0.876 0.05000001 0.766 1 1 1
v -0.876 1.164 0.766 1 1 1
v -0.8200001 1.164 0.784 1 1 1
v -0.8200001 1.164 0.748 1 1 1
v -0.876 1.164 0.784 1 1 1
v -0.876 1.164 0.748 1 1 1
v -0.8200001 1.2 0.748 1 1 1
v -0.8200001 1.2 0.784 1 1 1
v -0.8660001 1.2 0.748 1 1 1
v -0.8660001 1.2 0.784 1 1 1
v -0.876 1.19 0.784 1 1 1
v -0.876 1.19 0.748 1 1 1
v -0.8760934 1.078707 0.7479067 1 1 1
v -0.8760934 1.107138 0.7479067 1 1 1
v -0.883588 1.078707 0.766 1 1 1
v -0.883588 1.107138 0.766 1 1 1
v -0.858 1.078707 0.7404121 1 1 1
v -0.858 1.107138 0.7404121 1 1 1
v -0.8324121 1.107138 0.766 1 1 1
v -0.8324121 1.078707 0.766 1 1 1
v -0.8399067 1.107138 0.7840934 1 1 1
v -0.8399067 1.078707 0.7840934 1 1 1
v -0.8399067 1.107138 0.7479067 1 1 1
v -0.8399067 1.078707 0.7479067 1 1 1
v -0.8760934 1.078707 0.7840934 1 1 1
v -0.8760934 1.107138 0.7840934 1 1 1
v -0.858 1.078707 0.7915879 1 1 1
v -0.858 1.107138 0.7915879 1 1 1
v -0.8760934 0.527724 0.7479067 1 1 1
v -0.8760934 0.556155 0.7479067 1 1 1
v -0.883588 0.527724 0.766 1 1 1
v -0.883588 0.556155 0.766 1 1 1
v -0.858 0.527724 0.7404121 1 1 1
v -0.858 0.556155 0.7404121 1 1 1
v -0.8324121 0.556155 0.766 1 1 1
v -0.8324121 0.527724 0.766 1 1 1
v -0.8399067 0.556155 0.7840934 1 1 1
v -0.8399067 0.527724 0.7840934 1 1 1
v -0.8399067 0.556155 0.7479067 1 1 1
v -0.8399067 0.527724 0.7479067 1 1 1
v -0.8760934 0.527724 0.7840934 1 1 1
v -0.8760934 0.556155 0.7840934 1 1 1
v -0.858 0.527724 0.7915879 1 1 1
v -0.858 0.556155 0.7915879 1 1 1
v -0.8760934 0.8032155 0.7479067 1 1 1
v -0.8760934 0.8316465 0.7479067 1 1 1
v -0.883588 0.8032155 0.766 1 1 1
v -0.883588 0.8316465 0.766 1 1 1
v -0.858 0.8032155 0.7404121 1 1 1
v -0.858 0.8316465 0.7404121 1 1 1
v -0.8324121 0.8316465 0.766 1 1 1
v -0.8324121 0.8032155 0.766 1 1 1
v -0.8399067 0.8316465 0.7840934 1 1 1
v -0.8399067 0.8032155 0.7840934 1 1 1
v -0.8399067 0.8316465 0.7479067 1 1 1
v -0.8399067 0.8032155 0.7479067 1 1 1
v -0.8760934 0.8032155 0.7840934 1 1 1
v -0.8760934 0.8316465 0.7840934 1 1 1
v -0.858 0.8032155 0.7915879 1 1 1
v -0.858 0.8316465 0.7915879 1 1 1
v -0.5 0.57 4.470348E-08 1 1 1
v -0.5 0.57 0.02000004 1 1 1
v -0.74 0.57 4.470348E-08 1 1 1
v -0.74 0.57 0.02000004 1 1 1
v -0.5 0.69 0.02000004 1 1 1
v -0.5 0.69 4.470348E-08 1 1 1
v -0.74 0.69 0.02000004 1 1 1
v -0.74 0.69 4.470348E-08 1 1 1
v -0.49 0.54 4.470348E-08 1 1 1
v -0.75 0.54 4.470348E-08 1 1 1
v -0.49 0.72 4.470348E-08 1 1 1
v -0.75 0.72 4.470348E-08 1 1 1
v -0.47 0.56 4.470348E-08 1 1 1
v -0.77 0.56 4.470348E-08 1 1 1
v -0.77 0.7 4.470348E-08 1 1 1
v -0.47 0.7 4.470348E-08 1 1 1
v -0.82 0.4 4.470348E-08 1 1 1
v -0.42 0.4 4.470348E-08 1 1 1
v -0.82 0.45 4.470348E-08 1 1 1
v -0.42 0.45 4.470348E-08 1 1 1
v -0.42 0.4 0.42 1 1 1
v -0.84 0.4 0.42 1 1 1
v -0.84 0.4 0.02000004 1 1 1
v -0.84 0.45 0.02000004 1 1 1
v -0.84 0.45 0.42 1 1 1
v -0.52 0.59 0.01999997 1 1 1
v -0.52 0.59 0.03999998 1 1 1
v -0.72 0.59 0.01999997 1 1 1
v -0.72 0.59 0.03999998 1 1 1
v -0.72 0.6700001 0.01999997 1 1 1
v -0.72 0.6700001 0.03999998 1 1 1
v -0.52 0.6700001 0.01999997 1 1 1
v -0.52 0.6700001 0.03999998 1 1 1
v -0.74 0.6900001 0.01999997 1 1 1
v -0.74 0.5700001 0.01999997 1 1 1
v -0.5 0.6900001 0.01999997 1 1 1
v -0.5 0.5700001 0.01999997 1 1 1
v -0.34 0.57 4.470348E-08 1 1 1
v -0.34 0.57 0.02000004 1 1 1
v -0.1 0.57 4.470348E-08 1 1 1
v -0.1 0.57 0.02000004 1 1 1
v -0.34 0.69 0.02000004 1 1 1
v -0.34 0.69 4.470348E-08 1 1 1
v -0.1 0.69 0.02000004 1 1 1
v -0.1 0.69 4.470348E-08 1 1 1
v -0.35 0.54 4.470348E-08 1 1 1
v -0.09000003 0.54 4.470348E-08 1 1 1
v -0.35 0.72 4.470348E-08 1 1 1
v -0.09000003 0.72 4.470348E-08 1 1 1
v -0.37 0.56 4.470348E-08 1 1 1
v -0.07000004 0.56 4.470348E-08 1 1 1
v -0.07000004 0.7 4.470348E-08 1 1 1
v -0.37 0.7 4.470348E-08 1 1 1
v -0.02000004 0.4 4.470348E-08 1 1 1
v -0.02000004 0.45 4.470348E-08 1 1 1
v -4.470348E-08 0.4 0.42 1 1 1
v -4.470348E-08 0.4 0.02000004 1 1 1
v -4.470348E-08 0.45 0.02000004 1 1 1
v -4.470348E-08 0.45 0.42 1 1 1
v -0.32 0.59 0.01999997 1 1 1
v -0.32 0.59 0.03999998 1 1 1
v -0.12 0.59 0.01999997 1 1 1
v -0.12 0.59 0.03999998 1 1 1
v -0.12 0.6700001 0.01999997 1 1 1
v -0.12 0.6700001 0.03999998 1 1 1
v -0.32 0.6700001 0.01999997 1 1 1
v -0.32 0.6700001 0.03999998 1 1 1
v -0.1 0.6900001 0.01999997 1 1 1
v -0.1 0.5700001 0.01999997 1 1 1
v -0.34 0.6900001 0.01999997 1 1 1
v -0.34 0.5700001 0.01999997 1 1 1
v -0.15 1.806038E-16 1.043081E-07 1 1 1
v -0.15 0.27 1.043081E-07 1 1 1
v -0.15 1.911305E-16 0.02000012 1 1 1
v -0.15 0.27 0.02000012 1 1 1
v -0.29 0.27 1.043081E-07 1 1 1
v -0.29 1.806038E-16 1.043081E-07 1 1 1
v -0.29 0.27 0.02000012 1 1 1
v -0.29 1.911305E-16 0.02000012 1 1 1
v -4.470348E-08 0.05 0.02000012 1 1 1
v -4.470348E-08 0 0.02000012 1 1 1
v -4.470348E-08 0.05 0.4200001 1 1 1
v -4.470348E-08 1.065261E-17 0.4200001 1 1 1
v -0.32 0.05 1.043081E-07 1 1 1
v -0.32 0.05 0.02000012 1 1 1
v -0.42 0.05 1.043081E-07 1 1 1
v -0.42 0.05 0.02000012 1 1 1
v -0.32 0.28 1.043081E-07 1 1 1
v -0.32 0.28 0.02000012 1 1 1
v -0.42 1.259868E-19 1.043081E-07 1 1 1
v -0.12 0.28 1.043081E-07 1 1 1
v -0.3 0.3 1.043081E-07 1 1 1
v -0.14 0.3 1.043081E-07 1 1 1
v -0.12 0.05 1.043081E-07 1 1 1
v -0.02000004 0.05 1.043081E-07 1 1 1
v -0.02000004 2.447107E-17 1.043081E-07 1 1 1
v -0.02000004 0.05 0.4200001 1 1 1
v -0.02000004 0.05 0.02000012 1 1 1
v -0.12 0.05 0.02000012 1 1 1
v -0.14 0.3 0.02000012 1 1 1
v -0.3 0.3 0.02000012 1 1 1
v -0.12 0.28 0.02000012 1 1 1
v -0.42 1.065261E-17 0.4200001 1 1 1
v -0.2600001 0.1142649 0.01999991 1 1 1
v -0.2600001 0.1142649 0.008999899 1 1 1
v -0.2792701 0.1142649 0.01999991 1 1 1
v -0.2792701 0.1142649 0.008999899 1 1 1
v -0.2600001 0.1557351 0.008999899 1 1 1
v -0.2600001 0.1557351 0.01999991 1 1 1
v -0.2792701 0.1557351 0.008999899 1 1 1
v -0.2792701 0.1557351 0.01999991 1 1 1
v -0.2726841 0.1332044 0.008999988 1 1 1
v -0.2726841 0.1463153 0.008999988 1 1 1
v -0.2417705 0.1332044 0.008999988 1 1 1
v -0.2417705 0.1463153 0.008999988 1 1 1
v -0.2726841 0.1332044 -0.002000019 1 1 1
v -0.2417705 0.1332044 -0.002000019 1 1 1
v -0.2726841 0.1463153 -0.002000019 1 1 1
v -0.2417705 0.1463153 -0.002000019 1 1 1
v -0.84 1.804779E-16 0.6500002 1 1 1
v -0.84 0.27 0.6500002 1 1 1
v -0.82 1.804779E-16 0.6500002 1 1 1
v -0.82 0.27 0.6500002 1 1 1
v -0.84 0.27 0.19 1 1 1
v -0.84 1.804779E-16 0.19 1 1 1
v -0.8200001 0.27 0.19 1 1 1
v -0.8200001 1.804779E-16 0.19 1 1 1
v -0.84 0.05 0.16 1 1 1
v -0.8200001 0.05 0.16 1 1 1
v -0.8400001 0.05 0.01999997 1 1 1
v -0.8200001 0.05 0.01999997 1 1 1
v -0.42 0.05 0.01999991 1 1 1
v -0.42 0.05 -8.940697E-08 1 1 1
v -0.8200001 0.05 -2.980232E-08 1 1 1
v -0.84 0.28 0.16 1 1 1
v -0.8200001 0.28 0.16 1 1 1
v -0.8200001 0 -2.980232E-08 1 1 1
v -0.42 0 -8.940697E-08 1 1 1
v -0.8400001 3.979286E-17 0.01999997 1 1 1
v -0.84 0.28 0.6800002 1 1 1
v -0.84 0.05 0.6800002 1 1 1
v -0.82 0.28 0.6800002 1 1 1
v -0.82 0.05 0.6800002 1 1 1
v -0.84 0.3 0.6600002 1 1 1
v -0.82 0.3 0.6600002 1 1 1
v -0.84 0.3 0.18 1 1 1
v -0.8200001 0.3 0.18 1 1 1
v -0.84 0.05 0.8200002 1 1 1
v -0.84 1.936872E-17 0.8200002 1 1 1
v -0.4199998 1.69198E-17 0.8200002 1 1 1
v -0.82 0.05 0.8200002 1 1 1
v -0.8200001 0.03688905 0.3980515 1 1 1
v -0.8200001 0.05 0.3980515 1 1 1
v -0.8200001 0.03688905 0.4419487 1 1 1
v -0.8200001 0.05 0.4419487 1 1 1
v -0.8310001 0.03688905 0.3980515 1 1 1
v -0.8310001 0.03688905 0.4419487 1 1 1
v -0.8310001 0.05 0.3980515 1 1 1
v -0.8310001 0.05 0.4419487 1 1 1
v -0.0199999 0.67 0.7399999 1 1 1
v 1.061708E-07 0.67 0.7399999 1 1 1
v -0.01999987 0.67 0.4999999 1 1 1
v 1.359731E-07 0.67 0.4999999 1 1 1
v 1.061708E-07 0.53 0.7399999 1 1 1
v -0.0199999 0.53 0.7399999 1 1 1
v 1.359731E-07 0.53 0.4999999 1 1 1
v -0.01999987 0.53 0.4999999 1 1 1
v 1.061708E-07 0.5 0.7499999 1 1 1
v 1.359731E-07 0.5 0.4899999 1 1 1
v 1.396984E-07 0.52 0.4699998 1 1 1
v 1.396984E-07 0.68 0.4699998 1 1 1
v 1.024455E-07 0.68 0.77 1 1 1
v 1.024455E-07 0.52 0.77 1 1 1
v 1.061708E-07 0.7 0.7499999 1 1 1
v 1.359731E-07 0.7 0.4899999 1 1 1
v -0.01999991 0.4 0.82 1 1 1
v 9.685755E-08 0.4 0.82 1 1 1
v -0.01999986 0.4 0.4199998 1 1 1
v 1.452863E-07 0.4 0.4199998 1 1 1
v 1.452863E-07 0.45 0.4199998 1 1 1
v 9.685755E-08 0.45 0.82 1 1 1
v -0.01999989 0.55 0.72 1 1 1
v -0.01999989 0.65 0.72 1 1 1
v -0.03999989 0.55 0.72 1 1 1
v -0.03999989 0.65 0.72 1 1 1
v -0.03999987 0.65 0.5199999 1 1 1
v -0.01999988 0.65 0.6299999 1 1 1
v -0.01999987 0.65 0.6099999 1 1 1
v -0.01999986 0.65 0.5199999 1 1 1
v -0.01999986 0.55 0.5199999 1 1 1
v -0.03999987 0.55 0.5199999 1 1 1
v -0.01999988 0.55 0.6299999 1 1 1
v -0.01999987 0.55 0.6099999 1 1 1
v -0.01999986 0.67 0.4999999 1 1 1
v -0.01999986 0.53 0.4999999 1 1 1
v -0.01999989 0.53 0.7399999 1 1 1
v -0.01999989 0.67 0.7399999 1 1 1
v -0.01999997 0.4 0.4199999 1 1 1
v -0.02000003 0.4 0.8199999 1 1 1
v -0.82 0.4 1.22 1 1 1
v -0.8200001 0.4 0.82 1 1 1
v -0.42 0.4 1.22 1 1 1
v -0.02000004 0.4 1.22 1 1 1
v -0.01999998 0.4 0.82 1 1 1
v -0.4200001 0.4 1.22 1 1 1
v -0.01999998 0.8 0.42 1 1 1
v -0.01999998 0.8 -0.03000002 1 1 1
v -0.1016312 0.881014 -0.03000002 1 1 1
v -0.1984797 0.9430407 -0.03000002 1 1 1
v -0.30621 0.9833034 -0.03000002 1 1 1
v -0.42 1 -0.03000002 1 1 1
v 0.01548927 0.7647791 0.01999998 1 1 1
v 0.01548927 0.7647791 0.42 1 1 1
v 0.005094711 0.775095 -0.01535536 1 1 1
v -0.8200001 0.8 0.42 1 1 1
v -0.8200001 0.8 -0.03000002 1 1 1
v -0.7383688 0.881014 -0.03000002 1 1 1
v -0.6415204 0.9430407 -0.03000002 1 1 1
v -0.53379 0.9833034 -0.03000002 1 1 1
v -0.42 1 -0.03000002 1 1 1
v -0.8554893 0.7647791 0.01999998 1 1 1
v -0.8554893 0.7647791 0.4 1 1 1
v -0.8450947 0.775095 -0.01535536 1 1 1
v -0.8412936 0.7788675 0.42 1 1 1
v -0.7383688 0.881014 0.42 1 1 1
v -0.6415204 0.9430407 0.42 1 1 1
v -0.53379 0.9833034 0.42 1 1 1
v -0.42 1 0.42 1 1 1
v 0.01548921 0.7647791 0.4199999 1 1 1
v 0.01548921 0.7647791 0.8199999 1 1 1
v -0.02000004 0.8 0.4199999 1 1 1
v -0.02000004 0.8 0.8199999 1 1 1
v -0.01999998 0.8 0.8200001 1 1 1
v -0.01999998 0.8 1.27 1 1 1
v -0.1016312 0.881014 1.27 1 1 1
v -0.1984797 0.9430407 1.27 1 1 1
v -0.30621 0.9833034 1.27 1 1 1
v -0.42 1 1.27 1 1 1
v 0.01548927 0.7647791 1.22 1 1 1
v 0.01548927 0.7647791 0.8200001 1 1 1
v 0.005094711 0.775095 1.255355 1 1 1
v -0.8200001 0.8 0.8200001 1 1 1
v -0.8200001 0.8 1.27 1 1 1
v -0.7383688 0.881014 1.27 1 1 1
v -0.6415204 0.9430407 1.27 1 1 1
v -0.53379 0.9833034 1.27 1 1 1
v -0.42 1 1.27 1 1 1
v -0.8554893 0.7647791 1.22 1 1 1
v -0.8554893 0.7647791 0.84 1 1 1
v -0.8450947 0.775095 1.255355 1 1 1
v -0.8412936 0.7788675 0.8200001 1 1 1
v -0.7383688 0.881014 0.8200001 1 1 1
v -0.6415204 0.9430407 0.8200001 1 1 1
v -0.53379 0.9833034 0.8200001 1 1 1
v -0.42 1 0.8200001 1 1 1
v -0.1450384 1.829556 0.7822745 1 1 1
v -0.1294119 1.829556 0.8200002 1 1 1
v -0.2204897 1.829556 0.7822745 1 1 1
v -0.2361162 1.829556 0.8200002 1 1 1
v -0.1450384 1.829556 0.8577259 1 1 1
v -0.2204897 1.829556 0.8577259 1 1 1
v -0.1827641 1.829556 0.8733523 1 1 1
v -0.1827641 1.829556 0.766648 1 1 1
v -0.02000004 0.4 0.02000012 1 1 1
v -0.02000004 0.4 0.4200001 1 1 1
v -0.42 0.4 0.02000012 1 1 1
v -0.8200001 0.4 0.01999997 1 1 1
v -0.42 0.4 0.01999991 1 1 1
v -0.82 0.4 0.8200002 1 1 1
v -0.8200001 1.804779E-16 0.19 1 1 1
v -0.8200001 0.27 0.19 1 1 1
v -0.2822453 1.618037 0.8200002 1 1 1
v -0.2773793 1.812674 0.8200002 1 1 1
v -0.2531079 1.618037 0.890344 1 1 1
v -0.2496672 1.812674 0.8869033 1 1 1
v -0.1827641 1.618037 0.9194814 1 1 1
v -0.1827641 1.812674 0.9146155 1 1 1
v -0.1827641 1.618037 0.7205189 1 1 1
v -0.1124202 1.618037 0.7496563 1 1 1
v -0.1827641 1.812674 0.7253849 1 1 1
v -0.1158609 1.812674 0.7530971 1 1 1
v -0.2531079 1.618037 0.7496563 1 1 1
v -0.2496672 1.812674 0.7530971 1 1 1
v -0.1124202 1.618037 0.890344 1 1 1
v -0.1158609 1.812674 0.8869033 1 1 1
v -0.08328284 1.618037 0.8200002 1 1 1
v -0.08814877 1.812674 0.8200002 1 1 1

vn -1 0 1.192093E-07
vn 1.192093E-07 0 1
vn 1 0 1.192093E-07
vn -1.192093E-07 0 1
vn 0 0 -1
vn -1.210143E-14 0 1
vn 1 0 -1.192093E-07
vn -1.192093E-07 0 -1
vn 0 0 1
vn 0 -1 0
vn 0 1 0
vn -0.7068859 0.02499219 -0.7068859
vn 0 0.02499219 -0.9996877
vn -0.9996877 0.02499219 0
vn 0.7068859 0.02499219 -0.7068859
vn 0.9996877 0.02499219 0
vn 0.7068859 0.02499219 0.7068859
vn 0 0.02499219 0.9996877
vn -0.7068859 0.02499219 0.7068859
vn -1 0 0
vn 1 0 0
vn 1 0 1.192093E-07
vn -0.9238796 0 0.3826836
vn -0.3826834 0 0.9238797
vn 0.9238796 0 0.3826836
vn 0.3826834 0 0.9238797
vn 0.7044183 0.709785 0
vn 0.6253797 0.7803205 0
vn 0.2490286 0.9684961 0
vn 0.1451771 0.9894057 0
vn 0.4472136 0.8944272 0
vn -0.7044183 0.709785 0
vn -0.6253797 0.7803205 0
vn -0.2490286 0.9684961 0
vn -0.1451771 0.9894057 0
vn -0.4472136 0.8944272 0
vn 0.7044183 0.709785 8.524469E-15
vn 0.6253797 0.7803205 7.567989E-15
vn 0.2490286 0.9684961 3.013603E-15
vn 0.1451771 0.9894057 1.75685E-15
vn 0.4472136 0.8944272 5.411924E-15
vn 0.3826836 0 0.9238796
vn -0.3826836 0 -0.9238796
vn 0.3826834 0 -0.9238797
vn 0.9238796 0 -0.3826836
vn 0.9238797 0 0.3826834
vn -0.9238797 0 -0.3826834
vn -0.3826834 0 -0.9238795
vn -0.9238795 0 -0.3826834
vn -0.9238795 0 0.3826833
vn -0.3826835 0 0.9238795
vn 0.9238795 0 -0.3826834
vn 0.3826834 0 -0.9238795
vn 0.3826833 0 0.9238795
vn 0.9238795 0 0.3826835
vn 0.9238795 0 0.3826834
vn -0.3826834 0 0.9238795
vn 0.3826834 0 0.9238795
vn -0.9238795 0 0.3826834
vn 0 0.1601824 -0.9870875
vn 0 0.7071068 -0.7071068
vn 0 0.9870875 -0.1601822
vn 0.9238794 0 -0.3826836
vn 0.9238795 0 -0.3826834
vn 0.9238795 0 0.3826834
vn 0.9238795 0 0.3826833
vn -0.3826835 -3.469277E-07 -0.9238795
vn 0.3826835 0 -0.9238795
vn -0.3826834 -3.469277E-07 -0.9238795
vn 0.3826833 0 -0.9238795
vn -0.3826834 0 0.9238795
vn 0.3826835 0 0.9238795
vn -0.9238795 0 -0.3826835
vn -0.9238795 0 -0.3826833
vn -0.9238795 0 0.3826834
vn -0.7071068 0 -0.7071068
vn 0.7071068 0 0.7071068
vn 0.7071068 0 -0.7071068
vn -0.7071068 0 0.7071068
vn -0.3662924 0.9304998 0
vn -0.9179972 0.3965869 0
vn -0.7071068 0 -0.7071068
vn 0.7071068 0 0.7071068
vn 0.7071068 0 -0.7071068
vn -0.7071068 0 0.7071068
vn -0.7071068 0.7071068 0
vn 0.7071068 0.7071068 0
vn -0.7071068 -0.7071068 0
vn 0.7071068 -0.7071068 0
vn 0.3826834 -0.9238795 0
vn -0.3826834 -0.9238795 0
vn 0.3826834 0.9238795 0
vn -0.3826834 0.9238795 0
vn 0.9238795 -0.3826834 0
vn -0.9238795 -0.3826834 0
vn -0.9238795 0.3826834 0
vn 0.9238795 0.3826834 0
vn -1.192093E-07 0 -1
vn 1.192093E-07 0 1
vn -1.10135E-07 0.3826834 -0.9238799
vn -0.3826837 0 -0.9238798
vn -0.9238799 0 -0.3826835
vn 1.10135E-07 0.3826834 0.9238799
vn 4.561943E-08 0.9238795 0.3826836
vn -4.561943E-08 0.9238795 -0.3826836
vn -1 0 1.192093E-07
vn 1 0 -1.192093E-07
vn -0.7071071 0 -0.7071069
vn -0.7071069 0 0.7071071
vn 8.429372E-08 -0.7071068 -0.707107
vn -8.429372E-08 -0.7071068 0.707107
vn 8.429372E-08 0.7071068 -0.707107
vn -8.429372E-08 0.7071068 0.707107
vn -4.561943E-08 -0.9238795 0.3826836
vn 4.561943E-08 -0.9238795 -0.3826836
vn 1.10135E-07 -0.3826834 -0.9238799
vn 1.10135E-07 0.3826834 -0.9238799
vn -1.10135E-07 0.3826834 0.9238799
vn -1.10135E-07 -0.3826834 0.9238799
vn -4.561943E-08 0.9238795 0.3826836
vn 4.561943E-08 0.9238795 -0.3826836
vn -0.7044183 -0.709785 0
vn -0.6253797 -0.7803205 0
vn -0.4472136 -0.8944272 0
vn -0.2490286 -0.9684961 0
vn -0.1451771 -0.9894057 0
vn 0.6961467 -0.6908831 -0.1950903
vn 0.709785 -0.7044183 0
vn 0.1384722 -0.1374252 -0.9807853
vn 0.5018938 -0.4980989 -0.7071068
vn 0.7044183 -0.709785 0
vn 0.6253797 -0.7803205 0
vn 0.4472136 -0.8944272 0
vn 0.2490286 -0.9684961 0
vn 0.1451771 -0.9894057 0
vn -0.6961467 -0.6908831 -0.1950903
vn -0.6557559 -0.6507977 0.3826835
vn -0.1384722 -0.1374252 -0.9807853
vn -0.5018938 -0.4980989 -0.7071068
vn -0.271623 -0.2695692 0.9238795
vn -0.7044183 -0.709785 -8.524469E-15
vn -0.6253797 -0.7803205 -7.567989E-15
vn -0.4472136 -0.8944272 -5.411924E-15
vn -0.2490286 -0.9684961 -3.013603E-15
vn -0.1451771 -0.9894057 -1.75685E-15
vn 0.6961467 -0.6908831 0.1950903
vn 0.709785 -0.7044183 8.589415E-15
vn 0.1384722 -0.1374252 0.9807853
vn 0.5018938 -0.4980989 0.7071068
vn -0.6961467 -0.6908831 0.1950903
vn -0.6557559 -0.6507977 -0.3826835
vn -0.1384722 -0.1374252 0.9807853
vn -0.5018938 -0.4980989 0.7071068
vn -0.271623 -0.2695692 -0.9238795
vn -0.5489851 0.6302625 0.5489851
vn -0.7763821 0.6302625 0
vn 0.5489851 0.6302625 0.5489851
vn 0.7763821 0.6302625 0
vn -0.5489851 0.6302625 -0.5489851
vn 0.5489851 0.6302625 -0.5489851
vn 0 0.6302625 -0.7763821
vn 0 0.6302625 0.7763821
vn -0.9996876 0.02499219 0
vn -0.7686886 0.639623 0
vn -0.7068859 0.02499219 0.7068859
vn -0.5435449 0.639623 0.5435449
vn 0 0.02499219 0.9996876
vn 0 0.639623 0.7686886
vn 0 0.02499219 -0.9996876
vn 0.7068859 0.02499219 -0.7068859
vn 0 0.639623 -0.7686886
vn 0.5435449 0.639623 -0.5435449
vn -0.7068859 0.02499219 -0.7068859
vn -0.5435449 0.639623 -0.5435449
vn 0.7068859 0.02499219 0.7068859
vn 0.5435449 0.639623 0.5435449
vn 0.9996876 0.02499219 0
vn 0.7686886 0.639623 0
vn 0 -0.9999999 0

vt 0.96875 0.3
vt 0.96875 0.475
vt 0.96875 0.275
vt 0.96875 0.3453487
vt 0.96875 0.4486705
vt 0.96875 0.3992097
vt 0.96875 0.434172
vt 0.96875 0.425
vt 0.96875 0.355
vt 0.96875 0.435
vt 0.96875 0.345
vt 0.96875 0.415
vt 0.96875 0.335
vt 0.96875 0.325
vt 0.59375 0.275
vt 0.59375 0.3
vt 0.59375 0.2934903
vt 0.59375 0.3657912
vt 0.59375 0.4595442
vt 0.59375 0.475
vt 0.59375 0.4226415
vt 0.59375 0.2751398
vt 0.59375 0.4615942
vt 0.59375 0.4295862
vt 0.59375 0.3802764
vt 0.59375 0.3175654
vt 0.59375 0.2910378
vt 0.59375 0.35
vt 0.59375 0.4083334
vt 0.59375 0.3194444
vt 0.59375 0.4583333
vt 0.59375 0.425
vt 0.59375 0.325
vt 0.59375 0.3972222
vt 0.59375 0.36
vt 0.59375 0.42
vt 0.59375 0.345
vt 0.59375 0.435
vt 0.59375 0.355
vt 0.59375 0.339
vt 0.59375 0.41
vt 0.59375 0.415
vt 0.59375 0.34
vt 0.59375 0.335
vt 0.59375 0.2864286
vt 0.59375 0.3435714
vt 0.71875 0.3
vt 0.71875 0.475
vt 0.71875 0.275
vt 0.71875 0.3453487
vt 0.71875 0.3992097
vt 0.71875 0.434172
vt 0.71875 0.4486705
vt 0.71875 0.2934903
vt 0.71875 0.3657912
vt 0.71875 0.4226415
vt 0.71875 0.4595442
vt 0.71875 0.2751398
vt 0.71875 0.2910378
vt 0.71875 0.3015276
vt 0.71875 0.46
vt 0.71875 0.415
vt 0.71875 0.425
vt 0.71875 0.41
vt 0.71875 0.525
vt 0.71875 0.725
vt 0.59375 0.025
vt 0.59375 0.089
vt 0.59375 0.03642857
vt 0.59375 0.09357143

usemtl colormap

f 3/2/1 2/1/1 1/1/1
f 2/1/1 3/2/1 4/2/1
f 5/1/2 3/2/2 1/1/2
f 3/2/2 5/1/2 6/2/2
f 12/2/4 11/1/4 9/2/4
f 7/1/4 9/2/4 11/1/4
f 10/2/3 9/2/3 8/1/3
f 7/1/3 8/1/3 9/2/3
f 15/3/5 14/4/5 13/3/5
f 14/4/5 15/3/5 16/5/5
f 14/4/5 16/5/5 17/6/5
f 17/6/5 16/5/5 18/7/5
f 24/7/5 22/5/5 23/6/5
f 23/6/5 22/5/5 20/4/5
f 22/5/5 21/3/5 20/4/5
f 19/3/5 20/4/5 21/3/5
f 30/7/6 28/5/6 29/6/6
f 29/6/6 28/5/6 26/4/6
f 28/5/6 27/3/6 26/4/6
f 25/3/6 26/4/6 27/3/6
f 31/2/1 38/2/1 32/1/1
f 37/1/1 32/1/1 38/2/1
f 36/2/8 35/1/8 38/2/8
f 37/1/8 38/2/8 35/1/8
f 36/2/7 33/2/7 35/1/7
f 34/1/7 35/1/7 33/2/7
f 34/1/2 33/2/2 32/1/2
f 31/2/2 32/1/2 33/2/2
f 41/3/9 40/4/9 39/3/9
f 40/4/9 41/3/9 42/5/9
f 40/4/9 42/5/9 43/6/9
f 43/6/9 42/5/9 44/7/9
f 47/2/1 46/1/1 45/1/1
f 46/1/1 47/2/1 48/2/1
f 51/3/10 50/3/10 49/3/10
f 50/3/10 51/3/10 52/3/10
f 50/3/10 52/3/10 53/3/10
f 50/3/10 53/3/10 54/3/10
f 54/3/10 53/3/10 55/3/10
f 54/3/10 55/3/10 56/3/10
f 59/3/10 58/3/10 57/3/10
f 58/3/10 59/3/10 60/3/10
f 58/3/10 60/3/10 61/3/10
f 58/3/10 61/3/10 62/3/10
f 62/3/10 61/3/10 63/3/10
f 62/3/10 63/3/10 64/3/10
f 67/3/10 66/3/10 65/3/10
f 66/3/10 67/3/10 68/3/10
f 66/3/10 68/3/10 69/3/10
f 69/3/10 68/3/10 70/3/10
f 69/3/10 70/3/10 71/3/10
f 71/3/10 70/3/10 72/3/10
f 75/2/11 74/2/11 73/2/11
f 75/2/11 73/2/11 76/2/11
f 77/2/11 74/2/11 75/2/11
f 75/2/11 76/2/11 78/2/11
f 77/2/11 79/2/11 74/2/11
f 79/2/11 77/2/11 80/2/11
f 81/2/11 79/2/11 80/2/11
f 79/2/11 81/2/11 82/2/11
f 82/2/11 81/2/11 83/2/11
f 82/2/11 83/2/11 84/2/11
f 78/2/11 76/2/11 85/2/11
f 78/2/11 85/2/11 86/2/11
f 84/2/11 83/2/11 87/2/11
f 85/2/11 87/2/11 86/2/11
f 84/2/11 87/2/11 88/2/11
f 88/2/11 87/2/11 85/2/11
f 87/2/12 69/3/13 71/3/12
f 72/3/14 87/2/12 71/3/12
f 69/3/13 87/2/12 83/2/13
f 87/2/12 72/3/14 86/2/14
f 83/2/13 66/3/15 69/3/13
f 66/3/15 83/2/13 81/2/15
f 81/2/15 65/3/16 66/3/15
f 65/3/16 81/2/15 80/2/16
f 80/2/16 67/3/17 65/3/16
f 67/3/17 80/2/16 77/2/17
f 77/2/17 68/3/18 67/3/17
f 68/3/18 77/2/17 75/2/18
f 70/3/19 86/2/14 72/3/14
f 75/2/18 70/3/19 68/3/18
f 86/2/14 70/3/19 78/2/19
f 70/3/19 75/2/18 78/2/19
f 91/1/20 90/2/20 89/1/20
f 90/2/20 91/1/20 92/2/20
f 95/2/5 94/9/5 93/8/5
f 95/2/5 93/8/5 96/10/5
f 97/1/5 94/9/5 95/2/5
f 94/9/5 97/1/5 98/11/5
f 98/11/5 97/1/5 99/11/5
f 89/1/5 99/11/5 97/1/5
f 99/11/5 89/1/5 100/9/5
f 95/2/5 96/10/5 90/2/5
f 100/9/5 89/1/5 90/2/5
f 101/10/5 90/2/5 96/10/5
f 100/9/5 90/2/5 102/8/5
f 102/8/5 90/2/5 101/10/5
f 113/10/5 104/2/5 114/8/5
f 114/8/5 104/2/5 112/9/5
f 109/10/5 104/2/5 113/10/5
f 104/2/5 103/1/5 112/9/5
f 104/2/5 109/10/5 95/2/5
f 112/9/5 103/1/5 111/11/5
f 97/1/5 111/11/5 103/1/5
f 111/11/5 97/1/5 110/11/5
f 110/11/5 97/1/5 108/9/5
f 95/2/5 108/9/5 97/1/5
f 109/10/5 107/8/5 95/2/5
f 107/8/5 108/9/5 95/2/5
f 106/2/21 105/1/21 104/2/21
f 103/1/21 104/2/21 105/1/21
f 117/2/22 116/13/22 115/12/22
f 117/2/22 115/12/22 118/8/22
f 119/1/22 116/13/22 117/2/22
f 116/13/22 119/1/22 120/14/22
f 120/14/22 119/1/22 121/14/22
f 122/1/22 121/14/22 119/1/22
f 121/14/22 122/1/22 123/13/22
f 117/2/22 118/8/22 124/2/22
f 123/13/22 122/1/22 124/2/22
f 125/8/22 124/2/22 118/8/22
f 123/13/22 124/2/22 126/12/22
f 126/12/22 124/2/22 125/8/22
f 129/16/23 128/15/1 127/15/23
f 128/15/1 129/16/23 130/16/1
f 133/15/2 132/16/24 131/15/24
f 132/16/24 133/15/2 134/16/2
f 132/16/24 127/15/23 131/15/24
f 127/15/23 132/16/24 129/16/23
f 133/15/10 128/15/10 135/15/10
f 128/15/10 133/15/10 127/15/10
f 127/15/10 133/15/10 131/15/10
f 129/16/11 2/16/11 130/16/11
f 2/16/11 129/16/11 1/16/11
f 1/16/11 129/16/11 132/16/11
f 1/16/11 132/16/11 134/16/11
f 134/16/11 5/16/11 1/16/11
f 7/16/11 11/16/11 143/16/11
f 143/16/11 141/16/11 7/16/11
f 141/16/11 138/16/11 7/16/11
f 138/16/11 139/16/11 7/16/11
f 8/16/11 7/16/11 139/16/11
f 140/15/10 142/15/10 136/15/10
f 136/15/10 142/15/10 137/15/10
f 135/15/10 137/15/10 142/15/10
f 138/16/25 141/16/26 136/15/25
f 140/15/26 136/15/25 141/16/26
f 143/16/4 142/15/4 141/16/26
f 140/15/26 141/16/26 142/15/4
f 139/16/3 138/16/25 137/15/3
f 136/15/25 137/15/3 138/16/25
f 146/15/10 145/15/10 144/15/10
f 145/15/10 146/15/10 147/15/10
f 148/16/3 144/15/3 145/15/3
f 144/15/3 148/16/3 149/16/3
f 148/16/11 150/16/11 149/16/11
f 150/16/11 148/16/11 151/16/11
f 154/16/23 153/15/1 152/15/23
f 153/15/1 154/16/23 155/16/1
f 158/15/2 157/16/24 156/15/24
f 157/16/24 158/15/2 159/16/2
f 157/16/24 152/15/23 156/15/24
f 152/15/23 157/16/24 154/16/23
f 158/15/10 153/15/10 160/15/10
f 153/15/10 158/15/10 152/15/10
f 152/15/10 158/15/10 156/15/10
f 154/16/11 161/16/11 155/16/11
f 161/16/11 154/16/11 162/16/11
f 162/16/11 154/16/11 157/16/11
f 162/16/11 157/16/11 159/16/11
f 159/16/11 163/16/11 162/16/11
f 171/16/11 169/16/11 174/16/11
f 174/16/11 169/16/11 173/16/11
f 169/16/11 166/16/11 173/16/11
f 173/16/11 166/16/11 172/16/11
f 167/16/11 172/16/11 166/16/11
f 168/15/10 170/15/10 164/15/10
f 164/15/10 170/15/10 165/15/10
f 160/15/10 165/15/10 170/15/10
f 166/16/25 169/16/26 164/15/25
f 168/15/26 164/15/25 169/16/26
f 171/16/4 170/15/4 169/16/26
f 168/15/26 169/16/26 170/15/4
f 167/16/3 166/16/25 165/15/3
f 164/15/25 165/15/3 166/16/25
f 177/15/27 176/17/27 175/15/27
f 176/17/27 177/15/27 178/15/27
f 176/17/27 178/15/27 179/17/27
f 176/17/27 179/17/27 180/18/28
f 180/18/28 179/17/27 181/18/28
f 184/19/29 183/20/30 182/19/29
f 183/20/30 184/19/29 185/20/30
f 187/21/31 182/19/29 186/21/31
f 182/19/29 187/21/31 184/19/29
f 181/18/28 186/21/31 180/18/28
f 186/21/31 181/18/28 187/21/31
f 200/21/36 195/18/33 201/21/36
f 194/18/33 201/21/36 195/18/33
f 197/19/34 196/19/34 201/21/36
f 200/21/36 201/21/36 196/19/34
f 199/20/35 198/20/35 197/19/34
f 196/19/34 197/19/34 198/20/35
f 195/18/33 192/17/32 194/18/33
f 194/18/33 192/17/32 193/17/32
f 193/17/32 192/17/32 189/22/32
f 192/17/32 191/15/32 189/22/32
f 191/15/32 190/15/32 189/22/32
f 188/15/32 189/22/32 190/15/32
f 207/24/31 206/24/31 205/23/29
f 204/23/29 205/23/29 206/24/31
f 213/27/27 212/27/27 211/26/27
f 210/26/27 211/26/27 212/27/27
f 211/26/27 210/26/27 209/25/28
f 208/25/28 209/25/28 210/26/27
f 209/25/28 208/25/28 207/24/31
f 206/24/31 207/24/31 208/25/28
f 205/23/29 204/23/29 203/20/30
f 202/20/30 203/20/30 204/23/29
f 226/21/41 220/18/38 225/21/41
f 219/18/38 225/21/41 220/18/38
f 221/19/39 226/21/41 222/19/39
f 225/21/41 222/19/39 226/21/41
f 224/20/40 223/20/40 222/19/39
f 221/19/39 222/19/39 223/20/40
f 220/18/38 218/17/37 219/18/38
f 219/18/38 218/17/37 215/17/37
f 218/17/37 217/15/37 215/17/37
f 217/15/37 216/15/37 215/17/37
f 214/15/37 215/17/37 216/15/37
f 234/16/11 232/16/11 37/16/11
f 234/16/11 37/16/11 236/16/11
f 232/16/11 240/16/11 37/16/11
f 37/16/11 35/16/11 236/16/11
f 37/16/11 240/16/11 32/16/11
f 236/16/11 35/16/11 238/16/11
f 35/16/11 34/16/11 238/16/11
f 34/16/11 32/16/11 238/16/11
f 241/16/11 32/16/11 240/16/11
f 32/16/11 241/16/11 238/16/11
f 238/16/11 241/16/11 229/16/11
f 227/16/11 229/16/11 241/16/11
f 241/16/23 240/16/47 242/15/23
f 239/15/47 242/15/23 240/16/47
f 228/15/24 227/16/24 242/15/23
f 241/16/23 242/15/23 227/16/24
f 229/16/42 230/15/42 238/16/46
f 237/15/46 238/16/46 230/15/42
f 232/16/43 231/15/43 240/16/47
f 239/15/47 240/16/47 231/15/43
f 236/16/45 235/15/45 234/16/44
f 233/15/44 234/16/44 235/15/45
f 238/16/46 237/15/46 236/16/45
f 235/15/45 236/16/45 237/15/46
f 234/16/44 233/15/44 232/16/43
f 231/15/43 232/16/43 233/15/44
f 230/15/42 229/16/42 228/15/24
f 227/16/24 228/15/24 229/16/42
f 249/15/10 262/15/10 247/15/10
f 261/15/10 247/15/10 262/15/10
f 259/15/10 247/15/10 261/15/10
f 262/15/10 249/15/10 271/15/10
f 272/15/10 259/15/10 261/15/10
f 272/15/10 271/15/10 249/15/10
f 259/15/10 272/15/10 269/15/10
f 269/15/10 272/15/10 249/15/10
f 271/15/20 273/28/20 262/15/20
f 264/28/20 262/15/20 273/28/20
f 267/20/54 253/20/51 265/28/54
f 254/28/51 265/28/54 253/20/51
f 274/28/21 272/15/21 263/28/21
f 261/15/21 263/28/21 272/15/21
f 252/28/10 244/28/10 254/28/10
f 243/28/10 254/28/10 244/28/10
f 264/28/10 254/28/10 243/28/10
f 273/28/10 254/28/10 264/28/10
f 263/28/10 264/28/10 243/28/10
f 254/28/10 273/28/10 265/28/10
f 274/28/10 265/28/10 273/28/10
f 266/28/10 265/28/10 274/28/10
f 263/28/10 266/28/10 274/28/10
f 256/28/10 263/28/10 243/28/10
f 256/28/10 266/28/10 263/28/10
f 255/28/10 266/28/10 256/28/10
f 250/20/5 270/20/5 249/15/5
f 269/15/5 249/15/5 270/20/5
f 251/20/11 253/20/11 246/20/11
f 245/20/11 246/20/11 253/20/11
f 250/20/11 245/20/11 253/20/11
f 267/20/11 250/20/11 253/20/11
f 250/20/11 248/20/11 245/20/11
f 258/20/11 245/20/11 248/20/11
f 270/20/11 250/20/11 267/20/11
f 260/20/11 258/20/11 248/20/11
f 270/20/11 258/20/11 260/20/11
f 267/20/11 258/20/11 270/20/11
f 268/20/11 258/20/11 267/20/11
f 257/20/11 258/20/11 268/20/11
f 268/20/55 266/28/55 257/20/52
f 255/28/52 257/20/52 266/28/55
f 274/28/9 273/28/9 272/15/9
f 271/15/9 272/15/9 273/28/9
f 270/20/20 260/20/20 269/15/20
f 259/15/20 269/15/20 260/20/20
f 268/20/55 267/20/54 266/28/55
f 265/28/54 266/28/55 267/20/54
f 264/28/5 263/28/5 262/15/5
f 261/15/5 262/15/5 263/28/5
f 260/20/9 248/20/9 259/15/9
f 247/15/9 259/15/9 248/20/9
f 245/20/48 258/20/53 243/28/48
f 256/28/53 243/28/48 258/20/53
f 258/20/53 257/20/52 256/28/53
f 255/28/52 256/28/53 257/20/52
f 254/28/51 253/20/51 252/28/50
f 251/20/50 252/28/50 253/20/51
f 252/28/50 251/20/50 244/28/49
f 246/20/49 244/28/49 251/20/50
f 250/20/21 249/15/21 248/20/21
f 247/15/21 248/20/21 249/15/21
f 246/20/49 245/20/48 244/28/49
f 243/28/48 244/28/49 245/20/48
f 277/15/32 276/22/32 275/15/32
f 276/22/32 277/15/32 278/15/32
f 276/22/32 278/15/32 279/17/32
f 276/22/32 279/17/32 280/17/32
f 280/17/32 279/17/32 281/18/33
f 281/18/33 279/17/32 282/18/33
f 285/20/35 284/19/34 283/19/34
f 284/19/34 285/20/35 286/20/35
f 283/19/34 288/21/36 287/21/36
f 288/21/36 283/19/34 284/19/34
f 282/18/33 288/21/36 281/18/33
f 288/21/36 282/18/33 287/21/36
f 291/15/10 290/15/10 289/15/10
f 290/15/10 291/15/10 292/15/10
f 293/16/1 289/15/1 290/15/1
f 289/15/1 293/16/1 294/16/1
f 293/16/11 46/16/11 294/16/11
f 46/16/11 293/16/11 45/16/11
f 298/20/11 296/20/11 306/20/11
f 296/20/11 301/20/11 306/20/11
f 306/20/11 301/20/11 305/20/11
f 301/20/11 302/20/11 305/20/11
f 305/20/11 302/20/11 309/20/11
f 307/20/11 309/20/11 302/20/11
f 308/15/49 307/20/49 300/15/48
f 302/20/48 300/15/48 307/20/49
f 303/15/57 305/20/57 310/15/59
f 309/20/59 310/15/59 305/20/57
f 306/20/58 304/15/58 298/20/56
f 297/15/56 298/20/56 304/15/58
f 296/20/52 295/15/52 301/20/53
f 299/15/53 301/20/53 295/15/52
f 310/15/59 309/20/59 308/15/49
f 307/20/49 308/15/49 309/20/59
f 306/20/58 305/20/57 304/15/58
f 303/15/57 304/15/58 305/20/57
f 302/20/48 301/20/53 300/15/48
f 299/15/53 300/15/48 301/20/53
f 298/20/56 297/15/56 296/20/52
f 295/15/52 296/20/52 297/15/56
f 313/29/21 312/20/21 311/29/21
f 312/20/21 313/29/21 314/20/21
f 315/30/21 314/20/21 313/29/21
f 315/30/21 316/31/21 314/20/21
f 315/30/21 317/29/21 316/31/21
f 317/29/21 315/30/21 318/30/21
f 320/31/61 317/29/60 319/29/60
f 317/29/60 320/31/61 316/31/61
f 321/29/10 313/29/10 311/29/10
f 313/29/10 321/29/10 322/29/10
f 324/30/20 319/29/20 323/30/20
f 319/29/20 324/30/20 320/31/20
f 320/31/20 324/30/20 325/20/20
f 325/20/20 324/30/20 322/29/20
f 325/20/20 322/29/20 321/29/20
f 325/20/20 321/29/20 326/20/20
f 319/29/60 318/30/5 323/30/5
f 318/30/5 319/29/60 317/29/60
f 313/29/9 324/30/9 315/30/9
f 324/30/9 313/29/9 322/29/9
f 325/20/62 312/20/11 314/20/62
f 312/20/11 325/20/62 326/20/11
f 316/31/61 325/20/62 314/20/62
f 325/20/62 316/31/61 320/31/61
f 328/30/65 49/15/64 327/30/63
f 49/15/64 328/30/65 51/15/66
f 329/30/69 50/15/68 54/15/67
f 50/15/68 329/30/69 330/30/70
f 52/15/58 331/30/71 53/15/57
f 331/30/71 52/15/58 332/30/72
f 56/15/74 334/30/59 333/30/73
f 334/30/59 56/15/74 55/15/75
f 54/15/67 333/30/73 329/30/69
f 333/30/73 54/15/67 56/15/74
f 330/30/70 49/15/64 50/15/68
f 49/15/64 330/30/70 327/30/63
f 332/30/72 51/15/66 328/30/65
f 51/15/66 332/30/72 52/15/58
f 53/15/57 334/30/59 55/15/75
f 334/30/59 53/15/57 331/30/71
f 331/30/11 333/30/11 334/30/11
f 324/30/11 333/30/11 331/30/11
f 332/30/11 324/30/11 331/30/11
f 323/30/11 333/30/11 324/30/11
f 323/30/11 329/30/11 333/30/11
f 323/30/11 330/30/11 329/30/11
f 318/30/11 330/30/11 323/30/11
f 315/30/11 330/30/11 318/30/11
f 332/30/11 315/30/11 324/30/11
f 330/30/11 315/30/11 327/30/11
f 332/30/11 327/30/11 315/30/11
f 327/30/11 332/30/11 328/30/11
f 337/29/21 336/20/21 335/29/21
f 336/20/21 337/29/21 338/20/21
f 339/30/21 338/20/21 337/29/21
f 339/30/21 340/31/21 338/20/21
f 339/30/21 341/29/21 340/31/21
f 341/29/21 339/30/21 342/30/21
f 344/31/61 341/29/60 343/29/60
f 341/29/60 344/31/61 340/31/61
f 345/29/10 337/29/10 335/29/10
f 337/29/10 345/29/10 346/29/10
f 348/30/20 343/29/20 347/30/20
f 343/29/20 348/30/20 344/31/20
f 344/31/20 348/30/20 349/20/20
f 349/20/20 348/30/20 346/29/20
f 349/20/20 346/29/20 345/29/20
f 349/20/20 345/29/20 350/20/20
f 343/29/60 342/30/5 347/30/5
f 342/30/5 343/29/60 341/29/60
f 337/29/9 348/30/9 339/30/9
f 348/30/9 337/29/9 346/29/9
f 349/20/62 336/20/11 338/20/62
f 336/20/11 349/20/62 350/20/11
f 340/31/61 349/20/62 338/20/62
f 349/20/62 340/31/61 344/31/61
f 352/30/65 57/15/64 351/30/63
f 57/15/64 352/30/65 59/15/66
f 353/30/69 58/15/68 62/15/67
f 58/15/68 353/30/69 354/30/70
f 60/15/58 355/30/71 61/15/57
f 355/30/71 60/15/58 356/30/72
f 64/15/74 358/30/59 357/30/73
f 358/30/59 64/15/74 63/15/75
f 62/15/67 357/30/73 353/30/69
f 357/30/73 62/15/67 64/15/74
f 354/30/70 57/15/64 58/15/68
f 57/15/64 354/30/70 351/30/63
f 356/30/72 59/15/66 352/30/65
f 59/15/66 356/30/72 60/15/58
f 61/15/57 358/30/59 63/15/75
f 358/30/59 61/15/57 355/30/71
f 355/30/11 357/30/11 358/30/11
f 348/30/11 357/30/11 355/30/11
f 356/30/11 348/30/11 355/30/11
f 347/30/11 357/30/11 348/30/11
f 347/30/11 353/30/11 357/30/11
f 347/30/11 354/30/11 353/30/11
f 342/30/11 354/30/11 347/30/11
f 339/30/11 354/30/11 342/30/11
f 356/30/11 339/30/11 348/30/11
f 354/30/11 339/30/11 351/30/11
f 356/30/11 351/30/11 339/30/11
f 351/30/11 356/30/11 352/30/11
f 361/33/76 360/32/5 359/32/76
f 360/32/5 361/33/76 362/33/5
f 365/33/77 364/32/21 363/33/21
f 364/32/21 365/33/77 366/32/77
f 362/33/5 367/32/78 360/32/5
f 367/32/78 362/33/5 368/33/78
f 363/33/21 367/32/78 368/33/78
f 367/32/78 363/33/21 364/32/21
f 365/33/77 369/32/9 366/32/77
f 369/32/9 365/33/77 370/33/9
f 370/33/9 371/32/79 369/32/9
f 371/32/79 370/33/9 372/33/79
f 371/32/79 374/33/20 373/32/20
f 374/33/20 371/32/79 372/33/79
f 373/32/20 361/33/76 359/32/76
f 361/33/76 373/32/20 374/33/20
f 366/32/10 367/32/10 364/32/10
f 367/32/10 366/32/10 369/32/10
f 367/32/10 369/32/10 360/32/10
f 360/32/10 369/32/10 371/32/10
f 360/32/10 371/32/10 359/32/10
f 359/32/10 371/32/10 373/32/10
f 377/33/10 376/33/10 375/33/10
f 376/33/10 377/33/10 378/33/10
f 381/32/80 380/32/11 379/32/11
f 380/32/11 381/32/80 382/32/80
f 380/32/9 377/33/9 375/33/9
f 377/33/9 380/32/9 383/34/9
f 383/34/9 380/32/9 382/32/9
f 380/32/21 376/33/21 379/32/21
f 376/33/21 380/32/21 375/33/21
f 384/34/5 376/33/5 378/33/5
f 376/33/5 384/34/5 379/32/5
f 379/32/5 384/34/5 381/32/5
f 377/33/20 384/34/81 378/33/20
f 384/34/81 377/33/20 383/34/81
f 383/34/81 381/32/80 384/34/81
f 381/32/80 383/34/81 382/32/80
f 387/33/20 386/32/82 385/33/82
f 386/32/82 387/33/20 388/32/20
f 386/32/82 389/33/5 385/33/82
f 389/33/5 386/32/82 390/32/5
f 393/32/83 392/33/21 391/32/21
f 392/33/21 393/32/83 394/33/83
f 391/32/21 396/33/84 395/32/84
f 396/33/84 391/32/21 392/33/21
f 397/33/85 388/32/20 387/33/20
f 388/32/20 397/33/85 398/32/85
f 400/32/9 397/33/85 399/33/9
f 397/33/85 400/32/9 398/32/85
f 390/32/5 396/33/84 389/33/5
f 396/33/84 390/32/5 395/32/84
f 393/32/83 399/33/9 394/33/83
f 399/33/9 393/32/83 400/32/9
f 395/32/11 393/32/11 391/32/11
f 393/32/11 395/32/11 390/32/11
f 393/32/11 390/32/11 400/32/11
f 400/32/11 390/32/11 386/32/11
f 400/32/11 386/32/11 398/32/11
f 398/32/11 386/32/11 388/32/11
f 394/33/10 396/33/10 392/33/10
f 396/33/10 394/33/10 399/33/10
f 396/33/10 399/33/10 389/33/10
f 389/33/10 399/33/10 397/33/10
f 389/33/10 397/33/10 385/33/10
f 385/33/10 397/33/10 387/33/10
f 403/33/20 402/32/82 401/33/82
f 402/32/82 403/33/20 404/32/20
f 402/32/82 405/33/5 401/33/82
f 405/33/5 402/32/82 406/32/5
f 409/32/83 408/33/21 407/32/21
f 408/33/21 409/32/83 410/33/83
f 407/32/21 412/33/84 411/32/84
f 412/33/84 407/32/21 408/33/21
f 413/33/85 404/32/20 403/33/20
f 404/32/20 413/33/85 414/32/85
f 416/32/9 413/33/85 415/33/9
f 413/33/85 416/32/9 414/32/85
f 406/32/5 412/33/84 405/33/5
f 412/33/84 406/32/5 411/32/84
f 409/32/83 415/33/9 410/33/83
f 415/33/9 409/32/83 416/32/9
f 411/32/11 409/32/11 407/32/11
f 409/32/11 411/32/11 406/32/11
f 409/32/11 406/32/11 416/32/11
f 416/32/11 406/32/11 402/32/11
f 416/32/11 402/32/11 414/32/11
f 414/32/11 402/32/11 404/32/11
f 410/33/10 412/33/10 408/33/10
f 412/33/10 410/33/10 415/33/10
f 412/33/10 415/33/10 405/33/10
f 405/33/10 415/33/10 413/33/10
f 405/33/10 413/33/10 401/33/10
f 401/33/10 413/33/10 403/33/10
f 419/33/20 418/32/82 417/33/82
f 418/32/82 419/33/20 420/32/20
f 418/32/82 421/33/5 417/33/82
f 421/33/5 418/32/82 422/32/5
f 425/32/83 424/33/21 423/32/21
f 424/33/21 425/32/83 426/33/83
f 423/32/21 428/33/84 427/32/84
f 428/33/84 423/32/21 424/33/21
f 429/33/85 420/32/20 419/33/20
f 420/32/20 429/33/85 430/32/85
f 432/32/9 429/33/85 431/33/9
f 429/33/85 432/32/9 430/32/85
f 422/32/5 428/33/84 421/33/5
f 428/33/84 422/32/5 427/32/84
f 425/32/83 431/33/9 426/33/83
f 431/33/9 425/32/83 432/32/9
f 427/32/11 425/32/11 423/32/11
f 425/32/11 427/32/11 422/32/11
f 425/32/11 422/32/11 432/32/11
f 432/32/11 422/32/11 418/32/11
f 432/32/11 418/32/11 430/32/11
f 430/32/11 418/32/11 420/32/11
f 426/33/10 428/33/10 424/33/10
f 428/33/10 426/33/10 431/33/10
f 428/33/10 431/33/10 421/33/10
f 421/33/10 431/33/10 429/33/10
f 421/33/10 429/33/10 417/33/10
f 417/33/10 429/33/10 419/33/10
f 435/33/76 434/32/5 433/32/76
f 434/32/5 435/33/76 436/33/5
f 439/33/77 438/32/21 437/33/21
f 438/32/21 439/33/77 440/32/77
f 436/33/5 441/32/78 434/32/5
f 441/32/78 436/33/5 442/33/78
f 437/33/21 441/32/78 442/33/78
f 441/32/78 437/33/21 438/32/21
f 439/33/77 443/32/9 440/32/77
f 443/32/9 439/33/77 444/33/9
f 444/33/9 445/32/79 443/32/9
f 445/32/79 444/33/9 446/33/79
f 445/32/79 448/33/20 447/32/20
f 448/33/20 445/32/79 446/33/79
f 447/32/20 435/33/76 433/32/76
f 435/33/76 447/32/20 448/33/20
f 440/32/10 441/32/10 438/32/10
f 441/32/10 440/32/10 443/32/10
f 441/32/10 443/32/10 434/32/10
f 434/32/10 443/32/10 445/32/10
f 434/32/10 445/32/10 433/32/10
f 433/32/10 445/32/10 447/32/10
f 451/33/10 450/33/10 449/33/10
f 450/33/10 451/33/10 452/33/10
f 455/32/80 454/32/11 453/32/11
f 454/32/11 455/32/80 456/32/80
f 454/32/9 451/33/9 449/33/9
f 451/33/9 454/32/9 457/34/9
f 457/34/9 454/32/9 456/32/9
f 454/32/21 450/33/21 453/32/21
f 450/33/21 454/32/21 449/33/21
f 458/34/5 450/33/5 452/33/5
f 450/33/5 458/34/5 453/32/5
f 453/32/5 458/34/5 455/32/5
f 451/33/20 458/34/81 452/33/20
f 458/34/81 451/33/20 457/34/81
f 457/34/81 455/32/80 458/34/81
f 455/32/80 457/34/81 456/32/80
f 461/33/20 460/32/82 459/33/82
f 460/32/82 461/33/20 462/32/20
f 460/32/82 463/33/5 459/33/82
f 463/33/5 460/32/82 464/32/5
f 467/32/83 466/33/21 465/32/21
f 466/33/21 467/32/83 468/33/83
f 465/32/21 470/33/84 469/32/84
f 470/33/84 465/32/21 466/33/21
f 471/33/85 462/32/20 461/33/20
f 462/32/20 471/33/85 472/32/85
f 474/32/9 471/33/85 473/33/9
f 471/33/85 474/32/9 472/32/85
f 464/32/5 470/33/84 463/33/5
f 470/33/84 464/32/5 469/32/84
f 467/32/83 473/33/9 468/33/83
f 473/33/9 467/32/83 474/32/9
f 469/32/11 467/32/11 465/32/11
f 467/32/11 469/32/11 464/32/11
f 467/32/11 464/32/11 474/32/11
f 474/32/11 464/32/11 460/32/11
f 474/32/11 460/32/11 472/32/11
f 472/32/11 460/32/11 462/32/11
f 468/33/10 470/33/10 466/33/10
f 470/33/10 468/33/10 473/33/10
f 470/33/10 473/33/10 463/33/10
f 463/33/10 473/33/10 471/33/10
f 463/33/10 471/33/10 459/33/10
f 459/33/10 471/33/10 461/33/10
f 477/33/20 476/32/82 475/33/82
f 476/32/82 477/33/20 478/32/20
f 476/32/82 479/33/5 475/33/82
f 479/33/5 476/32/82 480/32/5
f 483/32/83 482/33/21 481/32/21
f 482/33/21 483/32/83 484/33/83
f 481/32/21 486/33/84 485/32/84
f 486/33/84 481/32/21 482/33/21
f 487/33/85 478/32/20 477/33/20
f 478/32/20 487/33/85 488/32/85
f 490/32/9 487/33/85 489/33/9
f 487/33/85 490/32/9 488/32/85
f 480/32/5 486/33/84 479/33/5
f 486/33/84 480/32/5 485/32/84
f 483/32/83 489/33/9 484/33/83
f 489/33/9 483/32/83 490/32/9
f 485/32/11 483/32/11 481/32/11
f 483/32/11 485/32/11 480/32/11
f 483/32/11 480/32/11 490/32/11
f 490/32/11 480/32/11 476/32/11
f 490/32/11 476/32/11 488/32/11
f 488/32/11 476/32/11 478/32/11
f 484/33/10 486/33/10 482/33/10
f 486/33/10 484/33/10 489/33/10
f 486/33/10 489/33/10 479/33/10
f 479/33/10 489/33/10 487/33/10
f 479/33/10 487/33/10 475/33/10
f 475/33/10 487/33/10 477/33/10
f 493/33/20 492/32/82 491/33/82
f 492/32/82 493/33/20 494/32/20
f 492/32/82 495/33/5 491/33/82
f 495/33/5 492/32/82 496/32/5
f 499/32/83 498/33/21 497/32/21
f 498/33/21 499/32/83 500/33/83
f 497/32/21 502/33/84 501/32/84
f 502/33/84 497/32/21 498/33/21
f 503/33/85 494/32/20 493/33/20
f 494/32/20 503/33/85 504/32/85
f 506/32/9 503/33/85 505/33/9
f 503/33/85 506/32/9 504/32/85
f 496/32/5 502/33/84 495/33/5
f 502/33/84 496/32/5 501/32/84
f 499/32/83 505/33/9 500/33/83
f 505/33/9 499/32/83 506/32/9
f 501/32/11 499/32/11 497/32/11
f 499/32/11 501/32/11 496/32/11
f 499/32/11 496/32/11 506/32/11
f 506/32/11 496/32/11 492/32/11
f 506/32/11 492/32/11 504/32/11
f 504/32/11 492/32/11 494/32/11
f 500/33/10 502/33/10 498/33/10
f 502/33/10 500/33/10 505/33/10
f 502/33/10 505/33/10 495/33/10
f 495/33/10 505/33/10 503/33/10
f 495/33/10 503/33/10 491/33/10
f 491/33/10 503/33/10 493/33/10
f 509/35/87 508/35/86 507/35/86
f 508/35/86 509/35/87 510/35/87
f 513/36/89 512/36/88 511/36/88
f 512/36/88 513/36/89 514/36/89
f 99/37/91 515/37/90 98/37/90
f 515/37/90 99/37/91 516/37/91
f 518/38/93 96/38/92 517/38/92
f 96/38/92 518/38/93 101/38/93
f 98/37/90 519/39/94 94/39/94
f 519/39/94 98/37/90 515/37/90
f 100/39/95 516/37/91 99/37/91
f 516/37/91 100/39/95 520/39/95
f 521/32/96 101/38/93 518/38/93
f 101/38/93 521/32/96 102/32/96
f 517/38/92 93/32/97 522/32/97
f 93/32/97 517/38/92 96/38/92
f 525/16/48 524/15/5 523/15/48
f 524/15/5 525/16/48 526/16/5
f 528/15/10 524/15/10 527/15/10
f 524/15/10 528/15/10 523/15/10
f 523/15/10 528/15/10 529/15/10
f 529/15/49 525/16/48 523/15/48
f 525/16/48 529/15/49 530/16/49
f 513/36/89 509/35/87 514/36/89
f 509/35/87 513/36/89 510/35/87
f 508/35/86 512/36/88 507/35/86
f 512/36/88 508/35/86 511/36/88
f 100/39/95 521/32/96 520/39/95
f 521/32/96 100/39/95 102/32/96
f 93/32/97 519/39/94 522/32/97
f 519/39/94 93/32/97 94/39/94
f 525/16/11 97/16/11 526/16/11
f 97/16/11 525/16/11 89/16/11
f 89/16/11 525/16/11 91/16/11
f 91/16/11 525/16/11 531/16/11
f 531/16/11 525/16/11 530/16/11
f 529/15/49 531/16/20 530/16/49
f 531/16/20 529/15/49 528/15/20
f 520/39/5 515/37/5 516/37/5
f 515/37/5 520/39/5 519/39/5
f 519/39/5 520/39/5 509/35/5
f 509/35/5 520/39/5 521/32/5
f 507/35/5 519/39/5 509/35/5
f 509/35/5 521/32/5 514/36/5
f 519/39/5 507/35/5 522/32/5
f 514/36/5 521/32/5 512/36/5
f 522/32/5 507/35/5 512/36/5
f 522/32/5 512/36/5 521/32/5
f 522/32/5 521/32/5 518/38/5
f 522/32/5 518/38/5 517/38/5
f 534/15/87 533/15/86 532/15/86
f 533/15/86 534/15/87 535/15/87
f 537/40/89 534/15/87 536/40/89
f 534/15/87 537/40/89 535/15/87
f 533/15/86 538/40/88 532/15/86
f 538/40/88 533/15/86 539/40/88
f 537/40/89 538/40/88 539/40/88
f 538/40/88 537/40/89 536/40/89
f 534/15/5 540/39/5 536/40/5
f 536/40/5 540/39/5 538/40/5
f 534/15/5 541/15/5 540/39/5
f 542/39/5 538/40/5 540/39/5
f 541/15/5 534/15/5 543/15/5
f 542/39/5 532/15/5 538/40/5
f 543/15/5 532/15/5 542/39/5
f 532/15/5 543/15/5 534/15/5
f 568/15/5 577/15/5 566/15/5
f 576/39/5 566/15/5 577/15/5
f 572/40/5 566/15/5 576/39/5
f 577/15/5 568/15/5 575/15/5
f 574/39/5 572/40/5 576/39/5
f 574/39/5 575/15/5 568/15/5
f 572/40/5 574/39/5 570/40/5
f 570/40/5 574/39/5 568/15/5
f 570/40/88 571/40/88 572/40/89
f 573/40/89 572/40/89 571/40/88
f 573/40/89 567/15/87 572/40/89
f 566/15/87 572/40/89 567/15/87
f 569/15/86 571/40/88 568/15/86
f 570/40/88 568/15/86 571/40/88
f 569/15/86 568/15/86 567/15/87
f 566/15/87 567/15/87 568/15/86
f 554/38/5 555/38/5 559/32/5
f 555/38/5 558/32/5 559/32/5
f 558/32/5 549/36/5 559/32/5
f 549/36/5 544/35/5 559/32/5
f 549/36/5 558/32/5 551/36/5
f 559/32/5 544/35/5 556/39/5
f 551/36/5 558/32/5 546/35/5
f 546/35/5 556/39/5 544/35/5
f 558/32/5 557/39/5 546/35/5
f 546/35/5 557/39/5 556/39/5
f 556/39/5 557/39/5 552/37/5
f 553/37/5 552/37/5 557/39/5
f 562/15/21 563/15/52 565/16/21
f 564/16/52 565/16/21 563/15/52
f 564/16/11 561/16/11 565/16/11
f 565/16/11 561/16/11 105/16/11
f 105/16/11 561/16/11 103/16/11
f 103/16/11 561/16/11 97/16/11
f 526/16/11 97/16/11 561/16/11
f 108/39/95 107/32/96 556/39/95
f 559/32/96 556/39/95 107/32/96
f 114/32/97 112/39/94 558/32/97
f 557/39/94 558/32/97 112/39/94
f 548/36/89 545/35/87 549/36/89
f 544/35/87 549/36/89 545/35/87
f 547/35/86 550/36/88 546/35/86
f 551/36/88 546/35/86 550/36/88
f 564/16/52 563/15/52 561/16/53
f 560/15/53 561/16/53 563/15/52
f 563/15/10 562/15/10 560/15/10
f 560/15/10 562/15/10 524/15/10
f 527/15/10 524/15/10 562/15/10
f 526/16/5 561/16/53 524/15/5
f 560/15/53 524/15/5 561/16/53
f 109/38/93 554/38/93 107/32/96
f 559/32/96 107/32/96 554/38/93
f 114/32/97 558/32/97 113/38/92
f 555/38/92 113/38/92 558/32/97
f 557/39/94 112/39/94 553/37/90
f 111/37/90 553/37/90 112/39/94
f 552/37/91 110/37/91 556/39/95
f 108/39/95 556/39/95 110/37/91
f 113/38/92 555/38/92 109/38/93
f 554/38/93 109/38/93 555/38/92
f 553/37/90 111/37/90 552/37/91
f 110/37/91 552/37/91 111/37/90
f 551/36/88 550/36/88 549/36/89
f 548/36/89 549/36/89 550/36/88
f 547/35/86 546/35/86 545/35/87
f 544/35/87 545/35/87 546/35/86
f 580/15/20 579/41/20 578/15/20
f 579/41/20 580/15/20 581/41/20
f 584/41/21 583/15/21 582/41/21
f 583/15/21 584/41/21 585/15/21
f 584/41/10 579/41/10 581/41/10
f 579/41/10 584/41/10 582/41/10
f 588/16/21 587/15/52 586/16/52
f 587/15/52 588/16/21 589/15/21
f 592/16/11 591/16/11 590/16/11
f 591/16/11 592/16/11 593/16/11
f 591/16/20 594/42/96 590/16/20
f 594/42/96 591/16/20 595/42/96
f 592/16/5 583/15/5 596/15/5
f 583/15/5 592/16/5 590/16/5
f 583/15/5 590/16/5 582/41/5
f 582/41/5 590/16/5 594/42/5
f 582/41/5 594/42/5 579/41/5
f 597/42/5 579/41/5 594/42/5
f 597/42/5 594/42/5 598/32/5
f 597/42/5 598/32/5 599/32/5
f 600/16/5 579/41/5 597/42/5
f 579/41/5 600/16/5 578/15/5
f 601/16/53 578/15/5 600/16/5
f 578/15/5 601/16/53 602/15/53
f 586/16/52 602/15/53 601/16/53
f 602/15/53 586/16/52 587/15/52
f 586/16/11 603/16/11 588/16/11
f 603/16/11 586/16/11 601/16/11
f 603/16/11 601/16/11 604/16/11
f 604/16/11 601/16/11 600/16/11
f 604/16/11 600/16/11 605/16/11
f 598/32/93 606/32/92 599/32/92
f 606/32/92 598/32/93 607/32/93
f 608/42/97 600/16/21 597/42/97
f 600/16/21 608/42/97 605/16/21
f 606/32/92 597/42/97 599/32/92
f 597/42/97 606/32/92 608/42/97
f 595/42/96 598/32/93 594/42/96
f 598/32/93 595/42/96 607/32/93
f 609/15/10 587/15/10 589/15/10
f 587/15/10 609/15/10 602/15/10
f 602/15/10 609/15/10 580/15/10
f 578/15/10 602/15/10 580/15/10
f 580/15/10 609/15/10 585/15/10
f 585/15/10 609/15/10 583/15/10
f 583/15/10 609/15/10 596/15/10
f 612/15/88 611/15/89 610/15/89
f 611/15/89 612/15/88 613/15/88
f 615/20/87 611/15/89 614/20/87
f 611/15/89 615/20/87 610/15/89
f 612/15/88 616/20/86 613/15/88
f 616/20/86 612/15/88 617/20/86
f 616/20/86 615/20/87 614/20/87
f 615/20/87 616/20/86 617/20/86
f 616/20/5 611/15/5 613/15/5
f 611/15/5 616/20/5 614/20/5
f 620/33/9 619/32/9 618/33/9
f 619/32/9 620/33/9 621/32/9
f 624/32/82 623/33/84 622/33/82
f 623/33/84 624/32/82 625/32/84
f 618/33/20 624/32/82 622/33/82
f 624/32/82 618/33/20 619/32/20
f 624/32/11 621/32/11 625/32/11
f 621/32/11 624/32/11 619/32/11
f 618/33/10 623/33/10 620/33/10
f 623/33/10 618/33/10 622/33/10
f 621/32/21 623/33/84 625/32/84
f 623/33/84 621/32/21 620/33/21
f 660/33/99 661/32/99 663/33/109
f 665/32/109 663/33/109 661/32/99
f 662/33/10 658/33/10 663/33/10
f 660/33/10 663/33/10 658/33/10
f 659/32/11 664/32/11 661/32/11
f 665/32/11 661/32/11 664/32/11
f 659/32/98 658/33/98 664/32/108
f 662/33/108 664/32/108 658/33/98
f 665/32/109 664/32/108 663/33/109
f 662/33/108 663/33/109 664/32/108
f 661/32/107 660/33/107 659/32/107
f 658/33/107 659/32/107 660/33/107
f 649/16/11 647/16/11 657/16/11
f 654/16/11 657/16/11 647/16/11
f 633/15/10 631/15/10 645/15/10
f 643/15/10 644/15/10 645/15/10
f 645/15/10 644/15/10 633/15/10
f 633/15/10 644/15/10 628/15/10
f 644/15/10 656/15/10 628/15/10
f 628/15/10 656/15/10 626/15/10
f 655/15/10 626/15/10 656/15/10
f 655/15/106 654/16/106 626/15/106
f 647/16/106 626/15/106 654/16/106
f 626/15/106 647/16/106 627/41/106
f 646/42/106 627/41/106 647/16/106
f 650/32/106 652/32/106 646/42/106
f 652/32/106 641/42/106 646/42/106
f 641/42/106 627/41/106 646/42/106
f 627/41/106 641/42/106 630/41/106
f 641/42/106 634/16/106 630/41/106
f 630/41/106 634/16/106 631/15/106
f 634/16/106 636/16/102 631/15/106
f 645/15/102 631/15/106 636/16/102
f 653/32/105 642/42/100 652/32/105
f 641/42/100 652/32/105 642/42/100
f 648/42/103 651/32/104 646/42/103
f 650/32/104 646/42/103 651/32/104
f 653/32/105 652/32/105 651/32/104
f 650/32/104 651/32/104 652/32/105
f 649/16/99 648/42/103 647/16/99
f 646/42/103 647/16/99 648/42/103
f 640/16/101 643/15/101 636/16/102
f 645/15/102 636/16/102 643/15/101
f 639/16/98 644/15/98 640/16/101
f 643/15/101 640/16/101 644/15/98
f 642/42/100 635/16/98 641/42/100
f 634/16/98 641/42/100 635/16/98
f 640/16/11 636/16/11 639/16/11
f 639/16/11 636/16/11 638/16/11
f 638/16/11 636/16/11 637/16/11
f 637/16/11 636/16/11 635/16/11
f 634/16/11 635/16/11 636/16/11
f 632/41/10 629/41/10 630/41/10
f 627/41/10 630/41/10 629/41/10
f 633/15/99 632/41/99 631/15/99
f 630/41/99 631/15/99 632/41/99
f 629/41/98 628/15/98 627/41/98
f 626/15/98 627/41/98 628/15/98
f 668/41/111 667/41/110 666/41/110
f 667/41/110 668/41/111 669/41/111
f 671/43/112 667/41/110 670/43/112
f 667/41/110 671/43/112 666/41/110
f 672/43/113 671/43/112 670/43/112
f 671/43/112 672/43/113 673/43/113
f 668/41/111 672/43/113 669/41/111
f 672/43/113 668/41/111 673/43/113
f 121/33/115 674/33/114 120/33/114
f 674/33/114 121/33/115 675/33/115
f 123/44/116 677/42/117 676/44/116
f 677/42/117 123/44/116 126/42/117
f 115/42/118 679/44/119 678/42/118
f 679/44/119 115/42/118 116/44/119
f 681/32/121 118/32/120 680/32/120
f 118/32/120 681/32/121 125/32/121
f 116/44/119 674/33/114 679/44/119
f 674/33/114 116/44/119 120/33/114
f 121/33/115 676/44/116 675/33/115
f 676/44/116 121/33/115 123/44/116
f 118/32/120 678/42/118 680/32/120
f 678/42/118 118/32/120 115/42/118
f 126/42/117 681/32/121 677/42/117
f 681/32/121 126/42/117 125/32/121
f 676/44/22 674/33/22 675/33/22
f 674/33/22 676/44/22 679/44/22
f 679/44/22 676/44/22 672/43/22
f 672/43/22 676/44/22 677/42/22
f 670/43/22 679/44/22 672/43/22
f 672/43/22 677/42/22 669/41/22
f 679/44/22 670/43/22 678/42/22
f 669/41/22 677/42/22 667/41/22
f 678/42/22 670/43/22 667/41/22
f 678/42/22 667/41/22 677/42/22
f 678/42/22 677/42/22 681/32/22
f 678/42/22 681/32/22 680/32/22
f 684/15/10 683/15/10 682/15/10
f 683/15/10 684/15/10 685/15/10
f 686/16/22 683/15/22 685/15/22
f 683/15/22 686/16/22 687/16/22
f 686/16/11 119/16/11 687/16/11
f 119/16/11 686/16/11 122/16/11
f 690/45/112 689/46/110 688/45/112
f 689/46/110 690/45/112 691/46/110
f 692/46/111 689/46/110 691/46/110
f 689/46/110 692/46/111 693/46/10
f 693/46/10 692/46/111 694/46/10
f 694/46/10 692/46/111 695/46/111
f 692/46/111 696/45/113 695/46/111
f 696/45/113 692/46/111 697/45/113
f 698/45/11 690/45/112 688/45/112
f 690/45/112 698/45/11 697/45/113
f 697/45/113 698/45/11 699/45/11
f 697/45/113 699/45/11 696/45/113
f 696/45/22 700/39/22 695/46/22
f 695/46/22 700/39/22 694/46/22
f 696/45/22 701/15/22 700/39/22
f 701/15/22 696/45/22 702/15/22
f 688/45/22 702/15/22 696/45/22
f 688/45/22 696/45/22 699/45/22
f 702/15/22 688/45/22 703/39/22
f 688/45/22 699/45/22 698/45/22
f 694/46/22 698/45/22 699/45/22
f 703/39/22 688/45/22 689/46/22
f 703/39/22 689/46/22 700/39/22
f 698/45/22 694/46/22 693/46/22
f 694/46/22 700/39/22 693/46/22
f 693/46/22 700/39/22 689/46/22
f 704/48/3 150/47/3 151/47/3
f 150/47/3 704/48/3 705/48/3
f 706/48/1 161/47/1 162/47/1
f 161/47/1 706/48/1 707/48/1
f 163/47/2 706/48/2 162/47/2
f 706/48/2 163/47/2 708/48/2
f 711/48/4 174/47/4 709/48/4
f 173/47/4 709/48/4 174/47/4
f 710/48/3 709/48/3 172/47/3
f 173/47/3 172/47/3 709/48/3
f 713/49/122 712/49/122 13/49/122
f 14/50/123 715/51/124 714/50/123
f 715/51/124 14/50/123 17/51/124
f 17/51/124 716/52/125 715/51/124
f 716/52/125 17/51/124 18/52/125
f 18/52/125 717/53/126 716/52/125
f 717/53/126 18/52/125 16/53/126
f 175/49/128 718/49/127 177/49/127
f 718/49/127 175/49/128 719/49/128
f 719/49/122 720/49/122 718/49/122
f 720/49/122 719/49/122 712/49/122
f 720/49/122 712/49/122 713/49/122
f 713/49/122 13/49/122 714/50/123
f 714/50/123 13/49/122 14/50/123
f 714/50/5 179/54/129 713/49/129
f 179/54/129 714/50/5 181/55/5
f 181/55/5 714/50/5 715/51/5
f 181/55/5 715/51/5 187/56/5
f 187/56/5 715/51/5 716/52/5
f 187/56/5 716/52/5 184/57/5
f 184/57/5 716/52/5 717/53/5
f 184/57/5 717/53/5 185/48/5
f 178/49/130 718/49/127 720/49/130
f 718/49/127 178/49/130 177/49/127
f 713/49/129 178/49/130 720/49/130
f 178/49/130 713/49/129 179/54/129
f 189/58/140 188/49/137 730/49/140
f 728/49/137 730/49/140 188/49/137
f 199/48/9 197/57/9 734/53/9
f 734/53/9 197/57/9 733/52/9
f 197/57/9 201/56/9 733/52/9
f 733/52/9 201/56/9 732/51/9
f 201/56/9 194/55/9 732/51/9
f 732/51/9 194/55/9 731/50/9
f 194/55/9 193/54/9 731/50/9
f 193/54/9 189/58/140 731/50/9
f 731/50/9 189/58/140 721/49/9
f 730/49/140 721/49/9 189/58/140
f 192/54/138 722/49/138 191/49/139
f 729/49/139 191/49/139 722/49/138
f 190/49/136 191/49/139 727/49/136
f 729/49/139 727/49/136 191/49/139
f 198/48/5 726/53/5 196/57/5
f 726/53/5 725/52/5 196/57/5
f 196/57/5 725/52/5 200/56/5
f 725/52/5 724/51/5 200/56/5
f 200/56/5 724/51/5 195/55/5
f 724/51/5 723/50/5 195/55/5
f 195/55/5 723/50/5 192/54/138
f 722/49/138 192/54/138 723/50/5
f 723/50/132 20/50/132 722/49/131
f 20/50/132 19/49/131 722/49/131
f 721/49/131 730/49/131 722/49/131
f 722/49/131 730/49/131 729/49/131
f 730/49/131 728/49/131 729/49/131
f 727/49/131 729/49/131 728/49/131
f 728/49/137 188/49/137 727/49/136
f 190/49/136 727/49/136 188/49/137
f 726/53/135 22/53/135 725/52/134
f 24/52/134 725/52/134 22/53/135
f 24/52/134 23/51/133 725/52/134
f 724/51/133 725/52/134 23/51/133
f 23/51/133 20/50/132 724/51/133
f 723/50/132 724/51/133 20/50/132
f 19/49/131 721/49/131 722/49/131
f 736/49/122 738/60/122 735/49/122
f 737/60/122 735/49/122 738/60/122
f 736/49/128 735/49/128 213/59/128
f 212/59/128 213/59/128 735/49/128
f 218/54/148 740/49/148 217/49/149
f 747/49/149 217/49/149 740/49/148
f 216/49/146 217/49/149 745/49/146
f 747/49/149 745/49/146 217/49/149
f 223/48/6 744/53/6 221/57/6
f 744/53/6 743/52/6 221/57/6
f 221/57/6 743/52/6 226/56/6
f 743/52/6 742/51/6 226/56/6
f 226/56/6 742/51/6 220/55/6
f 742/51/6 741/50/6 220/55/6
f 220/55/6 741/50/6 218/54/148
f 740/49/148 218/54/148 741/50/6
f 26/50/142 25/49/141 741/50/142
f 741/50/142 25/49/141 740/49/141
f 740/49/141 739/49/141 747/49/141
f 739/49/141 746/49/141 747/49/141
f 745/49/141 747/49/141 746/49/141
f 214/49/147 216/49/146 746/49/147
f 745/49/146 746/49/147 216/49/146
f 28/53/145 30/52/144 744/53/145
f 743/52/144 744/53/145 30/52/144
f 30/52/144 29/51/143 743/52/144
f 742/51/143 743/52/144 29/51/143
f 29/51/143 26/50/142 742/51/143
f 741/50/142 742/51/143 26/50/142
f 25/49/141 739/49/141 740/49/141
f 259/49/11 247/49/11 269/49/11
f 249/49/11 269/49/11 247/49/11
f 749/49/131 748/49/131 39/49/131
f 40/50/132 751/51/133 750/50/132
f 751/51/133 40/50/132 43/51/133
f 43/51/133 752/52/134 751/51/133
f 752/52/134 43/51/133 44/52/134
f 42/53/135 752/52/134 44/52/134
f 752/52/134 42/53/135 753/53/135
f 275/49/151 754/49/150 277/49/150
f 754/49/150 275/49/151 755/49/151
f 755/49/131 756/49/131 754/49/131
f 756/49/131 755/49/131 757/49/131
f 756/49/131 757/49/131 749/49/131
f 749/49/131 757/49/131 748/49/131
f 749/49/131 39/49/131 40/50/132
f 749/49/131 40/50/132 750/50/132
f 750/50/9 279/54/152 749/49/152
f 279/54/152 750/50/9 282/55/9
f 282/55/9 750/50/9 751/51/9
f 282/55/9 751/51/9 287/56/9
f 287/56/9 751/51/9 752/52/9
f 287/56/9 752/52/9 283/57/9
f 283/57/9 752/52/9 753/53/9
f 283/57/9 753/53/9 285/48/9
f 278/49/153 754/49/150 756/49/153
f 754/49/150 278/49/153 277/49/150
f 749/49/152 278/49/153 756/49/153
f 278/49/153 749/49/152 279/54/152
f 276/58/154 748/49/5 757/49/154
f 748/49/5 276/58/154 758/50/5
f 758/50/5 276/58/154 280/54/5
f 758/50/5 280/54/5 281/55/5
f 758/50/5 281/55/5 759/51/5
f 759/51/5 281/55/5 288/56/5
f 759/51/5 288/56/5 760/52/5
f 760/52/5 288/56/5 284/57/5
f 760/52/5 284/57/5 761/53/5
f 761/53/5 284/57/5 286/48/5
f 275/49/151 757/49/154 755/49/151
f 757/49/154 275/49/151 276/58/154
f 763/61/156 82/48/85 762/61/155
f 82/48/85 763/61/156 79/48/20
f 85/48/21 764/61/157 88/48/83
f 764/61/157 85/48/21 765/61/158
f 766/61/159 79/48/20 763/61/156
f 79/48/20 766/61/159 74/48/82
f 76/48/84 765/61/158 85/48/21
f 765/61/158 76/48/84 767/61/160
f 76/48/84 768/61/161 767/61/160
f 768/61/161 76/48/84 73/48/5
f 762/61/155 766/61/159 763/61/156
f 766/61/159 762/61/155 769/61/162
f 766/61/159 769/61/162 768/61/161
f 768/61/161 769/61/162 764/61/157
f 768/61/161 764/61/157 767/61/160
f 767/61/160 764/61/157 765/61/158
f 84/48/9 764/61/157 769/61/162
f 764/61/157 84/48/9 88/48/83
f 82/48/85 769/61/162 762/61/155
f 769/61/162 82/48/85 84/48/9
f 73/48/5 766/61/159 768/61/161
f 766/61/159 73/48/5 74/48/82
f 771/48/21 604/47/21 770/48/21
f 604/47/21 771/48/21 603/47/21
f 772/48/5 591/47/5 593/47/5
f 591/47/5 772/48/5 595/62/5
f 595/62/5 772/48/5 607/63/5
f 607/63/5 772/48/5 606/63/5
f 770/48/5 606/63/5 772/48/5
f 770/48/5 608/62/5 606/63/5
f 604/47/5 608/62/5 770/48/5
f 608/62/5 604/47/5 605/47/5
f 584/64/5 580/49/5 585/49/5
f 580/49/5 584/64/5 581/64/5
f 629/49/106 777/49/106 628/48/106
f 776/48/106 628/48/106 777/49/106
f 649/47/106 657/47/106 648/62/106
f 775/48/106 648/62/106 657/47/106
f 651/63/106 648/62/106 775/48/106
f 773/48/106 651/63/106 775/48/106
f 651/63/106 773/48/106 653/63/106
f 653/63/106 773/48/106 642/62/106
f 642/62/106 773/48/106 635/47/106
f 637/47/106 635/47/106 773/48/106
f 774/48/98 638/47/98 773/48/98
f 637/47/98 773/48/98 638/47/98
f 780/65/165 779/66/164 778/65/163
f 779/66/164 780/65/165 781/66/166
f 783/66/168 780/65/165 782/65/167
f 780/65/165 783/66/168 781/66/166
f 786/66/171 785/65/170 784/65/169
f 785/65/170 786/66/171 787/66/172
f 789/66/174 784/65/169 788/65/173
f 784/65/169 789/66/174 786/66/171
f 791/66/176 782/65/167 790/65/175
f 782/65/167 791/66/176 783/66/168
f 787/66/172 792/65/177 785/65/170
f 792/65/177 787/66/172 793/66/178
f 791/66/176 792/65/177 793/66/178
f 792/65/177 791/66/176 790/65/175
f 778/65/163 789/66/174 788/65/173
f 789/66/174 778/65/163 779/66/164
f 787/66/172 791/66/176 793/66/178
f 791/66/176 787/66/172 786/66/171
f 791/66/176 786/66/171 783/66/168
f 783/66/168 786/66/171 789/66/174
f 783/66/168 789/66/174 781/66/166
f 781/66/166 789/66/174 779/66/164
f 790/65/179 785/65/179 792/65/179
f 785/65/179 790/65/179 782/65/179
f 785/65/179 782/65/179 784/65/179
f 784/65/179 782/65/179 788/65/179
f 788/65/179 782/65/179 780/65/179
f 788/65/179 780/65/179 778/65/179

usemtl colormap-specular

f 537/68/5 533/67/5 535/67/5
f 533/67/5 537/68/5 539/68/5
f 573/68/5 571/68/5 567/67/5
f 569/67/5 567/67/5 571/68/5
f 692/70/22 690/69/22 697/69/22
f 690/69/22 692/70/22 691/70/22

g building-n




usemtl colormap

f 3/2/1 2/1/1 1/1/1
f 2/1/1 3/2/1 4/2/1
f 5/1/2 3/2/2 1/1/2
f 3/2/2 5/1/2 6/2/2
f 12/2/4 11/1/4 9/2/4
f 7/1/4 9/2/4 11/1/4
f 10/2/3 9/2/3 8/1/3
f 7/1/3 8/1/3 9/2/3
f 15/3/5 14/4/5 13/3/5
f 14/4/5 15/3/5 16/5/5
f 14/4/5 16/5/5 17/6/5
f 17/6/5 16/5/5 18/7/5
f 24/7/5 22/5/5 23/6/5
f 23/6/5 22/5/5 20/4/5
f 22/5/5 21/3/5 20/4/5
f 19/3/5 20/4/5 21/3/5
f 30/7/6 28/5/6 29/6/6
f 29/6/6 28/5/6 26/4/6
f 28/5/6 27/3/6 26/4/6
f 25/3/6 26/4/6 27/3/6
f 31/2/1 38/2/1 32/1/1
f 37/1/1 32/1/1 38/2/1
f 36/2/8 35/1/8 38/2/8
f 37/1/8 38/2/8 35/1/8
f 36/2/7 33/2/7 35/1/7
f 34/1/7 35/1/7 33/2/7
f 34/1/2 33/2/2 32/1/2
f 31/2/2 32/1/2 33/2/2
f 41/3/9 40/4/9 39/3/9
f 40/4/9 41/3/9 42/5/9
f 40/4/9 42/5/9 43/6/9
f 43/6/9 42/5/9 44/7/9
f 47/2/1 46/1/1 45/1/1
f 46/1/1 47/2/1 48/2/1
f 51/3/10 50/3/10 49/3/10
f 50/3/10 51/3/10 52/3/10
f 50/3/10 52/3/10 53/3/10
f 50/3/10 53/3/10 54/3/10
f 54/3/10 53/3/10 55/3/10
f 54/3/10 55/3/10 56/3/10
f 59/3/10 58/3/10 57/3/10
f 58/3/10 59/3/10 60/3/10
f 58/3/10 60/3/10 61/3/10
f 58/3/10 61/3/10 62/3/10
f 62/3/10 61/3/10 63/3/10
f 62/3/10 63/3/10 64/3/10
f 67/3/10 66/3/10 65/3/10
f 66/3/10 67/3/10 68/3/10
f 66/3/10 68/3/10 69/3/10
f 69/3/10 68/3/10 70/3/10
f 69/3/10 70/3/10 71/3/10
f 71/3/10 70/3/10 72/3/10
f 75/2/11 74/2/11 73/2/11
f 75/2/11 73/2/11 76/2/11
f 77/2/11 74/2/11 75/2/11
f 75/2/11 76/2/11 78/2/11
f 77/2/11 79/2/11 74/2/11
f 79/2/11 77/2/11 80/2/11
f 81/2/11 79/2/11 80/2/11
f 79/2/11 81/2/11 82/2/11
f 82/2/11 81/2/11 83/2/11
f 82/2/11 83/2/11 84/2/11
f 78/2/11 76/2/11 85/2/11
f 78/2/11 85/2/11 86/2/11
f 84/2/11 83/2/11 87/2/11
f 85/2/11 87/2/11 86/2/11
f 84/2/11 87/2/11 88/2/11
f 88/2/11 87/2/11 85/2/11
f 87/2/12 69/3/13 71/3/12
f 72/3/14 87/2/12 71/3/12
f 69/3/13 87/2/12 83/2/13
f 87/2/12 72/3/14 86/2/14
f 83/2/13 66/3/15 69/3/13
f 66/3/15 83/2/13 81/2/15
f 81/2/15 65/3/16 66/3/15
f 65/3/16 81/2/15 80/2/16
f 80/2/16 67/3/17 65/3/16
f 67/3/17 80/2/16 77/2/17
f 77/2/17 68/3/18 67/3/17
f 68/3/18 77/2/17 75/2/18
f 70/3/19 86/2/14 72/3/14
f 75/2/18 70/3/19 68/3/18
f 86/2/14 70/3/19 78/2/19
f 70/3/19 75/2/18 78/2/19
f 91/1/20 90/2/20 89/1/20
f 90/2/20 91/1/20 92/2/20
f 95/2/5 94/9/5 93/8/5
f 95/2/5 93/8/5 96/10/5
f 97/1/5 94/9/5 95/2/5
f 94/9/5 97/1/5 98/11/5
f 98/11/5 97/1/5 99/11/5
f 89/1/5 99/11/5 97/1/5
f 99/11/5 89/1/5 100/9/5
f 95/2/5 96/10/5 90/2/5
f 100/9/5 89/1/5 90/2/5
f 101/10/5 90/2/5 96/10/5
f 100/9/5 90/2/5 102/8/5
f 102/8/5 90/2/5 101/10/5
f 113/10/5 104/2/5 114/8/5
f 114/8/5 104/2/5 112/9/5
f 109/10/5 104/2/5 113/10/5
f 104/2/5 103/1/5 112/9/5
f 104/2/5 109/10/5 95/2/5
f 112/9/5 103/1/5 111/11/5
f 97/1/5 111/11/5 103/1/5
f 111/11/5 97/1/5 110/11/5
f 110/11/5 97/1/5 108/9/5
f 95/2/5 108/9/5 97/1/5
f 109/10/5 107/8/5 95/2/5
f 107/8/5 108/9/5 95/2/5
f 106/2/21 105/1/21 104/2/21
f 103/1/21 104/2/21 105/1/21
f 117/2/22 116/13/22 115/12/22
f 117/2/22 115/12/22 118/8/22
f 119/1/22 116/13/22 117/2/22
f 116/13/22 119/1/22 120/14/22
f 120/14/22 119/1/22 121/14/22
f 122/1/22 121/14/22 119/1/22
f 121/14/22 122/1/22 123/13/22
f 117/2/22 118/8/22 124/2/22
f 123/13/22 122/1/22 124/2/22
f 125/8/22 124/2/22 118/8/22
f 123/13/22 124/2/22 126/12/22
f 126/12/22 124/2/22 125/8/22
f 129/16/23 128/15/1 127/15/23
f 128/15/1 129/16/23 130/16/1
f 133/15/2 132/16/24 131/15/24
f 132/16/24 133/15/2 134/16/2
f 132/16/24 127/15/23 131/15/24
f 127/15/23 132/16/24 129/16/23
f 133/15/10 128/15/10 135/15/10
f 128/15/10 133/15/10 127/15/10
f 127/15/10 133/15/10 131/15/10
f 129/16/11 2/16/11 130/16/11
f 2/16/11 129/16/11 1/16/11
f 1/16/11 129/16/11 132/16/11
f 1/16/11 132/16/11 134/16/11
f 134/16/11 5/16/11 1/16/11
f 7/16/11 11/16/11 143/16/11
f 143/16/11 141/16/11 7/16/11
f 141/16/11 138/16/11 7/16/11
f 138/16/11 139/16/11 7/16/11
f 8/16/11 7/16/11 139/16/11
f 140/15/10 142/15/10 136/15/10
f 136/15/10 142/15/10 137/15/10
f 135/15/10 137/15/10 142/15/10
f 138/16/25 141/16/26 136/15/25
f 140/15/26 136/15/25 141/16/26
f 143/16/4 142/15/4 141/16/26
f 140/15/26 141/16/26 142/15/4
f 139/16/3 138/16/25 137/15/3
f 136/15/25 137/15/3 138/16/25
f 146/15/10 145/15/10 144/15/10
f 145/15/10 146/15/10 147/15/10
f 148/16/3 144/15/3 145/15/3
f 144/15/3 148/16/3 149/16/3
f 148/16/11 150/16/11 149/16/11
f 150/16/11 148/16/11 151/16/11
f 154/16/23 153/15/1 152/15/23
f 153/15/1 154/16/23 155/16/1
f 158/15/2 157/16/24 156/15/24
f 157/16/24 158/15/2 159/16/2
f 157/16/24 152/15/23 156/15/24
f 152/15/23 157/16/24 154/16/23
f 158/15/10 153/15/10 160/15/10
f 153/15/10 158/15/10 152/15/10
f 152/15/10 158/15/10 156/15/10
f 154/16/11 161/16/11 155/16/11
f 161/16/11 154/16/11 162/16/11
f 162/16/11 154/16/11 157/16/11
f 162/16/11 157/16/11 159/16/11
f 159/16/11 163/16/11 162/16/11
f 171/16/11 169/16/11 174/16/11
f 174/16/11 169/16/11 173/16/11
f 169/16/11 166/16/11 173/16/11
f 173/16/11 166/16/11 172/16/11
f 167/16/11 172/16/11 166/16/11
f 168/15/10 170/15/10 164/15/10
f 164/15/10 170/15/10 165/15/10
f 160/15/10 165/15/10 170/15/10
f 166/16/25 169/16/26 164/15/25
f 168/15/26 164/15/25 169/16/26
f 171/16/4 170/15/4 169/16/26
f 168/15/26 169/16/26 170/15/4
f 167/16/3 166/16/25 165/15/3
f 164/15/25 165/15/3 166/16/25
f 177/15/27 176/17/27 175/15/27
f 176/17/27 177/15/27 178/15/27
f 176/17/27 178/15/27 179/17/27
f 176/17/27 179/17/27 180/18/28
f 180/18/28 179/17/27 181/18/28
f 184/19/29 183/20/30 182/19/29
f 183/20/30 184/19/29 185/20/30
f 187/21/31 182/19/29 186/21/31
f 182/19/29 187/21/31 184/19/29
f 181/18/28 186/21/31 180/18/28
f 186/21/31 181/18/28 187/21/31
f 200/21/36 195/18/33 201/21/36
f 194/18/33 201/21/36 195/18/33
f 197/19/34 196/19/34 201/21/36
f 200/21/36 201/21/36 196/19/34
f 199/20/35 198/20/35 197/19/34
f 196/19/34 197/19/34 198/20/35
f 195/18/33 192/17/32 194/18/33
f 194/18/33 192/17/32 193/17/32
f 193/17/32 192/17/32 189/22/32
f 192/17/32 191/15/32 189/22/32
f 191/15/32 190/15/32 189/22/32
f 188/15/32 189/22/32 190/15/32
f 207/24/31 206/24/31 205/23/29
f 204/23/29 205/23/29 206/24/31
f 213/27/27 212/27/27 211/26/27
f 210/26/27 211/26/27 212/27/27
f 211/26/27 210/26/27 209/25/28
f 208/25/28 209/25/28 210/26/27
f 209/25/28 208/25/28 207/24/31
f 206/24/31 207/24/31 208/25/28
f 205/23/29 204/23/29 203/20/30
f 202/20/30 203/20/30 204/23/29
f 226/21/41 220/18/38 225/21/41
f 219/18/38 225/21/41 220/18/38
f 221/19/39 226/21/41 222/19/39
f 225/21/41 222/19/39 226/21/41
f 224/20/40 223/20/40 222/19/39
f 221/19/39 222/19/39 223/20/40
f 220/18/38 218/17/37 219/18/38
f 219/18/38 218/17/37 215/17/37
f 218/17/37 217/15/37 215/17/37
f 217/15/37 216/15/37 215/17/37
f 214/15/37 215/17/37 216/15/37
f 234/16/11 232/16/11 37/16/11
f 234/16/11 37/16/11 236/16/11
f 232/16/11 240/16/11 37/16/11
f 37/16/11 35/16/11 236/16/11
f 37/16/11 240/16/11 32/16/11
f 236/16/11 35/16/11 238/16/11
f 35/16/11 34/16/11 238/16/11
f 34/16/11 32/16/11 238/16/11
f 241/16/11 32/16/11 240/16/11
f 32/16/11 241/16/11 238/16/11
f 238/16/11 241/16/11 229/16/11
f 227/16/11 229/16/11 241/16/11
f 241/16/23 240/16/47 242/15/23
f 239/15/47 242/15/23 240/16/47
f 228/15/24 227/16/24 242/15/23
f 241/16/23 242/15/23 227/16/24
f 229/16/42 230/15/42 238/16/46
f 237/15/46 238/16/46 230/15/42
f 232/16/43 231/15/43 240/16/47
f 239/15/47 240/16/47 231/15/43
f 236/16/45 235/15/45 234/16/44
f 233/15/44 234/16/44 235/15/45
f 238/16/46 237/15/46 236/16/45
f 235/15/45 236/16/45 237/15/46
f 234/16/44 233/15/44 232/16/43
f 231/15/43 232/16/43 233/15/44
f 230/15/42 229/16/42 228/15/24
f 227/16/24 228/15/24 229/16/42
f 249/15/10 262/15/10 247/15/10
f 261/15/10 247/15/10 262/15/10
f 259/15/10 247/15/10 261/15/10
f 262/15/10 249/15/10 271/15/10
f 272/15/10 259/15/10 261/15/10
f 272/15/10 271/15/10 249/15/10
f 259/15/10 272/15/10 269/15/10
f 269/15/10 272/15/10 249/15/10
f 271/15/20 273/28/20 262/15/20
f 264/28/20 262/15/20 273/28/20
f 267/20/54 253/20/51 265/28/54
f 254/28/51 265/28/54 253/20/51
f 274/28/21 272/15/21 263/28/21
f 261/15/21 263/28/21 272/15/21
f 252/28/10 244/28/10 254/28/10
f 243/28/10 254/28/10 244/28/10
f 264/28/10 254/28/10 243/28/10
f 273/28/10 254/28/10 264/28/10
f 263/28/10 264/28/10 243/28/10
f 254/28/10 273/28/10 265/28/10
f 274/28/10 265/28/10 273/28/10
f 266/28/10 265/28/10 274/28/10
f 263/28/10 266/28/10 274/28/10
f 256/28/10 263/28/10 243/28/10
f 256/28/10 266/28/10 263/28/10
f 255/28/10 266/28/10 256/28/10
f 250/20/5 270/20/5 249/15/5
f 269/15/5 249/15/5 270/20/5
f 251/20/11 253/20/11 246/20/11
f 245/20/11 246/20/11 253/20/11
f 250/20/11 245/20/11 253/20/11
f 267/20/11 250/20/11 253/20/11
f 250/20/11 248/20/11 245/20/11
f 258/20/11 245/20/11 248/20/11
f 270/20/11 250/20/11 267/20/11
f 260/20/11 258/20/11 248/20/11
f 270/20/11 258/20/11 260/20/11
f 267/20/11 258/20/11 270/20/11
f 268/20/11 258/20/11 267/20/11
f 257/20/11 258/20/11 268/20/11
f 268/20/55 266/28/55 257/20/52
f 255/28/52 257/20/52 266/28/55
f 274/28/9 273/28/9 272/15/9
f 271/15/9 272/15/9 273/28/9
f 270/20/20 260/20/20 269/15/20
f 259/15/20 269/15/20 260/20/20
f 268/20/55 267/20/54 266/28/55
f 265/28/54 266/28/55 267/20/54
f 264/28/5 263/28/5 262/15/5
f 261/15/5 262/15/5 263/28/5
f 260/20/9 248/20/9 259/15/9
f 247/15/9 259/15/9 248/20/9
f 245/20/48 258/20/53 243/28/48
f 256/28/53 243/28/48 258/20/53
f 258/20/53 257/20/52 256/28/53
f 255/28/52 256/28/53 257/20/52
f 254/28/51 253/20/51 252/28/50
f 251/20/50 252/28/50 253/20/51
f 252/28/50 251/20/50 244/28/49
f 246/20/49 244/28/49 251/20/50
f 250/20/21 249/15/21 248/20/21
f 247/15/21 248/20/21 249/15/21
f 246/20/49 245/20/48 244/28/49
f 243/28/48 244/28/49 245/20/48
f 277/15/32 276/22/32 275/15/32
f 276/22/32 277/15/32 278/15/32
f 276/22/32 278/15/32 279/17/32
f 276/22/32 279/17/32 280/17/32
f 280/17/32 279/17/32 281/18/33
f 281/18/33 279/17/32 282/18/33
f 285/20/35 284/19/34 283/19/34
f 284/19/34 285/20/35 286/20/35
f 283/19/34 288/21/36 287/21/36
f 288/21/36 283/19/34 284/19/34
f 282/18/33 288/21/36 281/18/33
f 288/21/36 282/18/33 287/21/36
f 291/15/10 290/15/10 289/15/10
f 290/15/10 291/15/10 292/15/10
f 293/16/1 289/15/1 290/15/1
f 289/15/1 293/16/1 294/16/1
f 293/16/11 46/16/11 294/16/11
f 46/16/11 293/16/11 45/16/11
f 298/20/11 296/20/11 306/20/11
f 296/20/11 301/20/11 306/20/11
f 306/20/11 301/20/11 305/20/11
f 301/20/11 302/20/11 305/20/11
f 305/20/11 302/20/11 309/20/11
f 307/20/11 309/20/11 302/20/11
f 308/15/49 307/20/49 300/15/48
f 302/20/48 300/15/48 307/20/49
f 303/15/57 305/20/57 310/15/59
f 309/20/59 310/15/59 305/20/57
f 306/20/58 304/15/58 298/20/56
f 297/15/56 298/20/56 304/15/58
f 296/20/52 295/15/52 301/20/53
f 299/15/53 301/20/53 295/15/52
f 310/15/59 309/20/59 308/15/49
f 307/20/49 308/15/49 309/20/59
f 306/20/58 305/20/57 304/15/58
f 303/15/57 304/15/58 305/20/57
f 302/20/48 301/20/53 300/15/48
f 299/15/53 300/15/48 301/20/53
f 298/20/56 297/15/56 296/20/52
f 295/15/52 296/20/52 297/15/56
f 313/29/21 312/20/21 311/29/21
f 312/20/21 313/29/21 314/20/21
f 315/30/21 314/20/21 313/29/21
f 315/30/21 316/31/21 314/20/21
f 315/30/21 317/29/21 316/31/21
f 317/29/21 315/30/21 318/30/21
f 320/31/61 317/29/60 319/29/60
f 317/29/60 320/31/61 316/31/61
f 321/29/10 313/29/10 311/29/10
f 313/29/10 321/29/10 322/29/10
f 324/30/20 319/29/20 323/30/20
f 319/29/20 324/30/20 320/31/20
f 320/31/20 324/30/20 325/20/20
f 325/20/20 324/30/20 322/29/20
f 325/20/20 322/29/20 321/29/20
f 325/20/20 321/29/20 326/20/20
f 319/29/60 318/30/5 323/30/5
f 318/30/5 319/29/60 317/29/60
f 313/29/9 324/30/9 315/30/9
f 324/30/9 313/29/9 322/29/9
f 325/20/62 312/20/11 314/20/62
f 312/20/11 325/20/62 326/20/11
f 316/31/61 325/20/62 314/20/62
f 325/20/62 316/31/61 320/31/61
f 328/30/65 49/15/64 327/30/63
f 49/15/64 328/30/65 51/15/66
f 329/30/69 50/15/68 54/15/67
f 50/15/68 329/30/69 330/30/70
f 52/15/58 331/30/71 53/15/57
f 331/30/71 52/15/58 332/30/72
f 56/15/74 334/30/59 333/30/73
f 334/30/59 56/15/74 55/15/75
f 54/15/67 333/30/73 329/30/69
f 333/30/73 54/15/67 56/15/74
f 330/30/70 49/15/64 50/15/68
f 49/15/64 330/30/70 327/30/63
f 332/30/72 51/15/66 328/30/65
f 51/15/66 332/30/72 52/15/58
f 53/15/57 334/30/59 55/15/75
f 334/30/59 53/15/57 331/30/71
f 331/30/11 333/30/11 334/30/11
f 324/30/11 333/30/11 331/30/11
f 332/30/11 324/30/11 331/30/11
f 323/30/11 333/30/11 324/30/11
f 323/30/11 329/30/11 333/30/11
f 323/30/11 330/30/11 329/30/11
f 318/30/11 330/30/11 323/30/11
f 315/30/11 330/30/11 318/30/11
f 332/30/11 315/30/11 324/30/11
f 330/30/11 315/30/11 327/30/11
f 332/30/11 327/30/11 315/30/11
f 327/30/11 332/30/11 328/30/11
f 337/29/21 336/20/21 335/29/21
f 336/20/21 337/29/21 338/20/21
f 339/30/21 338/20/21 337/29/21
f 339/30/21 340/31/21 338/20/21
f 339/30/21 341/29/21 340/31/21
f 341/29/21 339/30/21 342/30/21
f 344/31/61 341/29/60 343/29/60
f 341/29/60 344/31/61 340/31/61
f 345/29/10 337/29/10 335/29/10
f 337/29/10 345/29/10 346/29/10
f 348/30/20 343/29/20 347/30/20
f 343/29/20 348/30/20 344/31/20
f 344/31/20 348/30/20 349/20/20
f 349/20/20 348/30/20 346/29/20
f 349/20/20 346/29/20 345/29/20
f 349/20/20 345/29/20 350/20/20
f 343/29/60 342/30/5 347/30/5
f 342/30/5 343/29/60 341/29/60
f 337/29/9 348/30/9 339/30/9
f 348/30/9 337/29/9 346/29/9
f 349/20/62 336/20/11 338/20/62
f 336/20/11 349/20/62 350/20/11
f 340/31/61 349/20/62 338/20/62
f 349/20/62 340/31/61 344/31/61
f 352/30/65 57/15/64 351/30/63
f 57/15/64 352/30/65 59/15/66
f 353/30/69 58/15/68 62/15/67
f 58/15/68 353/30/69 354/30/70
f 60/15/58 355/30/71 61/15/57
f 355/30/71 60/15/58 356/30/72
f 64/15/74 358/30/59 357/30/73
f 358/30/59 64/15/74 63/15/75
f 62/15/67 357/30/73 353/30/69
f 357/30/73 62/15/67 64/15/74
f 354/30/70 57/15/64 58/15/68
f 57/15/64 354/30/70 351/30/63
f 356/30/72 59/15/66 352/30/65
f 59/15/66 356/30/72 60/15/58
f 61/15/57 358/30/59 63/15/75
f 358/30/59 61/15/57 355/30/71
f 355/30/11 357/30/11 358/30/11
f 348/30/11 357/30/11 355/30/11
f 356/30/11 348/30/11 355/30/11
f 347/30/11 357/30/11 348/30/11
f 347/30/11 353/30/11 357/30/11
f 347/30/11 354/30/11 353/30/11
f 342/30/11 354/30/11 347/30/11
f 339/30/11 354/30/11 342/30/11
f 356/30/11 339/30/11 348/30/11
f 354/30/11 339/30/11 351/30/11
f 356/30/11 351/30/11 339/30/11
f 351/30/11 356/30/11 352/30/11
f 361/33/76 360/32/5 359/32/76
f 360/32/5 361/33/76 362/33/5
f 365/33/77 364/32/21 363/33/21
f 364/32/21 365/33/77 366/32/77
f 362/33/5 367/32/78 360/32/5
f 367/32/78 362/33/5 368/33/78
f 363/33/21 367/32/78 368/33/78
f 367/32/78 363/33/21 364/32/21
f 365/33/77 369/32/9 366/32/77
f 369/32/9 365/33/77 370/33/9
f 370/33/9 371/32/79 369/32/9
f 371/32/79 370/33/9 372/33/79
f 371/32/79 374/33/20 373/32/20
f 374/33/20 371/32/79 372/33/79
f 373/32/20 361/33/76 359/32/76
f 361/33/76 373/32/20 374/33/20
f 366/32/10 367/32/10 364/32/10
f 367/32/10 366/32/10 369/32/10
f 367/32/10 369/32/10 360/32/10
f 360/32/10 369/32/10 371/32/10
f 360/32/10 371/32/10 359/32/10
f 359/32/10 371/32/10 373/32/10
f 377/33/10 376/33/10 375/33/10
f 376/33/10 377/33/10 378/33/10
f 381/32/80 380/32/11 379/32/11
f 380/32/11 381/32/80 382/32/80
f 380/32/9 377/33/9 375/33/9
f 377/33/9 380/32/9 383/34/9
f 383/34/9 380/32/9 382/32/9
f 380/32/21 376/33/21 379/32/21
f 376/33/21 380/32/21 375/33/21
f 384/34/5 376/33/5 378/33/5
f 376/33/5 384/34/5 379/32/5
f 379/32/5 384/34/5 381/32/5
f 377/33/20 384/34/81 378/33/20
f 384/34/81 377/33/20 383/34/81
f 383/34/81 381/32/80 384/34/81
f 381/32/80 383/34/81 382/32/80
f 387/33/20 386/32/82 385/33/82
f 386/32/82 387/33/20 388/32/20
f 386/32/82 389/33/5 385/33/82
f 389/33/5 386/32/82 390/32/5
f 393/32/83 392/33/21 391/32/21
f 392/33/21 393/32/83 394/33/83
f 391/32/21 396/33/84 395/32/84
f 396/33/84 391/32/21 392/33/21
f 397/33/85 388/32/20 387/33/20
f 388/32/20 397/33/85 398/32/85
f 400/32/9 397/33/85 399/33/9
f 397/33/85 400/32/9 398/32/85
f 390/32/5 396/33/84 389/33/5
f 396/33/84 390/32/5 395/32/84
f 393/32/83 399/33/9 394/33/83
f 399/33/9 393/32/83 400/32/9
f 395/32/11 393/32/11 391/32/11
f 393/32/11 395/32/11 390/32/11
f 393/32/11 390/32/11 400/32/11
f 400/32/11 390/32/11 386/32/11
f 400/32/11 386/32/11 398/32/11
f 398/32/11 386/32/11 388/32/11
f 394/33/10 396/33/10 392/33/10
f 396/33/10 394/33/10 399/33/10
f 396/33/10 399/33/10 389/33/10
f 389/33/10 399/33/10 397/33/10
f 389/33/10 397/33/10 385/33/10
f 385/33/10 397/33/10 387/33/10
f 403/33/20 402/32/82 401/33/82
f 402/32/82 403/33/20 404/32/20
f 402/32/82 405/33/5 401/33/82
f 405/33/5 402/32/82 406/32/5
f 409/32/83 408/33/21 407/32/21
f 408/33/21 409/32/83 410/33/83
f 407/32/21 412/33/84 411/32/84
f 412/33/84 407/32/21 408/33/21
f 413/33/85 404/32/20 403/33/20
f 404/32/20 413/33/85 414/32/85
f 416/32/9 413/33/85 415/33/9
f 413/33/85 416/32/9 414/32/85
f 406/32/5 412/33/84 405/33/5
f 412/33/84 406/32/5 411/32/84
f 409/32/83 415/33/9 410/33/83
f 415/33/9 409/32/83 416/32/9
f 411/32/11 409/32/11 407/32/11
f 409/32/11 411/32/11 406/32/11
f 409/32/11 406/32/11 416/32/11
f 416/32/11 406/32/11 402/32/11
f 416/32/11 402/32/11 414/32/11
f 414/32/11 402/32/11 404/32/11
f 410/33/10 412/33/10 408/33/10
f 412/33/10 410/33/10 415/33/10
f 412/33/10 415/33/10 405/33/10
f 405/33/10 415/33/10 413/33/10
f 405/33/10 413/33/10 401/33/10
f 401/33/10 413/33/10 403/33/10
f 419/33/20 418/32/82 417/33/82
f 418/32/82 419/33/20 420/32/20
f 418/32/82 421/33/5 417/33/82
f 421/33/5 418/32/82 422/32/5
f 425/32/83 424/33/21 423/32/21
f 424/33/21 425/32/83 426/33/83
f 423/32/21 428/33/84 427/32/84
f 428/33/84 423/32/21 424/33/21
f 429/33/85 420/32/20 419/33/20
f 420/32/20 429/33/85 430/32/85
f 432/32/9 429/33/85 431/33/9
f 429/33/85 432/32/9 430/32/85
f 422/32/5 428/33/84 421/33/5
f 428/33/84 422/32/5 427/32/84
f 425/32/83 431/33/9 426/33/83
f 431/33/9 425/32/83 432/32/9
f 427/32/11 425/32/11 423/32/11
f 425/32/11 427/32/11 422/32/11
f 425/32/11 422/32/11 432/32/11
f 432/32/11 422/32/11 418/32/11
f 432/32/11 418/32/11 430/32/11
f 430/32/11 418/32/11 420/32/11
f 426/33/10 428/33/10 424/33/10
f 428/33/10 426/33/10 431/33/10
f 428/33/10 431/33/10 421/33/10
f 421/33/10 431/33/10 429/33/10
f 421/33/10 429/33/10 417/33/10
f 417/33/10 429/33/10 419/33/10
f 435/33/76 434/32/5 433/32/76
f 434/32/5 435/33/76 436/33/5
f 439/33/77 438/32/21 437/33/21
f 438/32/21 439/33/77 440/32/77
f 436/33/5 441/32/78 434/32/5
f 441/32/78 436/33/5 442/33/78
f 437/33/21 441/32/78 442/33/78
f 441/32/78 437/33/21 438/32/21
f 439/33/77 443/32/9 440/32/77
f 443/32/9 439/33/77 444/33/9
f 444/33/9 445/32/79 443/32/9
f 445/32/79 444/33/9 446/33/79
f 445/32/79 448/33/20 447/32/20
f 448/33/20 445/32/79 446/33/79
f 447/32/20 435/33/76 433/32/76
f 435/33/76 447/32/20 448/33/20
f 440/32/10 441/32/10 438/32/10
f 441/32/10 440/32/10 443/32/10
f 441/32/10 443/32/10 434/32/10
f 434/32/10 443/32/10 445/32/10
f 434/32/10 445/32/10 433/32/10
f 433/32/10 445/32/10 447/32/10
f 451/33/10 450/33/10 449/33/10
f 450/33/10 451/33/10 452/33/10
f 455/32/80 454/32/11 453/32/11
f 454/32/11 455/32/80 456/32/80
f 454/32/9 451/33/9 449/33/9
f 451/33/9 454/32/9 457/34/9
f 457/34/9 454/32/9 456/32/9
f 454/32/21 450/33/21 453/32/21
f 450/33/21 454/32/21 449/33/21
f 458/34/5 450/33/5 452/33/5
f 450/33/5 458/34/5 453/32/5
f 453/32/5 458/34/5 455/32/5
f 451/33/20 458/34/81 452/33/20
f 458/34/81 451/33/20 457/34/81
f 457/34/81 455/32/80 458/34/81
f 455/32/80 457/34/81 456/32/80
f 461/33/20 460/32/82 459/33/82
f 460/32/82 461/33/20 462/32/20
f 460/32/82 463/33/5 459/33/82
f 463/33/5 460/32/82 464/32/5
f 467/32/83 466/33/21 465/32/21
f 466/33/21 467/32/83 468/33/83
f 465/32/21 470/33/84 469/32/84
f 470/33/84 465/32/21 466/33/21
f 471/33/85 462/32/20 461/33/20
f 462/32/20 471/33/85 472/32/85
f 474/32/9 471/33/85 473/33/9
f 471/33/85 474/32/9 472/32/85
f 464/32/5 470/33/84 463/33/5
f 470/33/84 464/32/5 469/32/84
f 467/32/83 473/33/9 468/33/83
f 473/33/9 467/32/83 474/32/9
f 469/32/11 467/32/11 465/32/11
f 467/32/11 469/32/11 464/32/11
f 467/32/11 464/32/11 474/32/11
f 474/32/11 464/32/11 460/32/11
f 474/32/11 460/32/11 472/32/11
f 472/32/11 460/32/11 462/32/11
f 468/33/10 470/33/10 466/33/10
f 470/33/10 468/33/10 473/33/10
f 470/33/10 473/33/10 463/33/10
f 463/33/10 473/33/10 471/33/10
f 463/33/10 471/33/10 459/33/10
f 459/33/10 471/33/10 461/33/10
f 477/33/20 476/32/82 475/33/82
f 476/32/82 477/33/20 478/32/20
f 476/32/82 479/33/5 475/33/82
f 479/33/5 476/32/82 480/32/5
f 483/32/83 482/33/21 481/32/21
f 482/33/21 483/32/83 484/33/83
f 481/32/21 486/33/84 485/32/84
f 486/33/84 481/32/21 482/33/21
f 487/33/85 478/32/20 477/33/20
f 478/32/20 487/33/85 488/32/85
f 490/32/9 487/33/85 489/33/9
f 487/33/85 490/32/9 488/32/85
f 480/32/5 486/33/84 479/33/5
f 486/33/84 480/32/5 485/32/84
f 483/32/83 489/33/9 484/33/83
f 489/33/9 483/32/83 490/32/9
f 485/32/11 483/32/11 481/32/11
f 483/32/11 485/32/11 480/32/11
f 483/32/11 480/32/11 490/32/11
f 490/32/11 480/32/11 476/32/11
f 490/32/11 476/32/11 488/32/11
f 488/32/11 476/32/11 478/32/11
f 484/33/10 486/33/10 482/33/10
f 486/33/10 484/33/10 489/33/10
f 486/33/10 489/33/10 479/33/10
f 479/33/10 489/33/10 487/33/10
f 479/33/10 487/33/10 475/33/10
f 475/33/10 487/33/10 477/33/10
f 493/33/20 492/32/82 491/33/82
f 492/32/82 493/33/20 494/32/20
f 492/32/82 495/33/5 491/33/82
f 495/33/5 492/32/82 496/32/5
f 499/32/83 498/33/21 497/32/21
f 498/33/21 499/32/83 500/33/83
f 497/32/21 502/33/84 501/32/84
f 502/33/84 497/32/21 498/33/21
f 503/33/85 494/32/20 493/33/20
f 494/32/20 503/33/85 504/32/85
f 506/32/9 503/33/85 505/33/9
f 503/33/85 506/32/9 504/32/85
f 496/32/5 502/33/84 495/33/5
f 502/33/84 496/32/5 501/32/84
f 499/32/83 505/33/9 500/33/83
f 505/33/9 499/32/83 506/32/9
f 501/32/11 499/32/11 497/32/11
f 499/32/11 501/32/11 496/32/11
f 499/32/11 496/32/11 506/32/11
f 506/32/11 496/32/11 492/32/11
f 506/32/11 492/32/11 504/32/11
f 504/32/11 492/32/11 494/32/11
f 500/33/10 502/33/10 498/33/10
f 502/33/10 500/33/10 505/33/10
f 502/33/10 505/33/10 495/33/10
f 495/33/10 505/33/10 503/33/10
f 495/33/10 503/33/10 491/33/10
f 491/33/10 503/33/10 493/33/10
f 509/35/87 508/35/86 507/35/86
f 508/35/86 509/35/87 510/35/87
f 513/36/89 512/36/88 511/36/88
f 512/36/88 513/36/89 514/36/89
f 99/37/91 515/37/90 98/37/90
f 515/37/90 99/37/91 516/37/91
f 518/38/93 96/38/92 517/38/92
f 96/38/92 518/38/93 101/38/93
f 98/37/90 519/39/94 94/39/94
f 519/39/94 98/37/90 515/37/90
f 100/39/95 516/37/91 99/37/91
f 516/37/91 100/39/95 520/39/95
f 521/32/96 101/38/93 518/38/93
f 101/38/93 521/32/96 102/32/96
f 517/38/92 93/32/97 522/32/97
f 93/32/97 517/38/92 96/38/92
f 525/16/48 524/15/5 523/15/48
f 524/15/5 525/16/48 526/16/5
f 528/15/10 524/15/10 527/15/10
f 524/15/10 528/15/10 523/15/10
f 523/15/10 528/15/10 529/15/10
f 529/15/49 525/16/48 523/15/48
f 525/16/48 529/15/49 530/16/49
f 513/36/89 509/35/87 514/36/89
f 509/35/87 513/36/89 510/35/87
f 508/35/86 512/36/88 507/35/86
f 512/36/88 508/35/86 511/36/88
f 100/39/95 521/32/96 520/39/95
f 521/32/96 100/39/95 102/32/96
f 93/32/97 519/39/94 522/32/97
f 519/39/94 93/32/97 94/39/94
f 525/16/11 97/16/11 526/16/11
f 97/16/11 525/16/11 89/16/11
f 89/16/11 525/16/11 91/16/11
f 91/16/11 525/16/11 531/16/11
f 531/16/11 525/16/11 530/16/11
f 529/15/49 531/16/20 530/16/49
f 531/16/20 529/15/49 528/15/20
f 520/39/5 515/37/5 516/37/5
f 515/37/5 520/39/5 519/39/5
f 519/39/5 520/39/5 509/35/5
f 509/35/5 520/39/5 521/32/5
f 507/35/5 519/39/5 509/35/5
f 509/35/5 521/32/5 514/36/5
f 519/39/5 507/35/5 522/32/5
f 514/36/5 521/32/5 512/36/5
f 522/32/5 507/35/5 512/36/5
f 522/32/5 512/36/5 521/32/5
f 522/32/5 521/32/5 518/38/5
f 522/32/5 518/38/5 517/38/5
f 534/15/87 533/15/86 532/15/86
f 533/15/86 534/15/87 535/15/87
f 537/40/89 534/15/87 536/40/89
f 534/15/87 537/40/89 535/15/87
f 533/15/86 538/40/88 532/15/86
f 538/40/88 533/15/86 539/40/88
f 537/40/89 538/40/88 539/40/88
f 538/40/88 537/40/89 536/40/89
f 534/15/5 540/39/5 536/40/5
f 536/40/5 540/39/5 538/40/5
f 534/15/5 541/15/5 540/39/5
f 542/39/5 538/40/5 540/39/5
f 541/15/5 534/15/5 543/15/5
f 542/39/5 532/15/5 538/40/5
f 543/15/5 532/15/5 542/39/5
f 532/15/5 543/15/5 534/15/5
f 568/15/5 577/15/5 566/15/5
f 576/39/5 566/15/5 577/15/5
f 572/40/5 566/15/5 576/39/5
f 577/15/5 568/15/5 575/15/5
f 574/39/5 572/40/5 576/39/5
f 574/39/5 575/15/5 568/15/5
f 572/40/5 574/39/5 570/40/5
f 570/40/5 574/39/5 568/15/5
f 570/40/88 571/40/88 572/40/89
f 573/40/89 572/40/89 571/40/88
f 573/40/89 567/15/87 572/40/89
f 566/15/87 572/40/89 567/15/87
f 569/15/86 571/40/88 568/15/86
f 570/40/88 568/15/86 571/40/88
f 569/15/86 568/15/86 567/15/87
f 566/15/87 567/15/87 568/15/86
f 554/38/5 555/38/5 559/32/5
f 555/38/5 558/32/5 559/32/5
f 558/32/5 549/36/5 559/32/5
f 549/36/5 544/35/5 559/32/5
f 549/36/5 558/32/5 551/36/5
f 559/32/5 544/35/5 556/39/5
f 551/36/5 558/32/5 546/35/5
f 546/35/5 556/39/5 544/35/5
f 558/32/5 557/39/5 546/35/5
f 546/35/5 557/39/5 556/39/5
f 556/39/5 557/39/5 552/37/5
f 553/37/5 552/37/5 557/39/5
f 562/15/21 563/15/52 565/16/21
f 564/16/52 565/16/21 563/15/52
f 564/16/11 561/16/11 565/16/11
f 565/16/11 561/16/11 105/16/11
f 105/16/11 561/16/11 103/16/11
f 103/16/11 561/16/11 97/16/11
f 526/16/11 97/16/11 561/16/11
f 108/39/95 107/32/96 556/39/95
f 559/32/96 556/39/95 107/32/96
f 114/32/97 112/39/94 558/32/97
f 557/39/94 558/32/97 112/39/94
f 548/36/89 545/35/87 549/36/89
f 544/35/87 549/36/89 545/35/87
f 547/35/86 550/36/88 546/35/86
f 551/36/88 546/35/86 550/36/88
f 564/16/52 563/15/52 561/16/53
f 560/15/53 561/16/53 563/15/52
f 563/15/10 562/15/10 560/15/10
f 560/15/10 562/15/10 524/15/10
f 527/15/10 524/15/10 562/15/10
f 526/16/5 561/16/53 524/15/5
f 560/15/53 524/15/5 561/16/53
f 109/38/93 554/38/93 107/32/96
f 559/32/96 107/32/96 554/38/93
f 114/32/97 558/32/97 113/38/92
f 555/38/92 113/38/92 558/32/97
f 557/39/94 112/39/94 553/37/90
f 111/37/90 553/37/90 112/39/94
f 552/37/91 110/37/91 556/39/95
f 108/39/95 556/39/95 110/37/91
f 113/38/92 555/38/92 109/38/93
f 554/38/93 109/38/93 555/38/92
f 553/37/90 111/37/90 552/37/91
f 110/37/91 552/37/91 111/37/90
f 551/36/88 550/36/88 549/36/89
f 548/36/89 549/36/89 550/36/88
f 547/35/86 546/35/86 545/35/87
f 544/35/87 545/35/87 546/35/86
f 580/15/20 579/41/20 578/15/20
f 579/41/20 580/15/20 581/41/20
f 584/41/21 583/15/21 582/41/21
f 583/15/21 584/41/21 585/15/21
f 584/41/10 579/41/10 581/41/10
f 579/41/10 584/41/10 582/41/10
f 588/16/21 587/15/52 586/16/52
f 587/15/52 588/16/21 589/15/21
f 592/16/11 591/16/11 590/16/11
f 591/16/11 592/16/11 593/16/11
f 591/16/20 594/42/96 590/16/20
f 594/42/96 591/16/20 595/42/96
f 592/16/5 583/15/5 596/15/5
f 583/15/5 592/16/5 590/16/5
f 583/15/5 590/16/5 582/41/5
f 582/41/5 590/16/5 594/42/5
f 582/41/5 594/42/5 579/41/5
f 597/42/5 579/41/5 594/42/5
f 597/42/5 594/42/5 598/32/5
f 597/42/5 598/32/5 599/32/5
f 600/16/5 579/41/5 597/42/5
f 579/41/5 600/16/5 578/15/5
f 601/16/53 578/15/5 600/16/5
f 578/15/5 601/16/53 602/15/53
f 586/16/52 602/15/53 601/16/53
f 602/15/53 586/16/52 587/15/52
f 586/16/11 603/16/11 588/16/11
f 603/16/11 586/16/11 601/16/11
f 603/16/11 601/16/11 604/16/11
f 604/16/11 601/16/11 600/16/11
f 604/16/11 600/16/11 605/16/11
f 598/32/93 606/32/92 599/32/92
f 606/32/92 598/32/93 607/32/93
f 608/42/97 600/16/21 597/42/97
f 600/16/21 608/42/97 605/16/21
f 606/32/92 597/42/97 599/32/92
f 597/42/97 606/32/92 608/42/97
f 595/42/96 598/32/93 594/42/96
f 598/32/93 595/42/96 607/32/93
f 609/15/10 587/15/10 589/15/10
f 587/15/10 609/15/10 602/15/10
f 602/15/10 609/15/10 580/15/10
f 578/15/10 602/15/10 580/15/10
f 580/15/10 609/15/10 585/15/10
f 585/15/10 609/15/10 583/15/10
f 583/15/10 609/15/10 596/15/10
f 612/15/88 611/15/89 610/15/89
f 611/15/89 612/15/88 613/15/88
f 615/20/87 611/15/89 614/20/87
f 611/15/89 615/20/87 610/15/89
f 612/15/88 616/20/86 613/15/88
f 616/20/86 612/15/88 617/20/86
f 616/20/86 615/20/87 614/20/87
f 615/20/87 616/20/86 617/20/86
f 616/20/5 611/15/5 613/15/5
f 611/15/5 616/20/5 614/20/5
f 620/33/9 619/32/9 618/33/9
f 619/32/9 620/33/9 621/32/9
f 624/32/82 623/33/84 622/33/82
f 623/33/84 624/32/82 625/32/84
f 618/33/20 624/32/82 622/33/82
f 624/32/82 618/33/20 619/32/20
f 624/32/11 621/32/11 625/32/11
f 621/32/11 624/32/11 619/32/11
f 618/33/10 623/33/10 620/33/10
f 623/33/10 618/33/10 622/33/10
f 621/32/21 623/33/84 625/32/84
f 623/33/84 621/32/21 620/33/21
f 660/33/99 661/32/99 663/33/109
f 665/32/109 663/33/109 661/32/99
f 662/33/10 658/33/10 663/33/10
f 660/33/10 663/33/10 658/33/10
f 659/32/11 664/32/11 661/32/11
f 665/32/11 661/32/11 664/32/11
f 659/32/98 658/33/98 664/32/108
f 662/33/108 664/32/108 658/33/98
f 665/32/109 664/32/108 663/33/109
f 662/33/108 663/33/109 664/32/108
f 661/32/107 660/33/107 659/32/107
f 658/33/107 659/32/107 660/33/107
f 649/16/11 647/16/11 657/16/11
f 654/16/11 657/16/11 647/16/11
f 633/15/10 631/15/10 645/15/10
f 643/15/10 644/15/10 645/15/10
f 645/15/10 644/15/10 633/15/10
f 633/15/10 644/15/10 628/15/10
f 644/15/10 656/15/10 628/15/10
f 628/15/10 656/15/10 626/15/10
f 655/15/10 626/15/10 656/15/10
f 655/15/106 654/16/106 626/15/106
f 647/16/106 626/15/106 654/16/106
f 626/15/106 647/16/106 627/41/106
f 646/42/106 627/41/106 647/16/106
f 650/32/106 652/32/106 646/42/106
f 652/32/106 641/42/106 646/42/106
f 641/42/106 627/41/106 646/42/106
f 627/41/106 641/42/106 630/41/106
f 641/42/106 634/16/106 630/41/106
f 630/41/106 634/16/106 631/15/106
f 634/16/106 636/16/102 631/15/106
f 645/15/102 631/15/106 636/16/102
f 653/32/105 642/42/100 652/32/105
f 641/42/100 652/32/105 642/42/100
f 648/42/103 651/32/104 646/42/103
f 650/32/104 646/42/103 651/32/104
f 653/32/105 652/32/105 651/32/104
f 650/32/104 651/32/104 652/32/105
f 649/16/99 648/42/103 647/16/99
f 646/42/103 647/16/99 648/42/103
f 640/16/101 643/15/101 636/16/102
f 645/15/102 636/16/102 643/15/101
f 639/16/98 644/15/98 640/16/101
f 643/15/101 640/16/101 644/15/98
f 642/42/100 635/16/98 641/42/100
f 634/16/98 641/42/100 635/16/98
f 640/16/11 636/16/11 639/16/11
f 639/16/11 636/16/11 638/16/11
f 638/16/11 636/16/11 637/16/11
f 637/16/11 636/16/11 635/16/11
f 634/16/11 635/16/11 636/16/11
f 632/41/10 629/41/10 630/41/10
f 627/41/10 630/41/10 629/41/10
f 633/15/99 632/41/99 631/15/99
f 630/41/99 631/15/99 632/41/99
f 629/41/98 628/15/98 627/41/98
f 626/15/98 627/41/98 628/15/98
f 668/41/111 667/41/110 666/41/110
f 667/41/110 668/41/111 669/41/111
f 671/43/112 667/41/110 670/43/112
f 667/41/110 671/43/112 666/41/110
f 672/43/113 671/43/112 670/43/112
f 671/43/112 672/43/113 673/43/113
f 668/41/111 672/43/113 669/41/111
f 672/43/113 668/41/111 673/43/113
f 121/33/115 674/33/114 120/33/114
f 674/33/114 121/33/115 675/33/115
f 123/44/116 677/42/117 676/44/116
f 677/42/117 123/44/116 126/42/117
f 115/42/118 679/44/119 678/42/118
f 679/44/119 115/42/118 116/44/119
f 681/32/121 118/32/120 680/32/120
f 118/32/120 681/32/121 125/32/121
f 116/44/119 674/33/114 679/44/119
f 674/33/114 116/44/119 120/33/114
f 121/33/115 676/44/116 675/33/115
f 676/44/116 121/33/115 123/44/116
f 118/32/120 678/42/118 680/32/120
f 678/42/118 118/32/120 115/42/118
f 126/42/117 681/32/121 677/42/117
f 681/32/121 126/42/117 125/32/121
f 676/44/22 674/33/22 675/33/22
f 674/33/22 676/44/22 679/44/22
f 679/44/22 676/44/22 672/43/22
f 672/43/22 676/44/22 677/42/22
f 670/43/22 679/44/22 672/43/22
f 672/43/22 677/42/22 669/41/22
f 679/44/22 670/43/22 678/42/22
f 669/41/22 677/42/22 667/41/22
f 678/42/22 670/43/22 667/41/22
f 678/42/22 667/41/22 677/42/22
f 678/42/22 677/42/22 681/32/22
f 678/42/22 681/32/22 680/32/22
f 684/15/10 683/15/10 682/15/10
f 683/15/10 684/15/10 685/15/10
f 686/16/22 683/15/22 685/15/22
f 683/15/22 686/16/22 687/16/22
f 686/16/11 119/16/11 687/16/11
f 119/16/11 686/16/11 122/16/11
f 690/45/112 689/46/110 688/45/112
f 689/46/110 690/45/112 691/46/110
f 692/46/111 689/46/110 691/46/110
f 689/46/110 692/46/111 693/46/10
f 693/46/10 692/46/111 694/46/10
f 694/46/10 692/46/111 695/46/111
f 692/46/111 696/45/113 695/46/111
f 696/45/113 692/46/111 697/45/113
f 698/45/11 690/45/112 688/45/112
f 690/45/112 698/45/11 697/45/113
f 697/45/113 698/45/11 699/45/11
f 697/45/113 699/45/11 696/45/113
f 696/45/22 700/39/22 695/46/22
f 695/46/22 700/39/22 694/46/22
f 696/45/22 701/15/22 700/39/22
f 701/15/22 696/45/22 702/15/22
f 688/45/22 702/15/22 696/45/22
f 688/45/22 696/45/22 699/45/22
f 702/15/22 688/45/22 703/39/22
f 688/45/22 699/45/22 698/45/22
f 694/46/22 698/45/22 699/45/22
f 703/39/22 688/45/22 689/46/22
f 703/39/22 689/46/22 700/39/22
f 698/45/22 694/46/22 693/46/22
f 694/46/22 700/39/22 693/46/22
f 693/46/22 700/39/22 689/46/22
f 704/48/3 150/47/3 151/47/3
f 150/47/3 704/48/3 705/48/3
f 706/48/1 161/47/1 162/47/1
f 161/47/1 706/48/1 707/48/1
f 163/47/2 706/48/2 162/47/2
f 706/48/2 163/47/2 708/48/2
f 711/48/4 174/47/4 709/48/4
f 173/47/4 709/48/4 174/47/4
f 710/48/3 709/48/3 172/47/3
f 173/47/3 172/47/3 709/48/3
f 713/49/122 712/49/122 13/49/122
f 14/50/123 715/51/124 714/50/123
f 715/51/124 14/50/123 17/51/124
f 17/51/124 716/52/125 715/51/124
f 716/52/125 17/51/124 18/52/125
f 18/52/125 717/53/126 716/52/125
f 717/53/126 18/52/125 16/53/126
f 175/49/128 718/49/127 177/49/127
f 718/49/127 175/49/128 719/49/128
f 719/49/122 720/49/122 718/49/122
f 720/49/122 719/49/122 712/49/122
f 720/49/122 712/49/122 713/49/122
f 713/49/122 13/49/122 714/50/123
f 714/50/123 13/49/122 14/50/123
f 714/50/5 179/54/129 713/49/129
f 179/54/129 714/50/5 181/55/5
f 181/55/5 714/50/5 715/51/5
f 181/55/5 715/51/5 187/56/5
f 187/56/5 715/51/5 716/52/5
f 187/56/5 716/52/5 184/57/5
f 184/57/5 716/52/5 717/53/5
f 184/57/5 717/53/5 185/48/5
f 178/49/130 718/49/127 720/49/130
f 718/49/127 178/49/130 177/49/127
f 713/49/129 178/49/130 720/49/130
f 178/49/130 713/49/129 179/54/129
f 189/58/140 188/49/137 730/49/140
f 728/49/137 730/49/140 188/49/137
f 199/48/9 197/57/9 734/53/9
f 734/53/9 197/57/9 733/52/9
f 197/57/9 201/56/9 733/52/9
f 733/52/9 201/56/9 732/51/9
f 201/56/9 194/55/9 732/51/9
f 732/51/9 194/55/9 731/50/9
f 194/55/9 193/54/9 731/50/9
f 193/54/9 189/58/140 731/50/9
f 731/50/9 189/58/140 721/49/9
f 730/49/140 721/49/9 189/58/140
f 192/54/138 722/49/138 191/49/139
f 729/49/139 191/49/139 722/49/138
f 190/49/136 191/49/139 727/49/136
f 729/49/139 727/49/136 191/49/139
f 198/48/5 726/53/5 196/57/5
f 726/53/5 725/52/5 196/57/5
f 196/57/5 725/52/5 200/56/5
f 725/52/5 724/51/5 200/56/5
f 200/56/5 724/51/5 195/55/5
f 724/51/5 723/50/5 195/55/5
f 195/55/5 723/50/5 192/54/138
f 722/49/138 192/54/138 723/50/5
f 723/50/132 20/50/132 722/49/131
f 20/50/132 19/49/131 722/49/131
f 721/49/131 730/49/131 722/49/131
f 722/49/131 730/49/131 729/49/131
f 730/49/131 728/49/131 729/49/131
f 727/49/131 729/49/131 728/49/131
f 728/49/137 188/49/137 727/49/136
f 190/49/136 727/49/136 188/49/137
f 726/53/135 22/53/135 725/52/134
f 24/52/134 725/52/134 22/53/135
f 24/52/134 23/51/133 725/52/134
f 724/51/133 725/52/134 23/51/133
f 23/51/133 20/50/132 724/51/133
f 723/50/132 724/51/133 20/50/132
f 19/49/131 721/49/131 722/49/131
f 736/49/122 738/60/122 735/49/122
f 737/60/122 735/49/122 738/60/122
f 736/49/128 735/49/128 213/59/128
f 212/59/128 213/59/128 735/49/128
f 218/54/148 740/49/148 217/49/149
f 747/49/149 217/49/149 740/49/148
f 216/49/146 217/49/149 745/49/146
f 747/49/149 745/49/146 217/49/149
f 223/48/6 744/53/6 221/57/6
f 744/53/6 743/52/6 221/57/6
f 221/57/6 743/52/6 226/56/6
f 743/52/6 742/51/6 226/56/6
f 226/56/6 742/51/6 220/55/6
f 742/51/6 741/50/6 220/55/6
f 220/55/6 741/50/6 218/54/148
f 740/49/148 218/54/148 741/50/6
f 26/50/142 25/49/141 741/50/142
f 741/50/142 25/49/141 740/49/141
f 740/49/141 739/49/141 747/49/141
f 739/49/141 746/49/141 747/49/141
f 745/49/141 747/49/141 746/49/141
f 214/49/147 216/49/146 746/49/147
f 745/49/146 746/49/147 216/49/146
f 28/53/145 30/52/144 744/53/145
f 743/52/144 744/53/145 30/52/144
f 30/52/144 29/51/143 743/52/144
f 742/51/143 743/52/144 29/51/143
f 29/51/143 26/50/142 742/51/143
f 741/50/142 742/51/143 26/50/142
f 25/49/141 739/49/141 740/49/141
f 259/49/11 247/49/11 269/49/11
f 249/49/11 269/49/11 247/49/11
f 749/49/131 748/49/131 39/49/131
f 40/50/132 751/51/133 750/50/132
f 751/51/133 40/50/132 43/51/133
f 43/51/133 752/52/134 751/51/133
f 752/52/134 43/51/133 44/52/134
f 42/53/135 752/52/134 44/52/134
f 752/52/134 42/53/135 753/53/135
f 275/49/151 754/49/150 277/49/150
f 754/49/150 275/49/151 755/49/151
f 755/49/131 756/49/131 754/49/131
f 756/49/131 755/49/131 757/49/131
f 756/49/131 757/49/131 749/49/131
f 749/49/131 757/49/131 748/49/131
f 749/49/131 39/49/131 40/50/132
f 749/49/131 40/50/132 750/50/132
f 750/50/9 279/54/152 749/49/152
f 279/54/152 750/50/9 282/55/9
f 282/55/9 750/50/9 751/51/9
f 282/55/9 751/51/9 287/56/9
f 287/56/9 751/51/9 752/52/9
f 287/56/9 752/52/9 283/57/9
f 283/57/9 752/52/9 753/53/9
f 283/57/9 753/53/9 285/48/9
f 278/49/153 754/49/150 756/49/153
f 754/49/150 278/49/153 277/49/150
f 749/49/152 278/49/153 756/49/153
f 278/49/153 749/49/152 279/54/152
f 276/58/154 748/49/5 757/49/154
f 748/49/5 276/58/154 758/50/5
f 758/50/5 276/58/154 280/54/5
f 758/50/5 280/54/5 281/55/5
f 758/50/5 281/55/5 759/51/5
f 759/51/5 281/55/5 288/56/5
f 759/51/5 288/56/5 760/52/5
f 760/52/5 288/56/5 284/57/5
f 760/52/5 284/57/5 761/53/5
f 761/53/5 284/57/5 286/48/5
f 275/49/151 757/49/154 755/49/151
f 757/49/154 275/49/151 276/58/154
f 763/61/156 82/48/85 762/61/155
f 82/48/85 763/61/156 79/48/20
f 85/48/21 764/61/157 88/48/83
f 764/61/157 85/48/21 765/61/158
f 766/61/159 79/48/20 763/61/156
f 79/48/20 766/61/159 74/48/82
f 76/48/84 765/61/158 85/48/21
f 765/61/158 76/48/84 767/61/160
f 76/48/84 768/61/161 767/61/160
f 768/61/161 76/48/84 73/48/5
f 762/61/155 766/61/159 763/61/156
f 766/61/159 762/61/155 769/61/162
f 766/61/159 769/61/162 768/61/161
f 768/61/161 769/61/162 764/61/157
f 768/61/161 764/61/157 767/61/160
f 767/61/160 764/61/157 765/61/158
f 84/48/9 764/61/157 769/61/162
f 764/61/157 84/48/9 88/48/83
f 82/48/85 769/61/162 762/61/155
f 769/61/162 82/48/85 84/48/9
f 73/48/5 766/61/159 768/61/161
f 766/61/159 73/48/5 74/48/82
f 771/48/21 604/47/21 770/48/21
f 604/47/21 771/48/21 603/47/21
f 772/48/5 591/47/5 593/47/5
f 591/47/5 772/48/5 595/62/5
f 595/62/5 772/48/5 607/63/5
f 607/63/5 772/48/5 606/63/5
f 770/48/5 606/63/5 772/48/5
f 770/48/5 608/62/5 606/63/5
f 604/47/5 608/62/5 770/48/5
f 608/62/5 604/47/5 605/47/5
f 584/64/5 580/49/5 585/49/5
f 580/49/5 584/64/5 581/64/5
f 629/49/106 777/49/106 628/48/106
f 776/48/106 628/48/106 777/49/106
f 649/47/106 657/47/106 648/62/106
f 775/48/106 648/62/106 657/47/106
f 651/63/106 648/62/106 775/48/106
f 773/48/106 651/63/106 775/48/106
f 651/63/106 773/48/106 653/63/106
f 653/63/106 773/48/106 642/62/106
f 642/62/106 773/48/106 635/47/106
f 637/47/106 635/47/106 773/48/106
f 774/48/98 638/47/98 773/48/98
f 637/47/98 773/48/98 638/47/98
f 780/65/165 779/66/164 778/65/163
f 779/66/164 780/65/165 781/66/166
f 783/66/168 780/65/165 782/65/167
f 780/65/165 783/66/168 781/66/166
f 786/66/171 785/65/170 784/65/169
f 785/65/170 786/66/171 787/66/172
f 789/66/174 784/65/169 788/65/173
f 784/65/169 789/66/174 786/66/171
f 791/66/176 782/65/167 790/65/175
f 782/65/167 791/66/176 783/66/168
f 787/66/172 792/65/177 785/65/170
f 792/65/177 787/66/172 793/66/178
f 791/66/176 792/65/177 793/66/178
f 792/65/177 791/66/176 790/65/175
f 778/65/163 789/66/174 788/65/173
f 789/66/174 778/65/163 779/66/164
f 787/66/172 791/66/176 793/66/178
f 791/66/176 787/66/172 786/66/171
f 791/66/176 786/66/171 783/66/168
f 783/66/168 786/66/171 789/66/174
f 783/66/168 789/66/174 781/66/166
f 781/66/166 789/66/174 779/66/164
f 790/65/179 785/65/179 792/65/179
f 785/65/179 790/65/179 782/65/179
f 785/65/179 782/65/179 784/65/179
f 784/65/179 782/65/179 788/65/179
f 788/65/179 782/65/179 780/65/179
f 788/65/179 780/65/179 778/65/179

usemtl colormap-specular

f 537/68/5 533/67/5 535/67/5
f 533/67/5 537/68/5 539/68/5
f 573/68/5 571/68/5 567/67/5
f 569/67/5 567/67/5 571/68/5
f 692/70/22 690/69/22 697/69/22
f 690/69/22 692/70/22 691/70/22

