# Created by Kenney (www.kenney.nl)

mtllib building-t.mtl

g building-t

v -0.3972749 0.05 0.6749999 1 1 1
v 0.00272508 0.05 0.6749999 1 1 1
v -0.3972749 0.4 0.6749999 1 1 1
v 0.00272508 0.4 0.6749999 1 1 1
v 0.802725 0.05 0.2750001 1 1 1
v 0.8027251 0.05 -0.125 1 1 1
v 0.802725 0.4 0.2750001 1 1 1
v 0.8027251 0.4 -0.125 1 1 1
v 0.402725 0.05 0.275 1 1 1
v 0.402725 0.4 0.275 1 1 1
v 0.8474464 0.4776393 0.2749999 1 1 1
v 0.8608629 0.5044721 0.2749999 1 1 1
v 0.8343478 0.4841886 0.3103553 1 1 1
v 0.8477643 0.5110214 0.3103553 1 1 1
v 0.8161415 0.5268328 0.3249999 1 1 1
v 0.8027251 0.5 0.3249999 1 1 1
v 0.8474465 0.4776393 -0.1250001 1 1 1
v 0.8608629 0.5044721 -0.1250001 1 1 1
v 0.8027251 0.5 -0.1250001 1 1 1
v 0.4027251 0.6999999 -0.1250001 1 1 1
v 0.3580037 0.7223606 -0.1250001 1 1 1
v 0.3580037 0.7223606 0.3049999 1 1 1
v 0.3758922 0.7134163 0.3249999 1 1 1
v 0.4027251 0.5 -0.1250001 1 1 1
v 0.402725 0.5 0.2749999 1 1 1
v 0.402725 0.6999999 0.2749999 1 1 1
v 0.3714201 0.7491934 0.3049999 1 1 1
v 0.3714201 0.7491934 -0.1250001 1 1 1
v 0.4161415 0.7268327 -0.1250001 1 1 1
v 0.3893086 0.7402492 0.3249999 1 1 1
v 0.4027251 0.5 -0.525 1 1 1
v 0.8027251 0.5 -0.5249999 1 1 1
v 0.4027251 0.6999999 -0.525 1 1 1
v 0.8474465 0.4776393 -0.5249999 1 1 1
v 0.8608629 0.5044721 -0.5249999 1 1 1
v 0.8343479 0.4841886 -0.5603552 1 1 1
v 0.8477643 0.5110214 -0.5603552 1 1 1
v 0.8161415 0.5268328 -0.5749999 1 1 1
v 0.8027251 0.5 -0.5749999 1 1 1
v 0.8474464 0.4776393 -0.1249999 1 1 1
v 0.8608629 0.5044721 -0.1249999 1 1 1
v 0.8027251 0.5 -0.1249999 1 1 1
v 0.402725 0.6999999 -0.1249999 1 1 1
v 0.3580037 0.7223606 -0.1249999 1 1 1
v 0.3580037 0.7223606 -0.5549999 1 1 1
v 0.3758923 0.7134163 -0.5749999 1 1 1
v 0.402725 0.5 -0.1249999 1 1 1
v 0.3714201 0.7491934 -0.5549999 1 1 1
v 0.3714201 0.7491934 -0.1249999 1 1 1
v 0.4161415 0.7268327 -0.1249999 1 1 1
v 0.3893087 0.7402492 -0.5749999 1 1 1
v 0.002724975 0.5 -0.525 1 1 1
v 0.402725 0.5 -0.5249999 1 1 1
v 0.002724975 0.6999999 -0.525 1 1 1
v 0.4474464 0.4776393 -0.5249999 1 1 1
v 0.4608628 0.5044721 -0.5249999 1 1 1
v 0.4343478 0.4841886 -0.5603552 1 1 1
v 0.4477642 0.5110214 -0.5603552 1 1 1
v 0.4161415 0.5268328 -0.5749999 1 1 1
v 0.402725 0.5 -0.5749999 1 1 1
v 0.4474463 0.4776393 -0.1249999 1 1 1
v 0.4608628 0.5044721 -0.1249999 1 1 1
v 0.402725 0.5 -0.1249999 1 1 1
v 0.002724931 0.6999999 -0.1249999 1 1 1
v -0.04199642 0.7223606 -0.1249999 1 1 1
v -0.04199636 0.7223606 -0.5549999 1 1 1
v -0.02410781 0.7134163 -0.5749999 1 1 1
v 0.002724931 0.5 -0.1249999 1 1 1
v -0.02857995 0.7491934 -0.5549999 1 1 1
v -0.02858001 0.7491934 -0.1249999 1 1 1
v 0.01614136 0.7268327 -0.1249999 1 1 1
v -0.01069142 0.7402492 -0.5749999 1 1 1
v -0.3972749 0.5 -0.525 1 1 1
v 0.002725169 0.5 -0.5249999 1 1 1
v -0.3972749 0.6999999 -0.525 1 1 1
v 0.04744655 0.4776393 -0.5249999 1 1 1
v 0.06086296 0.5044721 -0.5249999 1 1 1
v 0.03434797 0.4841886 -0.5603552 1 1 1
v 0.04776438 0.5110214 -0.5603552 1 1 1
v 0.01614159 0.5268328 -0.5749999 1 1 1
v 0.002725184 0.5 -0.5749999 1 1 1
v 0.0474465 0.4776393 -0.1249999 1 1 1
v 0.06086291 0.5044721 -0.1249999 1 1 1
v 0.002725124 0.5 -0.1249999 1 1 1
v -0.3972749 0.6999999 -0.1249999 1 1 1
v -0.4419963 0.7223606 -0.1249999 1 1 1
v -0.4419962 0.7223606 -0.5549999 1 1 1
v -0.4241077 0.7134163 -0.5749999 1 1 1
v -0.3972749 0.5 -0.1249999 1 1 1
v -0.4285798 0.7491934 -0.5549999 1 1 1
v -0.4285799 0.7491934 -0.1249999 1 1 1
v -0.3838585 0.7268327 -0.1249999 1 1 1
v -0.4106913 0.7402492 -0.5749999 1 1 1
v 0.4027249 0.05 0.6750001 1 1 1
v 0.002724931 0.05 0.6750001 1 1 1
v 0.4027249 0.4 0.6750001 1 1 1
v 0.002724931 0.4 0.6750001 1 1 1
v 0.4027249 0.05 0.2750002 1 1 1
v 0.4027249 0.4 0.2750002 1 1 1
v 0.1627251 0.8951493 0.1380593 1 1 1
v 0.1627251 0.9145522 0.1332086 1 1 1
v 0.1627251 0.966045 0.4216422 1 1 1
v 0.1627251 0.9298507 0.1944029 1 1 1
v 0.1627251 0.9347014 0.2138058 1 1 1
v 0.1627251 0.9652986 0.3361944 1 1 1
v 0.1627251 0.9701493 0.3555972 1 1 1
v 0.1627251 0.9854479 0.4167916 1 1 1
v -0.317275 0.8951493 0.1380594 1 1 1
v -0.3172749 0.966045 0.4216423 1 1 1
v -0.317275 0.9145522 0.1332087 1 1 1
v -0.3172749 0.9298507 0.194403 1 1 1
v -0.3172749 0.9347014 0.2138058 1 1 1
v -0.3172749 0.9652986 0.3361945 1 1 1
v -0.3172749 0.9701493 0.3555973 1 1 1
v -0.3172749 0.9854479 0.4167916 1 1 1
v -0.3372749 0.9902986 0.4361944 1 1 1
v 0.1827251 0.9902986 0.4361944 1 1 1
v 0.1827251 0.9097014 0.1138058 1 1 1
v -0.3372749 0.9097014 0.1138058 1 1 1
v 0.3527249 0.8 0.2750001 1 1 1
v 0.002724871 0.8 0.275 1 1 1
v 0.352725 0.8 -0.07499994 1 1 1
v 0.002724916 0.8 -0.07499999 1 1 1
v -0.397275 0.8 0.275 1 1 1
v -0.3972749 0.8 -0.07499999 1 1 1
v 0.00272508 0.8 0.2750001 1 1 1
v 0.002725124 0.8 -0.07499993 1 1 1
v 0.002724931 0.8 0.6250001 1 1 1
v 0.002724931 0.8 0.2750002 1 1 1
v 0.3527249 0.8 0.6250001 1 1 1
v 0.3527249 0.8 0.2750002 1 1 1
v -0.397275 0.8 -0.07499994 1 1 1
v -0.397275 0.8 0.275 1 1 1
v -0.747275 0.8 -0.07499994 1 1 1
v -0.747275 0.8 0.275 1 1 1
v 0.002725124 0.8 0.6250001 1 1 1
v -0.397275 0.8 0.2750002 1 1 1
v -0.3972749 0.8 0.6250002 1 1 1
v -0.7472751 0.8 0.2750001 1 1 1
v -0.397275 0.8 0.2750001 1 1 1
v -0.747275 0.8 0.6250002 1 1 1
v -0.397275 0.8 0.6250001 1 1 1
v -0.3972749 0.05 -0.525 1 1 1
v -0.3972749 0.4 -0.525 1 1 1
v -0.3972749 0.05 -0.125 1 1 1
v -0.3972749 0.4 -0.125 1 1 1
v -0.04727492 0.28 -0.525 1 1 1
v -0.04727492 0.12 -0.525 1 1 1
v 0.00272508 0.4 -0.525 1 1 1
v -0.06727491 0.3 -0.525 1 1 1
v 0.00272508 0.05 -0.525 1 1 1
v -0.06727491 0.1 -0.525 1 1 1
v -0.3272749 0.1 -0.525 1 1 1
v -0.3472749 0.12 -0.525 1 1 1
v -0.3272749 0.3 -0.525 1 1 1
v -0.3472749 0.28 -0.525 1 1 1
v -0.797275 0.05 -0.125 1 1 1
v -0.797275 0.4 -0.125 1 1 1
v -0.3972749 0.05 -0.1250001 1 1 1
v -0.3972749 0.4 -0.1250001 1 1 1
v -0.7972749 0.05 0.01500002 1 1 1
v -0.7972749 0.28 0.01500002 1 1 1
v -0.7972749 0.3 0.03500003 1 1 1
v -0.7972749 0.3 0.5150002 1 1 1
v -0.7972749 0.4 0.6750002 1 1 1
v -0.7972749 0.28 0.5350002 1 1 1
v -0.7972749 0.05 0.6750002 1 1 1
v -0.7972749 0.05 0.5350002 1 1 1
v -0.3972748 0.4 0.6750002 1 1 1
v -0.3972748 0.05 0.6750002 1 1 1
v -0.7972748 1.973977E-16 0.04500002 1 1 1
v -0.7972747 1.973977E-16 0.5050002 1 1 1
v -0.7972748 0.27 0.04500002 1 1 1
v -0.7972747 0.27 0.5050002 1 1 1
v 0.4027249 0.05 -0.525 1 1 1
v 0.3527249 0.05 -0.525 1 1 1
v 0.4027249 0.4 -0.525 1 1 1
v 0.3527249 0.28 -0.525 1 1 1
v 0.3327249 0.3 -0.525 1 1 1
v 0.07272492 0.3 -0.525 1 1 1
v 0.002724931 0.4 -0.525 1 1 1
v 0.05272493 0.28 -0.525 1 1 1
v 0.002724931 0.05 -0.525 1 1 1
v 0.05272493 0.05 -0.525 1 1 1
v 0.3027249 0.25 -0.5249999 1 1 1
v 0.3027249 0.02 -0.5249999 1 1 1
v 0.3027249 0.25 -0.5049999 1 1 1
v 0.3027249 0.02 -0.5049999 1 1 1
v 0.1027249 0.02 -0.5249999 1 1 1
v 0.1027249 0.02 -0.5049999 1 1 1
v 0.1927249 0.02 -0.5249999 1 1 1
v 0.1927249 0.02 -0.5049999 1 1 1
v 0.1027249 0.25 -0.5249999 1 1 1
v 0.1027249 0.25 -0.5049999 1 1 1
v 0.1927249 0.25 -0.5249999 1 1 1
v 0.1927249 0.25 -0.5049999 1 1 1
v 0.2127249 0.02 -0.5249999 1 1 1
v 0.2127249 0.25 -0.5249999 1 1 1
v 0.2127249 0.02 -0.5049999 1 1 1
v 0.2127249 0.25 -0.5049999 1 1 1
v 0.3227249 0.27 -0.5249999 1 1 1
v 0.3227249 0 -0.5249999 1 1 1
v 0.08272493 0 -0.5249999 1 1 1
v 0.08272493 0.27 -0.5249999 1 1 1
v 0.802725 0.05 -0.525 1 1 1
v 0.802725 0.4 -0.525 1 1 1
v 0.802725 0.05 -0.125 1 1 1
v 0.802725 0.4 -0.125 1 1 1
v 0.452725 0.28 -0.525 1 1 1
v 0.452725 0.12 -0.525 1 1 1
v 0.402725 0.4 -0.525 1 1 1
v 0.472725 0.3 -0.525 1 1 1
v 0.402725 0.05 -0.525 1 1 1
v 0.472725 0.1 -0.525 1 1 1
v 0.732725 0.1 -0.525 1 1 1
v 0.752725 0.12 -0.525 1 1 1
v 0.732725 0.3 -0.525 1 1 1
v 0.752725 0.28 -0.525 1 1 1
v 0.00272508 2.819966E-17 0.6949999 1 1 1
v -0.3972749 2.819966E-17 0.6949999 1 1 1
v 0.00272508 2.819966E-17 0.2749999 1 1 1
v -0.3972749 2.819966E-17 0.2749999 1 1 1
v -0.3972749 0.05 0.6949999 1 1 1
v 0.00272508 0.05 0.6949999 1 1 1
v 0.822725 3.38396E-17 0.2750001 1 1 1
v 0.8227251 3.38396E-17 -0.125 1 1 1
v 0.822725 0.05 0.2750001 1 1 1
v 0.8227251 0.05 -0.125 1 1 1
v 0.802725 3.38396E-17 0.2950001 1 1 1
v 0.802725 0.05 0.2950001 1 1 1
v 0.402725 3.38396E-17 0.295 1 1 1
v 0.402725 0.05 0.295 1 1 1
v 0.402725 3.38396E-17 -0.125 1 1 1
v -0.797275 0.4 0.6950001 1 1 1
v -0.397275 0.4 0.6950001 1 1 1
v -0.797275 0.45 0.6950001 1 1 1
v -0.397275 0.45 0.6950001 1 1 1
v -0.817275 0.4 0.6750001 1 1 1
v -0.817275 0.45 0.6750001 1 1 1
v -0.817275 0.4 0.2750002 1 1 1
v -0.817275 0.45 0.2750002 1 1 1
v -0.397275 0.4 0.2750002 1 1 1
v -0.397275 0.45 0.6750001 1 1 1
v -0.797275 0.45 0.6750001 1 1 1
v -0.797275 0.45 0.2750002 1 1 1
v 0.4027249 0.4 -0.1449999 1 1 1
v 0.002724931 0.4 -0.1449999 1 1 1
v 0.4027249 0.45 -0.1449999 1 1 1
v 0.002724931 0.45 -0.1449999 1 1 1
v 0.4227249 0.4 -0.1249999 1 1 1
v 0.4227249 0.45 -0.1249999 1 1 1
v 0.4227249 0.4 0.275 1 1 1
v 0.4227249 0.45 0.275 1 1 1
v 0.002724931 0.4 0.275 1 1 1
v 0.002724931 0.45 -0.1249999 1 1 1
v 0.4027249 0.45 -0.1249999 1 1 1
v 0.4027249 0.45 0.275 1 1 1
v 0.4027252 2.819966E-17 0.2749998 1 1 1
v 0.4027252 2.819966E-17 -0.1250002 1 1 1
v 0.002725169 2.819966E-17 0.2749998 1 1 1
v 0.002725169 2.819966E-17 -0.1250002 1 1 1
v 0.4027249 1.69198E-17 0.6950001 1 1 1
v 0.002724931 1.69198E-17 0.6950001 1 1 1
v 0.4027249 0.05 0.6950001 1 1 1
v 0.002724931 0.05 0.6950001 1 1 1
v 0.4227249 1.69198E-17 0.6750001 1 1 1
v 0.4227249 0.05 0.6750001 1 1 1
v 0.4227249 1.69198E-17 0.2750002 1 1 1
v 0.4227249 0.05 0.2750002 1 1 1
v 0.002724931 1.69198E-17 0.2750002 1 1 1
v 0.00272508 2.819966E-17 0.2749998 1 1 1
v 0.00272508 2.819966E-17 -0.1250002 1 1 1
v -0.3972749 2.819966E-17 0.2749998 1 1 1
v -0.3972749 2.819966E-17 -0.1250002 1 1 1
v -0.3972749 0.4 0.2749998 1 1 1
v -0.3972749 0.4 -0.1450002 1 1 1
v 0.00272508 0.4 0.2749998 1 1 1
v 0.00272508 0.4 -0.1450002 1 1 1
v 0.00272508 0.45 -0.1450002 1 1 1
v -0.3972749 0.45 -0.1450002 1 1 1
v -0.3972749 0.45 -0.1250002 1 1 1
v 0.00272508 0.45 -0.1250002 1 1 1
v 0.4027249 0.4 0.6950001 1 1 1
v 0.002724931 0.4 0.6950001 1 1 1
v 0.4027249 0.45 0.6950001 1 1 1
v 0.002724931 0.45 0.6950001 1 1 1
v 0.4227249 0.4 0.6750001 1 1 1
v 0.4227249 0.45 0.6750001 1 1 1
v 0.4227249 0.4 0.2750002 1 1 1
v 0.4227249 0.45 0.2750002 1 1 1
v 0.002724931 0.4 0.2750002 1 1 1
v 0.002724931 0.45 0.6750001 1 1 1
v 0.4027249 0.45 0.6750001 1 1 1
v 0.4027249 0.45 0.2750002 1 1 1
v 0.2427251 0.8 0.4750001 1 1 1
v 0.2427251 0.85 0.4750001 1 1 1
v 0.2427251 0.8 0.07500003 1 1 1
v 0.2427251 0.85 0.07500003 1 1 1
v 0.2227252 0.8 0.4950001 1 1 1
v 0.2227252 0.85 0.4950001 1 1 1
v 0.2227251 0.85 0.05500005 1 1 1
v 0.2227251 0.8 0.05500005 1 1 1
v -0.3372749 0.9291043 0.1089551 1 1 1
v -0.3372749 1.009701 0.4313437 1 1 1
v 0.1827251 0.9291043 0.1089551 1 1 1
v 0.1827251 1.009701 0.4313437 1 1 1
v 0.2027251 0.9097014 0.1138058 1 1 1
v 0.2027251 0.9902986 0.4361944 1 1 1
v 0.2027251 0.9291043 0.1089551 1 1 1
v 0.2027251 1.009701 0.4313437 1 1 1
v 0.1827251 0.9951493 0.4555973 1 1 1
v 0.1827251 1.014552 0.4507465 1 1 1
v 0.1827251 0.9048507 0.09440291 1 1 1
v 0.1827251 0.9242536 0.08955221 1 1 1
v -0.3372749 0.9242536 0.08955227 1 1 1
v -0.3372749 0.9048507 0.09440297 1 1 1
v -0.3372749 0.9951493 0.4555973 1 1 1
v -0.3372749 1.014552 0.4507466 1 1 1
v -0.3572749 0.9902986 0.4361944 1 1 1
v -0.3572749 1.009701 0.4313437 1 1 1
v -0.357275 0.9097014 0.1138058 1 1 1
v -0.357275 0.9291043 0.1089551 1 1 1
v -0.3772749 0.8 0.4950002 1 1 1
v -0.3772749 0.85 0.4950002 1 1 1
v -0.3972749 0.85 0.4750002 1 1 1
v 0.2227252 0.85 0.4750001 1 1 1
v -0.3772749 0.85 0.4750002 1 1 1
v -0.377275 0.85 0.07500011 1 1 1
v -0.397275 0.85 0.07500011 1 1 1
v 0.2227251 0.85 0.07500003 1 1 1
v -0.377275 0.85 0.05500013 1 1 1
v -0.3972749 0.8 0.4750002 1 1 1
v -0.397275 0.8 0.07500011 1 1 1
v -0.377275 0.8 0.05500013 1 1 1
v 0.402725 0.8 -0.1249999 1 1 1
v 0.402725 0.83 -0.1249999 1 1 1
v 0.002724931 0.8 -0.125 1 1 1
v 0.002724931 0.83 -0.125 1 1 1
v 0.4027249 0.8 0.2750001 1 1 1
v 0.4027249 0.83 0.2750001 1 1 1
v 0.352725 0.88 -0.07499994 1 1 1
v 0.002724916 0.88 -0.07499999 1 1 1
v 0.422725 0.83 -0.1249999 1 1 1
v 0.4227249 0.83 0.2750001 1 1 1
v 0.422725 0.88 -0.1249999 1 1 1
v 0.4227249 0.88 0.2750001 1 1 1
v 0.002724931 0.83 -0.145 1 1 1
v 0.402725 0.83 -0.1449999 1 1 1
v 0.3527249 0.88 0.2750001 1 1 1
v 0.002724931 0.88 -0.145 1 1 1
v 0.402725 0.88 -0.1449999 1 1 1
v -0.3972749 0.83 -0.125 1 1 1
v 0.002725139 0.83 -0.1249999 1 1 1
v -0.3972749 0.83 -0.145 1 1 1
v 0.002725139 0.83 -0.1449999 1 1 1
v 0.002725139 0.8 -0.1249999 1 1 1
v -0.3972749 0.8 -0.125 1 1 1
v 0.002725124 0.88 -0.07499993 1 1 1
v -0.3972749 0.88 -0.07499999 1 1 1
v -0.3972749 0.88 -0.145 1 1 1
v 0.002725139 0.88 -0.1449999 1 1 1
v 0.4027249 0.8 0.6750001 1 1 1
v 0.4027249 0.83 0.6750001 1 1 1
v 0.4027249 0.8 0.2750002 1 1 1
v 0.4027249 0.83 0.2750002 1 1 1
v 0.002724931 0.8 0.6750001 1 1 1
v 0.002724931 0.83 0.6750001 1 1 1
v 0.3527249 0.88 0.6250001 1 1 1
v 0.3527249 0.88 0.2750002 1 1 1
v 0.4027249 0.83 0.6950001 1 1 1
v 0.002724931 0.83 0.6950001 1 1 1
v 0.4027249 0.88 0.6950001 1 1 1
v 0.002724931 0.88 0.6950001 1 1 1
v 0.4227249 0.83 0.2750002 1 1 1
v 0.4227249 0.83 0.6750001 1 1 1
v 0.002724931 0.88 0.6250001 1 1 1
v 0.4227249 0.88 0.2750002 1 1 1
v 0.4227249 0.88 0.6750001 1 1 1
v -0.797275 0.8 -0.1249999 1 1 1
v -0.797275 0.83 -0.1249999 1 1 1
v -0.797275 0.8 0.275 1 1 1
v -0.797275 0.83 0.275 1 1 1
v -0.397275 0.8 -0.1249999 1 1 1
v -0.397275 0.83 -0.1249999 1 1 1
v -0.747275 0.88 -0.07499994 1 1 1
v -0.747275 0.88 0.275 1 1 1
v -0.797275 0.83 -0.1449999 1 1 1
v -0.397275 0.83 -0.1449999 1 1 1
v -0.797275 0.88 -0.1449999 1 1 1
v -0.397275 0.88 -0.1449999 1 1 1
v -0.817275 0.83 0.275 1 1 1
v -0.817275 0.83 -0.1249999 1 1 1
v -0.397275 0.88 -0.07499994 1 1 1
v -0.817275 0.88 0.275 1 1 1
v -0.817275 0.88 -0.1249999 1 1 1
v 0.002725139 0.83 0.6750001 1 1 1
v -0.3972749 0.83 0.6750002 1 1 1
v 0.002725139 0.83 0.6950001 1 1 1
v -0.3972749 0.83 0.6950002 1 1 1
v -0.3972749 0.8 0.6750002 1 1 1
v 0.002725139 0.8 0.6750001 1 1 1
v -0.3972749 0.88 0.6250002 1 1 1
v 0.002725124 0.88 0.6250001 1 1 1
v 0.002725139 0.88 0.6950001 1 1 1
v -0.3972749 0.88 0.6950002 1 1 1
v -0.5975149 0.859 0.5031109 1 1 1
v -0.5766552 0.859 0.4944705 1 1 1
v -0.5975149 0.8885 0.5178609 1 1 1
v -0.5662254 0.8885 0.5049003 1 1 1
v -0.5975149 0.859 0.4441109 1 1 1
v -0.5975149 0.8885 0.4293609 1 1 1
v -0.5766552 0.859 0.4527512 1 1 1
v -0.5662254 0.8885 0.4423214 1 1 1
v -0.5766552 0.8 0.4944705 1 1 1
v -0.5680149 0.8 0.4736109 1 1 1
v -0.5680149 0.859 0.4736109 1 1 1
v -0.6288043 0.8885 0.5049003 1 1 1
v -0.6183745 0.859 0.4944705 1 1 1
v -0.5532649 0.8885 0.4736109 1 1 1
v -0.6270149 0.859 0.4736109 1 1 1
v -0.6417649 0.8885 0.4736109 1 1 1
v -0.6183745 0.859 0.4527512 1 1 1
v -0.6288043 0.8885 0.4423214 1 1 1
v -0.5975149 0.918 0.5031109 1 1 1
v -0.5766552 0.918 0.4944705 1 1 1
v -0.5766552 0.8 0.4527512 1 1 1
v -0.6183745 0.8 0.4527512 1 1 1
v -0.6270149 0.8 0.4736109 1 1 1
v -0.5975149 0.8 0.4441109 1 1 1
v -0.6183745 0.918 0.4527512 1 1 1
v -0.6270149 0.918 0.4736109 1 1 1
v -0.6183745 0.918 0.4944705 1 1 1
v -0.5680149 0.918 0.4736109 1 1 1
v -0.5766552 0.918 0.4527512 1 1 1
v -0.5975149 0.918 0.4441109 1 1 1
v -0.6183745 0.8 0.4944705 1 1 1
v -0.5975149 0.8 0.5031109 1 1 1
v -0.797275 0.8 0.6750002 1 1 1
v -0.797275 0.83 0.6750002 1 1 1
v -0.397275 0.8 0.6750001 1 1 1
v -0.397275 0.83 0.6750001 1 1 1
v -0.7972751 0.8 0.2750002 1 1 1
v -0.7972751 0.83 0.2750002 1 1 1
v -0.747275 0.88 0.6250002 1 1 1
v -0.397275 0.88 0.6250001 1 1 1
v -0.817275 0.83 0.6750002 1 1 1
v -0.817275 0.83 0.2750002 1 1 1
v -0.817275 0.88 0.6750002 1 1 1
v -0.817275 0.88 0.2750002 1 1 1
v -0.397275 0.83 0.6950001 1 1 1
v -0.797275 0.83 0.6950002 1 1 1
v -0.7472751 0.88 0.2750001 1 1 1
v -0.397275 0.88 0.6950001 1 1 1
v -0.797275 0.88 0.6950002 1 1 1
v -0.2430675 0.7154374 -0.283134 1 1 1
v -0.2517079 0.7154374 -0.2622743 1 1 1
v -0.2283175 0.7449374 -0.283134 1 1 1
v -0.241278 0.7449374 -0.2518445 1 1 1
v -0.3020675 0.7154374 -0.283134 1 1 1
v -0.3168175 0.7449374 -0.283134 1 1 1
v -0.2934272 0.7154374 -0.2622743 1 1 1
v -0.303857 0.7449374 -0.2518445 1 1 1
v -0.2517079 0.6564373 -0.2622743 1 1 1
v -0.2725675 0.6564373 -0.253634 1 1 1
v -0.2725675 0.7154374 -0.253634 1 1 1
v -0.241278 0.7449374 -0.3144234 1 1 1
v -0.2517079 0.7154374 -0.3039936 1 1 1
v -0.2725675 0.7449374 -0.238884 1 1 1
v -0.2725675 0.7154374 -0.312634 1 1 1
v -0.2725675 0.7449374 -0.327384 1 1 1
v -0.2934272 0.7154374 -0.3039936 1 1 1
v -0.303857 0.7449374 -0.3144234 1 1 1
v -0.2430675 0.7744373 -0.283134 1 1 1
v -0.2517079 0.7744373 -0.2622743 1 1 1
v -0.2934272 0.6564373 -0.2622743 1 1 1
v -0.2934272 0.6564373 -0.3039936 1 1 1
v -0.2725675 0.6564373 -0.312634 1 1 1
v -0.3020675 0.6564373 -0.283134 1 1 1
v -0.2934272 0.7744373 -0.3039936 1 1 1
v -0.2725675 0.7744373 -0.312634 1 1 1
v -0.2517079 0.7744373 -0.3039936 1 1 1
v -0.2725675 0.7744373 -0.253634 1 1 1
v -0.2934272 0.7744373 -0.2622743 1 1 1
v -0.3020675 0.7744373 -0.283134 1 1 1
v -0.2517079 0.6564373 -0.3039936 1 1 1
v -0.2430675 0.6564373 -0.283134 1 1 1
v 0.002725169 0.4 -0.5250001 1 1 1
v 0.4027252 0.4 -0.5250001 1 1 1
v 0.002725169 0.5 -0.5250001 1 1 1
v 0.4027252 0.5 -0.5250001 1 1 1
v 0.802725 0.5 -0.5249998 1 1 1
v 0.802725 0.4 -0.5249998 1 1 1
v 0.802725 0.5 -0.1249998 1 1 1
v 0.802725 0.4 -0.1249998 1 1 1
v 0.402725 0.4 -0.5249998 1 1 1
v 0.402725 0.5 -0.5249998 1 1 1
v -0.3972749 0.5 -0.5249998 1 1 1
v -0.3972749 0.4 -0.5249998 1 1 1
v -0.3972749 0.5 -0.1249998 1 1 1
v -0.3972749 0.4 -0.1249998 1 1 1
v 0.00272508 0.4 -0.5249998 1 1 1
v 0.00272508 0.5 -0.5249998 1 1 1
v 0.802725 0.5 0.2749998 1 1 1
v 0.802725 0.4 0.2749998 1 1 1
v 0.802725 0.5 -0.1250002 1 1 1
v 0.802725 0.4 -0.1250002 1 1 1
v 0.402725 0.4 0.2749998 1 1 1
v 0.402725 0.5 0.2749998 1 1 1
v -0.8480029 0.05 0.6082719 1 1 1
v -0.8352749 0.05 0.6029998 1 1 1
v -0.8480029 0.764 0.6082719 1 1 1
v -0.8352749 0.764 0.6029998 1 1 1
v -0.8172749 0.764 0.6209998 1 1 1
v -0.8172749 0.05 0.6209998 1 1 1
v -0.822547 0.764 0.6337277 1 1 1
v -0.822547 0.05 0.6337277 1 1 1
v -0.822547 0.05 0.6082719 1 1 1
v -0.822547 0.764 0.6082719 1 1 1
v -0.8352749 0.05 0.6389998 1 1 1
v -0.8352749 0.764 0.6389998 1 1 1
v -0.8480029 0.05 0.6337277 1 1 1
v -0.8480029 0.764 0.6337277 1 1 1
v -0.8532749 0.05 0.6209998 1 1 1
v -0.8532749 0.764 0.6209998 1 1 1
v -0.7972749 0.764 0.6389998 1 1 1
v -0.7972749 0.764 0.6029998 1 1 1
v -0.8532749 0.764 0.6389998 1 1 1
v -0.8532749 0.764 0.6029998 1 1 1
v -0.7972749 0.8 0.6029998 1 1 1
v -0.7972749 0.8 0.6389998 1 1 1
v -0.843275 0.8 0.6029998 1 1 1
v -0.843275 0.8 0.6389998 1 1 1
v -0.8532749 0.79 0.6389998 1 1 1
v -0.8532749 0.79 0.6029998 1 1 1
v -0.8533683 0.678707 0.6029065 1 1 1
v -0.8533683 0.707138 0.6029065 1 1 1
v -0.8608629 0.678707 0.6209998 1 1 1
v -0.8608629 0.707138 0.6209998 1 1 1
v -0.8352749 0.678707 0.5954119 1 1 1
v -0.8352749 0.707138 0.5954119 1 1 1
v -0.809687 0.707138 0.6209998 1 1 1
v -0.809687 0.678707 0.6209998 1 1 1
v -0.8171816 0.707138 0.6390932 1 1 1
v -0.8171816 0.678707 0.6390932 1 1 1
v -0.8171816 0.707138 0.6029065 1 1 1
v -0.8171816 0.678707 0.6029065 1 1 1
v -0.8533683 0.678707 0.6390932 1 1 1
v -0.8533683 0.707138 0.6390932 1 1 1
v -0.8352749 0.678707 0.6465877 1 1 1
v -0.8352749 0.707138 0.6465877 1 1 1
v -0.8533683 0.127724 0.6029065 1 1 1
v -0.8533683 0.156155 0.6029065 1 1 1
v -0.8608629 0.127724 0.6209998 1 1 1
v -0.8608629 0.156155 0.6209998 1 1 1
v -0.8352749 0.127724 0.5954119 1 1 1
v -0.8352749 0.156155 0.5954119 1 1 1
v -0.809687 0.156155 0.6209998 1 1 1
v -0.809687 0.127724 0.6209998 1 1 1
v -0.8171816 0.156155 0.6390932 1 1 1
v -0.8171816 0.127724 0.6390932 1 1 1
v -0.8171816 0.156155 0.6029065 1 1 1
v -0.8171816 0.127724 0.6029065 1 1 1
v -0.8533683 0.127724 0.6390932 1 1 1
v -0.8533683 0.156155 0.6390932 1 1 1
v -0.8352749 0.127724 0.6465877 1 1 1
v -0.8352749 0.156155 0.6465877 1 1 1
v -0.8533683 0.4032155 0.6029065 1 1 1
v -0.8533683 0.4316465 0.6029065 1 1 1
v -0.8608629 0.4032155 0.6209998 1 1 1
v -0.8608629 0.4316465 0.6209998 1 1 1
v -0.8352749 0.4032155 0.5954119 1 1 1
v -0.8352749 0.4316465 0.5954119 1 1 1
v -0.809687 0.4316465 0.6209998 1 1 1
v -0.809687 0.4032155 0.6209998 1 1 1
v -0.8171816 0.4316465 0.6390932 1 1 1
v -0.8171816 0.4032155 0.6390932 1 1 1
v -0.8171816 0.4316465 0.6029065 1 1 1
v -0.8171816 0.4032155 0.6029065 1 1 1
v -0.8533683 0.4032155 0.6390932 1 1 1
v -0.8533683 0.4316465 0.6390932 1 1 1
v -0.8352749 0.4032155 0.6465877 1 1 1
v -0.8352749 0.4316465 0.6465877 1 1 1
v -0.07727492 0.27 -0.525 1 1 1
v -0.07727492 0.27 -0.545 1 1 1
v -0.3172749 0.27 -0.525 1 1 1
v -0.3172749 0.27 -0.545 1 1 1
v -0.07727492 0.13 -0.545 1 1 1
v -0.07727492 0.13 -0.525 1 1 1
v -0.3172749 0.13 -0.545 1 1 1
v -0.3172749 0.13 -0.525 1 1 1
v -0.06727491 0.1 -0.545 1 1 1
v -0.3272749 0.1 -0.545 1 1 1
v -0.3472749 0.12 -0.545 1 1 1
v -0.3472749 0.28 -0.545 1 1 1
v -0.04727492 0.28 -0.545 1 1 1
v -0.04727492 0.12 -0.545 1 1 1
v -0.06727491 0.3 -0.545 1 1 1
v -0.3272749 0.3 -0.545 1 1 1
v 0.00272508 1.321901E-19 -0.545 1 1 1
v -0.3972749 1.321901E-19 -0.545 1 1 1
v 0.00272508 2.819967E-17 -0.125 1 1 1
v -0.4172749 1.321901E-19 -0.125 1 1 1
v -0.4172749 1.321901E-19 -0.525 1 1 1
v -0.4172749 0.05 -0.525 1 1 1
v -0.4172749 0.05 -0.125 1 1 1
v 0.00272508 0.05 -0.545 1 1 1
v -0.3972749 0.05 -0.545 1 1 1
v -0.09727492 0.15 -0.5249999 1 1 1
v -0.09727492 0.25 -0.5249999 1 1 1
v -0.09727492 0.15 -0.5049999 1 1 1
v -0.09727492 0.25 -0.5049999 1 1 1
v -0.2972749 0.25 -0.5049999 1 1 1
v -0.1872749 0.25 -0.5249999 1 1 1
v -0.2072749 0.25 -0.5249999 1 1 1
v -0.2972749 0.25 -0.5249999 1 1 1
v -0.2972749 0.15 -0.5249999 1 1 1
v -0.2972749 0.15 -0.5049999 1 1 1
v -0.1872749 0.15 -0.5249999 1 1 1
v -0.2072749 0.15 -0.5249999 1 1 1
v -0.3172749 0.27 -0.5249999 1 1 1
v -0.3172749 0.13 -0.5249999 1 1 1
v -0.07727492 0.13 -0.5249999 1 1 1
v -0.07727492 0.27 -0.5249999 1 1 1
v -0.3172749 0.67 0.675 1 1 1
v -0.3172749 0.67 0.6949999 1 1 1
v -0.07727492 0.67 0.675 1 1 1
v -0.07727492 0.67 0.6949999 1 1 1
v -0.3172749 0.53 0.6949999 1 1 1
v -0.3172749 0.53 0.675 1 1 1
v -0.07727492 0.53 0.675 1 1 1
v -0.07727492 0.53 0.6949999 1 1 1
v -0.3272749 0.5 0.675 1 1 1
v -0.3272749 0.5 0.6949999 1 1 1
v -0.06727493 0.5 0.675 1 1 1
v -0.06727493 0.5 0.6949999 1 1 1
v -0.04727492 0.52 0.6949999 1 1 1
v -0.04727492 0.68 0.6949999 1 1 1
v -0.04727492 0.52 0.675 1 1 1
v -0.04727492 0.68 0.675 1 1 1
v -0.3472749 0.68 0.6949999 1 1 1
v -0.3472749 0.52 0.6949999 1 1 1
v -0.3472749 0.68 0.675 1 1 1
v -0.3472749 0.52 0.675 1 1 1
v -0.3272749 0.7 0.675 1 1 1
v -0.06727493 0.7 0.675 1 1 1
v -0.3272749 0.7 0.6949999 1 1 1
v -0.06727493 0.7 0.6949999 1 1 1
v -0.3972749 0.4 0.675 1 1 1
v -0.3972749 0.4 0.6949999 1 1 1
v 0.00272508 0.4 0.675 1 1 1
v 0.00272508 0.4 0.6949999 1 1 1
v 0.00272508 0.45 0.6949999 1 1 1
v -0.3972749 0.45 0.6949999 1 1 1
v -0.3972749 0.45 0.675 1 1 1
v 0.00272508 0.45 0.675 1 1 1
v -0.2972749 0.55 0.675 1 1 1
v -0.2972749 0.65 0.675 1 1 1
v -0.2972749 0.55 0.655 1 1 1
v -0.2972749 0.65 0.655 1 1 1
v -0.09727492 0.65 0.655 1 1 1
v -0.2072749 0.65 0.675 1 1 1
v -0.1872749 0.65 0.675 1 1 1
v -0.09727492 0.65 0.675 1 1 1
v -0.09727492 0.55 0.675 1 1 1
v -0.09727492 0.55 0.655 1 1 1
v -0.2072749 0.55 0.675 1 1 1
v -0.1872749 0.55 0.675 1 1 1
v -0.8172749 1.973977E-16 0.5050002 1 1 1
v -0.8172749 0.27 0.5050002 1 1 1
v -0.7972749 1.973977E-16 0.5050002 1 1 1
v -0.7972749 0.27 0.5050002 1 1 1
v -0.817275 0.27 0.04500004 1 1 1
v -0.817275 1.973977E-16 0.04500004 1 1 1
v -0.7972749 0.27 0.04500003 1 1 1
v -0.7972749 1.973977E-16 0.04500003 1 1 1
v -0.817275 0.05 0.01500003 1 1 1
v -0.817275 0.05 -0.125 1 1 1
v -0.3972749 0.05 -0.1450001 1 1 1
v -0.797275 0.05 -0.145 1 1 1
v -0.817275 0.28 0.01500003 1 1 1
v -0.797275 1.69198E-17 -0.145 1 1 1
v -0.3972749 1.69198E-17 -0.1450001 1 1 1
v -0.817275 5.671266E-17 -0.125 1 1 1
v -0.8172749 0.28 0.5350002 1 1 1
v -0.8172749 0.05 0.5350002 1 1 1
v -0.8172749 0.3 0.5150002 1 1 1
v -0.817275 0.3 0.03500003 1 1 1
v -0.8172749 0.05 0.6750002 1 1 1
v -0.8172749 3.628852E-17 0.6750002 1 1 1
v -0.7972749 0.05 0.6950002 1 1 1
v -0.7972749 1.69198E-17 0.6950002 1 1 1
v -0.3972748 0.05 0.6950002 1 1 1
v -0.3972748 1.69198E-17 0.6950002 1 1 1
v -0.7972748 0.03688905 0.2530515 1 1 1
v -0.7972748 0.05 0.2530515 1 1 1
v -0.7972748 0.03688905 0.2969487 1 1 1
v -0.7972748 0.05 0.2969487 1 1 1
v -0.8082749 0.03688905 0.2530515 1 1 1
v -0.8082749 0.03688905 0.2969487 1 1 1
v -0.8082749 0.05 0.2530515 1 1 1
v -0.8082749 0.05 0.2969487 1 1 1
v 0.002725363 7.594447E-19 -0.545 1 1 1
v 0.002725363 0.05 -0.545 1 1 1
v 0.002725363 8.265887E-19 -0.645 1 1 1
v 0.002725363 0.05 -0.645 1 1 1
v -0.01191932 7.987767E-19 -0.6803554 1 1 1
v -0.01191932 0.05 -0.6803554 1 1 1
v -0.01727462 0.03 -0.545 1 1 1
v -0.01727462 0.03 -0.6410218 1 1 1
v -0.01727462 0.05 -0.545 1 1 1
v -0.01727462 0.05 -0.6410218 1 1 1
v -0.04727465 0.05 -0.6950001 1 1 1
v -0.04727465 8.265887E-19 -0.6950001 1 1 1
v -0.0512529 0.03 -0.6750001 1 1 1
v -0.0512529 0.05 -0.6750001 1 1 1
v -0.02722663 0.03 -0.6650481 1 1 1
v -0.02722663 0.05 -0.6650481 1 1 1
v -0.5172747 8.265887E-19 -0.1249998 1 1 1
v -0.5172747 0.05 -0.1249998 1 1 1
v -0.4172747 7.594447E-19 -0.1249998 1 1 1
v -0.4172747 0.05 -0.1249998 1 1 1
v -0.5526301 7.987767E-19 -0.1396444 1 1 1
v -0.5526301 0.05 -0.1396444 1 1 1
v -0.5373228 0.05 -0.1549518 1 1 1
v -0.5373228 0.03 -0.1549518 1 1 1
v -0.5132965 0.05 -0.1449998 1 1 1
v -0.5132965 0.03 -0.1449998 1 1 1
v -0.5472748 0.03 -0.6410217 1 1 1
v -0.5472748 0.03 -0.178978 1 1 1
v -0.5472748 0.05 -0.6410217 1 1 1
v -0.5472748 0.05 -0.178978 1 1 1
v -0.4172747 0.05 -0.1449998 1 1 1
v -0.5672747 0.05 -0.1749998 1 1 1
v -0.5672748 0.05 -0.645 1 1 1
v -0.5373228 0.05 -0.665048 1 1 1
v -0.5526301 0.05 -0.6803553 1 1 1
v -0.5132965 0.05 -0.675 1 1 1
v -0.5172748 0.05 -0.695 1 1 1
v -0.5672747 8.265887E-19 -0.1749998 1 1 1
v -0.5672748 6.399377E-18 -0.645 1 1 1
v -0.4172747 0.03 -0.1449998 1 1 1
v -0.5373228 0.03 -0.665048 1 1 1
v -0.5132965 0.03 -0.675 1 1 1
v -0.5526301 6.399377E-18 -0.6803553 1 1 1
v -0.5172748 6.399377E-18 -0.695 1 1 1
v -0.3972748 1.321901E-19 -0.545 1 1 1
v -0.4172747 1.321901E-19 -0.525 1 1 1
v -0.3305467 0.06399998 -0.5757284 1 1 1
v -0.3252747 0.06399998 -0.5630004 1 1 1
v -0.3305467 0.464 -0.5757284 1 1 1
v -0.3252747 0.464 -0.5630004 1 1 1
v -0.3432747 0.464 -0.5450004 1 1 1
v -0.3432747 0.06399998 -0.5450004 1 1 1
v -0.3560026 0.464 -0.5502725 1 1 1
v -0.3560026 0.06399998 -0.5502725 1 1 1
v -0.3305467 0.06399998 -0.5502725 1 1 1
v -0.3305467 0.464 -0.5502725 1 1 1
v -0.3612747 0.06399998 -0.5630004 1 1 1
v -0.3612747 0.464 -0.5630004 1 1 1
v -0.3560026 0.06399998 -0.5757284 1 1 1
v -0.3560026 0.464 -0.5757284 1 1 1
v -0.3432747 0.06399998 -0.5810004 1 1 1
v -0.3432747 0.464 -0.5810004 1 1 1
v -0.3612747 0.464 -0.5250004 1 1 1
v -0.3252747 0.464 -0.5250004 1 1 1
v -0.3612747 0.464 -0.5810004 1 1 1
v -0.3252747 0.464 -0.5810004 1 1 1
v -0.3252747 0.5 -0.5250004 1 1 1
v -0.3612747 0.5 -0.5250004 1 1 1
v -0.3252747 0.5 -0.5710004 1 1 1
v -0.3612747 0.5 -0.5710004 1 1 1
v -0.3612747 0.49 -0.5810004 1 1 1
v -0.3252747 0.49 -0.5810004 1 1 1
v -0.3251813 0.1247845 -0.5810938 1 1 1
v -0.3251813 0.1532155 -0.5810938 1 1 1
v -0.3432747 0.1247845 -0.5885883 1 1 1
v -0.3432747 0.1532155 -0.5885883 1 1 1
v -0.3176868 0.1247845 -0.5630004 1 1 1
v -0.3176868 0.1532155 -0.5630004 1 1 1
v -0.3432747 0.1532155 -0.5374125 1 1 1
v -0.3432747 0.1247845 -0.5374125 1 1 1
v -0.3613681 0.1532155 -0.544907 1 1 1
v -0.3613681 0.1247845 -0.544907 1 1 1
v -0.3251813 0.1532155 -0.544907 1 1 1
v -0.3251813 0.1247845 -0.544907 1 1 1
v -0.3613681 0.1247845 -0.5810938 1 1 1
v -0.3613681 0.1532155 -0.5810938 1 1 1
v -0.3688626 0.1247845 -0.5630004 1 1 1
v -0.3688626 0.1532155 -0.5630004 1 1 1
v -0.3251813 0.378707 -0.5810938 1 1 1
v -0.3251813 0.407138 -0.5810938 1 1 1
v -0.3432747 0.378707 -0.5885883 1 1 1
v -0.3432747 0.407138 -0.5885883 1 1 1
v -0.3176868 0.378707 -0.5630004 1 1 1
v -0.3176868 0.407138 -0.5630004 1 1 1
v -0.3432747 0.407138 -0.5374125 1 1 1
v -0.3432747 0.378707 -0.5374125 1 1 1
v -0.3613681 0.407138 -0.544907 1 1 1
v -0.3613681 0.378707 -0.544907 1 1 1
v -0.3251813 0.407138 -0.544907 1 1 1
v -0.3251813 0.378707 -0.544907 1 1 1
v -0.3613681 0.378707 -0.5810938 1 1 1
v -0.3613681 0.407138 -0.5810938 1 1 1
v -0.3688626 0.378707 -0.5630004 1 1 1
v -0.3688626 0.407138 -0.5630004 1 1 1
v 0.08272493 0 -0.545 1 1 1
v 0.08272493 0.27 -0.545 1 1 1
v 0.08272493 0 -0.525 1 1 1
v 0.08272493 0.27 -0.525 1 1 1
v 0.3227249 0.27 -0.545 1 1 1
v 0.3227249 0 -0.545 1 1 1
v 0.3227249 0.27 -0.525 1 1 1
v 0.3227249 0 -0.525 1 1 1
v 0.3527249 0.05 -0.545 1 1 1
v 0.3527249 0.28 -0.545 1 1 1
v 0.05272493 0.28 -0.545 1 1 1
v 0.05272493 0.05 -0.545 1 1 1
v 0.07272492 0.3 -0.545 1 1 1
v 0.3327249 0.3 -0.545 1 1 1
v 0.002724931 1.32183E-19 -0.545 1 1 1
v 0.002724931 0.05 -0.545 1 1 1
v 0.4027249 1.32183E-19 -0.545 1 1 1
v 0.4027249 0.05 -0.545 1 1 1
v 0.002724931 0 -0.125 1 1 1
v 0.4027249 0 -0.125 1 1 1
v 0.2319952 0.1142649 -0.5050002 1 1 1
v 0.2319952 0.1142649 -0.5250003 1 1 1
v 0.2127251 0.1142649 -0.5050002 1 1 1
v 0.2127251 0.1142649 -0.5250003 1 1 1
v 0.2319952 0.1557351 -0.5250003 1 1 1
v 0.2319952 0.1557351 -0.5050002 1 1 1
v 0.2127251 0.1557351 -0.5250003 1 1 1
v 0.2127251 0.1557351 -0.5050002 1 1 1
v 0.192725 0.1142649 -0.5050002 1 1 1
v 0.192725 0.1142649 -0.5250003 1 1 1
v 0.1734549 0.1142649 -0.5050002 1 1 1
v 0.1734549 0.1142649 -0.5250003 1 1 1
v 0.192725 0.1557351 -0.5250003 1 1 1
v 0.192725 0.1557351 -0.5050002 1 1 1
v 0.1734549 0.1557351 -0.5250003 1 1 1
v 0.1734549 0.1557351 -0.5050002 1 1 1
v -0.477275 0.67 -0.145 1 1 1
v -0.717275 0.67 -0.145 1 1 1
v -0.477275 0.67 -0.125 1 1 1
v -0.717275 0.67 -0.125 1 1 1
v -0.477275 0.53 -0.145 1 1 1
v -0.477275 0.53 -0.125 1 1 1
v -0.717275 0.53 -0.145 1 1 1
v -0.717275 0.53 -0.125 1 1 1
v -0.467275 0.5 -0.145 1 1 1
v -0.727275 0.5 -0.145 1 1 1
v -0.467275 0.5 -0.125 1 1 1
v -0.727275 0.5 -0.125 1 1 1
v -0.747275 0.52 -0.145 1 1 1
v -0.747275 0.68 -0.145 1 1 1
v -0.747275 0.52 -0.125 1 1 1
v -0.747275 0.68 -0.125 1 1 1
v -0.447275 0.68 -0.145 1 1 1
v -0.447275 0.52 -0.145 1 1 1
v -0.447275 0.68 -0.125 1 1 1
v -0.447275 0.52 -0.125 1 1 1
v -0.467275 0.7 -0.145 1 1 1
v -0.467275 0.7 -0.125 1 1 1
v -0.727275 0.7 -0.145 1 1 1
v -0.727275 0.7 -0.125 1 1 1
v -0.797275 0.4 0.275 1 1 1
v -0.797275 0.4 -0.125 1 1 1
v -0.817275 0.4 0.275 1 1 1
v -0.817275 0.4 -0.125 1 1 1
v -0.797275 0.4 -0.145 1 1 1
v -0.397275 0.4 -0.125 1 1 1
v -0.397275 0.4 -0.145 1 1 1
v -0.817275 0.45 -0.125 1 1 1
v -0.817275 0.45 0.275 1 1 1
v -0.397275 0.45 -0.145 1 1 1
v -0.397275 0.45 -0.125 1 1 1
v -0.797275 0.45 -0.145 1 1 1
v -0.797275 0.45 -0.125 1 1 1
v -0.797275 0.45 0.275 1 1 1
v -0.497275 0.55 -0.1249998 1 1 1
v -0.497275 0.65 -0.1249998 1 1 1
v -0.497275 0.55 -0.1049998 1 1 1
v -0.497275 0.65 -0.1049998 1 1 1
v -0.697275 0.65 -0.1049998 1 1 1
v -0.587275 0.65 -0.1249998 1 1 1
v -0.607275 0.65 -0.1249998 1 1 1
v -0.697275 0.65 -0.1249998 1 1 1
v -0.697275 0.55 -0.1249998 1 1 1
v -0.697275 0.55 -0.1049998 1 1 1
v -0.587275 0.55 -0.1249998 1 1 1
v -0.607275 0.55 -0.1249998 1 1 1
v -0.717275 0.67 -0.1249998 1 1 1
v -0.717275 0.53 -0.1249998 1 1 1
v -0.477275 0.53 -0.1249998 1 1 1
v -0.477275 0.67 -0.1249998 1 1 1
v 0.482725 0.27 -0.525 1 1 1
v 0.482725 0.27 -0.545 1 1 1
v 0.722725 0.27 -0.525 1 1 1
v 0.722725 0.27 -0.545 1 1 1
v 0.482725 0.13 -0.545 1 1 1
v 0.482725 0.13 -0.525 1 1 1
v 0.722725 0.13 -0.545 1 1 1
v 0.722725 0.13 -0.525 1 1 1
v 0.472725 0.1 -0.545 1 1 1
v 0.732725 0.1 -0.545 1 1 1
v 0.752725 0.12 -0.545 1 1 1
v 0.752725 0.28 -0.545 1 1 1
v 0.452725 0.28 -0.545 1 1 1
v 0.452725 0.12 -0.545 1 1 1
v 0.472725 0.3 -0.545 1 1 1
v 0.732725 0.3 -0.545 1 1 1
v 0.402725 2.819967E-17 -0.125 1 1 1
v 0.402725 1.321901E-19 -0.545 1 1 1
v 0.822725 1.321901E-19 -0.125 1 1 1
v 0.802725 1.321901E-19 -0.545 1 1 1
v 0.822725 1.321901E-19 -0.525 1 1 1
v 0.822725 0.05 -0.525 1 1 1
v 0.822725 0.05 -0.125 1 1 1
v 0.402725 0.05 -0.545 1 1 1
v 0.802725 0.05 -0.545 1 1 1
v 0.502725 0.15 -0.5249999 1 1 1
v 0.502725 0.25 -0.5249999 1 1 1
v 0.502725 0.15 -0.5049999 1 1 1
v 0.502725 0.25 -0.5049999 1 1 1
v 0.7027251 0.25 -0.5049999 1 1 1
v 0.592725 0.25 -0.5249999 1 1 1
v 0.612725 0.25 -0.5249999 1 1 1
v 0.7027251 0.25 -0.5249999 1 1 1
v 0.7027251 0.15 -0.5249999 1 1 1
v 0.7027251 0.15 -0.5049999 1 1 1
v 0.592725 0.15 -0.5249999 1 1 1
v 0.612725 0.15 -0.5249999 1 1 1
v 0.722725 0.27 -0.5249999 1 1 1
v 0.722725 0.13 -0.5249999 1 1 1
v 0.482725 0.13 -0.5249999 1 1 1
v 0.482725 0.27 -0.5249999 1 1 1
v 0.8027251 0.5 0.2749999 1 1 1
v -0.797275 0.8 0.6750001 1 1 1
v -0.397275 0.8 0.6750001 1 1 1
v -0.797275 0.8 0.2750002 1 1 1
v 0.4027249 0.8 -0.1249999 1 1 1
v 0.002724931 0.8 -0.1249999 1 1 1
v 0.4027249 0.8 0.275 1 1 1
v 0.4027252 0.4 -0.1250002 1 1 1
v 0.4027252 0.4 0.2749998 1 1 1
v 0.002725169 0.4 -0.1250002 1 1 1
v 0.002725169 0.4 0.2749998 1 1 1
v 0.00272508 0.4 -0.1250002 1 1 1
v -0.3972749 0.4 -0.1250002 1 1 1
v 0.00272508 0.8 -0.1250002 1 1 1
v -0.3972749 0.8 -0.1250002 1 1 1
v -0.3772749 1 0.4750002 1 1 1
v -0.377275 0.9 0.07500011 1 1 1
v 0.2227251 0.9 0.07500003 1 1 1
v 0.2227252 1 0.4750001 1 1 1
v -0.3972749 0.8 0.675 1 1 1
v 0.00272508 0.8 0.675 1 1 1
v -0.797275 0.8 -0.125 1 1 1
v -0.797275 0.8 0.275 1 1 1
v -0.397275 0.8 -0.125 1 1 1
v -0.3972748 0.03 -0.545 1 1 1
v -0.4172747 0.03 -0.525 1 1 1
v -0.1070227 0.09707098 -0.6561775 1 1 1
v -0.09501764 0.09707098 -0.5854555 1 1 1
v -0.1346449 0.1746207 -0.6332987 1 1 1
v -0.1286424 0.1746207 -0.5979377 1 1 1
v -0.1562646 0.1746207 -0.5750589 1 1 1
v -0.1502621 0.09707098 -0.5396979 1 1 1
v -0.2175116 0.09707098 -0.5646622 1 1 1
v -0.1898894 0.1746207 -0.587541 1 1 1
v -0.2295167 0.09707098 -0.6353841 1 1 1
v -0.2071002 0.0275112 -0.6270627 1 1 1
v -0.1742722 0.09707098 -0.6811418 1 1 1
v -0.1702705 0.0275112 -0.6575678 1 1 1
v -0.1254375 0.0275112 -0.6409249 1 1 1
v -0.1990968 0.0275112 -0.5799147 1 1 1
v -0.1542638 0.0275112 -0.5632719 1 1 1
v -0.1682697 0.1746207 -0.6457808 1 1 1
v -0.1174341 0.0275112 -0.593777 1 1 1
v -0.1958919 0.1746207 -0.622902 1 1 1
v -0.547993 0.08528984 -0.2104709 1 1 1
v -0.546902 0.08528984 -0.2928226 1 1 1
v -0.5120609 0.1469305 -0.2305864 1 1 1
v -0.5115154 0.1469305 -0.2717623 1 1 1
v -0.4750379 0.08528984 -0.3330536 1 1 1
v -0.4755834 0.1469305 -0.2918777 1 1 1
v -0.4282194 0.03 -0.2775226 1 1 1
v -0.4289467 0.03 -0.2226215 1 1 1
v -0.4042647 0.08528984 -0.290933 1 1 1
v -0.4053556 0.08528984 -0.2085813 1 1 1
v -0.4772198 0.08528984 -0.1683502 1 1 1
v -0.5240383 0.03 -0.2238812 1 1 1
v -0.4768561 0.03 -0.1958008 1 1 1
v -0.4754015 0.03 -0.305603 1 1 1
v -0.523311 0.03 -0.2787823 1 1 1
v -0.4766743 0.1469305 -0.2095261 1 1 1
v -0.4407423 0.1469305 -0.2296416 1 1 1
v -0.4401968 0.1469305 -0.2708175 1 1 1
v -0.4721576 0.2083925 -0.3532484 1 1 1
v -0.4360163 0.2083925 -0.3774462 1 1 1
v -0.4692723 0.1143517 -0.3098503 1 1 1
v -0.3969898 0.1143517 -0.3582459 1 1 1
v -0.5473253 0.1143517 -0.348251 1 1 1
v -0.5232311 0.03 -0.3643829 1 1 1
v -0.4711958 0.03 -0.3387824 1 1 1
v -0.4808134 0.1143517 -0.4834428 1 1 1
v -0.4788899 0.03 -0.4545107 1 1 1
v -0.4027604 0.1143517 -0.4450421 1 1 1
v -0.4268545 0.03 -0.4289103 1 1 1
v -0.4389016 0.2083925 -0.4208443 1 1 1
v -0.4779281 0.2083925 -0.4400447 1 1 1
v -0.4230075 0.03 -0.3710461 1 1 1
v -0.5530958 0.1143517 -0.4350473 1 1 1
v -0.5140693 0.2083925 -0.4158469 1 1 1
v -0.5111841 0.2083925 -0.3724488 1 1 1
v -0.5270782 0.03 -0.422247 1 1 1
v -0.499245 0.1012219 -0.5241737 1 1 1
v -0.5227662 0.1012219 -0.5937532 1 1 1
v -0.4749965 0.1806246 -0.5517535 1 1 1
v -0.4867571 0.1806246 -0.5865433 1 1 1
v -0.4830793 0.03 -0.5425603 1 1 1
v -0.4987601 0.03 -0.5889466 1 1 1
v -0.4625086 0.1806246 -0.6141232 1 1 1
v -0.4264995 0.1806246 -0.6069133 1 1 1
v -0.4147389 0.1806246 -0.5721235 1 1 1
v -0.4389874 0.1806246 -0.5445436 1 1 1
v -0.4664288 0.03 -0.6257198 1 1 1
v -0.4742692 0.1012219 -0.6489129 1 1 1
v -0.4272268 0.1012219 -0.5097539 1 1 1
v -0.4350672 0.03 -0.5329471 1 1 1
v -0.3787297 0.1012219 -0.5649136 1 1 1
v -0.4022509 0.1012219 -0.6344931 1 1 1
v -0.4184166 0.03 -0.6161066 1 1 1
v -0.4027358 0.03 -0.5697202 1 1 1
v -0.3107899 0.03 -0.5754495 1 1 1
v -0.3157805 0.03 -0.623615 1 1 1
v -0.3303985 0.07876199 -0.561247 1 1 1
v -0.3378845 0.07876199 -0.6334954 1 1 1
v -0.2665819 0.03 -0.5556887 1 1 1
v -0.2640865 0.07876199 -0.531606 1 1 1
v -0.2273647 0.03 -0.5840936 1 1 1
v -0.2052607 0.07876199 -0.5742132 1 1 1
v -0.2790586 0.07876199 -0.6761026 1 1 1
v -0.2127467 0.07876199 -0.6464615 1 1 1
v -0.2753156 0.133125 -0.6399785 1 1 1
v -0.2421596 0.133125 -0.6251579 1 1 1
v -0.3009855 0.133125 -0.5825506 1 1 1
v -0.3047285 0.133125 -0.6186748 1 1 1
v -0.2323553 0.03 -0.6322591 1 1 1
v -0.2384166 0.133125 -0.5890337 1 1 1
v -0.2678296 0.133125 -0.5677301 1 1 1
v -0.2765633 0.03 -0.6520199 1 1 1

vn 2.989456E-13 0 1
vn 1 0 1.192093E-07
vn -1.192093E-07 0 1
vn 0.8772412 -0.4386205 0.1950905
vn 0.6324555 -0.3162278 0.7071069
vn 0.174494 -0.08724705 0.9807854
vn 0.8944273 -0.4472136 1.06624E-07
vn -0.4472136 -0.8944272 -5.331201E-08
vn -1 0 -1.192093E-07
vn -0.8263431 0.4131715 0.3826834
vn -0.8944273 0.4472136 -1.06624E-07
vn 1.192093E-07 0 -1
vn -0.3422826 0.1711412 0.9238796
vn 0.8772412 -0.4386205 -0.1950903
vn 0.6324556 -0.3162278 -0.7071068
vn 0.1744942 -0.08724705 -0.9807854
vn -0.826343 0.4131715 -0.3826836
vn -0.3422824 0.1711412 -0.9238797
vn -3.795714E-13 0 1
vn 1 0 3.795714E-13
vn -1 0 1.192093E-07
vn 1 0 -1.192093E-07
vn -1.1565E-07 -0.2425356 -0.9701427
vn 1.1565E-07 0.2425356 0.9701427
vn -2.89125E-08 0.9701425 -0.2425357
vn 0 1 0
vn -1 0 0
vn 0 0 -1
vn -1.192093E-07 0 -1
vn -1 0 1.192093E-07
vn 1.192093E-07 0 1
vn -0.7071068 -0.7071068 0
vn -0.7071068 0.7071068 0
vn 1 0 0
vn 0.7071068 -0.7071068 0
vn 0.7071068 0.7071068 0
vn 0 -1 0
vn 0.9238796 0 0.3826836
vn 0.3826834 0 0.9238797
vn 0.4472136 0.8944272 5.331201E-08
vn -0.3826834 0 0.9238795
vn 4.593687E-13 0 1
vn -0.9238795 0 0.3826834
vn -1 0 4.593687E-13
vn 0.3826834 0 -0.9238795
vn -3.442663E-13 0 -1
vn 0.9238795 0 -0.3826834
vn 1 0 -3.442663E-13
vn 0.3826834 0 0.9238795
vn 0.9238795 0 0.3826834
vn -3.326783E-13 0 -1
vn 0.9238797 0 0.3826834
vn 0.9238796 0 -0.3826836
vn 0.3826836 0 0.9238796
vn 0.3826834 0 -0.9238797
vn 0.9238796 -0.09281436 -0.3712576
vn 0.9238797 0.09281436 0.3712574
vn 0.3826836 0.2240737 0.8962949
vn 0.3826834 -0.2240737 -0.896295
vn -0.3826836 -0.2240737 -0.8962949
vn -0.3826834 0.2240737 0.896295
vn -0.9238796 0.09281436 0.3712576
vn -0.9238797 -0.09281436 -0.3712574
vn -0.3826834 0 0.9238797
vn -0.9238796 0 0.3826836
vn -0.9238797 0 -0.3826834
vn -0.3826836 0 -0.9238796
vn 0.9238797 0 -0.3826834
vn 0.3826836 0 -0.9238796
vn 1 0 -1.490107E-08
vn 1.490107E-08 0 1
vn -1 0 1.490107E-08
vn -1.490107E-08 0 -1
vn -0.3826834 0 -0.9238795
vn -0.9238795 0 -0.3826834
vn 0 0 1
vn 1.192093E-07 0 1
vn -1.192093E-07 0 -1
vn 1.06624E-07 -0.4472136 0.8944273
vn 0.6324556 -0.4472136 0.6324555
vn 0.7071069 0 0.7071068
vn -1.06624E-07 -0.4472136 -0.8944273
vn 0.6324555 -0.4472136 -0.6324556
vn 0.7071068 0 -0.7071069
vn -0.7071068 0 0.7071069
vn -0.6324555 -0.4472136 0.6324556
vn 0.8944273 -0.4472136 -1.06624E-07
vn -0.8944273 -0.4472136 1.06624E-07
vn -0.6324556 -0.4472136 -0.6324555
vn -0.7071069 0 -0.7071068
vn 1.06624E-07 0.4472136 0.8944273
vn 0.6324556 0.4472136 0.6324555
vn -0.6324556 0.4472136 -0.6324555
vn -0.8944273 0.4472136 1.06624E-07
vn -0.6324555 0.4472136 0.6324556
vn 0.8944273 0.4472136 -1.06624E-07
vn 0.6324555 0.4472136 -0.6324556
vn -1.06624E-07 0.4472136 -0.8944273
vn 0.8944272 -0.4472136 0
vn 0.6324555 -0.4472136 0.6324555
vn 0.7071068 0 0.7071068
vn -0.8944272 -0.4472136 0
vn -0.6324555 -0.4472136 0.6324555
vn -0.7071068 0 0.7071068
vn 0.7071068 0 -0.7071068
vn 0.6324555 -0.4472136 -0.6324555
vn 0 -0.4472136 0.8944272
vn 0 -0.4472136 -0.8944272
vn -0.6324555 -0.4472136 -0.6324555
vn -0.7071068 0 -0.7071068
vn 0.8944272 0.4472136 0
vn 0.6324555 0.4472136 0.6324555
vn -0.6324555 0.4472136 -0.6324555
vn 0 0.4472136 -0.8944272
vn 0.6324555 0.4472136 -0.6324555
vn 0 0.4472136 0.8944272
vn -0.6324555 0.4472136 0.6324555
vn -0.8944272 0.4472136 0
vn 1 0 -2.137179E-14
vn 2.137179E-14 0 1
vn -0.7071068 0 -0.7071068
vn 0.7071068 0 0.7071068
vn 0.7071068 0 -0.7071068
vn -0.7071068 0 0.7071068
vn -0.3662924 0.9304998 0
vn -0.9179972 0.3965869 0
vn 0.3826834 -0.9238795 0
vn -0.3826834 -0.9238795 0
vn -0.9238795 -0.3826834 0
vn -0.9238795 0.3826834 0
vn 0.9238795 0.3826834 0
vn 0.9238795 -0.3826834 0
vn 0.3826834 0.9238795 0
vn -0.3826834 0.9238795 0
vn 0.7071068 -0.7071068 1.198177E-14
vn -0.7071068 -0.7071068 -1.198177E-14
vn 0.7071068 0.7071068 1.198177E-14
vn -0.7071068 0.7071068 -1.198177E-14
vn -0.3826834 -0.9238795 -6.484486E-15
vn 0.3826834 -0.9238795 6.484486E-15
vn 0.9238795 -0.3826834 1.565493E-14
vn 0.9238795 0.3826834 1.565493E-14
vn -0.9238795 0.3826834 -1.565493E-14
vn -0.9238795 -0.3826834 -1.565493E-14
vn -0.3826834 0.9238795 -6.484486E-15
vn 0.3826834 0.9238795 6.484486E-15
vn -1.694478E-14 0 1
vn -1.10135E-07 0.3826834 -0.9238799
vn -0.3826837 0 -0.9238798
vn -0.9238799 0 -0.3826835
vn 1.10135E-07 0.3826834 0.9238799
vn 4.561943E-08 0.9238795 0.3826836
vn -4.561943E-08 0.9238795 -0.3826836
vn -0.9238798 0 0.3826837
vn -0.3826835 0 0.9238799
vn 1 0 -1.192093E-07
vn -0.7071071 0 -0.7071069
vn -0.7071069 0 0.7071071
vn 0.9807856 0 -0.1950905
vn 0.7071069 0 -0.7071071
vn -0.9807856 0 0.1950905
vn 0.1950903 0 -0.9807856
vn -0.1950903 0 0.9807856
vn 0.9807856 0 0.1950903
vn -0.9807856 0 -0.1950903
vn 0.7071071 0 0.7071069
vn 0.1950905 0 0.9807856
vn -0.1950905 0 -0.9807856
vn 0.7071069 0 -0.7071068
vn -0.7071069 0 0.7071068
vn 0.7071068 0 0.7071069
vn -0.7071068 0 -0.7071069
vn 4.366546E-08 0.9304998 -0.3662924
vn 1.094338E-07 0.396587 -0.9179972
vn 0.7071071 0 -0.7071069
vn 1.192093E-07 0 -1
vn 1 0 1.192093E-07
vn -1.192093E-07 0 1
vn -0.7071071 0 0.7071069
vn 0.7071069 0 0.7071071
vn -0.7071069 0 -0.7071071
vn -1 0 -1.192093E-07
vn 0.7693232 0.04587124 -0.6372114
vn 0.9365029 0.04587124 0.3476476
vn 0.4946399 0.766472 -0.4096981
vn 0.6021289 0.766472 0.2235217
vn 0.107489 0.766472 0.6332197
vn 0.1671798 0.04587125 0.9848592
vn -0.7693232 0.04587124 0.6372114
vn -0.4946399 0.766472 0.4096981
vn -0.9365029 0.04587124 -0.3476476
vn -0.8865714 -0.3250801 -0.3291121
vn -0.1671798 0.04587125 -0.9848592
vn -0.1582662 -0.32508 -0.9323494
vn 0.7283052 -0.3250801 -0.6032373
vn -0.7283052 -0.3250801 0.6032373
vn 0.1582662 -0.32508 0.9323494
vn -0.107489 0.766472 -0.6332197
vn 0.8865714 -0.3250801 0.3291121
vn -0.6021289 0.766472 -0.2235217
vn -0.8712169 0.05573033 0.4877253
vn -0.857991 0.05573034 -0.5106332
vn -0.5018722 0.8180383 0.2809585
vn -0.4942534 0.8180383 -0.2941549
vn 0.0132259 0.05573034 -0.9983585
vn 0.0076189 0.8180383 -0.5751134
vn 0.7815353 -0.4447242 -0.4375197
vn 0.7696708 -0.4447243 0.4580696
vn 0.8712169 0.05573033 -0.4877253
vn 0.857991 0.05573034 0.5106332
vn -0.0132259 0.05573034 0.9983585
vn -0.7815353 -0.4447242 0.4375197
vn -0.01186445 -0.4447242 0.8955893
vn 0.01186445 -0.4447242 -0.8955893
vn -0.7696708 -0.4447243 -0.4580696
vn -0.0076189 0.8180383 0.5751134
vn 0.4942534 0.8180383 0.2941549
vn 0.5018722 0.8180383 -0.2809585
vn 0.04260683 0.7664719 0.6408633
vn 0.5763073 0.7664719 0.283533
vn 0.06626725 0.04587124 0.9967474
vn 0.8963422 0.04587125 0.4409845
vn -0.8300748 0.04587124 0.5557628
vn -0.7858178 -0.32508 0.5261312
vn 0.06273408 -0.32508 0.9436038
vn -0.06626725 0.04587124 -0.9967474
vn -0.06273408 -0.32508 -0.9436038
vn 0.8300748 0.04587124 -0.5557628
vn 0.7858178 -0.32508 -0.5261312
vn 0.5337004 0.766472 -0.3573303
vn -0.04260683 0.7664719 -0.6408633
vn 0.8485519 -0.3250801 0.4174726
vn -0.8963422 0.04587125 -0.4409845
vn -0.5763073 0.7664719 -0.283533
vn -0.5337004 0.766472 0.3573303
vn -0.8485519 -0.3250801 -0.4174726
vn -0.6595991 0.04587124 0.750217
vn -0.9795065 0.04587124 -0.1961212
vn -0.4240923 0.7664719 0.4823555
vn -0.6297783 0.766472 -0.126097
vn -0.6244313 -0.3250801 0.7102176
vn -0.9272822 -0.3250801 -0.1856646
vn -0.2056859 0.7664719 -0.6084524
vn 0.4240923 0.7664719 -0.4823555
vn 0.6297783 0.766472 0.126097
vn 0.2056859 0.7664719 0.6084524
vn -0.3028509 -0.32508 -0.8958822
vn -0.3199074 0.04587125 -0.9463381
vn 0.3199074 0.04587125 0.9463381
vn 0.3028509 -0.32508 0.8958822
vn 0.9795065 0.04587124 0.1961212
vn 0.6595991 0.04587124 -0.750217
vn 0.6244313 -0.3250801 -0.7102176
vn 0.9272822 -0.3250801 0.1856646
vn -0.7253853 -0.4447243 0.5253924
vn -0.8176957 -0.4447243 -0.3655058
vn -0.8086236 0.05573034 0.5856814
vn -0.9115268 0.05573033 -0.4074479
vn 0.09231049 -0.4447243 0.8908983
vn 0.1029032 0.05573034 0.9931294
vn 0.8176957 -0.4447243 0.3655058
vn 0.9115268 0.05573033 0.4074479
vn -0.1029032 0.05573034 -0.9931294
vn 0.8086236 0.05573034 -0.5856814
vn -0.05927829 0.8180383 -0.572101
vn 0.4658149 0.8180383 -0.337387
vn -0.4658149 0.8180383 0.337387
vn -0.5250931 0.8180383 -0.234714
vn 0.7253853 -0.4447243 -0.5253924
vn 0.5250931 0.8180383 0.234714
vn 0.05927829 0.8180383 0.572101
vn -0.09231049 -0.4447243 -0.8908983

vt 0.71875 0.3
vt 0.71875 0.475
vt 0.71875 0.275
vt 0.71875 0.2947624
vt 0.71875 0.2798236
vt 0.71875 0.299586
vt 0.71875 0.3112311
vt 0.71875 0.2914687
vt 0.71875 0.4387689
vt 0.71875 0.4552376
vt 0.71875 0.4486501
vt 0.71875 0.4585313
vt 0.71875 0.4684125
vt 0.71875 0.3636957
vt 0.71875 0.3817826
vt 0.71875 0.4297829
vt 0.71875 0.3960435
vt 0.71875 0.4005652
vt 0.71875 0.4290871
vt 0.71875 0.4336088
vt 0.71875 0.4478697
vt 0.71875 0.4523914
vt 0.71875 0.3772609
vt 0.71875 0.395
vt 0.71875 0.415
vt 0.71875 0.335
vt 0.71875 0.425
vt 0.71875 0.325
vt 0.71875 0.3490741
vt 0.71875 0.2809259
vt 0.71875 0.355
vt 0.59375 0.275
vt 0.59375 0.3
vt 0.59375 0.2947624
vt 0.59375 0.4585313
vt 0.59375 0.475
vt 0.59375 0.299586
vt 0.59375 0.4684125
vt 0.59375 0.3112311
vt 0.59375 0.3216087
vt 0.59375 0.3772609
vt 0.59375 0.4523914
vt 0.59375 0.3953477
vt 0.59375 0.4704783
vt 0.59375 0.4569132
vt 0.59375 0.3727391
vt 0.59375 0.390826
vt 0.59375 0.395
vt 0.59375 0.425
vt 0.59375 0.435
vt 0.59375 0.455
vt 0.59375 0.325
vt 0.59375 0.3972222
vt 0.59375 0.41
vt 0.59375 0.34
vt 0.59375 0.335
vt 0.59375 0.415
vt 0.59375 0.2864286
vt 0.59375 0.3435714
vt 0.59375 0.355
vt 0.96875 0.2914687
vt 0.96875 0.4387689
vt 0.96875 0.3
vt 0.96875 0.475
vt 0.96875 0.3216087
vt 0.96875 0.4614349
vt 0.96875 0.3682174
vt 0.96875 0.4523914
vt 0.96875 0.3772609
vt 0.96875 0.4569132
vt 0.96875 0.3727391
vt 0.96875 0.415
vt 0.96875 0.335
vt 0.96875 0.425
vt 0.96875 0.325
vt 0.09375 0.645
vt 0.21875 0.1195687
vt 0.21875 0.225
vt 0.21875 0.025
vt 0.21875 0.1195687
vt 0.21875 0.1195687
vt 0.59375 0.1136957
vt 0.59375 0.1797829
vt 0.59375 0.03642857
vt 0.59375 0.09357143
vt 0.59375 0.03092593
vt 0.59375 0.09907407

usemtl colormap

f 4/2/1 3/2/1 2/1/1
f 1/1/1 2/1/1 3/2/1
f 10/2/3 9/1/3 7/2/3
f 5/1/3 7/2/3 9/1/3
f 8/2/2 7/2/2 6/1/2
f 5/1/2 6/1/2 7/2/2
f 22/10/10 23/11/13 27/2/10
f 30/13/13 27/2/10 23/11/13
f 23/11/13 16/8/6 30/13/13
f 15/7/6 30/13/13 16/8/6
f 21/10/12 28/2/12 20/9/12
f 29/12/12 20/9/12 28/2/12
f 28/2/11 21/10/11 27/2/10
f 22/10/10 27/2/10 21/10/11
f 26/9/9 20/9/9 25/8/9
f 24/8/9 25/8/9 20/9/9
f 16/8/8 23/11/8 13/5/8
f 23/11/8 22/10/8 13/5/8
f 13/5/8 22/10/8 11/3/8
f 11/3/8 22/10/8 17/3/8
f 22/10/8 21/10/8 17/3/8
f 21/10/8 20/9/8 17/3/8
f 19/8/8 17/3/8 20/9/8
f 12/4/4 11/3/4 18/4/7
f 17/3/7 18/4/7 11/3/4
f 16/8/6 13/5/5 15/7/6
f 14/6/5 15/7/6 13/5/5
f 14/6/5 13/5/5 12/4/4
f 11/3/4 12/4/4 13/5/5
f 33/9/12 32/8/12 31/8/12
f 36/5/15 35/4/14 34/3/14
f 35/4/14 36/5/15 37/6/15
f 36/5/15 38/7/16 37/6/15
f 38/7/16 36/5/15 39/8/16
f 34/3/14 41/4/7 40/3/7
f 41/4/7 34/3/14 35/4/14
f 43/9/8 40/3/8 42/8/8
f 40/3/8 43/9/8 44/10/8
f 40/3/8 44/10/8 45/10/8
f 40/3/8 45/10/8 34/3/8
f 34/3/8 45/10/8 36/5/8
f 36/5/8 45/10/8 46/11/8
f 36/5/8 46/11/8 39/8/8
f 43/9/9 31/8/9 47/8/9
f 31/8/9 43/9/9 33/9/9
f 44/10/11 48/2/17 45/10/17
f 48/2/17 44/10/11 49/2/11
f 49/2/3 43/9/3 50/12/3
f 43/9/3 49/2/3 44/10/3
f 39/8/16 51/13/18 38/7/16
f 51/13/18 39/8/16 46/11/18
f 46/11/18 48/2/17 51/13/18
f 48/2/17 46/11/18 45/10/17
f 54/9/12 53/8/12 52/8/12
f 57/5/15 56/4/14 55/3/14
f 56/4/14 57/5/15 58/6/15
f 57/5/15 59/7/16 58/6/15
f 59/7/16 57/5/15 60/8/16
f 55/3/14 62/4/7 61/3/7
f 62/4/7 55/3/14 56/4/14
f 64/9/8 61/3/8 63/8/8
f 61/3/8 64/9/8 65/10/8
f 61/3/8 65/10/8 66/10/8
f 61/3/8 66/10/8 55/3/8
f 55/3/8 66/10/8 57/5/8
f 57/5/8 66/10/8 67/11/8
f 57/5/8 67/11/8 60/8/8
f 64/9/9 52/8/9 68/8/9
f 52/8/9 64/9/9 54/9/9
f 65/10/11 69/2/17 66/10/17
f 69/2/17 65/10/11 70/2/11
f 70/2/3 64/9/3 71/12/3
f 64/9/3 70/2/3 65/10/3
f 60/8/16 72/13/18 59/7/16
f 72/13/18 60/8/16 67/11/18
f 67/11/18 69/2/17 72/13/18
f 69/2/17 67/11/18 66/10/17
f 75/9/12 74/8/12 73/8/12
f 78/5/15 77/4/14 76/3/14
f 77/4/14 78/5/15 79/6/15
f 78/5/15 80/7/16 79/6/15
f 80/7/16 78/5/15 81/8/16
f 76/3/14 83/4/7 82/3/7
f 83/4/7 76/3/14 77/4/14
f 85/9/8 82/3/8 84/8/8
f 82/3/8 85/9/8 86/10/8
f 82/3/8 86/10/8 87/10/8
f 82/3/8 87/10/8 76/3/8
f 76/3/8 87/10/8 78/5/8
f 78/5/8 87/10/8 88/11/8
f 78/5/8 88/11/8 81/8/8
f 85/9/9 73/8/9 89/8/9
f 73/8/9 85/9/9 75/9/9
f 86/10/11 90/2/17 87/10/17
f 90/2/17 86/10/11 91/2/11
f 91/2/3 85/9/3 92/12/3
f 85/9/3 91/2/3 86/10/3
f 81/8/16 93/13/18 80/7/16
f 93/13/18 81/8/16 88/11/18
f 88/11/18 90/2/17 93/13/18
f 90/2/17 88/11/18 87/10/17
f 96/2/19 95/1/19 94/1/19
f 95/1/19 96/2/19 97/2/19
f 98/1/20 96/2/20 94/1/20
f 96/2/20 98/1/20 99/2/20
f 102/16/21 101/15/21 100/14/21
f 101/15/21 102/16/21 103/17/21
f 103/17/21 102/16/21 104/18/21
f 104/18/21 102/16/21 105/19/21
f 105/19/21 102/16/21 106/20/21
f 106/20/21 102/16/21 107/21/21
f 110/15/22 109/16/22 108/14/22
f 109/16/22 110/15/22 111/17/22
f 109/16/22 111/17/22 112/18/22
f 109/16/22 112/18/22 113/19/22
f 109/16/22 113/19/22 114/20/22
f 109/16/22 114/20/22 115/21/22
f 115/21/23 102/16/23 109/16/23
f 102/16/23 115/21/23 107/21/23
f 100/14/24 110/15/24 108/14/24
f 110/15/24 100/14/24 101/15/24
f 114/20/25 116/22/25 115/21/25
f 115/21/25 116/22/25 107/21/25
f 117/22/25 107/21/25 116/22/25
f 117/22/25 106/20/25 107/21/25
f 105/19/25 114/20/25 106/20/25
f 117/22/25 105/19/25 106/20/25
f 114/20/25 105/19/25 113/19/25
f 113/19/25 116/22/25 114/20/25
f 117/22/25 104/18/25 105/19/25
f 112/18/25 116/22/25 113/19/25
f 103/17/25 112/18/25 104/18/25
f 117/22/25 103/17/25 104/18/25
f 112/18/25 103/17/25 111/17/25
f 111/17/25 116/22/25 112/18/25
f 117/22/25 101/15/25 103/17/25
f 101/15/25 117/22/25 118/23/25
f 110/15/25 116/22/25 111/17/25
f 118/23/25 110/15/25 101/15/25
f 110/15/25 119/23/25 116/22/25
f 119/23/25 110/15/25 118/23/25
f 122/24/26 121/24/26 120/24/26
f 121/24/26 122/24/26 123/24/26
f 126/24/26 125/24/26 124/24/26
f 125/24/26 126/24/26 127/24/26
f 130/24/26 129/24/26 128/24/26
f 129/24/26 130/24/26 131/24/26
f 134/24/26 133/24/26 132/24/26
f 133/24/26 134/24/26 135/24/26
f 137/24/26 136/24/26 126/24/26
f 136/24/26 137/24/26 138/24/26
f 141/24/26 140/24/26 139/24/26
f 140/24/26 141/24/26 142/24/26
f 145/1/27 144/2/27 143/1/27
f 144/2/27 145/1/27 146/2/27
f 149/2/28 148/26/28 147/25/28
f 149/2/28 147/25/28 150/27/28
f 151/1/28 148/26/28 149/2/28
f 148/26/28 151/1/28 152/28/28
f 152/28/28 151/1/28 153/28/28
f 143/1/28 153/28/28 151/1/28
f 153/28/28 143/1/28 154/26/28
f 149/2/28 150/27/28 144/2/28
f 154/26/28 143/1/28 144/2/28
f 155/27/28 144/2/28 150/27/28
f 154/26/28 144/2/28 156/25/28
f 156/25/28 144/2/28 155/27/28
f 174/3/30 173/3/30 172/2/30
f 171/2/30 172/2/30 173/3/30
f 170/1/31 169/2/31 167/1/31
f 165/2/31 167/1/31 169/2/31
f 168/1/30 167/1/30 166/25/30
f 165/2/30 166/25/30 167/1/30
f 164/27/30 166/25/30 165/2/30
f 158/2/30 164/27/30 165/2/30
f 164/27/30 158/2/30 163/27/30
f 163/27/30 158/2/30 162/25/30
f 162/25/30 158/2/30 161/1/30
f 157/1/30 161/1/30 158/2/30
f 160/2/29 159/1/29 158/2/29
f 157/1/29 158/2/29 159/1/29
f 193/29/28 201/31/28 195/29/28
f 195/29/28 201/31/28 198/29/28
f 195/29/28 198/29/28 191/30/28
f 201/31/28 193/29/28 204/31/28
f 193/29/28 189/30/28 204/31/28
f 198/29/28 197/30/28 191/30/28
f 189/30/28 191/30/28 197/30/28
f 203/3/28 204/31/28 189/30/28
f 189/30/28 197/30/28 203/3/28
f 197/30/28 186/30/28 203/3/28
f 203/3/28 186/30/28 202/3/28
f 201/31/28 202/3/28 186/30/28
f 198/29/28 201/31/28 185/29/28
f 185/29/28 201/31/28 186/30/28
f 195/29/32 196/29/32 193/29/35
f 194/29/35 193/29/35 196/29/32
f 185/29/32 187/29/32 198/29/35
f 200/29/35 198/29/35 187/29/32
f 188/30/33 186/30/33 199/30/36
f 197/30/36 199/30/36 186/30/33
f 198/29/33 199/30/32 200/29/33
f 199/30/32 198/29/33 197/30/32
f 200/29/35 199/30/36 198/29/35
f 197/30/36 198/29/35 199/30/36
f 192/30/33 196/29/32 191/30/33
f 195/29/32 191/30/33 196/29/32
f 194/29/35 190/30/34 193/29/35
f 189/30/34 193/29/35 190/30/34
f 192/30/33 191/30/33 190/30/26
f 189/30/26 190/30/26 191/30/33
f 188/30/33 187/29/32 186/30/33
f 185/29/32 186/30/33 187/29/32
f 184/1/28 183/1/28 182/25/28
f 181/2/28 182/25/28 183/1/28
f 180/27/28 182/25/28 181/2/28
f 177/2/28 180/27/28 181/2/28
f 180/27/28 177/2/28 179/27/28
f 179/27/28 177/2/28 178/25/28
f 178/25/28 177/2/28 176/1/28
f 175/1/28 176/1/28 177/2/28
f 217/27/28 206/2/28 218/25/28
f 218/25/28 206/2/28 216/26/28
f 212/27/28 206/2/28 217/27/28
f 206/2/28 205/1/28 216/26/28
f 206/2/28 212/27/28 211/2/28
f 216/26/28 205/1/28 215/28/28
f 213/1/28 215/28/28 205/1/28
f 215/28/28 213/1/28 214/28/28
f 214/28/28 213/1/28 210/26/28
f 211/2/28 210/26/28 213/1/28
f 212/27/28 209/25/28 211/2/28
f 209/25/28 210/26/28 211/2/28
f 208/2/34 207/1/34 206/2/34
f 205/1/34 206/2/34 207/1/34
f 1/33/26 223/33/26 2/33/26
f 224/33/26 2/33/26 223/33/26
f 224/33/1 223/33/1 219/32/1
f 220/32/1 219/32/1 223/33/1
f 222/32/37 221/32/37 220/32/37
f 219/32/37 220/32/37 221/32/37
f 5/33/26 9/33/26 232/33/26
f 232/33/26 230/33/26 5/33/26
f 230/33/26 227/33/26 5/33/26
f 5/33/26 227/33/26 6/33/26
f 228/33/26 6/33/26 227/33/26
f 229/32/37 231/32/37 225/32/37
f 225/32/37 231/32/37 226/32/37
f 233/32/37 226/32/37 231/32/37
f 227/33/38 230/33/39 225/32/38
f 229/32/39 225/32/38 230/33/39
f 232/33/3 231/32/3 230/33/39
f 229/32/39 230/33/39 231/32/3
f 228/33/2 227/33/38 226/32/2
f 225/32/38 226/32/2 227/33/38
f 15/39/40 14/37/40 30/38/40
f 30/38/40 14/37/40 27/36/40
f 14/37/40 12/34/40 27/36/40
f 27/36/40 12/34/40 28/36/40
f 28/36/40 12/34/40 29/35/40
f 18/34/40 29/35/40 12/34/40
f 35/34/40 50/35/40 41/34/40
f 50/35/40 35/34/40 49/36/40
f 49/36/40 35/34/40 48/36/40
f 48/36/40 35/34/40 37/37/40
f 48/36/40 37/37/40 51/38/40
f 51/38/40 37/37/40 38/39/40
f 56/34/40 71/35/40 62/34/40
f 71/35/40 56/34/40 70/36/40
f 70/36/40 56/34/40 69/36/40
f 69/36/40 56/34/40 58/37/40
f 69/36/40 58/37/40 72/38/40
f 72/38/40 58/37/40 59/39/40
f 244/33/26 245/33/26 241/33/26
f 241/33/26 239/33/26 244/33/26
f 239/33/26 236/33/26 244/33/26
f 244/33/26 236/33/26 243/33/26
f 237/33/26 243/33/26 236/33/26
f 238/32/37 240/32/37 234/32/37
f 234/32/37 240/32/37 235/32/37
f 242/32/37 235/32/37 240/32/37
f 236/33/41 239/33/43 234/32/41
f 238/32/43 234/32/41 239/33/43
f 241/33/44 240/32/44 239/33/43
f 238/32/43 239/33/43 240/32/44
f 237/33/42 236/33/41 235/32/42
f 234/32/41 235/32/42 236/33/41
f 77/34/40 92/35/40 83/34/40
f 92/35/40 77/34/40 91/36/40
f 91/36/40 77/34/40 90/36/40
f 90/36/40 77/34/40 79/37/40
f 90/36/40 79/37/40 93/38/40
f 93/38/40 79/37/40 80/39/40
f 256/33/26 257/33/26 253/33/26
f 253/33/26 251/33/26 256/33/26
f 251/33/26 248/33/26 256/33/26
f 248/33/26 249/33/26 256/33/26
f 255/33/26 256/33/26 249/33/26
f 250/32/37 252/32/37 246/32/37
f 246/32/37 252/32/37 247/32/37
f 254/32/37 247/32/37 252/32/37
f 248/33/45 251/33/47 246/32/45
f 250/32/47 246/32/45 251/33/47
f 253/33/48 252/32/48 251/33/47
f 250/32/47 251/33/47 252/32/48
f 249/33/46 248/33/45 247/32/46
f 246/32/45 247/32/46 248/33/45
f 260/32/37 259/32/37 258/32/37
f 259/32/37 260/32/37 261/32/37
f 264/33/49 263/32/19 262/32/49
f 263/32/19 264/33/49 265/33/19
f 268/32/20 267/33/50 266/32/50
f 267/33/50 268/32/20 269/33/20
f 267/33/50 262/32/49 266/32/50
f 262/32/49 267/33/50 264/33/49
f 268/32/37 263/32/37 270/32/37
f 263/32/37 268/32/37 262/32/37
f 262/32/37 268/32/37 266/32/37
f 264/33/26 95/33/26 265/33/26
f 95/33/26 264/33/26 94/33/26
f 94/33/26 264/33/26 98/33/26
f 98/33/26 264/33/26 269/33/26
f 269/33/26 264/33/26 267/33/26
f 273/32/37 272/32/37 271/32/37
f 272/32/37 273/32/37 274/32/37
f 279/33/26 280/33/26 282/33/26
f 281/33/26 282/33/26 280/33/26
f 280/33/51 279/33/51 276/32/51
f 278/32/51 276/32/51 279/33/51
f 278/32/37 277/32/37 276/32/37
f 275/32/37 276/32/37 277/32/37
f 285/33/49 284/32/19 283/32/49
f 284/32/19 285/33/49 286/33/19
f 289/32/20 288/33/50 287/32/50
f 288/33/50 289/32/20 290/33/20
f 288/33/50 283/32/49 287/32/50
f 283/32/49 288/33/50 285/33/49
f 289/32/37 284/32/37 291/32/37
f 284/32/37 289/32/37 283/32/37
f 283/32/37 289/32/37 287/32/37
f 285/33/26 292/33/26 286/33/26
f 292/33/26 285/33/26 293/33/26
f 293/33/26 285/33/26 294/33/26
f 294/33/26 285/33/26 290/33/26
f 290/33/26 285/33/26 288/33/26
f 297/32/53 296/40/52 295/32/52
f 296/40/52 297/32/53 298/40/53
f 295/32/52 300/40/54 299/32/54
f 300/40/54 295/32/52 296/40/52
f 298/40/53 302/32/55 301/40/55
f 302/32/55 298/40/53 297/32/53
f 303/43/22 116/42/22 119/41/22
f 116/42/22 303/43/22 304/44/22
f 117/42/21 305/43/21 118/41/21
f 305/43/21 117/42/21 306/44/21
f 309/43/56 308/42/57 307/41/56
f 308/42/57 309/43/56 310/44/57
f 310/44/57 311/45/58 308/42/57
f 311/45/58 310/44/57 312/36/58
f 314/47/59 307/41/56 313/46/59
f 307/41/56 314/47/59 309/43/56
f 306/44/23 116/42/23 304/44/23
f 116/42/23 306/44/23 117/42/23
f 314/47/59 316/46/60 315/47/60
f 316/46/60 314/47/59 313/46/59
f 311/45/58 318/36/61 317/45/61
f 318/36/61 311/45/58 312/36/58
f 317/45/61 320/44/62 319/42/62
f 320/44/62 317/45/61 318/36/61
f 321/41/63 315/47/60 316/46/60
f 315/47/60 321/41/63 322/43/63
f 322/43/25 314/47/25 315/47/25
f 314/47/25 322/43/25 303/43/25
f 314/47/25 303/43/25 309/43/25
f 305/43/25 309/43/25 303/43/25
f 303/43/25 322/43/25 304/44/25
f 304/44/25 322/43/25 320/44/25
f 309/43/25 305/43/25 310/44/25
f 304/44/25 320/44/25 318/36/25
f 310/44/25 318/36/25 312/36/25
f 310/44/25 305/43/25 306/44/25
f 304/44/25 318/36/25 306/44/25
f 306/44/25 318/36/25 310/44/25
f 319/42/62 322/43/63 321/41/63
f 322/43/63 319/42/62 320/44/62
f 299/32/54 324/40/64 323/32/64
f 324/40/64 299/32/54 300/40/54
f 300/40/26 325/40/26 324/40/26
f 296/40/26 325/40/26 300/40/26
f 326/40/26 325/40/26 296/40/26
f 298/40/26 326/40/26 296/40/26
f 327/40/26 325/40/26 326/40/26
f 328/40/26 325/40/26 327/40/26
f 328/40/26 329/40/26 325/40/26
f 329/40/26 328/40/26 330/40/26
f 298/40/26 330/40/26 326/40/26
f 298/40/26 329/40/26 330/40/26
f 298/40/26 331/40/26 329/40/26
f 331/40/26 298/40/26 301/40/26
f 325/40/65 333/32/66 332/32/65
f 333/32/66 325/40/65 329/40/66
f 331/40/67 333/32/66 329/40/66
f 333/32/66 331/40/67 334/32/67
f 119/41/24 305/43/24 303/43/24
f 305/43/24 119/41/24 118/41/24
f 323/32/64 325/40/65 332/32/65
f 325/40/65 323/32/64 324/40/64
f 301/40/55 334/32/67 331/40/67
f 334/32/67 301/40/55 302/32/55
f 337/48/12 336/49/12 335/48/12
f 336/49/12 337/48/12 338/49/12
f 336/49/2 339/48/2 335/48/2
f 339/48/2 336/49/2 340/49/2
f 342/36/3 122/48/3 341/36/3
f 122/48/3 342/36/3 123/48/3
f 345/36/68 344/49/2 343/49/68
f 344/49/2 345/36/68 346/36/2
f 347/49/37 336/49/37 338/49/37
f 336/49/37 347/49/37 343/49/37
f 343/49/37 347/49/37 348/49/37
f 344/49/37 336/49/37 343/49/37
f 336/49/37 344/49/37 340/49/37
f 345/36/26 349/36/26 346/36/26
f 349/36/26 345/36/26 341/36/26
f 341/36/26 345/36/26 342/36/26
f 342/36/26 345/36/26 350/36/26
f 350/36/26 345/36/26 351/36/26
f 347/49/12 351/36/69 348/49/69
f 351/36/69 347/49/12 350/36/12
f 348/49/69 345/36/68 343/49/68
f 345/36/68 348/49/69 351/36/69
f 349/36/9 122/48/9 120/48/9
f 122/48/9 349/36/9 341/36/9
f 354/49/37 353/49/37 352/49/37
f 353/49/37 354/49/37 355/49/37
f 357/48/12 353/49/12 356/48/12
f 353/49/12 357/48/12 352/49/12
f 359/36/3 127/48/3 358/36/3
f 127/48/3 359/36/3 125/48/3
f 358/36/26 360/36/26 359/36/26
f 360/36/26 358/36/26 361/36/26
f 354/49/12 361/36/12 355/49/12
f 361/36/12 354/49/12 360/36/12
f 364/48/70 363/49/70 362/48/70
f 363/49/70 364/48/70 365/49/70
f 363/49/71 366/48/71 362/48/71
f 366/48/71 363/49/71 367/49/71
f 369/36/72 130/48/72 368/36/72
f 130/48/72 369/36/72 131/48/72
f 372/36/49 371/49/71 370/49/49
f 371/49/71 372/36/49 373/36/71
f 374/49/37 363/49/37 365/49/37
f 363/49/37 374/49/37 370/49/37
f 370/49/37 374/49/37 375/49/37
f 371/49/37 363/49/37 370/49/37
f 363/49/37 371/49/37 367/49/37
f 372/36/26 376/36/26 373/36/26
f 376/36/26 372/36/26 368/36/26
f 368/36/26 372/36/26 369/36/26
f 369/36/26 372/36/26 377/36/26
f 377/36/26 372/36/26 378/36/26
f 374/49/70 378/36/50 375/49/50
f 378/36/50 374/49/70 377/36/70
f 375/49/50 372/36/49 370/49/49
f 372/36/49 375/49/50 378/36/50
f 376/36/73 130/48/73 128/48/73
f 130/48/73 376/36/73 368/36/73
f 381/48/27 380/49/27 379/48/27
f 380/49/27 381/48/27 382/49/27
f 380/49/28 383/48/28 379/48/28
f 383/48/28 380/49/28 384/49/28
f 386/36/34 134/48/34 385/36/34
f 134/48/34 386/36/34 135/48/34
f 389/36/74 388/49/28 387/49/74
f 388/49/28 389/36/74 390/36/28
f 391/49/37 380/49/37 382/49/37
f 380/49/37 391/49/37 387/49/37
f 387/49/37 391/49/37 392/49/37
f 388/49/37 380/49/37 387/49/37
f 380/49/37 388/49/37 384/49/37
f 389/36/26 393/36/26 390/36/26
f 393/36/26 389/36/26 385/36/26
f 385/36/26 389/36/26 386/36/26
f 386/36/26 389/36/26 394/36/26
f 394/36/26 389/36/26 395/36/26
f 391/49/27 395/36/75 392/49/75
f 395/36/75 391/49/27 394/36/27
f 392/49/75 389/36/74 387/49/74
f 389/36/74 392/49/75 395/36/75
f 393/36/76 134/48/76 132/48/76
f 134/48/76 393/36/76 385/36/76
f 398/49/37 397/49/37 396/49/37
f 397/49/37 398/49/37 399/49/37
f 401/48/77 397/49/77 400/48/77
f 397/49/77 401/48/77 396/49/77
f 403/36/78 138/48/78 402/36/78
f 138/48/78 403/36/78 136/48/78
f 402/36/26 404/36/26 403/36/26
f 404/36/26 402/36/26 405/36/26
f 398/49/77 405/36/77 399/49/77
f 405/36/77 398/49/77 404/36/77
f 412/50/84 426/48/84 410/50/78
f 429/48/78 410/50/78 426/48/84
f 433/36/96 425/36/92 419/51/22
f 409/51/81 419/51/22 425/36/92
f 414/48/81 407/50/81 437/48/77
f 406/50/77 437/48/77 407/50/81
f 413/51/84 411/51/78 434/36/97
f 435/36/98 434/36/97 411/51/78
f 418/50/85 420/50/21 436/48/85
f 428/48/21 436/48/85 420/50/21
f 437/48/77 406/50/77 436/48/85
f 418/50/85 436/48/85 406/50/77
f 435/36/26 430/36/26 434/36/26
f 434/36/26 430/36/26 433/36/26
f 430/36/26 431/36/26 433/36/26
f 433/36/26 431/36/26 425/36/26
f 431/36/26 432/36/26 425/36/26
f 424/36/26 425/36/26 432/36/26
f 435/36/98 411/51/78 430/36/93
f 423/51/90 430/36/93 411/51/78
f 434/36/97 433/36/96 413/51/84
f 419/51/22 413/51/84 433/36/96
f 410/50/82 422/50/89 411/51/78
f 423/51/90 411/51/78 422/50/89
f 432/36/95 431/36/94 417/51/85
f 421/51/21 417/51/85 431/36/94
f 424/36/91 432/36/95 408/51/77
f 417/51/85 408/51/77 432/36/95
f 431/36/94 430/36/93 421/51/21
f 423/51/90 421/51/21 430/36/93
f 419/51/22 409/51/81 416/50/87
f 407/50/80 416/50/87 409/51/81
f 410/50/78 429/48/78 422/50/90
f 427/48/90 422/50/90 429/48/78
f 420/50/21 422/50/90 428/48/21
f 427/48/90 428/48/21 422/50/90
f 412/50/84 416/50/22 426/48/84
f 415/48/22 426/48/84 416/50/22
f 409/51/81 425/36/92 408/51/77
f 424/36/91 408/51/77 425/36/92
f 421/51/21 423/51/90 420/50/88
f 422/50/89 420/50/88 423/51/90
f 417/51/85 421/51/21 418/50/86
f 420/50/88 418/50/86 421/51/21
f 413/51/84 419/51/22 412/50/83
f 416/50/87 412/50/83 419/51/22
f 406/50/79 408/51/77 418/50/86
f 417/51/85 418/50/86 408/51/77
f 416/50/22 407/50/81 415/48/22
f 414/48/81 415/48/22 407/50/81
f 413/51/84 412/50/83 411/51/78
f 410/50/82 411/51/78 412/50/83
f 409/51/81 408/51/77 407/50/80
f 406/50/79 407/50/80 408/51/77
f 440/48/77 439/49/77 438/48/77
f 439/49/77 440/48/77 441/49/77
f 439/49/21 442/48/21 438/48/21
f 442/48/21 439/49/21 443/49/21
f 445/36/78 141/48/78 444/36/78
f 141/48/78 445/36/78 142/48/78
f 448/36/65 447/49/21 446/49/65
f 447/49/21 448/36/65 449/36/21
f 450/49/37 439/49/37 441/49/37
f 439/49/37 450/49/37 446/49/37
f 446/49/37 450/49/37 451/49/37
f 447/49/37 439/49/37 446/49/37
f 439/49/37 447/49/37 443/49/37
f 448/36/26 452/36/26 449/36/26
f 452/36/26 448/36/26 444/36/26
f 444/36/26 448/36/26 445/36/26
f 445/36/26 448/36/26 453/36/26
f 453/36/26 448/36/26 454/36/26
f 450/49/77 454/36/64 451/49/64
f 454/36/64 450/49/77 453/36/77
f 451/49/64 448/36/65 446/49/65
f 448/36/65 451/49/64 454/36/64
f 452/36/22 141/48/22 139/48/22
f 141/48/22 452/36/22 444/36/22
f 457/51/34 456/50/100 455/50/99
f 456/50/100 457/51/34 458/51/101
f 461/50/103 460/51/27 459/50/102
f 460/51/27 461/50/103 462/51/104
f 456/50/101 464/48/76 463/48/101
f 464/48/76 456/50/101 465/50/76
f 457/51/34 467/50/106 466/51/105
f 467/50/106 457/51/34 455/50/99
f 468/51/76 461/50/103 465/50/107
f 461/50/103 468/51/76 462/51/104
f 470/51/28 467/50/106 469/50/108
f 467/50/106 470/51/28 466/51/105
f 472/51/110 469/50/108 471/50/109
f 469/50/108 472/51/110 470/51/28
f 474/36/112 457/51/34 473/36/111
f 457/51/34 474/36/112 458/51/101
f 465/50/76 475/48/104 464/48/76
f 475/48/104 465/50/76 461/50/104
f 471/50/110 477/48/28 476/48/110
f 477/48/28 471/50/110 469/50/28
f 478/48/27 471/50/110 476/48/110
f 471/50/110 478/48/27 459/50/27
f 458/51/101 465/50/107 456/50/100
f 465/50/107 458/51/101 468/51/76
f 479/36/113 470/51/28 472/51/110
f 470/51/28 479/36/113 480/36/114
f 481/36/115 457/51/34 466/51/105
f 457/51/34 481/36/115 473/36/111
f 480/36/114 466/51/105 470/51/28
f 466/51/105 480/36/114 481/36/115
f 471/50/109 460/51/27 472/51/110
f 460/51/27 471/50/109 459/50/102
f 482/36/116 462/51/104 468/51/76
f 462/51/104 482/36/116 483/36/117
f 460/51/27 479/36/113 472/51/110
f 479/36/113 460/51/27 484/36/118
f 481/36/26 474/36/26 473/36/26
f 474/36/26 481/36/26 480/36/26
f 474/36/26 480/36/26 482/36/26
f 482/36/26 480/36/26 479/36/26
f 482/36/26 479/36/26 483/36/26
f 483/36/26 479/36/26 484/36/26
f 455/50/34 485/48/105 467/50/105
f 485/48/105 455/50/34 486/48/34
f 469/50/28 485/48/105 477/48/28
f 485/48/105 469/50/28 467/50/105
f 460/51/27 483/36/117 484/36/118
f 483/36/117 460/51/27 462/51/104
f 456/50/101 486/48/34 455/50/34
f 486/48/34 456/50/101 463/48/101
f 474/36/112 468/51/76 458/51/101
f 468/51/76 474/36/112 482/36/116
f 475/48/104 459/50/27 478/48/27
f 459/50/27 475/48/104 461/50/104
f 489/32/28 488/36/28 487/36/28
f 488/36/28 489/32/28 490/32/28
f 493/32/34 492/36/34 491/32/34
f 492/36/34 493/32/34 494/36/34
f 496/32/28 492/36/28 495/36/28
f 492/36/28 496/32/28 491/32/28
f 497/32/28 502/32/28 498/36/28
f 501/36/28 498/36/28 502/32/28
f 500/36/27 499/32/27 498/36/27
f 497/32/27 498/36/27 499/32/27
f 503/32/120 508/32/120 504/36/120
f 507/36/120 504/36/120 508/32/120
f 506/36/119 505/32/119 504/36/119
f 503/32/119 504/36/119 505/32/119
f 511/52/121 510/49/28 509/49/121
f 510/49/28 511/52/121 512/52/28
f 515/52/122 514/49/34 513/52/34
f 514/49/34 515/52/122 516/49/122
f 512/52/28 517/49/123 510/49/28
f 517/49/123 512/52/28 518/52/123
f 513/52/34 517/49/123 518/52/123
f 517/49/123 513/52/34 514/49/34
f 515/52/122 519/49/76 516/49/122
f 519/49/76 515/52/122 520/52/76
f 520/52/76 521/49/124 519/49/76
f 521/49/124 520/52/76 522/52/124
f 521/49/124 524/52/27 523/49/27
f 524/52/27 521/49/124 522/52/124
f 523/49/27 511/52/121 509/49/121
f 511/52/121 523/49/27 524/52/27
f 516/49/37 517/49/37 514/49/37
f 517/49/37 516/49/37 519/49/37
f 517/49/37 519/49/37 510/49/37
f 510/49/37 519/49/37 521/49/37
f 510/49/37 521/49/37 509/49/37
f 509/49/37 521/49/37 523/49/37
f 527/52/37 526/52/37 525/52/37
f 526/52/37 527/52/37 528/52/37
f 531/49/125 530/49/26 529/49/26
f 530/49/26 531/49/125 532/49/125
f 530/49/76 527/52/76 525/52/76
f 527/52/76 530/49/76 533/53/76
f 533/53/76 530/49/76 532/49/76
f 530/49/34 526/52/34 529/49/34
f 526/52/34 530/49/34 525/52/34
f 534/53/28 526/52/28 528/52/28
f 526/52/28 534/53/28 529/49/28
f 529/49/28 534/53/28 531/49/28
f 527/52/27 534/53/126 528/52/27
f 534/53/126 527/52/27 533/53/126
f 533/53/126 531/49/125 534/53/126
f 531/49/125 533/53/126 532/49/125
f 537/52/27 536/49/110 535/52/110
f 536/49/110 537/52/27 538/49/27
f 536/49/110 539/52/28 535/52/110
f 539/52/28 536/49/110 540/49/28
f 543/49/101 542/52/34 541/49/34
f 542/52/34 543/49/101 544/52/101
f 541/49/34 546/52/105 545/49/105
f 546/52/105 541/49/34 542/52/34
f 547/52/104 538/49/27 537/52/27
f 538/49/27 547/52/104 548/49/104
f 550/49/76 547/52/104 549/52/76
f 547/52/104 550/49/76 548/49/104
f 540/49/28 546/52/105 539/52/28
f 546/52/105 540/49/28 545/49/105
f 543/49/101 549/52/76 544/52/101
f 549/52/76 543/49/101 550/49/76
f 545/49/26 543/49/26 541/49/26
f 543/49/26 545/49/26 540/49/26
f 543/49/26 540/49/26 550/49/26
f 550/49/26 540/49/26 536/49/26
f 550/49/26 536/49/26 548/49/26
f 548/49/26 536/49/26 538/49/26
f 544/52/37 546/52/37 542/52/37
f 546/52/37 544/52/37 549/52/37
f 546/52/37 549/52/37 539/52/37
f 539/52/37 549/52/37 547/52/37
f 539/52/37 547/52/37 535/52/37
f 535/52/37 547/52/37 537/52/37
f 553/52/27 552/49/110 551/52/110
f 552/49/110 553/52/27 554/49/27
f 552/49/110 555/52/28 551/52/110
f 555/52/28 552/49/110 556/49/28
f 559/49/101 558/52/34 557/49/34
f 558/52/34 559/49/101 560/52/101
f 557/49/34 562/52/105 561/49/105
f 562/52/105 557/49/34 558/52/34
f 563/52/104 554/49/27 553/52/27
f 554/49/27 563/52/104 564/49/104
f 566/49/76 563/52/104 565/52/76
f 563/52/104 566/49/76 564/49/104
f 556/49/28 562/52/105 555/52/28
f 562/52/105 556/49/28 561/49/105
f 559/49/101 565/52/76 560/52/101
f 565/52/76 559/49/101 566/49/76
f 561/49/26 559/49/26 557/49/26
f 559/49/26 561/49/26 556/49/26
f 559/49/26 556/49/26 566/49/26
f 566/49/26 556/49/26 552/49/26
f 566/49/26 552/49/26 564/49/26
f 564/49/26 552/49/26 554/49/26
f 560/52/37 562/52/37 558/52/37
f 562/52/37 560/52/37 565/52/37
f 562/52/37 565/52/37 555/52/37
f 555/52/37 565/52/37 563/52/37
f 555/52/37 563/52/37 551/52/37
f 551/52/37 563/52/37 553/52/37
f 569/52/27 568/49/110 567/52/110
f 568/49/110 569/52/27 570/49/27
f 568/49/110 571/52/28 567/52/110
f 571/52/28 568/49/110 572/49/28
f 575/49/101 574/52/34 573/49/34
f 574/52/34 575/49/101 576/52/101
f 573/49/34 578/52/105 577/49/105
f 578/52/105 573/49/34 574/52/34
f 579/52/104 570/49/27 569/52/27
f 570/49/27 579/52/104 580/49/104
f 582/49/76 579/52/104 581/52/76
f 579/52/104 582/49/76 580/49/104
f 572/49/28 578/52/105 571/52/28
f 578/52/105 572/49/28 577/49/105
f 575/49/101 581/52/76 576/52/101
f 581/52/76 575/49/101 582/49/76
f 577/49/26 575/49/26 573/49/26
f 575/49/26 577/49/26 572/49/26
f 575/49/26 572/49/26 582/49/26
f 582/49/26 572/49/26 568/49/26
f 582/49/26 568/49/26 580/49/26
f 580/49/26 568/49/26 570/49/26
f 576/52/37 578/52/37 574/52/37
f 578/52/37 576/52/37 581/52/37
f 578/52/37 581/52/37 571/52/37
f 571/52/37 581/52/37 579/52/37
f 571/52/37 579/52/37 567/52/37
f 567/52/37 579/52/37 569/52/37
f 585/54/35 584/54/32 583/54/32
f 584/54/32 585/54/35 586/54/35
f 588/55/33 584/54/32 587/55/33
f 584/54/32 588/55/33 583/54/32
f 589/55/36 588/55/33 587/55/33
f 588/55/33 589/55/36 590/55/36
f 585/54/35 589/55/36 586/54/35
f 589/55/36 585/54/35 590/55/36
f 153/52/128 591/52/127 152/52/127
f 591/52/127 153/52/128 592/52/128
f 154/56/129 594/57/130 593/56/129
f 594/57/130 154/56/129 156/57/130
f 147/57/131 596/56/132 595/57/131
f 596/56/132 147/57/131 148/56/132
f 598/49/134 150/49/133 597/49/133
f 150/49/133 598/49/134 155/49/134
f 148/56/132 591/52/127 596/56/132
f 591/52/127 148/56/132 152/52/127
f 153/52/128 593/56/129 592/52/128
f 593/56/129 153/52/128 154/56/129
f 150/49/133 595/57/131 597/49/133
f 595/57/131 150/49/133 147/57/131
f 156/57/130 598/49/134 594/57/130
f 598/49/134 156/57/130 155/49/134
f 593/56/28 591/52/28 592/52/28
f 591/52/28 593/56/28 596/56/28
f 596/56/28 593/56/28 589/55/28
f 589/55/28 593/56/28 594/57/28
f 587/55/28 596/56/28 589/55/28
f 589/55/28 594/57/28 586/54/28
f 596/56/28 587/55/28 595/57/28
f 586/54/28 594/57/28 584/54/28
f 595/57/28 587/55/28 584/54/28
f 595/57/28 584/54/28 594/57/28
f 595/57/28 594/57/28 598/49/28
f 595/57/28 598/49/28 597/49/28
f 601/32/37 600/32/37 599/32/37
f 600/32/37 601/32/37 602/32/37
f 600/32/37 602/32/37 603/32/37
f 602/32/27 604/33/75 603/32/75
f 604/33/75 602/32/27 605/33/27
f 607/33/26 151/33/26 606/33/26
f 151/33/26 607/33/26 143/33/26
f 143/33/26 607/33/26 604/33/26
f 143/33/26 604/33/26 145/33/26
f 145/33/26 604/33/26 605/33/26
f 607/33/74 599/32/28 600/32/74
f 599/32/28 607/33/74 606/33/28
f 603/32/75 607/33/74 600/32/74
f 607/33/74 603/32/75 604/33/75
f 610/58/33 609/59/32 608/58/33
f 609/59/32 610/58/33 611/59/32
f 612/59/35 609/59/32 611/59/32
f 609/59/32 612/59/35 613/59/37
f 613/59/37 612/59/35 614/59/37
f 614/59/37 612/59/35 615/59/35
f 612/59/35 616/58/36 615/59/35
f 616/58/36 612/59/35 617/58/36
f 618/58/26 610/58/33 608/58/33
f 610/58/33 618/58/26 617/58/36
f 617/58/36 618/58/26 619/58/26
f 617/58/36 619/58/26 616/58/36
f 616/58/28 620/60/28 615/59/28
f 615/59/28 620/60/28 614/59/28
f 616/58/28 621/32/28 620/60/28
f 621/32/28 616/58/28 622/32/28
f 608/58/28 622/32/28 616/58/28
f 608/58/28 616/58/28 619/58/28
f 622/32/28 608/58/28 623/60/28
f 608/58/28 619/58/28 618/58/28
f 614/59/28 618/58/28 619/58/28
f 623/60/28 608/58/28 609/59/28
f 623/60/28 609/59/28 620/60/28
f 618/58/28 614/59/28 613/59/28
f 614/59/28 620/60/28 613/59/28
f 613/59/28 620/60/28 609/59/28
f 626/54/136 625/54/135 624/54/135
f 625/54/135 626/54/136 627/54/136
f 629/55/137 625/54/135 628/55/137
f 625/54/135 629/55/137 624/54/135
f 628/55/137 630/55/138 629/55/137
f 630/55/138 628/55/137 631/55/138
f 626/54/136 631/55/138 627/54/136
f 631/55/138 626/54/136 630/55/138
f 634/52/140 633/52/139 632/52/139
f 633/52/139 634/52/140 635/52/140
f 638/56/141 637/57/142 636/56/141
f 637/57/142 638/56/141 639/57/142
f 642/57/143 641/56/144 640/57/143
f 641/56/144 642/57/143 643/56/144
f 646/49/145 645/49/146 644/49/145
f 645/49/146 646/49/145 647/49/146
f 641/56/144 632/52/139 633/52/139
f 632/52/139 641/56/144 643/56/144
f 634/52/140 636/56/141 635/52/140
f 636/56/141 634/52/140 638/56/141
f 644/49/145 640/57/143 646/49/145
f 640/57/143 644/49/145 642/57/143
f 639/57/142 647/49/146 637/57/142
f 647/49/146 639/57/142 645/49/146
f 636/56/147 633/52/147 635/52/147
f 633/52/147 636/56/147 641/56/147
f 641/56/147 636/56/147 631/55/147
f 631/55/147 636/56/147 637/57/147
f 628/55/147 641/56/147 631/55/147
f 631/55/147 637/57/147 627/54/147
f 641/56/147 628/55/147 640/57/147
f 627/54/147 637/57/147 625/54/147
f 640/57/147 628/55/147 625/54/147
f 640/57/147 625/54/147 637/57/147
f 640/57/147 637/57/147 647/49/147
f 640/57/147 647/49/147 646/49/147
f 650/32/37 649/32/37 648/32/37
f 649/32/37 650/32/37 651/32/37
f 652/33/147 649/32/147 651/32/147
f 649/32/147 652/33/147 653/33/147
f 653/33/26 655/33/26 654/33/26
f 655/33/26 653/33/26 652/33/26
f 658/58/137 657/59/135 656/58/137
f 657/59/135 658/58/137 659/59/135
f 660/59/136 657/59/135 659/59/135
f 657/59/135 660/59/136 661/59/37
f 661/59/37 660/59/136 662/59/37
f 662/59/37 660/59/136 663/59/136
f 660/59/136 664/58/138 663/59/136
f 664/58/138 660/59/136 665/58/138
f 666/58/26 658/58/137 656/58/137
f 658/58/137 666/58/26 665/58/138
f 665/58/138 666/58/26 667/58/26
f 665/58/138 667/58/26 664/58/138
f 664/58/147 626/60/147 663/59/147
f 663/59/147 626/60/147 662/59/147
f 664/58/147 630/32/147 626/60/147
f 630/32/147 664/58/147 629/32/147
f 656/58/147 629/32/147 664/58/147
f 656/58/147 664/58/147 667/58/147
f 629/32/147 656/58/147 624/60/147
f 656/58/147 667/58/147 666/58/147
f 662/59/147 666/58/147 667/58/147
f 624/60/147 656/58/147 657/59/147
f 624/60/147 657/59/147 626/60/147
f 666/58/147 662/59/147 661/59/147
f 662/59/147 626/60/147 661/59/147
f 661/59/147 626/60/147 657/59/147
f 696/52/31 697/49/31 699/52/158
f 701/49/158 699/52/158 697/49/31
f 698/52/37 694/52/37 699/52/37
f 696/52/37 699/52/37 694/52/37
f 695/49/26 700/49/26 697/49/26
f 701/49/26 697/49/26 700/49/26
f 695/49/29 694/52/29 700/49/157
f 698/52/157 700/49/157 694/52/29
f 701/49/158 700/49/157 699/52/158
f 698/52/157 699/52/158 700/49/157
f 697/49/156 696/52/156 695/49/156
f 694/52/156 695/49/156 696/52/156
f 681/32/37 682/32/37 683/32/37
f 683/32/37 682/32/37 673/32/37
f 673/32/37 682/32/37 675/32/37
f 675/32/37 682/32/37 670/32/37
f 670/32/37 689/32/37 668/32/37
f 670/32/37 682/32/37 689/32/37
f 689/32/37 682/32/37 691/32/37
f 693/32/37 691/32/37 682/32/37
f 690/33/26 692/33/26 688/33/26
f 170/33/26 688/33/26 692/33/26
f 167/33/26 688/33/26 170/33/26
f 688/33/26 167/33/26 685/33/26
f 168/33/26 685/33/26 167/33/26
f 691/32/155 690/33/155 689/32/154
f 688/33/154 689/32/154 690/33/155
f 693/32/31 692/33/31 691/32/155
f 690/33/155 691/32/155 692/33/31
f 689/32/154 688/33/154 668/32/30
f 685/33/30 668/32/30 688/33/154
f 668/32/30 685/33/30 669/54/30
f 684/57/30 669/54/30 685/33/30
f 686/49/30 687/49/30 684/57/30
f 687/49/30 680/57/30 684/57/30
f 680/57/30 669/54/30 684/57/30
f 669/54/30 680/57/30 672/54/30
f 680/57/30 676/33/30 672/54/30
f 672/54/30 676/33/30 673/32/30
f 676/33/30 677/33/150 673/32/30
f 683/32/150 673/32/30 677/33/150
f 163/49/153 162/57/148 687/49/153
f 680/57/148 687/49/153 162/57/148
f 164/49/152 686/49/152 166/57/151
f 684/57/151 166/57/151 686/49/152
f 163/49/153 687/49/153 164/49/152
f 686/49/152 164/49/152 687/49/153
f 168/33/31 166/57/151 685/33/31
f 684/57/151 685/33/31 166/57/151
f 679/33/149 681/32/149 677/33/150
f 683/32/150 677/33/150 681/32/149
f 678/33/29 682/32/29 679/33/149
f 681/32/149 679/33/149 682/32/29
f 162/57/148 161/33/29 680/57/148
f 676/33/29 680/57/148 161/33/29
f 679/33/26 677/33/26 678/33/26
f 678/33/26 677/33/26 159/33/26
f 159/33/26 677/33/26 157/33/26
f 157/33/26 677/33/26 161/33/26
f 676/33/26 161/33/26 677/33/26
f 672/54/37 674/54/37 669/54/37
f 671/54/37 669/54/37 674/54/37
f 675/32/31 674/54/31 673/32/31
f 672/54/31 673/32/31 674/54/31
f 671/54/29 670/32/29 669/54/29
f 668/32/29 669/54/29 670/32/29
f 704/32/159 703/36/156 702/32/156
f 703/36/156 704/32/159 705/36/159
f 707/36/160 704/32/159 706/32/160
f 704/32/159 707/36/160 705/36/159
f 710/36/30 709/48/161 708/48/30
f 709/48/161 710/36/30 711/36/161
f 707/36/160 713/32/162 712/36/162
f 713/32/162 707/36/160 706/32/160
f 716/48/158 715/36/163 714/48/163
f 715/36/163 716/48/158 717/36/158
f 711/36/161 716/48/158 709/48/161
f 716/48/158 711/36/161 717/36/158
f 720/32/31 719/36/163 718/32/163
f 719/36/163 720/32/31 721/36/31
f 718/32/163 723/36/158 722/32/158
f 723/36/158 718/32/163 719/36/163
f 726/36/162 725/48/160 724/36/160
f 725/48/160 726/36/162 727/48/162
f 730/36/164 729/48/159 728/48/164
f 729/48/159 730/36/164 731/36/159
f 721/36/26 723/36/26 719/36/26
f 732/36/26 723/36/26 721/36/26
f 726/36/26 723/36/26 732/36/26
f 724/36/26 723/36/26 726/36/26
f 724/36/26 733/36/26 723/36/26
f 731/36/26 733/36/26 724/36/26
f 730/36/26 733/36/26 731/36/26
f 730/36/26 734/36/26 733/36/26
f 735/36/26 734/36/26 730/36/26
f 735/36/26 736/36/26 734/36/26
f 737/36/26 736/36/26 735/36/26
f 736/36/26 737/36/26 715/36/26
f 707/36/26 736/36/26 715/36/26
f 707/36/26 738/36/26 736/36/26
f 738/36/26 707/36/26 712/36/26
f 707/36/26 715/36/26 717/36/26
f 707/36/26 717/36/26 705/36/26
f 705/36/26 717/36/26 711/36/26
f 705/36/26 711/36/26 703/36/26
f 703/36/26 711/36/26 710/36/26
f 731/36/159 725/48/160 729/48/159
f 725/48/160 731/36/159 724/36/160
f 733/36/161 740/32/165 739/32/161
f 740/32/165 733/36/161 734/36/165
f 723/36/158 739/32/161 722/32/158
f 739/32/161 723/36/158 733/36/161
f 732/36/29 727/48/162 726/36/162
f 727/48/162 732/36/29 741/48/29
f 743/48/167 735/36/166 742/48/166
f 735/36/166 743/48/167 737/36/167
f 738/36/168 744/32/157 736/36/157
f 744/32/157 738/36/168 745/32/168
f 734/36/165 744/32/157 740/32/165
f 744/32/157 734/36/165 736/36/157
f 712/36/162 745/32/168 738/36/168
f 745/32/168 712/36/162 713/32/162
f 714/48/163 737/36/167 743/48/167
f 737/36/167 714/48/163 715/36/163
f 706/32/37 745/32/37 713/32/37
f 745/32/37 706/32/37 744/32/37
f 744/32/37 706/32/37 704/32/37
f 744/32/37 704/32/37 740/32/37
f 740/32/37 704/32/37 702/32/37
f 740/32/37 702/32/37 746/32/37
f 740/32/37 746/32/37 747/32/37
f 740/32/37 747/32/37 739/32/37
f 739/32/37 747/32/37 720/32/37
f 739/32/37 720/32/37 722/32/37
f 722/32/37 720/32/37 718/32/37
f 735/36/166 728/48/164 742/48/166
f 728/48/164 735/36/166 730/36/164
f 750/52/169 749/49/2 748/49/169
f 749/49/2 750/52/169 751/52/2
f 754/52/170 753/49/3 752/52/3
f 753/49/3 754/52/170 755/49/170
f 751/52/2 756/49/171 749/49/2
f 756/49/171 751/52/2 757/52/171
f 752/52/3 756/49/171 757/52/171
f 756/49/171 752/52/3 753/49/3
f 754/52/170 758/49/9 755/49/170
f 758/49/9 754/52/170 759/52/9
f 759/52/9 760/49/172 758/49/9
f 760/49/172 759/52/9 761/52/172
f 760/49/172 763/52/12 762/49/12
f 763/52/12 760/49/172 761/52/172
f 762/49/12 750/52/169 748/49/169
f 750/52/169 762/49/12 763/52/12
f 755/49/37 756/49/37 753/49/37
f 756/49/37 755/49/37 758/49/37
f 756/49/37 758/49/37 749/49/37
f 749/49/37 758/49/37 760/49/37
f 749/49/37 760/49/37 748/49/37
f 748/49/37 760/49/37 762/49/37
f 766/52/37 765/52/37 764/52/37
f 765/52/37 766/52/37 767/52/37
f 770/49/173 769/49/26 768/49/26
f 769/49/26 770/49/173 771/49/173
f 769/49/9 766/52/9 764/52/9
f 766/52/9 769/49/9 772/53/9
f 772/53/9 769/49/9 771/49/9
f 769/49/3 765/52/3 768/49/3
f 765/52/3 769/49/3 764/52/3
f 773/53/2 765/52/2 767/52/2
f 765/52/2 773/53/2 768/49/2
f 768/49/2 773/53/2 770/49/2
f 766/52/12 773/53/174 767/52/12
f 773/53/174 766/52/12 772/53/174
f 772/53/174 770/49/173 773/53/174
f 770/49/173 772/53/174 771/49/173
f 776/52/176 775/49/175 774/52/175
f 775/49/175 776/52/176 777/49/176
f 775/49/175 778/52/177 774/52/175
f 778/52/177 775/49/175 779/49/177
f 782/49/179 781/52/178 780/49/178
f 781/52/178 782/49/179 783/52/179
f 780/49/178 785/52/180 784/49/180
f 785/52/180 780/49/178 781/52/178
f 786/52/181 777/49/176 776/52/176
f 777/49/176 786/52/181 787/49/181
f 789/49/182 786/52/181 788/52/182
f 786/52/181 789/49/182 787/49/181
f 779/49/177 785/52/180 778/52/177
f 785/52/180 779/49/177 784/49/180
f 782/49/179 788/52/182 783/52/179
f 788/52/182 782/49/179 789/49/182
f 784/49/26 782/49/26 780/49/26
f 782/49/26 784/49/26 779/49/26
f 782/49/26 779/49/26 789/49/26
f 789/49/26 779/49/26 775/49/26
f 789/49/26 775/49/26 787/49/26
f 787/49/26 775/49/26 777/49/26
f 783/52/37 785/52/37 781/52/37
f 785/52/37 783/52/37 788/52/37
f 785/52/37 788/52/37 778/52/37
f 778/52/37 788/52/37 786/52/37
f 778/52/37 786/52/37 774/52/37
f 774/52/37 786/52/37 776/52/37
f 792/52/176 791/49/175 790/52/175
f 791/49/175 792/52/176 793/49/176
f 791/49/175 794/52/177 790/52/175
f 794/52/177 791/49/175 795/49/177
f 798/49/179 797/52/178 796/49/178
f 797/52/178 798/49/179 799/52/179
f 796/49/178 801/52/180 800/49/180
f 801/52/180 796/49/178 797/52/178
f 802/52/181 793/49/176 792/52/176
f 793/49/176 802/52/181 803/49/181
f 805/49/182 802/52/181 804/52/182
f 802/52/181 805/49/182 803/49/181
f 795/49/177 801/52/180 794/52/177
f 801/52/180 795/49/177 800/49/180
f 798/49/179 804/52/182 799/52/179
f 804/52/182 798/49/179 805/49/182
f 800/49/26 798/49/26 796/49/26
f 798/49/26 800/49/26 795/49/26
f 798/49/26 795/49/26 805/49/26
f 805/49/26 795/49/26 791/49/26
f 805/49/26 791/49/26 803/49/26
f 803/49/26 791/49/26 793/49/26
f 799/52/37 801/52/37 797/52/37
f 801/52/37 799/52/37 804/52/37
f 801/52/37 804/52/37 794/52/37
f 794/52/37 804/52/37 802/52/37
f 794/52/37 802/52/37 790/52/37
f 790/52/37 802/52/37 792/52/37
f 836/32/32 835/32/35 834/32/35
f 835/32/35 836/32/32 837/32/32
f 839/36/36 835/32/35 838/36/36
f 835/32/35 839/36/36 834/32/35
f 836/32/32 840/36/33 837/32/32
f 840/36/33 836/32/32 841/36/33
f 840/36/33 839/36/36 838/36/36
f 839/36/36 840/36/33 841/36/33
f 840/36/28 835/32/28 837/32/28
f 835/32/28 840/36/28 838/36/28
f 828/32/32 827/32/35 826/32/35
f 827/32/35 828/32/32 829/32/32
f 831/36/36 827/32/35 830/36/36
f 827/32/35 831/36/36 826/32/35
f 828/32/32 832/36/33 829/32/32
f 832/36/33 828/32/32 833/36/33
f 832/36/33 831/36/36 830/36/36
f 831/36/36 832/36/33 833/36/33
f 832/36/28 827/32/28 829/32/28
f 827/32/28 832/36/28 830/36/28
f 175/33/26 823/33/26 176/33/26
f 814/33/26 176/33/26 823/33/26
f 184/33/26 817/33/26 183/33/26
f 821/33/26 183/33/26 817/33/26
f 822/32/37 825/32/37 811/32/37
f 811/32/37 825/32/37 813/32/37
f 813/32/37 825/32/37 808/32/37
f 808/32/37 820/32/37 806/32/37
f 808/32/37 825/32/37 820/32/37
f 824/32/37 820/32/37 825/32/37
f 823/33/28 822/32/28 814/33/28
f 822/32/28 811/32/28 814/33/28
f 810/54/28 814/33/28 811/32/28
f 815/57/28 814/33/28 810/54/28
f 818/49/28 819/49/28 816/57/28
f 819/49/28 815/57/28 816/57/28
f 807/54/28 815/57/28 810/54/28
f 815/57/28 807/54/28 816/57/28
f 816/57/28 807/54/28 817/33/28
f 807/54/28 806/32/28 817/33/28
f 820/32/28 817/33/28 806/32/28
f 817/33/28 820/32/28 821/33/28
f 182/57/130 180/49/134 816/57/130
f 818/49/134 816/57/130 180/49/134
f 179/49/133 178/57/131 819/49/133
f 815/57/131 819/49/133 178/57/131
f 179/49/133 819/49/133 180/49/134
f 818/49/134 180/49/134 819/49/133
f 184/33/27 182/57/130 817/33/27
f 816/57/130 817/33/27 182/57/130
f 178/57/131 176/33/34 815/57/131
f 814/33/34 815/57/131 176/33/34
f 810/54/37 812/54/37 807/54/37
f 809/54/37 807/54/37 812/54/37
f 813/32/27 812/54/27 811/32/27
f 810/54/27 811/32/27 812/54/27
f 809/54/34 808/32/34 807/54/34
f 806/32/34 807/54/34 808/32/34
f 844/54/32 843/54/35 842/54/32
f 843/54/35 844/54/32 845/54/35
f 847/55/33 842/54/32 846/55/33
f 842/54/32 847/55/33 844/54/32
f 848/55/36 847/55/33 846/55/33
f 847/55/33 848/55/36 849/55/36
f 845/54/35 848/55/36 843/54/35
f 848/55/36 845/54/35 849/55/36
f 852/52/127 851/52/128 850/52/127
f 851/52/128 852/52/127 853/52/128
f 856/56/129 855/57/130 854/56/129
f 855/57/130 856/56/129 857/57/130
f 860/57/131 859/56/132 858/57/131
f 859/56/132 860/57/131 861/56/132
f 864/49/134 863/49/133 862/49/133
f 863/49/133 864/49/134 865/49/134
f 861/56/132 850/52/127 859/56/132
f 850/52/127 861/56/132 852/52/127
f 853/52/128 854/56/129 851/52/128
f 854/56/129 853/52/128 856/56/129
f 863/49/133 858/57/131 862/49/133
f 858/57/131 863/49/133 860/57/131
f 857/57/130 864/49/134 855/57/130
f 864/49/134 857/57/130 865/49/134
f 854/56/28 850/52/28 851/52/28
f 850/52/28 854/56/28 859/56/28
f 859/56/28 854/56/28 848/55/28
f 848/55/28 854/56/28 855/57/28
f 846/55/28 859/56/28 848/55/28
f 848/55/28 855/57/28 843/54/28
f 859/56/28 846/55/28 858/57/28
f 843/54/28 855/57/28 842/54/28
f 858/57/28 846/55/28 842/54/28
f 858/57/28 842/54/28 855/57/28
f 858/57/28 855/57/28 864/49/28
f 858/57/28 864/49/28 862/49/28
f 868/32/37 867/32/37 866/32/37
f 869/32/37 867/32/37 868/32/37
f 870/32/37 867/32/37 869/32/37
f 870/32/37 871/32/37 867/32/37
f 871/32/37 870/32/37 872/32/37
f 868/32/27 873/33/75 869/32/75
f 873/33/75 868/32/27 874/33/27
f 877/33/26 876/33/26 875/33/26
f 876/33/26 877/33/26 878/33/26
f 878/33/26 877/33/26 873/33/26
f 878/33/26 873/33/26 879/33/26
f 879/33/26 873/33/26 874/33/26
f 877/33/74 872/32/28 870/32/74
f 872/32/28 877/33/74 875/33/28
f 869/32/75 877/33/74 870/32/74
f 877/33/74 869/32/75 873/33/75
f 882/58/33 881/59/32 880/58/33
f 881/59/32 882/58/33 883/59/32
f 884/59/35 881/59/32 883/59/32
f 881/59/32 884/59/35 885/59/37
f 885/59/37 884/59/35 886/59/37
f 886/59/37 884/59/35 887/59/35
f 884/59/35 888/58/36 887/59/35
f 888/58/36 884/59/35 889/58/36
f 890/58/26 882/58/33 880/58/33
f 882/58/33 890/58/26 889/58/36
f 889/58/36 890/58/26 891/58/26
f 889/58/36 891/58/26 888/58/36
f 888/58/28 892/60/28 887/59/28
f 887/59/28 892/60/28 886/59/28
f 888/58/28 893/32/28 892/60/28
f 893/32/28 888/58/28 894/32/28
f 880/58/28 894/32/28 888/58/28
f 880/58/28 888/58/28 891/58/28
f 894/32/28 880/58/28 895/60/28
f 880/58/28 891/58/28 890/58/28
f 886/59/28 890/58/28 891/58/28
f 895/60/28 880/58/28 881/59/28
f 895/60/28 881/59/28 892/60/28
f 890/58/28 886/59/28 885/59/28
f 886/59/28 892/60/28 885/59/28
f 885/59/28 892/60/28 881/59/28
f 922/59/28 933/60/28 926/59/28
f 926/59/28 933/60/28 927/59/28
f 926/59/28 927/59/28 931/58/28
f 933/60/28 922/59/28 936/60/28
f 922/59/28 921/58/28 936/60/28
f 932/58/28 931/58/28 927/59/28
f 931/58/28 932/58/28 921/58/28
f 936/60/28 921/58/28 935/32/28
f 932/58/28 929/58/28 921/58/28
f 929/58/28 935/32/28 921/58/28
f 935/32/28 929/58/28 934/32/28
f 933/60/28 934/32/28 929/58/28
f 927/59/28 933/60/28 928/59/28
f 928/59/28 933/60/28 929/58/28
f 929/58/33 932/58/26 930/58/33
f 932/58/26 931/58/26 930/58/33
f 930/58/33 931/58/26 923/58/36
f 921/58/36 923/58/36 931/58/26
f 930/58/33 925/59/32 929/58/33
f 928/59/32 929/58/33 925/59/32
f 928/59/32 925/59/32 927/59/37
f 927/59/37 925/59/32 926/59/37
f 926/59/37 925/59/32 922/59/35
f 924/59/35 922/59/35 925/59/32
f 924/59/35 923/58/36 922/59/35
f 921/58/36 922/59/35 923/58/36
f 917/33/47 916/32/47 920/33/45
f 915/32/45 920/33/45 916/32/47
f 919/33/28 920/33/45 913/32/28
f 915/32/45 913/32/28 920/33/45
f 918/33/26 917/33/26 207/33/26
f 207/33/26 917/33/26 205/33/26
f 917/33/26 920/33/26 205/33/26
f 205/33/26 920/33/26 213/33/26
f 919/33/26 213/33/26 920/33/26
f 918/33/34 914/32/34 917/33/47
f 916/32/47 917/33/47 914/32/34
f 916/32/37 914/32/37 915/32/37
f 915/32/37 914/32/37 913/32/37
f 912/32/37 913/32/37 914/32/37
f 910/49/28 911/49/28 908/57/28
f 911/49/28 907/57/28 908/57/28
f 907/57/28 897/54/28 908/57/28
f 897/54/28 900/55/28 908/57/28
f 897/54/28 907/57/28 899/54/28
f 908/57/28 900/55/28 909/56/28
f 899/54/28 907/57/28 902/55/28
f 902/55/28 909/56/28 900/55/28
f 907/57/28 906/56/28 902/55/28
f 902/55/28 906/56/28 909/56/28
f 909/56/28 906/56/28 904/52/28
f 905/52/28 904/52/28 906/56/28
f 217/49/133 218/57/131 911/49/133
f 907/57/131 911/49/133 218/57/131
f 209/57/130 212/49/134 908/57/130
f 910/49/134 908/57/130 212/49/134
f 216/56/132 215/52/127 906/56/132
f 905/52/127 906/56/132 215/52/127
f 214/52/128 210/56/129 904/52/128
f 909/56/129 904/52/128 210/56/129
f 217/49/133 911/49/133 212/49/134
f 910/49/134 212/49/134 911/49/133
f 210/56/129 209/57/130 909/56/129
f 908/57/130 909/56/129 209/57/130
f 218/57/131 216/56/132 907/57/131
f 906/56/132 907/57/131 216/56/132
f 905/52/127 215/52/127 904/52/128
f 214/52/128 904/52/128 215/52/127
f 903/55/33 898/54/32 902/55/33
f 899/54/32 902/55/33 898/54/32
f 903/55/33 902/55/33 901/55/36
f 900/55/36 901/55/36 902/55/33
f 896/54/35 901/55/36 897/54/35
f 900/55/36 897/54/35 901/55/36
f 899/54/32 898/54/32 897/54/35
f 896/54/35 897/54/35 898/54/32
f 25/61/3 937/61/3 26/62/3
f 940/64/44 245/63/44 938/64/44
f 244/63/44 938/64/44 245/63/44
f 939/64/42 938/64/42 243/63/42
f 244/63/42 243/63/42 938/64/42
f 943/64/48 257/63/48 941/64/48
f 256/63/48 941/64/48 257/63/48
f 942/64/46 941/64/46 255/63/46
f 256/63/46 255/63/46 941/64/46
f 946/64/26 945/64/26 944/64/26
f 945/64/26 946/64/26 947/64/26
f 949/64/26 277/64/26 948/64/26
f 277/64/26 949/64/26 275/64/26
f 951/64/51 950/64/51 281/63/51
f 282/63/51 281/63/51 950/64/51
f 362/64/19 292/63/19 293/63/19
f 292/63/19 362/64/19 366/64/19
f 294/63/20 362/64/20 293/63/20
f 362/64/20 294/63/20 364/64/20
f 952/66/21 328/65/21 327/65/21
f 328/65/21 952/66/21 953/67/21
f 954/67/22 326/65/22 330/65/22
f 326/65/22 954/67/22 955/66/22
f 326/65/77 952/66/77 327/65/77
f 952/66/77 326/65/77 955/66/77
f 954/67/78 328/65/78 953/67/78
f 328/65/78 954/67/78 330/65/78
f 955/66/25 307/69/25 308/68/25
f 955/66/25 308/68/25 311/70/25
f 954/67/25 307/69/25 955/66/25
f 307/69/25 954/67/25 313/71/25
f 955/66/25 311/70/25 952/66/25
f 313/71/25 954/67/25 953/67/25
f 313/71/25 953/67/25 316/71/25
f 953/67/25 321/69/25 316/71/25
f 321/69/25 953/67/25 952/66/25
f 317/70/25 952/66/25 311/70/25
f 321/69/25 952/66/25 319/68/25
f 319/68/25 952/66/25 317/70/25
f 956/64/147 643/73/147 642/72/147
f 956/64/147 642/72/147 644/74/147
f 654/63/147 643/73/147 956/64/147
f 643/73/147 654/63/147 632/75/147
f 632/75/147 654/63/147 634/75/147
f 655/63/147 634/75/147 654/63/147
f 634/75/147 655/63/147 638/73/147
f 956/64/147 644/74/147 957/64/147
f 638/73/147 655/63/147 957/64/147
f 645/74/147 957/64/147 644/74/147
f 638/73/147 957/64/147 639/72/147
f 639/72/147 957/64/147 645/74/147
f 879/63/27 958/64/27 878/63/27
f 958/64/27 879/63/27 959/64/27
f 960/64/28 861/73/28 860/72/28
f 960/64/28 860/72/28 863/74/28
f 876/63/28 861/73/28 960/64/28
f 861/73/28 876/63/28 852/75/28
f 852/75/28 876/63/28 853/75/28
f 878/63/28 853/75/28 876/63/28
f 853/75/28 878/63/28 856/73/28
f 960/64/28 863/74/28 958/64/28
f 856/73/28 878/63/28 958/64/28
f 865/74/28 958/64/28 863/74/28
f 856/73/28 958/64/28 857/72/28
f 857/72/28 958/64/28 865/74/28
f 743/76/26 716/76/26 714/76/26
f 716/76/26 743/76/26 742/76/26
f 716/76/26 742/76/26 709/76/26
f 709/76/26 742/76/26 728/76/26
f 709/76/26 728/76/26 708/76/26
f 708/76/26 728/76/26 961/76/26
f 961/76/26 728/76/26 962/76/26
f 962/76/26 728/76/26 729/76/26
f 962/76/26 729/76/26 741/76/26
f 741/76/26 729/76/26 725/76/26
f 741/76/26 725/76/26 727/76/26
f 965/78/185 964/77/184 963/77/183
f 964/77/184 965/78/185 966/78/186
f 968/77/188 966/78/186 967/78/187
f 966/78/186 968/77/188 964/77/184
f 968/77/188 970/78/190 969/77/189
f 970/78/190 968/77/188 967/78/187
f 973/77/193 972/79/192 971/77/191
f 972/79/192 973/77/193 974/79/194
f 963/77/183 974/79/194 973/77/193
f 974/79/194 963/77/183 975/79/195
f 976/79/196 968/77/188 969/77/189
f 968/77/188 976/79/196 977/79/197
f 978/78/198 963/77/183 973/77/193
f 963/77/183 978/78/198 965/78/185
f 979/79/199 968/77/188 977/79/197
f 968/77/188 979/79/199 964/77/184
f 970/78/190 971/77/191 969/77/189
f 971/77/191 970/78/190 980/78/200
f 963/77/183 979/79/199 975/79/195
f 979/79/199 963/77/183 964/77/184
f 969/77/189 972/79/192 976/79/196
f 972/79/192 969/77/189 971/77/191
f 980/78/200 973/77/193 971/77/191
f 973/77/193 980/78/200 978/78/198
f 980/78/200 965/78/185 978/78/198
f 965/78/185 980/78/200 966/78/186
f 966/78/186 980/78/200 970/78/190
f 966/78/186 970/78/190 967/78/187
f 983/78/203 982/80/202 981/80/201
f 982/80/202 983/78/203 984/78/204
f 984/78/204 985/80/205 982/80/202
f 985/80/205 984/78/204 986/78/206
f 989/80/209 988/79/208 987/79/207
f 988/79/208 989/80/209 990/80/210
f 992/79/212 991/80/211 981/80/201
f 991/80/211 992/79/212 993/79/213
f 985/80/205 987/79/207 994/79/214
f 987/79/207 985/80/205 989/80/209
f 993/79/213 990/80/210 991/80/211
f 990/80/210 993/79/213 988/79/208
f 981/80/201 995/79/215 992/79/212
f 995/79/215 981/80/201 982/80/202
f 990/80/210 996/78/216 991/80/211
f 996/78/216 990/80/210 997/78/217
f 985/80/205 995/79/215 982/80/202
f 995/79/215 985/80/205 994/79/214
f 998/78/218 990/80/210 989/80/209
f 990/80/210 998/78/218 997/78/217
f 991/80/211 983/78/203 981/80/201
f 983/78/203 991/80/211 996/78/216
f 984/78/204 998/78/218 986/78/206
f 998/78/218 984/78/204 983/78/203
f 998/78/218 983/78/203 997/78/217
f 997/78/217 983/78/203 996/78/216
f 998/78/218 985/80/205 986/78/206
f 985/80/205 998/78/218 989/80/209
f 1001/81/221 1000/78/220 999/78/219
f 1000/78/220 1001/81/221 1002/81/222
f 1004/79/224 1001/81/221 1003/81/223
f 1001/81/221 1004/79/224 1005/79/225
f 1008/81/228 1007/79/227 1006/81/226
f 1007/79/227 1008/81/228 1009/79/229
f 1010/78/230 1002/81/222 1008/81/228
f 1002/81/222 1010/78/230 1000/78/220
f 1011/78/231 1008/81/228 1006/81/226
f 1008/81/228 1011/78/231 1010/78/230
f 1012/79/232 1001/81/221 1005/79/225
f 1001/81/221 1012/79/232 1002/81/222
f 1014/78/234 1006/81/226 1013/81/233
f 1006/81/226 1014/78/234 1011/78/231
f 1008/81/228 1012/79/232 1009/79/229
f 1012/79/232 1008/81/228 1002/81/222
f 1001/81/221 1015/78/235 1003/81/223
f 1015/78/235 1001/81/221 999/78/219
f 1014/78/234 1010/78/230 1011/78/231
f 1010/78/230 1014/78/234 1000/78/220
f 1000/78/220 1014/78/234 1015/78/235
f 1000/78/220 1015/78/235 999/78/219
f 1015/78/235 1013/81/233 1003/81/223
f 1013/81/233 1015/78/235 1014/78/234
f 1006/81/226 1016/79/236 1013/81/233
f 1016/79/236 1006/81/226 1007/79/227
f 1003/81/223 1016/79/236 1004/79/224
f 1016/79/236 1003/81/223 1013/81/233
f 1019/78/239 1018/81/238 1017/81/237
f 1018/81/238 1019/78/239 1020/78/240
f 1017/81/237 1022/79/242 1021/79/241
f 1022/79/242 1017/81/237 1018/81/238
f 1020/78/240 1024/78/244 1023/78/243
f 1024/78/244 1020/78/240 1025/78/245
f 1025/78/245 1020/78/240 1019/78/239
f 1025/78/245 1019/78/239 1026/78/246
f 1018/81/238 1027/79/247 1022/79/242
f 1027/79/247 1018/81/238 1028/81/248
f 1021/79/241 1029/81/249 1017/81/237
f 1029/81/249 1021/79/241 1030/79/250
f 1025/78/245 1029/81/249 1031/81/251
f 1029/81/249 1025/78/245 1026/78/246
f 1023/78/243 1032/81/252 1028/81/248
f 1032/81/252 1023/78/243 1024/78/244
f 1020/78/240 1028/81/248 1018/81/238
f 1028/81/248 1020/78/240 1023/78/243
f 1029/81/249 1019/78/239 1017/81/237
f 1019/78/239 1029/81/249 1026/78/246
f 1024/78/244 1031/81/251 1032/81/252
f 1031/81/251 1024/78/244 1025/78/245
f 1032/81/252 1027/79/247 1028/81/248
f 1027/79/247 1032/81/252 1033/79/253
f 1032/81/252 1034/79/254 1033/79/253
f 1034/79/254 1032/81/252 1031/81/251
f 1031/81/251 1030/79/250 1034/79/254
f 1030/79/250 1031/81/251 1029/81/249
f 1037/80/257 1036/79/256 1035/79/255
f 1036/79/256 1037/80/257 1038/80/258
f 1041/79/261 1040/80/260 1039/79/259
f 1040/80/260 1041/79/261 1042/80/262
f 1045/78/265 1044/80/264 1043/80/263
f 1044/80/264 1045/78/265 1046/78/266
f 1047/78/267 1038/80/258 1037/80/257
f 1038/80/258 1047/78/267 1048/78/268
f 1044/80/264 1041/79/261 1049/79/269
f 1041/79/261 1044/80/264 1042/80/262
f 1048/78/268 1046/78/266 1045/78/265
f 1046/78/266 1048/78/268 1050/78/270
f 1050/78/270 1048/78/268 1047/78/267
f 1050/78/270 1047/78/267 1051/78/271
f 1040/80/260 1047/78/267 1037/80/257
f 1047/78/267 1040/80/260 1051/78/271
f 1035/79/255 1040/80/260 1037/80/257
f 1040/80/260 1035/79/255 1039/79/259
f 1043/80/263 1036/79/256 1038/80/258
f 1036/79/256 1043/80/263 1052/79/272
f 1044/80/264 1052/79/272 1043/80/263
f 1052/79/272 1044/80/264 1049/79/269
f 1046/78/266 1042/80/262 1044/80/264
f 1042/80/262 1046/78/266 1050/78/270
f 1040/80/260 1050/78/270 1051/78/271
f 1050/78/270 1040/80/260 1042/80/262
f 1048/78/268 1043/80/263 1038/80/258
f 1043/80/263 1048/78/268 1045/78/265

usemtl colormap-specular

f 108/82/25 102/83/25 100/82/25
f 102/83/25 108/82/25 109/83/25
f 612/85/28 610/84/28 617/84/28
f 610/84/28 612/85/28 611/85/28
f 660/85/147 658/84/147 665/84/147
f 658/84/147 660/85/147 659/85/147
f 196/87/28 192/86/28 194/87/28
f 190/86/28 194/87/28 192/86/28
f 187/87/28 188/86/28 200/87/28
f 199/86/28 200/87/28 188/86/28
f 884/85/28 882/84/28 889/84/28
f 882/84/28 884/85/28 883/85/28
f 924/85/28 925/85/28 923/84/28
f 930/84/28 923/84/28 925/85/28

g building-t




usemtl colormap

f 4/2/1 3/2/1 2/1/1
f 1/1/1 2/1/1 3/2/1
f 10/2/3 9/1/3 7/2/3
f 5/1/3 7/2/3 9/1/3
f 8/2/2 7/2/2 6/1/2
f 5/1/2 6/1/2 7/2/2
f 22/10/10 23/11/13 27/2/10
f 30/13/13 27/2/10 23/11/13
f 23/11/13 16/8/6 30/13/13
f 15/7/6 30/13/13 16/8/6
f 21/10/12 28/2/12 20/9/12
f 29/12/12 20/9/12 28/2/12
f 28/2/11 21/10/11 27/2/10
f 22/10/10 27/2/10 21/10/11
f 26/9/9 20/9/9 25/8/9
f 24/8/9 25/8/9 20/9/9
f 16/8/8 23/11/8 13/5/8
f 23/11/8 22/10/8 13/5/8
f 13/5/8 22/10/8 11/3/8
f 11/3/8 22/10/8 17/3/8
f 22/10/8 21/10/8 17/3/8
f 21/10/8 20/9/8 17/3/8
f 19/8/8 17/3/8 20/9/8
f 12/4/4 11/3/4 18/4/7
f 17/3/7 18/4/7 11/3/4
f 16/8/6 13/5/5 15/7/6
f 14/6/5 15/7/6 13/5/5
f 14/6/5 13/5/5 12/4/4
f 11/3/4 12/4/4 13/5/5
f 33/9/12 32/8/12 31/8/12
f 36/5/15 35/4/14 34/3/14
f 35/4/14 36/5/15 37/6/15
f 36/5/15 38/7/16 37/6/15
f 38/7/16 36/5/15 39/8/16
f 34/3/14 41/4/7 40/3/7
f 41/4/7 34/3/14 35/4/14
f 43/9/8 40/3/8 42/8/8
f 40/3/8 43/9/8 44/10/8
f 40/3/8 44/10/8 45/10/8
f 40/3/8 45/10/8 34/3/8
f 34/3/8 45/10/8 36/5/8
f 36/5/8 45/10/8 46/11/8
f 36/5/8 46/11/8 39/8/8
f 43/9/9 31/8/9 47/8/9
f 31/8/9 43/9/9 33/9/9
f 44/10/11 48/2/17 45/10/17
f 48/2/17 44/10/11 49/2/11
f 49/2/3 43/9/3 50/12/3
f 43/9/3 49/2/3 44/10/3
f 39/8/16 51/13/18 38/7/16
f 51/13/18 39/8/16 46/11/18
f 46/11/18 48/2/17 51/13/18
f 48/2/17 46/11/18 45/10/17
f 54/9/12 53/8/12 52/8/12
f 57/5/15 56/4/14 55/3/14
f 56/4/14 57/5/15 58/6/15
f 57/5/15 59/7/16 58/6/15
f 59/7/16 57/5/15 60/8/16
f 55/3/14 62/4/7 61/3/7
f 62/4/7 55/3/14 56/4/14
f 64/9/8 61/3/8 63/8/8
f 61/3/8 64/9/8 65/10/8
f 61/3/8 65/10/8 66/10/8
f 61/3/8 66/10/8 55/3/8
f 55/3/8 66/10/8 57/5/8
f 57/5/8 66/10/8 67/11/8
f 57/5/8 67/11/8 60/8/8
f 64/9/9 52/8/9 68/8/9
f 52/8/9 64/9/9 54/9/9
f 65/10/11 69/2/17 66/10/17
f 69/2/17 65/10/11 70/2/11
f 70/2/3 64/9/3 71/12/3
f 64/9/3 70/2/3 65/10/3
f 60/8/16 72/13/18 59/7/16
f 72/13/18 60/8/16 67/11/18
f 67/11/18 69/2/17 72/13/18
f 69/2/17 67/11/18 66/10/17
f 75/9/12 74/8/12 73/8/12
f 78/5/15 77/4/14 76/3/14
f 77/4/14 78/5/15 79/6/15
f 78/5/15 80/7/16 79/6/15
f 80/7/16 78/5/15 81/8/16
f 76/3/14 83/4/7 82/3/7
f 83/4/7 76/3/14 77/4/14
f 85/9/8 82/3/8 84/8/8
f 82/3/8 85/9/8 86/10/8
f 82/3/8 86/10/8 87/10/8
f 82/3/8 87/10/8 76/3/8
f 76/3/8 87/10/8 78/5/8
f 78/5/8 87/10/8 88/11/8
f 78/5/8 88/11/8 81/8/8
f 85/9/9 73/8/9 89/8/9
f 73/8/9 85/9/9 75/9/9
f 86/10/11 90/2/17 87/10/17
f 90/2/17 86/10/11 91/2/11
f 91/2/3 85/9/3 92/12/3
f 85/9/3 91/2/3 86/10/3
f 81/8/16 93/13/18 80/7/16
f 93/13/18 81/8/16 88/11/18
f 88/11/18 90/2/17 93/13/18
f 90/2/17 88/11/18 87/10/17
f 96/2/19 95/1/19 94/1/19
f 95/1/19 96/2/19 97/2/19
f 98/1/20 96/2/20 94/1/20
f 96/2/20 98/1/20 99/2/20
f 102/16/21 101/15/21 100/14/21
f 101/15/21 102/16/21 103/17/21
f 103/17/21 102/16/21 104/18/21
f 104/18/21 102/16/21 105/19/21
f 105/19/21 102/16/21 106/20/21
f 106/20/21 102/16/21 107/21/21
f 110/15/22 109/16/22 108/14/22
f 109/16/22 110/15/22 111/17/22
f 109/16/22 111/17/22 112/18/22
f 109/16/22 112/18/22 113/19/22
f 109/16/22 113/19/22 114/20/22
f 109/16/22 114/20/22 115/21/22
f 115/21/23 102/16/23 109/16/23
f 102/16/23 115/21/23 107/21/23
f 100/14/24 110/15/24 108/14/24
f 110/15/24 100/14/24 101/15/24
f 114/20/25 116/22/25 115/21/25
f 115/21/25 116/22/25 107/21/25
f 117/22/25 107/21/25 116/22/25
f 117/22/25 106/20/25 107/21/25
f 105/19/25 114/20/25 106/20/25
f 117/22/25 105/19/25 106/20/25
f 114/20/25 105/19/25 113/19/25
f 113/19/25 116/22/25 114/20/25
f 117/22/25 104/18/25 105/19/25
f 112/18/25 116/22/25 113/19/25
f 103/17/25 112/18/25 104/18/25
f 117/22/25 103/17/25 104/18/25
f 112/18/25 103/17/25 111/17/25
f 111/17/25 116/22/25 112/18/25
f 117/22/25 101/15/25 103/17/25
f 101/15/25 117/22/25 118/23/25
f 110/15/25 116/22/25 111/17/25
f 118/23/25 110/15/25 101/15/25
f 110/15/25 119/23/25 116/22/25
f 119/23/25 110/15/25 118/23/25
f 122/24/26 121/24/26 120/24/26
f 121/24/26 122/24/26 123/24/26
f 126/24/26 125/24/26 124/24/26
f 125/24/26 126/24/26 127/24/26
f 130/24/26 129/24/26 128/24/26
f 129/24/26 130/24/26 131/24/26
f 134/24/26 133/24/26 132/24/26
f 133/24/26 134/24/26 135/24/26
f 137/24/26 136/24/26 126/24/26
f 136/24/26 137/24/26 138/24/26
f 141/24/26 140/24/26 139/24/26
f 140/24/26 141/24/26 142/24/26
f 145/1/27 144/2/27 143/1/27
f 144/2/27 145/1/27 146/2/27
f 149/2/28 148/26/28 147/25/28
f 149/2/28 147/25/28 150/27/28
f 151/1/28 148/26/28 149/2/28
f 148/26/28 151/1/28 152/28/28
f 152/28/28 151/1/28 153/28/28
f 143/1/28 153/28/28 151/1/28
f 153/28/28 143/1/28 154/26/28
f 149/2/28 150/27/28 144/2/28
f 154/26/28 143/1/28 144/2/28
f 155/27/28 144/2/28 150/27/28
f 154/26/28 144/2/28 156/25/28
f 156/25/28 144/2/28 155/27/28
f 174/3/30 173/3/30 172/2/30
f 171/2/30 172/2/30 173/3/30
f 170/1/31 169/2/31 167/1/31
f 165/2/31 167/1/31 169/2/31
f 168/1/30 167/1/30 166/25/30
f 165/2/30 166/25/30 167/1/30
f 164/27/30 166/25/30 165/2/30
f 158/2/30 164/27/30 165/2/30
f 164/27/30 158/2/30 163/27/30
f 163/27/30 158/2/30 162/25/30
f 162/25/30 158/2/30 161/1/30
f 157/1/30 161/1/30 158/2/30
f 160/2/29 159/1/29 158/2/29
f 157/1/29 158/2/29 159/1/29
f 193/29/28 201/31/28 195/29/28
f 195/29/28 201/31/28 198/29/28
f 195/29/28 198/29/28 191/30/28
f 201/31/28 193/29/28 204/31/28
f 193/29/28 189/30/28 204/31/28
f 198/29/28 197/30/28 191/30/28
f 189/30/28 191/30/28 197/30/28
f 203/3/28 204/31/28 189/30/28
f 189/30/28 197/30/28 203/3/28
f 197/30/28 186/30/28 203/3/28
f 203/3/28 186/30/28 202/3/28
f 201/31/28 202/3/28 186/30/28
f 198/29/28 201/31/28 185/29/28
f 185/29/28 201/31/28 186/30/28
f 195/29/32 196/29/32 193/29/35
f 194/29/35 193/29/35 196/29/32
f 185/29/32 187/29/32 198/29/35
f 200/29/35 198/29/35 187/29/32
f 188/30/33 186/30/33 199/30/36
f 197/30/36 199/30/36 186/30/33
f 198/29/33 199/30/32 200/29/33
f 199/30/32 198/29/33 197/30/32
f 200/29/35 199/30/36 198/29/35
f 197/30/36 198/29/35 199/30/36
f 192/30/33 196/29/32 191/30/33
f 195/29/32 191/30/33 196/29/32
f 194/29/35 190/30/34 193/29/35
f 189/30/34 193/29/35 190/30/34
f 192/30/33 191/30/33 190/30/26
f 189/30/26 190/30/26 191/30/33
f 188/30/33 187/29/32 186/30/33
f 185/29/32 186/30/33 187/29/32
f 184/1/28 183/1/28 182/25/28
f 181/2/28 182/25/28 183/1/28
f 180/27/28 182/25/28 181/2/28
f 177/2/28 180/27/28 181/2/28
f 180/27/28 177/2/28 179/27/28
f 179/27/28 177/2/28 178/25/28
f 178/25/28 177/2/28 176/1/28
f 175/1/28 176/1/28 177/2/28
f 217/27/28 206/2/28 218/25/28
f 218/25/28 206/2/28 216/26/28
f 212/27/28 206/2/28 217/27/28
f 206/2/28 205/1/28 216/26/28
f 206/2/28 212/27/28 211/2/28
f 216/26/28 205/1/28 215/28/28
f 213/1/28 215/28/28 205/1/28
f 215/28/28 213/1/28 214/28/28
f 214/28/28 213/1/28 210/26/28
f 211/2/28 210/26/28 213/1/28
f 212/27/28 209/25/28 211/2/28
f 209/25/28 210/26/28 211/2/28
f 208/2/34 207/1/34 206/2/34
f 205/1/34 206/2/34 207/1/34
f 1/33/26 223/33/26 2/33/26
f 224/33/26 2/33/26 223/33/26
f 224/33/1 223/33/1 219/32/1
f 220/32/1 219/32/1 223/33/1
f 222/32/37 221/32/37 220/32/37
f 219/32/37 220/32/37 221/32/37
f 5/33/26 9/33/26 232/33/26
f 232/33/26 230/33/26 5/33/26
f 230/33/26 227/33/26 5/33/26
f 5/33/26 227/33/26 6/33/26
f 228/33/26 6/33/26 227/33/26
f 229/32/37 231/32/37 225/32/37
f 225/32/37 231/32/37 226/32/37
f 233/32/37 226/32/37 231/32/37
f 227/33/38 230/33/39 225/32/38
f 229/32/39 225/32/38 230/33/39
f 232/33/3 231/32/3 230/33/39
f 229/32/39 230/33/39 231/32/3
f 228/33/2 227/33/38 226/32/2
f 225/32/38 226/32/2 227/33/38
f 15/39/40 14/37/40 30/38/40
f 30/38/40 14/37/40 27/36/40
f 14/37/40 12/34/40 27/36/40
f 27/36/40 12/34/40 28/36/40
f 28/36/40 12/34/40 29/35/40
f 18/34/40 29/35/40 12/34/40
f 35/34/40 50/35/40 41/34/40
f 50/35/40 35/34/40 49/36/40
f 49/36/40 35/34/40 48/36/40
f 48/36/40 35/34/40 37/37/40
f 48/36/40 37/37/40 51/38/40
f 51/38/40 37/37/40 38/39/40
f 56/34/40 71/35/40 62/34/40
f 71/35/40 56/34/40 70/36/40
f 70/36/40 56/34/40 69/36/40
f 69/36/40 56/34/40 58/37/40
f 69/36/40 58/37/40 72/38/40
f 72/38/40 58/37/40 59/39/40
f 244/33/26 245/33/26 241/33/26
f 241/33/26 239/33/26 244/33/26
f 239/33/26 236/33/26 244/33/26
f 244/33/26 236/33/26 243/33/26
f 237/33/26 243/33/26 236/33/26
f 238/32/37 240/32/37 234/32/37
f 234/32/37 240/32/37 235/32/37
f 242/32/37 235/32/37 240/32/37
f 236/33/41 239/33/43 234/32/41
f 238/32/43 234/32/41 239/33/43
f 241/33/44 240/32/44 239/33/43
f 238/32/43 239/33/43 240/32/44
f 237/33/42 236/33/41 235/32/42
f 234/32/41 235/32/42 236/33/41
f 77/34/40 92/35/40 83/34/40
f 92/35/40 77/34/40 91/36/40
f 91/36/40 77/34/40 90/36/40
f 90/36/40 77/34/40 79/37/40
f 90/36/40 79/37/40 93/38/40
f 93/38/40 79/37/40 80/39/40
f 256/33/26 257/33/26 253/33/26
f 253/33/26 251/33/26 256/33/26
f 251/33/26 248/33/26 256/33/26
f 248/33/26 249/33/26 256/33/26
f 255/33/26 256/33/26 249/33/26
f 250/32/37 252/32/37 246/32/37
f 246/32/37 252/32/37 247/32/37
f 254/32/37 247/32/37 252/32/37
f 248/33/45 251/33/47 246/32/45
f 250/32/47 246/32/45 251/33/47
f 253/33/48 252/32/48 251/33/47
f 250/32/47 251/33/47 252/32/48
f 249/33/46 248/33/45 247/32/46
f 246/32/45 247/32/46 248/33/45
f 260/32/37 259/32/37 258/32/37
f 259/32/37 260/32/37 261/32/37
f 264/33/49 263/32/19 262/32/49
f 263/32/19 264/33/49 265/33/19
f 268/32/20 267/33/50 266/32/50
f 267/33/50 268/32/20 269/33/20
f 267/33/50 262/32/49 266/32/50
f 262/32/49 267/33/50 264/33/49
f 268/32/37 263/32/37 270/32/37
f 263/32/37 268/32/37 262/32/37
f 262/32/37 268/32/37 266/32/37
f 264/33/26 95/33/26 265/33/26
f 95/33/26 264/33/26 94/33/26
f 94/33/26 264/33/26 98/33/26
f 98/33/26 264/33/26 269/33/26
f 269/33/26 264/33/26 267/33/26
f 273/32/37 272/32/37 271/32/37
f 272/32/37 273/32/37 274/32/37
f 279/33/26 280/33/26 282/33/26
f 281/33/26 282/33/26 280/33/26
f 280/33/51 279/33/51 276/32/51
f 278/32/51 276/32/51 279/33/51
f 278/32/37 277/32/37 276/32/37
f 275/32/37 276/32/37 277/32/37
f 285/33/49 284/32/19 283/32/49
f 284/32/19 285/33/49 286/33/19
f 289/32/20 288/33/50 287/32/50
f 288/33/50 289/32/20 290/33/20
f 288/33/50 283/32/49 287/32/50
f 283/32/49 288/33/50 285/33/49
f 289/32/37 284/32/37 291/32/37
f 284/32/37 289/32/37 283/32/37
f 283/32/37 289/32/37 287/32/37
f 285/33/26 292/33/26 286/33/26
f 292/33/26 285/33/26 293/33/26
f 293/33/26 285/33/26 294/33/26
f 294/33/26 285/33/26 290/33/26
f 290/33/26 285/33/26 288/33/26
f 297/32/53 296/40/52 295/32/52
f 296/40/52 297/32/53 298/40/53
f 295/32/52 300/40/54 299/32/54
f 300/40/54 295/32/52 296/40/52
f 298/40/53 302/32/55 301/40/55
f 302/32/55 298/40/53 297/32/53
f 303/43/22 116/42/22 119/41/22
f 116/42/22 303/43/22 304/44/22
f 117/42/21 305/43/21 118/41/21
f 305/43/21 117/42/21 306/44/21
f 309/43/56 308/42/57 307/41/56
f 308/42/57 309/43/56 310/44/57
f 310/44/57 311/45/58 308/42/57
f 311/45/58 310/44/57 312/36/58
f 314/47/59 307/41/56 313/46/59
f 307/41/56 314/47/59 309/43/56
f 306/44/23 116/42/23 304/44/23
f 116/42/23 306/44/23 117/42/23
f 314/47/59 316/46/60 315/47/60
f 316/46/60 314/47/59 313/46/59
f 311/45/58 318/36/61 317/45/61
f 318/36/61 311/45/58 312/36/58
f 317/45/61 320/44/62 319/42/62
f 320/44/62 317/45/61 318/36/61
f 321/41/63 315/47/60 316/46/60
f 315/47/60 321/41/63 322/43/63
f 322/43/25 314/47/25 315/47/25
f 314/47/25 322/43/25 303/43/25
f 314/47/25 303/43/25 309/43/25
f 305/43/25 309/43/25 303/43/25
f 303/43/25 322/43/25 304/44/25
f 304/44/25 322/43/25 320/44/25
f 309/43/25 305/43/25 310/44/25
f 304/44/25 320/44/25 318/36/25
f 310/44/25 318/36/25 312/36/25
f 310/44/25 305/43/25 306/44/25
f 304/44/25 318/36/25 306/44/25
f 306/44/25 318/36/25 310/44/25
f 319/42/62 322/43/63 321/41/63
f 322/43/63 319/42/62 320/44/62
f 299/32/54 324/40/64 323/32/64
f 324/40/64 299/32/54 300/40/54
f 300/40/26 325/40/26 324/40/26
f 296/40/26 325/40/26 300/40/26
f 326/40/26 325/40/26 296/40/26
f 298/40/26 326/40/26 296/40/26
f 327/40/26 325/40/26 326/40/26
f 328/40/26 325/40/26 327/40/26
f 328/40/26 329/40/26 325/40/26
f 329/40/26 328/40/26 330/40/26
f 298/40/26 330/40/26 326/40/26
f 298/40/26 329/40/26 330/40/26
f 298/40/26 331/40/26 329/40/26
f 331/40/26 298/40/26 301/40/26
f 325/40/65 333/32/66 332/32/65
f 333/32/66 325/40/65 329/40/66
f 331/40/67 333/32/66 329/40/66
f 333/32/66 331/40/67 334/32/67
f 119/41/24 305/43/24 303/43/24
f 305/43/24 119/41/24 118/41/24
f 323/32/64 325/40/65 332/32/65
f 325/40/65 323/32/64 324/40/64
f 301/40/55 334/32/67 331/40/67
f 334/32/67 301/40/55 302/32/55
f 337/48/12 336/49/12 335/48/12
f 336/49/12 337/48/12 338/49/12
f 336/49/2 339/48/2 335/48/2
f 339/48/2 336/49/2 340/49/2
f 342/36/3 122/48/3 341/36/3
f 122/48/3 342/36/3 123/48/3
f 345/36/68 344/49/2 343/49/68
f 344/49/2 345/36/68 346/36/2
f 347/49/37 336/49/37 338/49/37
f 336/49/37 347/49/37 343/49/37
f 343/49/37 347/49/37 348/49/37
f 344/49/37 336/49/37 343/49/37
f 336/49/37 344/49/37 340/49/37
f 345/36/26 349/36/26 346/36/26
f 349/36/26 345/36/26 341/36/26
f 341/36/26 345/36/26 342/36/26
f 342/36/26 345/36/26 350/36/26
f 350/36/26 345/36/26 351/36/26
f 347/49/12 351/36/69 348/49/69
f 351/36/69 347/49/12 350/36/12
f 348/49/69 345/36/68 343/49/68
f 345/36/68 348/49/69 351/36/69
f 349/36/9 122/48/9 120/48/9
f 122/48/9 349/36/9 341/36/9
f 354/49/37 353/49/37 352/49/37
f 353/49/37 354/49/37 355/49/37
f 357/48/12 353/49/12 356/48/12
f 353/49/12 357/48/12 352/49/12
f 359/36/3 127/48/3 358/36/3
f 127/48/3 359/36/3 125/48/3
f 358/36/26 360/36/26 359/36/26
f 360/36/26 358/36/26 361/36/26
f 354/49/12 361/36/12 355/49/12
f 361/36/12 354/49/12 360/36/12
f 364/48/70 363/49/70 362/48/70
f 363/49/70 364/48/70 365/49/70
f 363/49/71 366/48/71 362/48/71
f 366/48/71 363/49/71 367/49/71
f 369/36/72 130/48/72 368/36/72
f 130/48/72 369/36/72 131/48/72
f 372/36/49 371/49/71 370/49/49
f 371/49/71 372/36/49 373/36/71
f 374/49/37 363/49/37 365/49/37
f 363/49/37 374/49/37 370/49/37
f 370/49/37 374/49/37 375/49/37
f 371/49/37 363/49/37 370/49/37
f 363/49/37 371/49/37 367/49/37
f 372/36/26 376/36/26 373/36/26
f 376/36/26 372/36/26 368/36/26
f 368/36/26 372/36/26 369/36/26
f 369/36/26 372/36/26 377/36/26
f 377/36/26 372/36/26 378/36/26
f 374/49/70 378/36/50 375/49/50
f 378/36/50 374/49/70 377/36/70
f 375/49/50 372/36/49 370/49/49
f 372/36/49 375/49/50 378/36/50
f 376/36/73 130/48/73 128/48/73
f 130/48/73 376/36/73 368/36/73
f 381/48/27 380/49/27 379/48/27
f 380/49/27 381/48/27 382/49/27
f 380/49/28 383/48/28 379/48/28
f 383/48/28 380/49/28 384/49/28
f 386/36/34 134/48/34 385/36/34
f 134/48/34 386/36/34 135/48/34
f 389/36/74 388/49/28 387/49/74
f 388/49/28 389/36/74 390/36/28
f 391/49/37 380/49/37 382/49/37
f 380/49/37 391/49/37 387/49/37
f 387/49/37 391/49/37 392/49/37
f 388/49/37 380/49/37 387/49/37
f 380/49/37 388/49/37 384/49/37
f 389/36/26 393/36/26 390/36/26
f 393/36/26 389/36/26 385/36/26
f 385/36/26 389/36/26 386/36/26
f 386/36/26 389/36/26 394/36/26
f 394/36/26 389/36/26 395/36/26
f 391/49/27 395/36/75 392/49/75
f 395/36/75 391/49/27 394/36/27
f 392/49/75 389/36/74 387/49/74
f 389/36/74 392/49/75 395/36/75
f 393/36/76 134/48/76 132/48/76
f 134/48/76 393/36/76 385/36/76
f 398/49/37 397/49/37 396/49/37
f 397/49/37 398/49/37 399/49/37
f 401/48/77 397/49/77 400/48/77
f 397/49/77 401/48/77 396/49/77
f 403/36/78 138/48/78 402/36/78
f 138/48/78 403/36/78 136/48/78
f 402/36/26 404/36/26 403/36/26
f 404/36/26 402/36/26 405/36/26
f 398/49/77 405/36/77 399/49/77
f 405/36/77 398/49/77 404/36/77
f 412/50/84 426/48/84 410/50/78
f 429/48/78 410/50/78 426/48/84
f 433/36/96 425/36/92 419/51/22
f 409/51/81 419/51/22 425/36/92
f 414/48/81 407/50/81 437/48/77
f 406/50/77 437/48/77 407/50/81
f 413/51/84 411/51/78 434/36/97
f 435/36/98 434/36/97 411/51/78
f 418/50/85 420/50/21 436/48/85
f 428/48/21 436/48/85 420/50/21
f 437/48/77 406/50/77 436/48/85
f 418/50/85 436/48/85 406/50/77
f 435/36/26 430/36/26 434/36/26
f 434/36/26 430/36/26 433/36/26
f 430/36/26 431/36/26 433/36/26
f 433/36/26 431/36/26 425/36/26
f 431/36/26 432/36/26 425/36/26
f 424/36/26 425/36/26 432/36/26
f 435/36/98 411/51/78 430/36/93
f 423/51/90 430/36/93 411/51/78
f 434/36/97 433/36/96 413/51/84
f 419/51/22 413/51/84 433/36/96
f 410/50/82 422/50/89 411/51/78
f 423/51/90 411/51/78 422/50/89
f 432/36/95 431/36/94 417/51/85
f 421/51/21 417/51/85 431/36/94
f 424/36/91 432/36/95 408/51/77
f 417/51/85 408/51/77 432/36/95
f 431/36/94 430/36/93 421/51/21
f 423/51/90 421/51/21 430/36/93
f 419/51/22 409/51/81 416/50/87
f 407/50/80 416/50/87 409/51/81
f 410/50/78 429/48/78 422/50/90
f 427/48/90 422/50/90 429/48/78
f 420/50/21 422/50/90 428/48/21
f 427/48/90 428/48/21 422/50/90
f 412/50/84 416/50/22 426/48/84
f 415/48/22 426/48/84 416/50/22
f 409/51/81 425/36/92 408/51/77
f 424/36/91 408/51/77 425/36/92
f 421/51/21 423/51/90 420/50/88
f 422/50/89 420/50/88 423/51/90
f 417/51/85 421/51/21 418/50/86
f 420/50/88 418/50/86 421/51/21
f 413/51/84 419/51/22 412/50/83
f 416/50/87 412/50/83 419/51/22
f 406/50/79 408/51/77 418/50/86
f 417/51/85 418/50/86 408/51/77
f 416/50/22 407/50/81 415/48/22
f 414/48/81 415/48/22 407/50/81
f 413/51/84 412/50/83 411/51/78
f 410/50/82 411/51/78 412/50/83
f 409/51/81 408/51/77 407/50/80
f 406/50/79 407/50/80 408/51/77
f 440/48/77 439/49/77 438/48/77
f 439/49/77 440/48/77 441/49/77
f 439/49/21 442/48/21 438/48/21
f 442/48/21 439/49/21 443/49/21
f 445/36/78 141/48/78 444/36/78
f 141/48/78 445/36/78 142/48/78
f 448/36/65 447/49/21 446/49/65
f 447/49/21 448/36/65 449/36/21
f 450/49/37 439/49/37 441/49/37
f 439/49/37 450/49/37 446/49/37
f 446/49/37 450/49/37 451/49/37
f 447/49/37 439/49/37 446/49/37
f 439/49/37 447/49/37 443/49/37
f 448/36/26 452/36/26 449/36/26
f 452/36/26 448/36/26 444/36/26
f 444/36/26 448/36/26 445/36/26
f 445/36/26 448/36/26 453/36/26
f 453/36/26 448/36/26 454/36/26
f 450/49/77 454/36/64 451/49/64
f 454/36/64 450/49/77 453/36/77
f 451/49/64 448/36/65 446/49/65
f 448/36/65 451/49/64 454/36/64
f 452/36/22 141/48/22 139/48/22
f 141/48/22 452/36/22 444/36/22
f 457/51/34 456/50/100 455/50/99
f 456/50/100 457/51/34 458/51/101
f 461/50/103 460/51/27 459/50/102
f 460/51/27 461/50/103 462/51/104
f 456/50/101 464/48/76 463/48/101
f 464/48/76 456/50/101 465/50/76
f 457/51/34 467/50/106 466/51/105
f 467/50/106 457/51/34 455/50/99
f 468/51/76 461/50/103 465/50/107
f 461/50/103 468/51/76 462/51/104
f 470/51/28 467/50/106 469/50/108
f 467/50/106 470/51/28 466/51/105
f 472/51/110 469/50/108 471/50/109
f 469/50/108 472/51/110 470/51/28
f 474/36/112 457/51/34 473/36/111
f 457/51/34 474/36/112 458/51/101
f 465/50/76 475/48/104 464/48/76
f 475/48/104 465/50/76 461/50/104
f 471/50/110 477/48/28 476/48/110
f 477/48/28 471/50/110 469/50/28
f 478/48/27 471/50/110 476/48/110
f 471/50/110 478/48/27 459/50/27
f 458/51/101 465/50/107 456/50/100
f 465/50/107 458/51/101 468/51/76
f 479/36/113 470/51/28 472/51/110
f 470/51/28 479/36/113 480/36/114
f 481/36/115 457/51/34 466/51/105
f 457/51/34 481/36/115 473/36/111
f 480/36/114 466/51/105 470/51/28
f 466/51/105 480/36/114 481/36/115
f 471/50/109 460/51/27 472/51/110
f 460/51/27 471/50/109 459/50/102
f 482/36/116 462/51/104 468/51/76
f 462/51/104 482/36/116 483/36/117
f 460/51/27 479/36/113 472/51/110
f 479/36/113 460/51/27 484/36/118
f 481/36/26 474/36/26 473/36/26
f 474/36/26 481/36/26 480/36/26
f 474/36/26 480/36/26 482/36/26
f 482/36/26 480/36/26 479/36/26
f 482/36/26 479/36/26 483/36/26
f 483/36/26 479/36/26 484/36/26
f 455/50/34 485/48/105 467/50/105
f 485/48/105 455/50/34 486/48/34
f 469/50/28 485/48/105 477/48/28
f 485/48/105 469/50/28 467/50/105
f 460/51/27 483/36/117 484/36/118
f 483/36/117 460/51/27 462/51/104
f 456/50/101 486/48/34 455/50/34
f 486/48/34 456/50/101 463/48/101
f 474/36/112 468/51/76 458/51/101
f 468/51/76 474/36/112 482/36/116
f 475/48/104 459/50/27 478/48/27
f 459/50/27 475/48/104 461/50/104
f 489/32/28 488/36/28 487/36/28
f 488/36/28 489/32/28 490/32/28
f 493/32/34 492/36/34 491/32/34
f 492/36/34 493/32/34 494/36/34
f 496/32/28 492/36/28 495/36/28
f 492/36/28 496/32/28 491/32/28
f 497/32/28 502/32/28 498/36/28
f 501/36/28 498/36/28 502/32/28
f 500/36/27 499/32/27 498/36/27
f 497/32/27 498/36/27 499/32/27
f 503/32/120 508/32/120 504/36/120
f 507/36/120 504/36/120 508/32/120
f 506/36/119 505/32/119 504/36/119
f 503/32/119 504/36/119 505/32/119
f 511/52/121 510/49/28 509/49/121
f 510/49/28 511/52/121 512/52/28
f 515/52/122 514/49/34 513/52/34
f 514/49/34 515/52/122 516/49/122
f 512/52/28 517/49/123 510/49/28
f 517/49/123 512/52/28 518/52/123
f 513/52/34 517/49/123 518/52/123
f 517/49/123 513/52/34 514/49/34
f 515/52/122 519/49/76 516/49/122
f 519/49/76 515/52/122 520/52/76
f 520/52/76 521/49/124 519/49/76
f 521/49/124 520/52/76 522/52/124
f 521/49/124 524/52/27 523/49/27
f 524/52/27 521/49/124 522/52/124
f 523/49/27 511/52/121 509/49/121
f 511/52/121 523/49/27 524/52/27
f 516/49/37 517/49/37 514/49/37
f 517/49/37 516/49/37 519/49/37
f 517/49/37 519/49/37 510/49/37
f 510/49/37 519/49/37 521/49/37
f 510/49/37 521/49/37 509/49/37
f 509/49/37 521/49/37 523/49/37
f 527/52/37 526/52/37 525/52/37
f 526/52/37 527/52/37 528/52/37
f 531/49/125 530/49/26 529/49/26
f 530/49/26 531/49/125 532/49/125
f 530/49/76 527/52/76 525/52/76
f 527/52/76 530/49/76 533/53/76
f 533/53/76 530/49/76 532/49/76
f 530/49/34 526/52/34 529/49/34
f 526/52/34 530/49/34 525/52/34
f 534/53/28 526/52/28 528/52/28
f 526/52/28 534/53/28 529/49/28
f 529/49/28 534/53/28 531/49/28
f 527/52/27 534/53/126 528/52/27
f 534/53/126 527/52/27 533/53/126
f 533/53/126 531/49/125 534/53/126
f 531/49/125 533/53/126 532/49/125
f 537/52/27 536/49/110 535/52/110
f 536/49/110 537/52/27 538/49/27
f 536/49/110 539/52/28 535/52/110
f 539/52/28 536/49/110 540/49/28
f 543/49/101 542/52/34 541/49/34
f 542/52/34 543/49/101 544/52/101
f 541/49/34 546/52/105 545/49/105
f 546/52/105 541/49/34 542/52/34
f 547/52/104 538/49/27 537/52/27
f 538/49/27 547/52/104 548/49/104
f 550/49/76 547/52/104 549/52/76
f 547/52/104 550/49/76 548/49/104
f 540/49/28 546/52/105 539/52/28
f 546/52/105 540/49/28 545/49/105
f 543/49/101 549/52/76 544/52/101
f 549/52/76 543/49/101 550/49/76
f 545/49/26 543/49/26 541/49/26
f 543/49/26 545/49/26 540/49/26
f 543/49/26 540/49/26 550/49/26
f 550/49/26 540/49/26 536/49/26
f 550/49/26 536/49/26 548/49/26
f 548/49/26 536/49/26 538/49/26
f 544/52/37 546/52/37 542/52/37
f 546/52/37 544/52/37 549/52/37
f 546/52/37 549/52/37 539/52/37
f 539/52/37 549/52/37 547/52/37
f 539/52/37 547/52/37 535/52/37
f 535/52/37 547/52/37 537/52/37
f 553/52/27 552/49/110 551/52/110
f 552/49/110 553/52/27 554/49/27
f 552/49/110 555/52/28 551/52/110
f 555/52/28 552/49/110 556/49/28
f 559/49/101 558/52/34 557/49/34
f 558/52/34 559/49/101 560/52/101
f 557/49/34 562/52/105 561/49/105
f 562/52/105 557/49/34 558/52/34
f 563/52/104 554/49/27 553/52/27
f 554/49/27 563/52/104 564/49/104
f 566/49/76 563/52/104 565/52/76
f 563/52/104 566/49/76 564/49/104
f 556/49/28 562/52/105 555/52/28
f 562/52/105 556/49/28 561/49/105
f 559/49/101 565/52/76 560/52/101
f 565/52/76 559/49/101 566/49/76
f 561/49/26 559/49/26 557/49/26
f 559/49/26 561/49/26 556/49/26
f 559/49/26 556/49/26 566/49/26
f 566/49/26 556/49/26 552/49/26
f 566/49/26 552/49/26 564/49/26
f 564/49/26 552/49/26 554/49/26
f 560/52/37 562/52/37 558/52/37
f 562/52/37 560/52/37 565/52/37
f 562/52/37 565/52/37 555/52/37
f 555/52/37 565/52/37 563/52/37
f 555/52/37 563/52/37 551/52/37
f 551/52/37 563/52/37 553/52/37
f 569/52/27 568/49/110 567/52/110
f 568/49/110 569/52/27 570/49/27
f 568/49/110 571/52/28 567/52/110
f 571/52/28 568/49/110 572/49/28
f 575/49/101 574/52/34 573/49/34
f 574/52/34 575/49/101 576/52/101
f 573/49/34 578/52/105 577/49/105
f 578/52/105 573/49/34 574/52/34
f 579/52/104 570/49/27 569/52/27
f 570/49/27 579/52/104 580/49/104
f 582/49/76 579/52/104 581/52/76
f 579/52/104 582/49/76 580/49/104
f 572/49/28 578/52/105 571/52/28
f 578/52/105 572/49/28 577/49/105
f 575/49/101 581/52/76 576/52/101
f 581/52/76 575/49/101 582/49/76
f 577/49/26 575/49/26 573/49/26
f 575/49/26 577/49/26 572/49/26
f 575/49/26 572/49/26 582/49/26
f 582/49/26 572/49/26 568/49/26
f 582/49/26 568/49/26 580/49/26
f 580/49/26 568/49/26 570/49/26
f 576/52/37 578/52/37 574/52/37
f 578/52/37 576/52/37 581/52/37
f 578/52/37 581/52/37 571/52/37
f 571/52/37 581/52/37 579/52/37
f 571/52/37 579/52/37 567/52/37
f 567/52/37 579/52/37 569/52/37
f 585/54/35 584/54/32 583/54/32
f 584/54/32 585/54/35 586/54/35
f 588/55/33 584/54/32 587/55/33
f 584/54/32 588/55/33 583/54/32
f 589/55/36 588/55/33 587/55/33
f 588/55/33 589/55/36 590/55/36
f 585/54/35 589/55/36 586/54/35
f 589/55/36 585/54/35 590/55/36
f 153/52/128 591/52/127 152/52/127
f 591/52/127 153/52/128 592/52/128
f 154/56/129 594/57/130 593/56/129
f 594/57/130 154/56/129 156/57/130
f 147/57/131 596/56/132 595/57/131
f 596/56/132 147/57/131 148/56/132
f 598/49/134 150/49/133 597/49/133
f 150/49/133 598/49/134 155/49/134
f 148/56/132 591/52/127 596/56/132
f 591/52/127 148/56/132 152/52/127
f 153/52/128 593/56/129 592/52/128
f 593/56/129 153/52/128 154/56/129
f 150/49/133 595/57/131 597/49/133
f 595/57/131 150/49/133 147/57/131
f 156/57/130 598/49/134 594/57/130
f 598/49/134 156/57/130 155/49/134
f 593/56/28 591/52/28 592/52/28
f 591/52/28 593/56/28 596/56/28
f 596/56/28 593/56/28 589/55/28
f 589/55/28 593/56/28 594/57/28
f 587/55/28 596/56/28 589/55/28
f 589/55/28 594/57/28 586/54/28
f 596/56/28 587/55/28 595/57/28
f 586/54/28 594/57/28 584/54/28
f 595/57/28 587/55/28 584/54/28
f 595/57/28 584/54/28 594/57/28
f 595/57/28 594/57/28 598/49/28
f 595/57/28 598/49/28 597/49/28
f 601/32/37 600/32/37 599/32/37
f 600/32/37 601/32/37 602/32/37
f 600/32/37 602/32/37 603/32/37
f 602/32/27 604/33/75 603/32/75
f 604/33/75 602/32/27 605/33/27
f 607/33/26 151/33/26 606/33/26
f 151/33/26 607/33/26 143/33/26
f 143/33/26 607/33/26 604/33/26
f 143/33/26 604/33/26 145/33/26
f 145/33/26 604/33/26 605/33/26
f 607/33/74 599/32/28 600/32/74
f 599/32/28 607/33/74 606/33/28
f 603/32/75 607/33/74 600/32/74
f 607/33/74 603/32/75 604/33/75
f 610/58/33 609/59/32 608/58/33
f 609/59/32 610/58/33 611/59/32
f 612/59/35 609/59/32 611/59/32
f 609/59/32 612/59/35 613/59/37
f 613/59/37 612/59/35 614/59/37
f 614/59/37 612/59/35 615/59/35
f 612/59/35 616/58/36 615/59/35
f 616/58/36 612/59/35 617/58/36
f 618/58/26 610/58/33 608/58/33
f 610/58/33 618/58/26 617/58/36
f 617/58/36 618/58/26 619/58/26
f 617/58/36 619/58/26 616/58/36
f 616/58/28 620/60/28 615/59/28
f 615/59/28 620/60/28 614/59/28
f 616/58/28 621/32/28 620/60/28
f 621/32/28 616/58/28 622/32/28
f 608/58/28 622/32/28 616/58/28
f 608/58/28 616/58/28 619/58/28
f 622/32/28 608/58/28 623/60/28
f 608/58/28 619/58/28 618/58/28
f 614/59/28 618/58/28 619/58/28
f 623/60/28 608/58/28 609/59/28
f 623/60/28 609/59/28 620/60/28
f 618/58/28 614/59/28 613/59/28
f 614/59/28 620/60/28 613/59/28
f 613/59/28 620/60/28 609/59/28
f 626/54/136 625/54/135 624/54/135
f 625/54/135 626/54/136 627/54/136
f 629/55/137 625/54/135 628/55/137
f 625/54/135 629/55/137 624/54/135
f 628/55/137 630/55/138 629/55/137
f 630/55/138 628/55/137 631/55/138
f 626/54/136 631/55/138 627/54/136
f 631/55/138 626/54/136 630/55/138
f 634/52/140 633/52/139 632/52/139
f 633/52/139 634/52/140 635/52/140
f 638/56/141 637/57/142 636/56/141
f 637/57/142 638/56/141 639/57/142
f 642/57/143 641/56/144 640/57/143
f 641/56/144 642/57/143 643/56/144
f 646/49/145 645/49/146 644/49/145
f 645/49/146 646/49/145 647/49/146
f 641/56/144 632/52/139 633/52/139
f 632/52/139 641/56/144 643/56/144
f 634/52/140 636/56/141 635/52/140
f 636/56/141 634/52/140 638/56/141
f 644/49/145 640/57/143 646/49/145
f 640/57/143 644/49/145 642/57/143
f 639/57/142 647/49/146 637/57/142
f 647/49/146 639/57/142 645/49/146
f 636/56/147 633/52/147 635/52/147
f 633/52/147 636/56/147 641/56/147
f 641/56/147 636/56/147 631/55/147
f 631/55/147 636/56/147 637/57/147
f 628/55/147 641/56/147 631/55/147
f 631/55/147 637/57/147 627/54/147
f 641/56/147 628/55/147 640/57/147
f 627/54/147 637/57/147 625/54/147
f 640/57/147 628/55/147 625/54/147
f 640/57/147 625/54/147 637/57/147
f 640/57/147 637/57/147 647/49/147
f 640/57/147 647/49/147 646/49/147
f 650/32/37 649/32/37 648/32/37
f 649/32/37 650/32/37 651/32/37
f 652/33/147 649/32/147 651/32/147
f 649/32/147 652/33/147 653/33/147
f 653/33/26 655/33/26 654/33/26
f 655/33/26 653/33/26 652/33/26
f 658/58/137 657/59/135 656/58/137
f 657/59/135 658/58/137 659/59/135
f 660/59/136 657/59/135 659/59/135
f 657/59/135 660/59/136 661/59/37
f 661/59/37 660/59/136 662/59/37
f 662/59/37 660/59/136 663/59/136
f 660/59/136 664/58/138 663/59/136
f 664/58/138 660/59/136 665/58/138
f 666/58/26 658/58/137 656/58/137
f 658/58/137 666/58/26 665/58/138
f 665/58/138 666/58/26 667/58/26
f 665/58/138 667/58/26 664/58/138
f 664/58/147 626/60/147 663/59/147
f 663/59/147 626/60/147 662/59/147
f 664/58/147 630/32/147 626/60/147
f 630/32/147 664/58/147 629/32/147
f 656/58/147 629/32/147 664/58/147
f 656/58/147 664/58/147 667/58/147
f 629/32/147 656/58/147 624/60/147
f 656/58/147 667/58/147 666/58/147
f 662/59/147 666/58/147 667/58/147
f 624/60/147 656/58/147 657/59/147
f 624/60/147 657/59/147 626/60/147
f 666/58/147 662/59/147 661/59/147
f 662/59/147 626/60/147 661/59/147
f 661/59/147 626/60/147 657/59/147
f 696/52/31 697/49/31 699/52/158
f 701/49/158 699/52/158 697/49/31
f 698/52/37 694/52/37 699/52/37
f 696/52/37 699/52/37 694/52/37
f 695/49/26 700/49/26 697/49/26
f 701/49/26 697/49/26 700/49/26
f 695/49/29 694/52/29 700/49/157
f 698/52/157 700/49/157 694/52/29
f 701/49/158 700/49/157 699/52/158
f 698/52/157 699/52/158 700/49/157
f 697/49/156 696/52/156 695/49/156
f 694/52/156 695/49/156 696/52/156
f 681/32/37 682/32/37 683/32/37
f 683/32/37 682/32/37 673/32/37
f 673/32/37 682/32/37 675/32/37
f 675/32/37 682/32/37 670/32/37
f 670/32/37 689/32/37 668/32/37
f 670/32/37 682/32/37 689/32/37
f 689/32/37 682/32/37 691/32/37
f 693/32/37 691/32/37 682/32/37
f 690/33/26 692/33/26 688/33/26
f 170/33/26 688/33/26 692/33/26
f 167/33/26 688/33/26 170/33/26
f 688/33/26 167/33/26 685/33/26
f 168/33/26 685/33/26 167/33/26
f 691/32/155 690/33/155 689/32/154
f 688/33/154 689/32/154 690/33/155
f 693/32/31 692/33/31 691/32/155
f 690/33/155 691/32/155 692/33/31
f 689/32/154 688/33/154 668/32/30
f 685/33/30 668/32/30 688/33/154
f 668/32/30 685/33/30 669/54/30
f 684/57/30 669/54/30 685/33/30
f 686/49/30 687/49/30 684/57/30
f 687/49/30 680/57/30 684/57/30
f 680/57/30 669/54/30 684/57/30
f 669/54/30 680/57/30 672/54/30
f 680/57/30 676/33/30 672/54/30
f 672/54/30 676/33/30 673/32/30
f 676/33/30 677/33/150 673/32/30
f 683/32/150 673/32/30 677/33/150
f 163/49/153 162/57/148 687/49/153
f 680/57/148 687/49/153 162/57/148
f 164/49/152 686/49/152 166/57/151
f 684/57/151 166/57/151 686/49/152
f 163/49/153 687/49/153 164/49/152
f 686/49/152 164/49/152 687/49/153
f 168/33/31 166/57/151 685/33/31
f 684/57/151 685/33/31 166/57/151
f 679/33/149 681/32/149 677/33/150
f 683/32/150 677/33/150 681/32/149
f 678/33/29 682/32/29 679/33/149
f 681/32/149 679/33/149 682/32/29
f 162/57/148 161/33/29 680/57/148
f 676/33/29 680/57/148 161/33/29
f 679/33/26 677/33/26 678/33/26
f 678/33/26 677/33/26 159/33/26
f 159/33/26 677/33/26 157/33/26
f 157/33/26 677/33/26 161/33/26
f 676/33/26 161/33/26 677/33/26
f 672/54/37 674/54/37 669/54/37
f 671/54/37 669/54/37 674/54/37
f 675/32/31 674/54/31 673/32/31
f 672/54/31 673/32/31 674/54/31
f 671/54/29 670/32/29 669/54/29
f 668/32/29 669/54/29 670/32/29
f 704/32/159 703/36/156 702/32/156
f 703/36/156 704/32/159 705/36/159
f 707/36/160 704/32/159 706/32/160
f 704/32/159 707/36/160 705/36/159
f 710/36/30 709/48/161 708/48/30
f 709/48/161 710/36/30 711/36/161
f 707/36/160 713/32/162 712/36/162
f 713/32/162 707/36/160 706/32/160
f 716/48/158 715/36/163 714/48/163
f 715/36/163 716/48/158 717/36/158
f 711/36/161 716/48/158 709/48/161
f 716/48/158 711/36/161 717/36/158
f 720/32/31 719/36/163 718/32/163
f 719/36/163 720/32/31 721/36/31
f 718/32/163 723/36/158 722/32/158
f 723/36/158 718/32/163 719/36/163
f 726/36/162 725/48/160 724/36/160
f 725/48/160 726/36/162 727/48/162
f 730/36/164 729/48/159 728/48/164
f 729/48/159 730/36/164 731/36/159
f 721/36/26 723/36/26 719/36/26
f 732/36/26 723/36/26 721/36/26
f 726/36/26 723/36/26 732/36/26
f 724/36/26 723/36/26 726/36/26
f 724/36/26 733/36/26 723/36/26
f 731/36/26 733/36/26 724/36/26
f 730/36/26 733/36/26 731/36/26
f 730/36/26 734/36/26 733/36/26
f 735/36/26 734/36/26 730/36/26
f 735/36/26 736/36/26 734/36/26
f 737/36/26 736/36/26 735/36/26
f 736/36/26 737/36/26 715/36/26
f 707/36/26 736/36/26 715/36/26
f 707/36/26 738/36/26 736/36/26
f 738/36/26 707/36/26 712/36/26
f 707/36/26 715/36/26 717/36/26
f 707/36/26 717/36/26 705/36/26
f 705/36/26 717/36/26 711/36/26
f 705/36/26 711/36/26 703/36/26
f 703/36/26 711/36/26 710/36/26
f 731/36/159 725/48/160 729/48/159
f 725/48/160 731/36/159 724/36/160
f 733/36/161 740/32/165 739/32/161
f 740/32/165 733/36/161 734/36/165
f 723/36/158 739/32/161 722/32/158
f 739/32/161 723/36/158 733/36/161
f 732/36/29 727/48/162 726/36/162
f 727/48/162 732/36/29 741/48/29
f 743/48/167 735/36/166 742/48/166
f 735/36/166 743/48/167 737/36/167
f 738/36/168 744/32/157 736/36/157
f 744/32/157 738/36/168 745/32/168
f 734/36/165 744/32/157 740/32/165
f 744/32/157 734/36/165 736/36/157
f 712/36/162 745/32/168 738/36/168
f 745/32/168 712/36/162 713/32/162
f 714/48/163 737/36/167 743/48/167
f 737/36/167 714/48/163 715/36/163
f 706/32/37 745/32/37 713/32/37
f 745/32/37 706/32/37 744/32/37
f 744/32/37 706/32/37 704/32/37
f 744/32/37 704/32/37 740/32/37
f 740/32/37 704/32/37 702/32/37
f 740/32/37 702/32/37 746/32/37
f 740/32/37 746/32/37 747/32/37
f 740/32/37 747/32/37 739/32/37
f 739/32/37 747/32/37 720/32/37
f 739/32/37 720/32/37 722/32/37
f 722/32/37 720/32/37 718/32/37
f 735/36/166 728/48/164 742/48/166
f 728/48/164 735/36/166 730/36/164
f 750/52/169 749/49/2 748/49/169
f 749/49/2 750/52/169 751/52/2
f 754/52/170 753/49/3 752/52/3
f 753/49/3 754/52/170 755/49/170
f 751/52/2 756/49/171 749/49/2
f 756/49/171 751/52/2 757/52/171
f 752/52/3 756/49/171 757/52/171
f 756/49/171 752/52/3 753/49/3
f 754/52/170 758/49/9 755/49/170
f 758/49/9 754/52/170 759/52/9
f 759/52/9 760/49/172 758/49/9
f 760/49/172 759/52/9 761/52/172
f 760/49/172 763/52/12 762/49/12
f 763/52/12 760/49/172 761/52/172
f 762/49/12 750/52/169 748/49/169
f 750/52/169 762/49/12 763/52/12
f 755/49/37 756/49/37 753/49/37
f 756/49/37 755/49/37 758/49/37
f 756/49/37 758/49/37 749/49/37
f 749/49/37 758/49/37 760/49/37
f 749/49/37 760/49/37 748/49/37
f 748/49/37 760/49/37 762/49/37
f 766/52/37 765/52/37 764/52/37
f 765/52/37 766/52/37 767/52/37
f 770/49/173 769/49/26 768/49/26
f 769/49/26 770/49/173 771/49/173
f 769/49/9 766/52/9 764/52/9
f 766/52/9 769/49/9 772/53/9
f 772/53/9 769/49/9 771/49/9
f 769/49/3 765/52/3 768/49/3
f 765/52/3 769/49/3 764/52/3
f 773/53/2 765/52/2 767/52/2
f 765/52/2 773/53/2 768/49/2
f 768/49/2 773/53/2 770/49/2
f 766/52/12 773/53/174 767/52/12
f 773/53/174 766/52/12 772/53/174
f 772/53/174 770/49/173 773/53/174
f 770/49/173 772/53/174 771/49/173
f 776/52/176 775/49/175 774/52/175
f 775/49/175 776/52/176 777/49/176
f 775/49/175 778/52/177 774/52/175
f 778/52/177 775/49/175 779/49/177
f 782/49/179 781/52/178 780/49/178
f 781/52/178 782/49/179 783/52/179
f 780/49/178 785/52/180 784/49/180
f 785/52/180 780/49/178 781/52/178
f 786/52/181 777/49/176 776/52/176
f 777/49/176 786/52/181 787/49/181
f 789/49/182 786/52/181 788/52/182
f 786/52/181 789/49/182 787/49/181
f 779/49/177 785/52/180 778/52/177
f 785/52/180 779/49/177 784/49/180
f 782/49/179 788/52/182 783/52/179
f 788/52/182 782/49/179 789/49/182
f 784/49/26 782/49/26 780/49/26
f 782/49/26 784/49/26 779/49/26
f 782/49/26 779/49/26 789/49/26
f 789/49/26 779/49/26 775/49/26
f 789/49/26 775/49/26 787/49/26
f 787/49/26 775/49/26 777/49/26
f 783/52/37 785/52/37 781/52/37
f 785/52/37 783/52/37 788/52/37
f 785/52/37 788/52/37 778/52/37
f 778/52/37 788/52/37 786/52/37
f 778/52/37 786/52/37 774/52/37
f 774/52/37 786/52/37 776/52/37
f 792/52/176 791/49/175 790/52/175
f 791/49/175 792/52/176 793/49/176
f 791/49/175 794/52/177 790/52/175
f 794/52/177 791/49/175 795/49/177
f 798/49/179 797/52/178 796/49/178
f 797/52/178 798/49/179 799/52/179
f 796/49/178 801/52/180 800/49/180
f 801/52/180 796/49/178 797/52/178
f 802/52/181 793/49/176 792/52/176
f 793/49/176 802/52/181 803/49/181
f 805/49/182 802/52/181 804/52/182
f 802/52/181 805/49/182 803/49/181
f 795/49/177 801/52/180 794/52/177
f 801/52/180 795/49/177 800/49/180
f 798/49/179 804/52/182 799/52/179
f 804/52/182 798/49/179 805/49/182
f 800/49/26 798/49/26 796/49/26
f 798/49/26 800/49/26 795/49/26
f 798/49/26 795/49/26 805/49/26
f 805/49/26 795/49/26 791/49/26
f 805/49/26 791/49/26 803/49/26
f 803/49/26 791/49/26 793/49/26
f 799/52/37 801/52/37 797/52/37
f 801/52/37 799/52/37 804/52/37
f 801/52/37 804/52/37 794/52/37
f 794/52/37 804/52/37 802/52/37
f 794/52/37 802/52/37 790/52/37
f 790/52/37 802/52/37 792/52/37
f 836/32/32 835/32/35 834/32/35
f 835/32/35 836/32/32 837/32/32
f 839/36/36 835/32/35 838/36/36
f 835/32/35 839/36/36 834/32/35
f 836/32/32 840/36/33 837/32/32
f 840/36/33 836/32/32 841/36/33
f 840/36/33 839/36/36 838/36/36
f 839/36/36 840/36/33 841/36/33
f 840/36/28 835/32/28 837/32/28
f 835/32/28 840/36/28 838/36/28
f 828/32/32 827/32/35 826/32/35
f 827/32/35 828/32/32 829/32/32
f 831/36/36 827/32/35 830/36/36
f 827/32/35 831/36/36 826/32/35
f 828/32/32 832/36/33 829/32/32
f 832/36/33 828/32/32 833/36/33
f 832/36/33 831/36/36 830/36/36
f 831/36/36 832/36/33 833/36/33
f 832/36/28 827/32/28 829/32/28
f 827/32/28 832/36/28 830/36/28
f 175/33/26 823/33/26 176/33/26
f 814/33/26 176/33/26 823/33/26
f 184/33/26 817/33/26 183/33/26
f 821/33/26 183/33/26 817/33/26
f 822/32/37 825/32/37 811/32/37
f 811/32/37 825/32/37 813/32/37
f 813/32/37 825/32/37 808/32/37
f 808/32/37 820/32/37 806/32/37
f 808/32/37 825/32/37 820/32/37
f 824/32/37 820/32/37 825/32/37
f 823/33/28 822/32/28 814/33/28
f 822/32/28 811/32/28 814/33/28
f 810/54/28 814/33/28 811/32/28
f 815/57/28 814/33/28 810/54/28
f 818/49/28 819/49/28 816/57/28
f 819/49/28 815/57/28 816/57/28
f 807/54/28 815/57/28 810/54/28
f 815/57/28 807/54/28 816/57/28
f 816/57/28 807/54/28 817/33/28
f 807/54/28 806/32/28 817/33/28
f 820/32/28 817/33/28 806/32/28
f 817/33/28 820/32/28 821/33/28
f 182/57/130 180/49/134 816/57/130
f 818/49/134 816/57/130 180/49/134
f 179/49/133 178/57/131 819/49/133
f 815/57/131 819/49/133 178/57/131
f 179/49/133 819/49/133 180/49/134
f 818/49/134 180/49/134 819/49/133
f 184/33/27 182/57/130 817/33/27
f 816/57/130 817/33/27 182/57/130
f 178/57/131 176/33/34 815/57/131
f 814/33/34 815/57/131 176/33/34
f 810/54/37 812/54/37 807/54/37
f 809/54/37 807/54/37 812/54/37
f 813/32/27 812/54/27 811/32/27
f 810/54/27 811/32/27 812/54/27
f 809/54/34 808/32/34 807/54/34
f 806/32/34 807/54/34 808/32/34
f 844/54/32 843/54/35 842/54/32
f 843/54/35 844/54/32 845/54/35
f 847/55/33 842/54/32 846/55/33
f 842/54/32 847/55/33 844/54/32
f 848/55/36 847/55/33 846/55/33
f 847/55/33 848/55/36 849/55/36
f 845/54/35 848/55/36 843/54/35
f 848/55/36 845/54/35 849/55/36
f 852/52/127 851/52/128 850/52/127
f 851/52/128 852/52/127 853/52/128
f 856/56/129 855/57/130 854/56/129
f 855/57/130 856/56/129 857/57/130
f 860/57/131 859/56/132 858/57/131
f 859/56/132 860/57/131 861/56/132
f 864/49/134 863/49/133 862/49/133
f 863/49/133 864/49/134 865/49/134
f 861/56/132 850/52/127 859/56/132
f 850/52/127 861/56/132 852/52/127
f 853/52/128 854/56/129 851/52/128
f 854/56/129 853/52/128 856/56/129
f 863/49/133 858/57/131 862/49/133
f 858/57/131 863/49/133 860/57/131
f 857/57/130 864/49/134 855/57/130
f 864/49/134 857/57/130 865/49/134
f 854/56/28 850/52/28 851/52/28
f 850/52/28 854/56/28 859/56/28
f 859/56/28 854/56/28 848/55/28
f 848/55/28 854/56/28 855/57/28
f 846/55/28 859/56/28 848/55/28
f 848/55/28 855/57/28 843/54/28
f 859/56/28 846/55/28 858/57/28
f 843/54/28 855/57/28 842/54/28
f 858/57/28 846/55/28 842/54/28
f 858/57/28 842/54/28 855/57/28
f 858/57/28 855/57/28 864/49/28
f 858/57/28 864/49/28 862/49/28
f 868/32/37 867/32/37 866/32/37
f 869/32/37 867/32/37 868/32/37
f 870/32/37 867/32/37 869/32/37
f 870/32/37 871/32/37 867/32/37
f 871/32/37 870/32/37 872/32/37
f 868/32/27 873/33/75 869/32/75
f 873/33/75 868/32/27 874/33/27
f 877/33/26 876/33/26 875/33/26
f 876/33/26 877/33/26 878/33/26
f 878/33/26 877/33/26 873/33/26
f 878/33/26 873/33/26 879/33/26
f 879/33/26 873/33/26 874/33/26
f 877/33/74 872/32/28 870/32/74
f 872/32/28 877/33/74 875/33/28
f 869/32/75 877/33/74 870/32/74
f 877/33/74 869/32/75 873/33/75
f 882/58/33 881/59/32 880/58/33
f 881/59/32 882/58/33 883/59/32
f 884/59/35 881/59/32 883/59/32
f 881/59/32 884/59/35 885/59/37
f 885/59/37 884/59/35 886/59/37
f 886/59/37 884/59/35 887/59/35
f 884/59/35 888/58/36 887/59/35
f 888/58/36 884/59/35 889/58/36
f 890/58/26 882/58/33 880/58/33
f 882/58/33 890/58/26 889/58/36
f 889/58/36 890/58/26 891/58/26
f 889/58/36 891/58/26 888/58/36
f 888/58/28 892/60/28 887/59/28
f 887/59/28 892/60/28 886/59/28
f 888/58/28 893/32/28 892/60/28
f 893/32/28 888/58/28 894/32/28
f 880/58/28 894/32/28 888/58/28
f 880/58/28 888/58/28 891/58/28
f 894/32/28 880/58/28 895/60/28
f 880/58/28 891/58/28 890/58/28
f 886/59/28 890/58/28 891/58/28
f 895/60/28 880/58/28 881/59/28
f 895/60/28 881/59/28 892/60/28
f 890/58/28 886/59/28 885/59/28
f 886/59/28 892/60/28 885/59/28
f 885/59/28 892/60/28 881/59/28
f 922/59/28 933/60/28 926/59/28
f 926/59/28 933/60/28 927/59/28
f 926/59/28 927/59/28 931/58/28
f 933/60/28 922/59/28 936/60/28
f 922/59/28 921/58/28 936/60/28
f 932/58/28 931/58/28 927/59/28
f 931/58/28 932/58/28 921/58/28
f 936/60/28 921/58/28 935/32/28
f 932/58/28 929/58/28 921/58/28
f 929/58/28 935/32/28 921/58/28
f 935/32/28 929/58/28 934/32/28
f 933/60/28 934/32/28 929/58/28
f 927/59/28 933/60/28 928/59/28
f 928/59/28 933/60/28 929/58/28
f 929/58/33 932/58/26 930/58/33
f 932/58/26 931/58/26 930/58/33
f 930/58/33 931/58/26 923/58/36
f 921/58/36 923/58/36 931/58/26
f 930/58/33 925/59/32 929/58/33
f 928/59/32 929/58/33 925/59/32
f 928/59/32 925/59/32 927/59/37
f 927/59/37 925/59/32 926/59/37
f 926/59/37 925/59/32 922/59/35
f 924/59/35 922/59/35 925/59/32
f 924/59/35 923/58/36 922/59/35
f 921/58/36 922/59/35 923/58/36
f 917/33/47 916/32/47 920/33/45
f 915/32/45 920/33/45 916/32/47
f 919/33/28 920/33/45 913/32/28
f 915/32/45 913/32/28 920/33/45
f 918/33/26 917/33/26 207/33/26
f 207/33/26 917/33/26 205/33/26
f 917/33/26 920/33/26 205/33/26
f 205/33/26 920/33/26 213/33/26
f 919/33/26 213/33/26 920/33/26
f 918/33/34 914/32/34 917/33/47
f 916/32/47 917/33/47 914/32/34
f 916/32/37 914/32/37 915/32/37
f 915/32/37 914/32/37 913/32/37
f 912/32/37 913/32/37 914/32/37
f 910/49/28 911/49/28 908/57/28
f 911/49/28 907/57/28 908/57/28
f 907/57/28 897/54/28 908/57/28
f 897/54/28 900/55/28 908/57/28
f 897/54/28 907/57/28 899/54/28
f 908/57/28 900/55/28 909/56/28
f 899/54/28 907/57/28 902/55/28
f 902/55/28 909/56/28 900/55/28
f 907/57/28 906/56/28 902/55/28
f 902/55/28 906/56/28 909/56/28
f 909/56/28 906/56/28 904/52/28
f 905/52/28 904/52/28 906/56/28
f 217/49/133 218/57/131 911/49/133
f 907/57/131 911/49/133 218/57/131
f 209/57/130 212/49/134 908/57/130
f 910/49/134 908/57/130 212/49/134
f 216/56/132 215/52/127 906/56/132
f 905/52/127 906/56/132 215/52/127
f 214/52/128 210/56/129 904/52/128
f 909/56/129 904/52/128 210/56/129
f 217/49/133 911/49/133 212/49/134
f 910/49/134 212/49/134 911/49/133
f 210/56/129 209/57/130 909/56/129
f 908/57/130 909/56/129 209/57/130
f 218/57/131 216/56/132 907/57/131
f 906/56/132 907/57/131 216/56/132
f 905/52/127 215/52/127 904/52/128
f 214/52/128 904/52/128 215/52/127
f 903/55/33 898/54/32 902/55/33
f 899/54/32 902/55/33 898/54/32
f 903/55/33 902/55/33 901/55/36
f 900/55/36 901/55/36 902/55/33
f 896/54/35 901/55/36 897/54/35
f 900/55/36 897/54/35 901/55/36
f 899/54/32 898/54/32 897/54/35
f 896/54/35 897/54/35 898/54/32
f 25/61/3 937/61/3 26/62/3
f 940/64/44 245/63/44 938/64/44
f 244/63/44 938/64/44 245/63/44
f 939/64/42 938/64/42 243/63/42
f 244/63/42 243/63/42 938/64/42
f 943/64/48 257/63/48 941/64/48
f 256/63/48 941/64/48 257/63/48
f 942/64/46 941/64/46 255/63/46
f 256/63/46 255/63/46 941/64/46
f 946/64/26 945/64/26 944/64/26
f 945/64/26 946/64/26 947/64/26
f 949/64/26 277/64/26 948/64/26
f 277/64/26 949/64/26 275/64/26
f 951/64/51 950/64/51 281/63/51
f 282/63/51 281/63/51 950/64/51
f 362/64/19 292/63/19 293/63/19
f 292/63/19 362/64/19 366/64/19
f 294/63/20 362/64/20 293/63/20
f 362/64/20 294/63/20 364/64/20
f 952/66/21 328/65/21 327/65/21
f 328/65/21 952/66/21 953/67/21
f 954/67/22 326/65/22 330/65/22
f 326/65/22 954/67/22 955/66/22
f 326/65/77 952/66/77 327/65/77
f 952/66/77 326/65/77 955/66/77
f 954/67/78 328/65/78 953/67/78
f 328/65/78 954/67/78 330/65/78
f 955/66/25 307/69/25 308/68/25
f 955/66/25 308/68/25 311/70/25
f 954/67/25 307/69/25 955/66/25
f 307/69/25 954/67/25 313/71/25
f 955/66/25 311/70/25 952/66/25
f 313/71/25 954/67/25 953/67/25
f 313/71/25 953/67/25 316/71/25
f 953/67/25 321/69/25 316/71/25
f 321/69/25 953/67/25 952/66/25
f 317/70/25 952/66/25 311/70/25
f 321/69/25 952/66/25 319/68/25
f 319/68/25 952/66/25 317/70/25
f 956/64/147 643/73/147 642/72/147
f 956/64/147 642/72/147 644/74/147
f 654/63/147 643/73/147 956/64/147
f 643/73/147 654/63/147 632/75/147
f 632/75/147 654/63/147 634/75/147
f 655/63/147 634/75/147 654/63/147
f 634/75/147 655/63/147 638/73/147
f 956/64/147 644/74/147 957/64/147
f 638/73/147 655/63/147 957/64/147
f 645/74/147 957/64/147 644/74/147
f 638/73/147 957/64/147 639/72/147
f 639/72/147 957/64/147 645/74/147
f 879/63/27 958/64/27 878/63/27
f 958/64/27 879/63/27 959/64/27
f 960/64/28 861/73/28 860/72/28
f 960/64/28 860/72/28 863/74/28
f 876/63/28 861/73/28 960/64/28
f 861/73/28 876/63/28 852/75/28
f 852/75/28 876/63/28 853/75/28
f 878/63/28 853/75/28 876/63/28
f 853/75/28 878/63/28 856/73/28
f 960/64/28 863/74/28 958/64/28
f 856/73/28 878/63/28 958/64/28
f 865/74/28 958/64/28 863/74/28
f 856/73/28 958/64/28 857/72/28
f 857/72/28 958/64/28 865/74/28
f 743/76/26 716/76/26 714/76/26
f 716/76/26 743/76/26 742/76/26
f 716/76/26 742/76/26 709/76/26
f 709/76/26 742/76/26 728/76/26
f 709/76/26 728/76/26 708/76/26
f 708/76/26 728/76/26 961/76/26
f 961/76/26 728/76/26 962/76/26
f 962/76/26 728/76/26 729/76/26
f 962/76/26 729/76/26 741/76/26
f 741/76/26 729/76/26 725/76/26
f 741/76/26 725/76/26 727/76/26
f 965/78/185 964/77/184 963/77/183
f 964/77/184 965/78/185 966/78/186
f 968/77/188 966/78/186 967/78/187
f 966/78/186 968/77/188 964/77/184
f 968/77/188 970/78/190 969/77/189
f 970/78/190 968/77/188 967/78/187
f 973/77/193 972/79/192 971/77/191
f 972/79/192 973/77/193 974/79/194
f 963/77/183 974/79/194 973/77/193
f 974/79/194 963/77/183 975/79/195
f 976/79/196 968/77/188 969/77/189
f 968/77/188 976/79/196 977/79/197
f 978/78/198 963/77/183 973/77/193
f 963/77/183 978/78/198 965/78/185
f 979/79/199 968/77/188 977/79/197
f 968/77/188 979/79/199 964/77/184
f 970/78/190 971/77/191 969/77/189
f 971/77/191 970/78/190 980/78/200
f 963/77/183 979/79/199 975/79/195
f 979/79/199 963/77/183 964/77/184
f 969/77/189 972/79/192 976/79/196
f 972/79/192 969/77/189 971/77/191
f 980/78/200 973/77/193 971/77/191
f 973/77/193 980/78/200 978/78/198
f 980/78/200 965/78/185 978/78/198
f 965/78/185 980/78/200 966/78/186
f 966/78/186 980/78/200 970/78/190
f 966/78/186 970/78/190 967/78/187
f 983/78/203 982/80/202 981/80/201
f 982/80/202 983/78/203 984/78/204
f 984/78/204 985/80/205 982/80/202
f 985/80/205 984/78/204 986/78/206
f 989/80/209 988/79/208 987/79/207
f 988/79/208 989/80/209 990/80/210
f 992/79/212 991/80/211 981/80/201
f 991/80/211 992/79/212 993/79/213
f 985/80/205 987/79/207 994/79/214
f 987/79/207 985/80/205 989/80/209
f 993/79/213 990/80/210 991/80/211
f 990/80/210 993/79/213 988/79/208
f 981/80/201 995/79/215 992/79/212
f 995/79/215 981/80/201 982/80/202
f 990/80/210 996/78/216 991/80/211
f 996/78/216 990/80/210 997/78/217
f 985/80/205 995/79/215 982/80/202
f 995/79/215 985/80/205 994/79/214
f 998/78/218 990/80/210 989/80/209
f 990/80/210 998/78/218 997/78/217
f 991/80/211 983/78/203 981/80/201
f 983/78/203 991/80/211 996/78/216
f 984/78/204 998/78/218 986/78/206
f 998/78/218 984/78/204 983/78/203
f 998/78/218 983/78/203 997/78/217
f 997/78/217 983/78/203 996/78/216
f 998/78/218 985/80/205 986/78/206
f 985/80/205 998/78/218 989/80/209
f 1001/81/221 1000/78/220 999/78/219
f 1000/78/220 1001/81/221 1002/81/222
f 1004/79/224 1001/81/221 1003/81/223
f 1001/81/221 1004/79/224 1005/79/225
f 1008/81/228 1007/79/227 1006/81/226
f 1007/79/227 1008/81/228 1009/79/229
f 1010/78/230 1002/81/222 1008/81/228
f 1002/81/222 1010/78/230 1000/78/220
f 1011/78/231 1008/81/228 1006/81/226
f 1008/81/228 1011/78/231 1010/78/230
f 1012/79/232 1001/81/221 1005/79/225
f 1001/81/221 1012/79/232 1002/81/222
f 1014/78/234 1006/81/226 1013/81/233
f 1006/81/226 1014/78/234 1011/78/231
f 1008/81/228 1012/79/232 1009/79/229
f 1012/79/232 1008/81/228 1002/81/222
f 1001/81/221 1015/78/235 1003/81/223
f 1015/78/235 1001/81/221 999/78/219
f 1014/78/234 1010/78/230 1011/78/231
f 1010/78/230 1014/78/234 1000/78/220
f 1000/78/220 1014/78/234 1015/78/235
f 1000/78/220 1015/78/235 999/78/219
f 1015/78/235 1013/81/233 1003/81/223
f 1013/81/233 1015/78/235 1014/78/234
f 1006/81/226 1016/79/236 1013/81/233
f 1016/79/236 1006/81/226 1007/79/227
f 1003/81/223 1016/79/236 1004/79/224
f 1016/79/236 1003/81/223 1013/81/233
f 1019/78/239 1018/81/238 1017/81/237
f 1018/81/238 1019/78/239 1020/78/240
f 1017/81/237 1022/79/242 1021/79/241
f 1022/79/242 1017/81/237 1018/81/238
f 1020/78/240 1024/78/244 1023/78/243
f 1024/78/244 1020/78/240 1025/78/245
f 1025/78/245 1020/78/240 1019/78/239
f 1025/78/245 1019/78/239 1026/78/246
f 1018/81/238 1027/79/247 1022/79/242
f 1027/79/247 1018/81/238 1028/81/248
f 1021/79/241 1029/81/249 1017/81/237
f 1029/81/249 1021/79/241 1030/79/250
f 1025/78/245 1029/81/249 1031/81/251
f 1029/81/249 1025/78/245 1026/78/246
f 1023/78/243 1032/81/252 1028/81/248
f 1032/81/252 1023/78/243 1024/78/244
f 1020/78/240 1028/81/248 1018/81/238
f 1028/81/248 1020/78/240 1023/78/243
f 1029/81/249 1019/78/239 1017/81/237
f 1019/78/239 1029/81/249 1026/78/246
f 1024/78/244 1031/81/251 1032/81/252
f 1031/81/251 1024/78/244 1025/78/245
f 1032/81/252 1027/79/247 1028/81/248
f 1027/79/247 1032/81/252 1033/79/253
f 1032/81/252 1034/79/254 1033/79/253
f 1034/79/254 1032/81/252 1031/81/251
f 1031/81/251 1030/79/250 1034/79/254
f 1030/79/250 1031/81/251 1029/81/249
f 1037/80/257 1036/79/256 1035/79/255
f 1036/79/256 1037/80/257 1038/80/258
f 1041/79/261 1040/80/260 1039/79/259
f 1040/80/260 1041/79/261 1042/80/262
f 1045/78/265 1044/80/264 1043/80/263
f 1044/80/264 1045/78/265 1046/78/266
f 1047/78/267 1038/80/258 1037/80/257
f 1038/80/258 1047/78/267 1048/78/268
f 1044/80/264 1041/79/261 1049/79/269
f 1041/79/261 1044/80/264 1042/80/262
f 1048/78/268 1046/78/266 1045/78/265
f 1046/78/266 1048/78/268 1050/78/270
f 1050/78/270 1048/78/268 1047/78/267
f 1050/78/270 1047/78/267 1051/78/271
f 1040/80/260 1047/78/267 1037/80/257
f 1047/78/267 1040/80/260 1051/78/271
f 1035/79/255 1040/80/260 1037/80/257
f 1040/80/260 1035/79/255 1039/79/259
f 1043/80/263 1036/79/256 1038/80/258
f 1036/79/256 1043/80/263 1052/79/272
f 1044/80/264 1052/79/272 1043/80/263
f 1052/79/272 1044/80/264 1049/79/269
f 1046/78/266 1042/80/262 1044/80/264
f 1042/80/262 1046/78/266 1050/78/270
f 1040/80/260 1050/78/270 1051/78/271
f 1050/78/270 1040/80/260 1042/80/262
f 1048/78/268 1043/80/263 1038/80/258
f 1043/80/263 1048/78/268 1045/78/265

usemtl colormap-specular

f 108/82/25 102/83/25 100/82/25
f 102/83/25 108/82/25 109/83/25
f 612/85/28 610/84/28 617/84/28
f 610/84/28 612/85/28 611/85/28
f 660/85/147 658/84/147 665/84/147
f 658/84/147 660/85/147 659/85/147
f 196/87/28 192/86/28 194/87/28
f 190/86/28 194/87/28 192/86/28
f 187/87/28 188/86/28 200/87/28
f 199/86/28 200/87/28 188/86/28
f 884/85/28 882/84/28 889/84/28
f 882/84/28 884/85/28 883/85/28
f 924/85/28 925/85/28 923/84/28
f 930/84/28 923/84/28 925/85/28

