# Created by Kenney (www.kenney.nl)

mtllib building-p.mtl

g building-p

v 0.02179404 0.05 0.4739999 1 1 1
v -0.378206 0.05 0.4739999 1 1 1
v 0.02179404 0.4 0.4739999 1 1 1
v -0.378206 0.4 0.4739999 1 1 1
v 0.02179389 0.05 -0.3259999 1 1 1
v 0.4217939 0.05 -0.3259999 1 1 1
v 0.02179389 0.4 -0.3259999 1 1 1
v 0.4217939 0.4 -0.3259999 1 1 1
v 0.2217939 0.6 0.2739999 1 1 1
v 0.2217939 0.55 0.2739999 1 1 1
v 0.2217939 0.6 -0.1260001 1 1 1
v 0.2217939 0.55 -0.1260001 1 1 1
v 0.6217939 0.55 0.2739999 1 1 1
v 0.6217939 0.7 0.2739999 1 1 1
v 0.6217939 0.55 -0.1260001 1 1 1
v 0.6217939 0.7 -0.1260001 1 1 1
v 0.5829883 0.6902986 -0.1060001 1 1 1
v 0.2605996 0.6097014 -0.1060001 1 1 1
v 0.6023911 0.6951493 -0.08600011 1 1 1
v 0.2411968 0.6048507 -0.08600011 1 1 1
v 0.2411968 0.6048507 0.2339999 1 1 1
v 0.2605996 0.6097014 0.2539999 1 1 1
v 0.6023911 0.6951493 0.2339999 1 1 1
v 0.5829883 0.6902986 0.2539999 1 1 1
v -0.2782061 0.6 0.2739999 1 1 1
v -0.2782061 0.55 0.2739999 1 1 1
v -0.2782061 0.6 -0.1260001 1 1 1
v -0.2782061 0.55 -0.1260001 1 1 1
v 0.1217939 0.55 0.2739999 1 1 1
v 0.1217939 0.7 0.2739999 1 1 1
v 0.1217939 0.55 -0.1260001 1 1 1
v 0.1217939 0.7 -0.1260001 1 1 1
v 0.08298823 0.6902986 -0.1060001 1 1 1
v -0.2394004 0.6097014 -0.1060001 1 1 1
v 0.1023911 0.6951493 -0.08600011 1 1 1
v -0.2588032 0.6048507 -0.08600011 1 1 1
v -0.2588032 0.6048507 0.2339999 1 1 1
v -0.2394004 0.6097014 0.2539999 1 1 1
v 0.1023911 0.6951493 0.2339999 1 1 1
v 0.08298823 0.6902986 0.2539999 1 1 1
v 0.821794 0.05 0.474 1 1 1
v 0.821794 0.05 0.07399993 1 1 1
v 0.821794 0.4 0.474 1 1 1
v 0.821794 0.4 0.07399993 1 1 1
v 0.4217939 0.05 0.4739999 1 1 1
v 0.4217939 0.4 0.4739999 1 1 1
v -0.7782061 0.05 0.4739999 1 1 1
v -0.3782061 0.05 0.4739999 1 1 1
v -0.7782061 0.4 0.4739999 1 1 1
v -0.3782061 0.4 0.4739999 1 1 1
v -0.7782061 0.05 0.07399993 1 1 1
v -0.7782061 0.4 0.07399993 1 1 1
v 0.821794 0.4 -0.3260001 1 1 1
v 0.821794 0.05 -0.3260001 1 1 1
v 0.821794 0.4 0.07399993 1 1 1
v 0.821794 0.05 0.07399993 1 1 1
v 0.421794 0.05 -0.3260001 1 1 1
v 0.521794 0.05 -0.3260001 1 1 1
v 0.421794 0.4 -0.3260001 1 1 1
v 0.521794 0.28 -0.3260001 1 1 1
v 0.541794 0.3 -0.3260001 1 1 1
v 0.701794 0.3 -0.3260001 1 1 1
v 0.7217939 0.28 -0.3260001 1 1 1
v 0.7217939 0.05 -0.3260001 1 1 1
v -0.378206 0.05 -0.3259999 1 1 1
v -0.338206 0.05 -0.3259999 1 1 1
v -0.378206 0.4 -0.3259999 1 1 1
v -0.338206 0.28 -0.3259999 1 1 1
v -0.318206 0.3 -0.3259999 1 1 1
v -0.03820595 0.3 -0.3259999 1 1 1
v 0.02179404 0.4 -0.3259999 1 1 1
v -0.01820596 0.28 -0.3259999 1 1 1
v 0.02179404 0.05 -0.3259999 1 1 1
v -0.01820596 0.05 -0.3259999 1 1 1
v -0.7782061 0.05 -0.3259999 1 1 1
v -0.7782061 0.4 -0.3259999 1 1 1
v -0.7782061 0.05 0.07400008 1 1 1
v -0.7782061 0.4 0.07400008 1 1 1
v -0.738206 0.05 -0.3259999 1 1 1
v -0.738206 0.28 -0.3259999 1 1 1
v -0.718206 0.3 -0.3259999 1 1 1
v -0.438206 0.3 -0.3259999 1 1 1
v -0.3782061 0.4 -0.3259999 1 1 1
v -0.418206 0.28 -0.3259999 1 1 1
v -0.3782061 0.05 -0.3259999 1 1 1
v -0.418206 0.05 -0.3259999 1 1 1
v 0.4217939 0.05 0.4740001 1 1 1
v 0.3217939 0.05 0.4740001 1 1 1
v 0.4217939 0.4 0.4740001 1 1 1
v 0.3217939 0.28 0.4740001 1 1 1
v 0.3217939 0.3 0.4740001 1 1 1
v 0.3017939 0.3 0.4740001 1 1 1
v 0.1417939 0.3 0.4740001 1 1 1
v 0.1217939 0.3 0.4740001 1 1 1
v 0.02179389 0.4 0.4740001 1 1 1
v 0.1217939 0.28 0.4740001 1 1 1
v 0.02179389 0.05 0.4740001 1 1 1
v 0.1217939 0.05 0.4740001 1 1 1
v -0.378206 2.989164E-16 0.4939999 1 1 1
v 0.02179404 2.989164E-16 0.4939999 1 1 1
v -0.378206 2.989164E-16 0.07399993 1 1 1
v 0.02179404 2.989164E-16 0.07399993 1 1 1
v 0.02179404 0.05 0.4939999 1 1 1
v -0.378206 0.05 0.4939999 1 1 1
v 0.4217939 2.708428E-16 -0.3459999 1 1 1
v 0.02179389 2.708428E-16 -0.3459999 1 1 1
v 0.4217939 2.708428E-16 0.07400008 1 1 1
v 0.02179389 2.708428E-16 0.07400008 1 1 1
v 0.02179389 0.05 -0.3459999 1 1 1
v 0.4217939 0.05 -0.3459999 1 1 1
v 0.6417939 0.55 0.2739999 1 1 1
v 0.6217939 0.55 0.2939999 1 1 1
v 0.6417939 0.55 -0.1260001 1 1 1
v 0.6217939 0.55 -0.1460001 1 1 1
v 0.2217939 0.55 -0.1460001 1 1 1
v 0.2217939 0.55 0.2939999 1 1 1
v 0.201794 0.55 -0.1260001 1 1 1
v 0.201794 0.55 0.2739999 1 1 1
v 0.6417939 0.5 0.2739999 1 1 1
v 0.6417939 0.5 -0.1260001 1 1 1
v 0.6217939 0.5 0.2939999 1 1 1
v 0.2217939 0.5 0.2939999 1 1 1
v 0.6217939 0.5 -0.1460001 1 1 1
v 0.2217939 0.5 -0.1460001 1 1 1
v 0.201794 0.5 0.2739999 1 1 1
v 0.201794 0.5 -0.1260001 1 1 1
v 0.2605996 0.6097014 0.2339999 1 1 1
v 0.5829883 0.6902986 0.2339999 1 1 1
v 0.2557489 0.6291043 0.2339999 1 1 1
v 0.5781375 0.7097014 0.2339999 1 1 1
v 0.2605996 0.6097014 -0.08600011 1 1 1
v 0.2557489 0.6291043 -0.08600011 1 1 1
v 0.5829883 0.6902986 -0.08600011 1 1 1
v 0.5781375 0.7097014 -0.08600011 1 1 1
v 0.2363461 0.6242536 0.2339999 1 1 1
v 0.2363461 0.6242536 -0.08600011 1 1 1
v 0.2557489 0.6291043 0.2539999 1 1 1
v 0.5781375 0.7097014 0.2539999 1 1 1
v 0.5975404 0.7145522 0.2339999 1 1 1
v 0.5975404 0.7145522 -0.08600011 1 1 1
v 0.2557489 0.6291043 -0.1060001 1 1 1
v 0.5781375 0.7097014 -0.1060001 1 1 1
v 0.1417939 0.55 0.2739999 1 1 1
v 0.1217939 0.55 0.2939999 1 1 1
v 0.1417939 0.55 -0.1260001 1 1 1
v 0.1217939 0.55 -0.1460001 1 1 1
v -0.2782061 0.55 -0.1460001 1 1 1
v -0.2782061 0.55 0.2939999 1 1 1
v -0.298206 0.55 -0.1260001 1 1 1
v -0.298206 0.55 0.2739999 1 1 1
v 0.1417939 0.5 0.2739999 1 1 1
v 0.1417939 0.5 -0.1260001 1 1 1
v 0.1217939 0.5 0.2939999 1 1 1
v -0.2782061 0.5 0.2939999 1 1 1
v 0.1217939 0.5 -0.1460001 1 1 1
v -0.2782061 0.5 -0.1460001 1 1 1
v -0.298206 0.5 0.2739999 1 1 1
v -0.298206 0.5 -0.1260001 1 1 1
v -0.2394004 0.6097014 0.2339999 1 1 1
v 0.08298823 0.6902986 0.2339999 1 1 1
v -0.2442511 0.6291043 0.2339999 1 1 1
v 0.07813752 0.7097014 0.2339999 1 1 1
v -0.2394004 0.6097014 -0.08600011 1 1 1
v -0.2442511 0.6291043 -0.08600011 1 1 1
v 0.08298823 0.6902986 -0.08600011 1 1 1
v 0.07813752 0.7097014 -0.08600011 1 1 1
v -0.2636539 0.6242536 0.2339999 1 1 1
v -0.2636539 0.6242536 -0.08600011 1 1 1
v -0.2442511 0.6291043 0.2539999 1 1 1
v 0.07813752 0.7097014 0.2539999 1 1 1
v 0.09754038 0.7145522 0.2339999 1 1 1
v 0.09754038 0.7145522 -0.08600011 1 1 1
v -0.2442511 0.6291043 -0.1060001 1 1 1
v 0.07813752 0.7097014 -0.1060001 1 1 1
v 0.841794 3.045564E-16 0.474 1 1 1
v 0.841794 3.045564E-16 0.07399993 1 1 1
v 0.841794 0.05 0.474 1 1 1
v 0.841794 0.05 0.07399993 1 1 1
v 0.821794 3.045564E-16 0.494 1 1 1
v 0.821794 0.05 0.494 1 1 1
v 0.4217939 3.045564E-16 0.4939999 1 1 1
v 0.4217939 0.05 0.4939999 1 1 1
v 0.421794 3.045564E-16 0.07399987 1 1 1
v -0.7782061 3.158362E-16 0.4939999 1 1 1
v -0.3782061 3.158362E-16 0.4939999 1 1 1
v -0.7782061 0.05 0.4939999 1 1 1
v -0.3782061 0.05 0.4939999 1 1 1
v -0.798206 3.158362E-16 0.4739999 1 1 1
v -0.798206 0.05 0.4739999 1 1 1
v -0.798206 3.158362E-16 0.07399993 1 1 1
v -0.798206 0.05 0.07399993 1 1 1
v -0.3782061 3.158362E-16 0.07399993 1 1 1
v -0.5763924 0.559 0.313988 1 1 1
v -0.5850328 0.559 0.3348476 1 1 1
v -0.5616424 0.5885 0.313988 1 1 1
v -0.574603 0.5885 0.3452774 1 1 1
v -0.6353924 0.559 0.313988 1 1 1
v -0.6501424 0.5885 0.313988 1 1 1
v -0.6267521 0.559 0.3348476 1 1 1
v -0.6371819 0.5885 0.3452774 1 1 1
v -0.5850328 0.5 0.3348476 1 1 1
v -0.6058924 0.5 0.343488 1 1 1
v -0.6058924 0.559 0.343488 1 1 1
v -0.574603 0.5885 0.2826985 1 1 1
v -0.5850328 0.559 0.2931283 1 1 1
v -0.6058924 0.5885 0.358238 1 1 1
v -0.6058924 0.559 0.284488 1 1 1
v -0.6058924 0.5885 0.269738 1 1 1
v -0.6267521 0.559 0.2931283 1 1 1
v -0.6371819 0.5885 0.2826985 1 1 1
v -0.5763924 0.618 0.313988 1 1 1
v -0.5850328 0.618 0.3348476 1 1 1
v -0.6267521 0.5 0.3348476 1 1 1
v -0.6267521 0.5 0.2931283 1 1 1
v -0.6058924 0.5 0.284488 1 1 1
v -0.6353924 0.5 0.313988 1 1 1
v -0.6267521 0.618 0.2931283 1 1 1
v -0.6058924 0.618 0.284488 1 1 1
v -0.5850328 0.618 0.2931283 1 1 1
v -0.6058924 0.618 0.343488 1 1 1
v -0.6267521 0.618 0.3348476 1 1 1
v -0.6353924 0.618 0.313988 1 1 1
v -0.5850328 0.5 0.2931283 1 1 1
v -0.5763924 0.5 0.313988 1 1 1
v -0.4763923 0.559 0.313988 1 1 1
v -0.4850326 0.559 0.3348476 1 1 1
v -0.4616423 0.5885 0.313988 1 1 1
v -0.4746028 0.5885 0.3452774 1 1 1
v -0.5353923 0.559 0.313988 1 1 1
v -0.5501423 0.5885 0.313988 1 1 1
v -0.5267519 0.559 0.3348476 1 1 1
v -0.5371817 0.5885 0.3452774 1 1 1
v -0.4850326 0.5 0.3348476 1 1 1
v -0.5058923 0.5 0.343488 1 1 1
v -0.5058923 0.559 0.343488 1 1 1
v -0.4746028 0.5885 0.2826985 1 1 1
v -0.4850326 0.559 0.2931283 1 1 1
v -0.5058923 0.5885 0.358238 1 1 1
v -0.5058923 0.559 0.284488 1 1 1
v -0.5058923 0.5885 0.269738 1 1 1
v -0.5267519 0.559 0.2931283 1 1 1
v -0.5371817 0.5885 0.2826985 1 1 1
v -0.4763923 0.618 0.313988 1 1 1
v -0.4850326 0.618 0.3348476 1 1 1
v -0.5267519 0.5 0.3348476 1 1 1
v -0.5267519 0.5 0.2931283 1 1 1
v -0.5058923 0.5 0.284488 1 1 1
v -0.5353923 0.5 0.313988 1 1 1
v -0.5267519 0.618 0.2931283 1 1 1
v -0.5058923 0.618 0.284488 1 1 1
v -0.4850326 0.618 0.2931283 1 1 1
v -0.5058923 0.618 0.343488 1 1 1
v -0.5267519 0.618 0.3348476 1 1 1
v -0.5353923 0.618 0.313988 1 1 1
v -0.4850326 0.5 0.2931283 1 1 1
v -0.4763923 0.5 0.313988 1 1 1
v -0.7782061 0.5 -0.3259999 1 1 1
v -0.7782061 0.53 -0.3259999 1 1 1
v -0.7782061 0.5 0.07400008 1 1 1
v -0.7782061 0.53 0.07400008 1 1 1
v -0.3782061 0.5 -0.3259999 1 1 1
v -0.3782061 0.53 -0.3259999 1 1 1
v -0.728206 0.58 -0.2759999 1 1 1
v -0.728206 0.5 -0.2759999 1 1 1
v -0.728206 0.58 0.07400008 1 1 1
v -0.728206 0.5 0.07400008 1 1 1
v -0.7782061 0.53 -0.3459999 1 1 1
v -0.3782061 0.53 -0.3459999 1 1 1
v -0.7782061 0.58 -0.3459999 1 1 1
v -0.3782061 0.58 -0.3459999 1 1 1
v -0.798206 0.53 0.07400008 1 1 1
v -0.798206 0.53 -0.3259999 1 1 1
v -0.3782061 0.58 -0.2759999 1 1 1
v -0.798206 0.58 0.07400008 1 1 1
v -0.798206 0.58 -0.3259999 1 1 1
v -0.3782061 0.5 -0.2759999 1 1 1
v -0.378206 0.53 -0.326 1 1 1
v 0.0217941 0.53 -0.3259999 1 1 1
v -0.378206 0.53 -0.346 1 1 1
v 0.0217941 0.53 -0.3459999 1 1 1
v 0.0217941 0.5 -0.3259999 1 1 1
v -0.378206 0.5 -0.326 1 1 1
v 0.02179408 0.58 -0.2759999 1 1 1
v 0.02179408 0.5 -0.2759999 1 1 1
v -0.378206 0.58 -0.276 1 1 1
v -0.378206 0.5 -0.276 1 1 1
v -0.378206 0.58 -0.346 1 1 1
v 0.0217941 0.58 -0.3459999 1 1 1
v 0.02179389 0.53 -0.326 1 1 1
v 0.4217939 0.53 -0.3259999 1 1 1
v 0.02179389 0.53 -0.346 1 1 1
v 0.4217939 0.53 -0.3459999 1 1 1
v 0.4217939 0.5 -0.3259999 1 1 1
v 0.02179389 0.5 -0.326 1 1 1
v 0.4217939 0.58 -0.2759999 1 1 1
v 0.4217939 0.5 -0.2759999 1 1 1
v 0.02179387 0.58 -0.276 1 1 1
v 0.02179387 0.5 -0.276 1 1 1
v 0.02179389 0.58 -0.346 1 1 1
v 0.4217939 0.58 -0.3459999 1 1 1
v 0.821794 0.5 -0.3259999 1 1 1
v 0.821794 0.53 -0.3259999 1 1 1
v 0.421794 0.5 -0.326 1 1 1
v 0.421794 0.53 -0.326 1 1 1
v 0.821794 0.5 0.07400014 1 1 1
v 0.821794 0.53 0.07400014 1 1 1
v 0.771794 0.58 -0.2759999 1 1 1
v 0.771794 0.5 -0.2759999 1 1 1
v 0.421794 0.58 -0.276 1 1 1
v 0.421794 0.5 -0.276 1 1 1
v 0.841794 0.53 -0.3259999 1 1 1
v 0.841794 0.53 0.07400014 1 1 1
v 0.841794 0.58 -0.3259999 1 1 1
v 0.841794 0.58 0.07400014 1 1 1
v 0.421794 0.53 -0.346 1 1 1
v 0.821794 0.53 -0.3459999 1 1 1
v 0.771794 0.58 0.07400012 1 1 1
v 0.421794 0.58 -0.346 1 1 1
v 0.821794 0.58 -0.3459999 1 1 1
v 0.771794 0.5 0.07400012 1 1 1
v 0.821794 0.5 0.4739999 1 1 1
v 0.821794 0.53 0.4739999 1 1 1
v 0.821794 0.5 0.07399993 1 1 1
v 0.821794 0.53 0.07399993 1 1 1
v 0.421794 0.5 0.4739999 1 1 1
v 0.421794 0.53 0.4739999 1 1 1
v 0.771794 0.58 0.4239999 1 1 1
v 0.771794 0.5 0.4239999 1 1 1
v 0.771794 0.58 0.07399993 1 1 1
v 0.771794 0.5 0.07399993 1 1 1
v 0.821794 0.53 0.4939999 1 1 1
v 0.421794 0.53 0.4939999 1 1 1
v 0.821794 0.58 0.4939999 1 1 1
v 0.421794 0.58 0.4939999 1 1 1
v 0.841794 0.53 0.07399993 1 1 1
v 0.841794 0.53 0.4739999 1 1 1
v 0.421794 0.58 0.4239999 1 1 1
v 0.841794 0.58 0.07399993 1 1 1
v 0.841794 0.58 0.4739999 1 1 1
v 0.421794 0.5 0.4239999 1 1 1
v 0.4217939 0.53 0.4739999 1 1 1
v 0.02179389 0.53 0.474 1 1 1
v 0.4217939 0.53 0.4939999 1 1 1
v 0.02179389 0.53 0.494 1 1 1
v 0.02179389 0.5 0.474 1 1 1
v 0.4217939 0.5 0.4739999 1 1 1
v 0.02179387 0.58 0.424 1 1 1
v 0.02179387 0.5 0.424 1 1 1
v 0.4217939 0.58 0.4239999 1 1 1
v 0.4217939 0.5 0.4239999 1 1 1
v 0.4217939 0.58 0.4939999 1 1 1
v 0.02179389 0.58 0.494 1 1 1
v 0.0217941 0.53 0.4739999 1 1 1
v -0.378206 0.53 0.474 1 1 1
v 0.0217941 0.53 0.4939999 1 1 1
v -0.378206 0.53 0.494 1 1 1
v -0.378206 0.5 0.474 1 1 1
v 0.0217941 0.5 0.4739999 1 1 1
v -0.378206 0.58 0.424 1 1 1
v -0.378206 0.5 0.424 1 1 1
v 0.02179408 0.58 0.4239999 1 1 1
v 0.02179408 0.5 0.4239999 1 1 1
v 0.0217941 0.58 0.4939999 1 1 1
v -0.378206 0.58 0.494 1 1 1
v -0.7782061 0.5 0.474 1 1 1
v -0.7782061 0.53 0.474 1 1 1
v -0.378206 0.5 0.4739999 1 1 1
v -0.378206 0.53 0.4739999 1 1 1
v -0.7782061 0.5 0.07399993 1 1 1
v -0.7782061 0.53 0.07399993 1 1 1
v -0.728206 0.58 0.424 1 1 1
v -0.728206 0.5 0.424 1 1 1
v -0.378206 0.58 0.4239999 1 1 1
v -0.378206 0.5 0.4239999 1 1 1
v -0.798206 0.53 0.474 1 1 1
v -0.7982061 0.53 0.07399993 1 1 1
v -0.798206 0.58 0.474 1 1 1
v -0.7982061 0.58 0.07399993 1 1 1
v -0.378206 0.53 0.4939999 1 1 1
v -0.7782061 0.53 0.494 1 1 1
v -0.7282061 0.58 0.07399991 1 1 1
v -0.378206 0.58 0.4939999 1 1 1
v -0.7782061 0.58 0.494 1 1 1
v -0.7282061 0.5 0.07399991 1 1 1
v 0.02179404 0.4 -0.326 1 1 1
v -0.378206 0.4 -0.326 1 1 1
v 0.02179404 0.5 -0.326 1 1 1
v 0.821794 0.4 0.4739999 1 1 1
v 0.421794 0.4 0.4739999 1 1 1
v 0.02179404 0.4 0.474 1 1 1
v -0.378206 0.4 0.474 1 1 1
v 0.02179404 0.5 0.474 1 1 1
v -0.7782061 0.5 0.4739999 1 1 1
v -0.7782061 0.5 0.07399993 1 1 1
v -0.3782061 0.5 0.4739999 1 1 1
v 0.02179389 0.4 -0.326 1 1 1
v 0.4217939 0.4 -0.326 1 1 1
v 0.4217939 0.5 -0.326 1 1 1
v 0.821794 0.5 -0.3259999 1 1 1
v 0.821794 0.4 -0.3259999 1 1 1
v 0.821794 0.5 0.07400008 1 1 1
v 0.821794 0.4 0.07400008 1 1 1
v 0.421794 0.4 -0.3259999 1 1 1
v 0.421794 0.5 -0.3259999 1 1 1
v 0.02179389 0.4 0.474 1 1 1
v 0.4217939 0.4 0.474 1 1 1
v 0.4217939 0.5 0.474 1 1 1
v 0.481794 3.609557E-16 -0.396 1 1 1
v 0.451794 3.609557E-16 -0.396 1 1 1
v 0.481794 0.349 -0.396 1 1 1
v 0.451794 0.349 -0.396 1 1 1
v 0.481794 0.34 -0.426 1 1 1
v 0.481794 4.060752E-16 -0.426 1 1 1
v 0.451794 4.060752E-16 -0.426 1 1 1
v 0.451794 0.34 -0.426 1 1 1
v 0.761794 4.511946E-17 -0.426 1 1 1
v 0.7917939 4.511946E-17 -0.426 1 1 1
v 0.761794 0.34 -0.426 1 1 1
v 0.7917939 0.34 -0.426 1 1 1
v 0.7917939 0 -0.396 1 1 1
v 0.761794 0 -0.396 1 1 1
v 0.7917939 0.349 -0.396 1 1 1
v 0.761794 0.349 -0.396 1 1 1
v 0.691794 4.513206E-16 -0.3460001 1 1 1
v 0.691794 0.27 -0.3460001 1 1 1
v 0.691794 4.618473E-16 -0.3260001 1 1 1
v 0.691794 0.27 -0.3260001 1 1 1
v 0.551794 0.27 -0.3460001 1 1 1
v 0.551794 4.513206E-16 -0.3460001 1 1 1
v 0.551794 0.27 -0.3260001 1 1 1
v 0.551794 4.618473E-16 -0.3260001 1 1 1
v 0.841794 0.05 -0.3260001 1 1 1
v 0.841794 2.707168E-16 -0.3260001 1 1 1
v 0.841794 0.05 0.07399993 1 1 1
v 0.841794 2.813694E-16 0.07399993 1 1 1
v 0.521794 0.05 -0.3460001 1 1 1
v 0.421794 0.05 -0.3460001 1 1 1
v 0.521794 0.28 -0.3460001 1 1 1
v 0.421794 2.708428E-16 -0.3460001 1 1 1
v 0.7217939 0.28 -0.3460001 1 1 1
v 0.541794 0.3 -0.3460001 1 1 1
v 0.701794 0.3 -0.3460001 1 1 1
v 0.7217939 0.05 -0.3460001 1 1 1
v 0.821794 0.05 -0.3460001 1 1 1
v 0.821794 2.951879E-16 -0.3460001 1 1 1
v 0.421794 2.813694E-16 0.07399993 1 1 1
v 0.6617939 0.03 -0.3260001 1 1 1
v 0.6617939 0.03 -0.3060001 1 1 1
v 0.581794 0.03 -0.3260001 1 1 1
v 0.581794 0.03 -0.3060001 1 1 1
v 0.581794 0.24 -0.3260001 1 1 1
v 0.581794 0.15 -0.3260001 1 1 1
v 0.581794 0.24 -0.3060001 1 1 1
v 0.581794 0.12 -0.3260001 1 1 1
v 0.6617939 0.24 -0.3060001 1 1 1
v 0.6617939 0.24 -0.3260001 1 1 1
v 0.6617939 0.12 -0.3260001 1 1 1
v 0.6617939 0.15 -0.3260001 1 1 1
v 0.5817938 0.1142649 -0.326 1 1 1
v 0.5817938 0.1142649 -0.3370001 1 1 1
v 0.5625238 0.1142649 -0.326 1 1 1
v 0.5625238 0.1142649 -0.3370001 1 1 1
v 0.5817938 0.1557351 -0.3370001 1 1 1
v 0.5817938 0.1557351 -0.326 1 1 1
v 0.5625238 0.1557351 -0.3370001 1 1 1
v 0.5625238 0.1557351 -0.326 1 1 1
v 0.5691099 0.1332044 -0.337 1 1 1
v 0.5691099 0.1463153 -0.337 1 1 1
v 0.6000233 0.1332044 -0.337 1 1 1
v 0.6000233 0.1463153 -0.337 1 1 1
v 0.5691099 0.1332044 -0.348 1 1 1
v 0.6000233 0.1332044 -0.348 1 1 1
v 0.5691099 0.1463153 -0.348 1 1 1
v 0.6000233 0.1463153 -0.348 1 1 1
v -0.8289339 0.04999998 -0.284728 1 1 1
v -0.816206 0.04999998 -0.2900001 1 1 1
v -0.8289339 0.45 -0.284728 1 1 1
v -0.816206 0.45 -0.2900001 1 1 1
v -0.798206 0.45 -0.2720001 1 1 1
v -0.798206 0.04999998 -0.2720001 1 1 1
v -0.8034781 0.45 -0.2592722 1 1 1
v -0.8034781 0.04999998 -0.2592722 1 1 1
v -0.8034781 0.04999998 -0.284728 1 1 1
v -0.8034781 0.45 -0.284728 1 1 1
v -0.816206 0.04999998 -0.2540001 1 1 1
v -0.816206 0.45 -0.2540001 1 1 1
v -0.8289339 0.04999998 -0.2592722 1 1 1
v -0.8289339 0.45 -0.2592722 1 1 1
v -0.834206 0.04999998 -0.2720001 1 1 1
v -0.834206 0.45 -0.2720001 1 1 1
v -0.778206 0.45 -0.2540001 1 1 1
v -0.778206 0.45 -0.2900001 1 1 1
v -0.834206 0.45 -0.2540001 1 1 1
v -0.834206 0.45 -0.2900001 1 1 1
v -0.778206 0.486 -0.2900001 1 1 1
v -0.778206 0.486 -0.2540001 1 1 1
v -0.824206 0.486 -0.2900001 1 1 1
v -0.824206 0.486 -0.2540001 1 1 1
v -0.834206 0.476 -0.2540001 1 1 1
v -0.834206 0.476 -0.2900001 1 1 1
v -0.8342993 0.1107845 -0.2900935 1 1 1
v -0.8342993 0.1392155 -0.2900935 1 1 1
v -0.8417939 0.1107845 -0.2720001 1 1 1
v -0.8417939 0.1392155 -0.2720001 1 1 1
v -0.816206 0.1107845 -0.297588 1 1 1
v -0.816206 0.1392155 -0.297588 1 1 1
v -0.7906181 0.1392155 -0.2720001 1 1 1
v -0.7906181 0.1107845 -0.2720001 1 1 1
v -0.7981126 0.1392155 -0.2539067 1 1 1
v -0.7981126 0.1107845 -0.2539067 1 1 1
v -0.7981126 0.1392155 -0.2900935 1 1 1
v -0.7981126 0.1107845 -0.2900935 1 1 1
v -0.8342993 0.1107845 -0.2539067 1 1 1
v -0.8342993 0.1392155 -0.2539067 1 1 1
v -0.816206 0.1107845 -0.2464122 1 1 1
v -0.816206 0.1392155 -0.2464122 1 1 1
v -0.8342993 0.364707 -0.2900935 1 1 1
v -0.8342993 0.393138 -0.2900935 1 1 1
v -0.8417939 0.364707 -0.2720001 1 1 1
v -0.8417939 0.393138 -0.2720001 1 1 1
v -0.816206 0.364707 -0.297588 1 1 1
v -0.816206 0.393138 -0.297588 1 1 1
v -0.7906181 0.393138 -0.2720001 1 1 1
v -0.7906181 0.364707 -0.2720001 1 1 1
v -0.7981126 0.393138 -0.2539067 1 1 1
v -0.7981126 0.364707 -0.2539067 1 1 1
v -0.7981126 0.393138 -0.2900935 1 1 1
v -0.7981126 0.364707 -0.2900935 1 1 1
v -0.8342993 0.364707 -0.2539067 1 1 1
v -0.8342993 0.393138 -0.2539067 1 1 1
v -0.816206 0.364707 -0.2464122 1 1 1
v -0.816206 0.393138 -0.2464122 1 1 1
v 0.4217939 0.05 -0.446 1 1 1
v 0.4217939 2.707839E-16 -0.446 1 1 1
v 0.4217939 0.05 -0.346 1 1 1
v 0.4217939 2.707168E-16 -0.346 1 1 1
v 0.07179388 2.707839E-16 -0.496 1 1 1
v 0.3717939 2.707839E-16 -0.496 1 1 1
v 0.07179388 0.05 -0.496 1 1 1
v 0.3717939 0.05 -0.496 1 1 1
v 0.4071492 2.707561E-16 -0.4813553 1 1 1
v 0.4071492 0.05 -0.4813553 1 1 1
v 0.02179389 2.707839E-16 -0.446 1 1 1
v 0.02179389 0.05 -0.446 1 1 1
v 0.02179389 2.707168E-16 -0.346 1 1 1
v 0.02179389 0.05 -0.346 1 1 1
v 0.03643855 2.707561E-16 -0.4813553 1 1 1
v 0.03643855 0.05 -0.4813553 1 1 1
v 0.0417939 0.05 -0.346 1 1 1
v 0.0417939 0.05 -0.4420217 1 1 1
v 0.05174589 0.05 -0.466048 1 1 1
v 0.07577214 0.05 -0.476 1 1 1
v 0.3678156 0.05 -0.476 1 1 1
v 0.3918419 0.05 -0.466048 1 1 1
v 0.4017939 0.05 -0.4420217 1 1 1
v 0.4017939 0.05 -0.346 1 1 1
v 0.05174589 0.03 -0.466048 1 1 1
v 0.0417939 0.03 -0.4420217 1 1 1
v 0.0417939 0.03 -0.346 1 1 1
v 0.4017939 0.03 -0.4420217 1 1 1
v 0.4017939 0.03 -0.346 1 1 1
v 0.3918419 0.03 -0.466048 1 1 1
v 0.3678156 0.03 -0.476 1 1 1
v 0.07577214 0.03 -0.476 1 1 1
v -0.378206 3.106356E-16 -0.3459999 1 1 1
v -0.378206 3.610817E-16 0.07400008 1 1 1
v -0.308206 4.513206E-16 -0.3459999 1 1 1
v -0.308206 4.513206E-16 -0.2259999 1 1 1
v -0.04820596 4.513206E-16 -0.2259999 1 1 1
v 0.02179404 2.708428E-16 0.07400008 1 1 1
v 0.02179404 2.708428E-16 -0.3459999 1 1 1
v -0.04820596 4.513206E-16 -0.3459999 1 1 1
v 0.02179404 0.05 -0.3459999 1 1 1
v -0.01820596 0.05 -0.3459999 1 1 1
v -0.01820596 0.28 -0.3459999 1 1 1
v -0.03820595 0.3 -0.3459999 1 1 1
v -0.318206 0.3 -0.3459999 1 1 1
v -0.338206 0.28 -0.3459999 1 1 1
v -0.378206 0.05 -0.3459999 1 1 1
v -0.338206 0.05 -0.3459999 1 1 1
v -0.308206 0.27 -0.3459999 1 1 1
v -0.04820596 0.27 -0.3459999 1 1 1
v -0.2001546 0.1442437 -0.3618647 1 1 1
v -0.2001546 0.1569079 -0.3584713 1 1 1
v -0.2001546 0.1413967 -0.3512395 1 1 1
v -0.2001546 0.1540609 -0.3478462 1 1 1
v -0.1562574 0.1569079 -0.3584713 1 1 1
v -0.1562574 0.1540609 -0.3478462 1 1 1
v -0.1562574 0.1413967 -0.3512395 1 1 1
v -0.1562574 0.1442437 -0.3618647 1 1 1
v -0.4482061 4.911135E-16 -0.3459999 1 1 1
v -0.4482061 0.27 -0.3459999 1 1 1
v -0.4482061 4.911135E-16 -0.3259999 1 1 1
v -0.4482061 0.27 -0.3259999 1 1 1
v -0.7082061 0.27 -0.3459999 1 1 1
v -0.7082061 4.911135E-16 -0.3459999 1 1 1
v -0.7082061 0.27 -0.3259999 1 1 1
v -0.7082061 4.911135E-16 -0.3259999 1 1 1
v -0.3782061 3.106356E-16 0.07400008 1 1 1
v -0.3782061 3.106356E-16 -0.3459999 1 1 1
v -0.798206 3.106356E-16 0.07400008 1 1 1
v -0.7782061 3.504285E-16 -0.3459999 1 1 1
v -0.798206 3.106356E-16 -0.3259999 1 1 1
v -0.738206 0.05 -0.3459999 1 1 1
v -0.7782061 0.05 -0.3459999 1 1 1
v -0.798206 0.05 0.07400008 1 1 1
v -0.798206 0.05 -0.3259999 1 1 1
v -0.3782061 0.05 -0.3459999 1 1 1
v -0.418206 0.05 -0.3459999 1 1 1
v -0.418206 0.28 -0.3459999 1 1 1
v -0.438206 0.3 -0.3459999 1 1 1
v -0.718206 0.3 -0.3459999 1 1 1
v -0.738206 0.28 -0.3459999 1 1 1
v -0.6001546 0.03688905 -0.3370001 1 1 1
v -0.6001546 0.05 -0.3370001 1 1 1
v -0.6001546 0.03688905 -0.326 1 1 1
v -0.6001546 0.05 -0.326 1 1 1
v -0.5562575 0.05 -0.3370001 1 1 1
v -0.5562575 0.05 -0.326 1 1 1
v -0.5562575 0.03688905 -0.326 1 1 1
v -0.5562575 0.03688905 -0.3370001 1 1 1
v 0.3217939 0.05 0.4940001 1 1 1
v 0.3217939 0.28 0.4940001 1 1 1
v 0.4217939 0.05 0.4940001 1 1 1
v 0.02179389 0.05 0.4940001 1 1 1
v 0.1217939 0.05 0.4940001 1 1 1
v 0.02179389 3.025824E-16 0.07400008 1 1 1
v 0.02179389 2.989164E-16 0.4940001 1 1 1
v 0.4217939 3.025824E-16 0.07400008 1 1 1
v 0.1517939 4.830602E-16 0.4740001 1 1 1
v 0.1517939 4.830602E-16 0.4940001 1 1 1
v 0.2917939 4.830602E-16 0.4740001 1 1 1
v 0.2917939 4.830602E-16 0.4940001 1 1 1
v 0.4217939 3.025824E-16 0.4940001 1 1 1
v 0.1417939 0.3 0.4940001 1 1 1
v 0.3017939 0.3 0.4940001 1 1 1
v 0.1217939 0.28 0.4940001 1 1 1
v 0.2917939 0.27 0.4940001 1 1 1
v 0.1517939 0.27 0.4940001 1 1 1
v 0.1517939 0.27 0.4740001 1 1 1
v 0.2917939 0.27 0.4740001 1 1 1
v 0.2550058 0.09534679 0.474 1 1 1
v 0.2550058 0.09534679 0.4850001 1 1 1
v 0.2742758 0.09534679 0.474 1 1 1
v 0.2742758 0.09534679 0.4850001 1 1 1
v 0.2550058 0.136817 0.4850001 1 1 1
v 0.2550058 0.136817 0.474 1 1 1
v 0.2742758 0.136817 0.4850001 1 1 1
v 0.2742758 0.136817 0.474 1 1 1
v 0.2676898 0.1142863 0.485 1 1 1
v 0.2676898 0.1273973 0.485 1 1 1
v 0.2367763 0.1142863 0.485 1 1 1
v 0.2367763 0.1273973 0.485 1 1 1
v 0.2676898 0.1142863 0.496 1 1 1
v 0.2367763 0.1142863 0.496 1 1 1
v 0.2676898 0.1273973 0.496 1 1 1
v 0.2367763 0.1273973 0.496 1 1 1
v 0.5635854 0.6854479 0.2139999 1 1 1
v 0.5684361 0.666045 0.2139999 1 1 1
v 0.5635854 0.6854479 -0.06600012 1 1 1
v 0.5684361 0.666045 -0.06600012 1 1 1
v 0.2848532 0.5951493 -0.06600012 1 1 1
v 0.2800025 0.6145521 -0.06600012 1 1 1
v 0.3411968 0.6298507 -0.06600012 1 1 1
v 0.3605996 0.6347014 -0.06600012 1 1 1
v 0.4829882 0.6652986 -0.06600012 1 1 1
v 0.5023911 0.6701493 -0.06600012 1 1 1
v 0.2848532 0.5951493 0.2139999 1 1 1
v 0.2800025 0.6145521 0.2139999 1 1 1
v 0.3411968 0.6298507 0.2139999 1 1 1
v 0.3605996 0.6347014 0.2139999 1 1 1
v 0.4829882 0.6652986 0.2139999 1 1 1
v 0.5023911 0.6701493 0.2139999 1 1 1
v 0.06358539 0.6854479 0.2139999 1 1 1
v 0.0684361 0.666045 0.2139999 1 1 1
v 0.06358539 0.6854479 -0.06600012 1 1 1
v 0.0684361 0.666045 -0.06600012 1 1 1
v -0.2151468 0.5951493 -0.06600012 1 1 1
v -0.2199975 0.6145521 -0.06600012 1 1 1
v -0.1588032 0.6298507 -0.06600012 1 1 1
v -0.1394004 0.6347014 -0.06600012 1 1 1
v -0.01701177 0.6652986 -0.06600012 1 1 1
v 0.002391085 0.6701493 -0.06600012 1 1 1
v -0.2151468 0.5951493 0.2139999 1 1 1
v -0.2199975 0.6145521 0.2139999 1 1 1
v -0.1588032 0.6298507 0.2139999 1 1 1
v -0.1394004 0.6347014 0.2139999 1 1 1
v -0.01701176 0.6652986 0.2139999 1 1 1
v 0.002391085 0.6701493 0.2139999 1 1 1
v -0.3782061 0.5 0.07400008 1 1 1
v -0.378206 0.5 0.07400008 1 1 1
v 0.02179404 0.5 0.07400014 1 1 1
v 0.02179383 0.5 0.07400008 1 1 1
v 0.4217939 0.5 0.07400014 1 1 1
v 0.4217939 0.5 0.07400008 1 1 1
v 0.421794 0.5 0.07399993 1 1 1
v 0.4217939 0.5 0.07399987 1 1 1
v 0.02179383 0.5 0.07399993 1 1 1
v 0.02179404 0.5 0.07399987 1 1 1
v -0.378206 0.5 0.07399993 1 1 1
v -0.3782061 0.5 0.07399987 1 1 1
v 0.421794 0.3316326 -0.4538914 1 1 1
v 0.421794 0.3616326 -0.4538914 1 1 1
v 0.421794 0.37 -0.3260001 1 1 1
v 0.441794 0.3256326 -0.4738914 1 1 1
v 0.801794 0.3256326 -0.4738914 1 1 1
v 0.441794 0.3556326 -0.4738914 1 1 1
v 0.801794 0.3556326 -0.4738914 1 1 1
v 0.821794 0.3316326 -0.4538914 1 1 1
v 0.821794 0.3616326 -0.4538914 1 1 1
v 0.821794 0.37 -0.3260001 1 1 1
v -0.04820596 0.27 -0.2259999 1 1 1
v -0.308206 0.27 -0.2259999 1 1 1
v 0.3245021 0.1771095 -0.4217017 1 1 1
v 0.3245021 0.1771095 -0.3858349 1 1 1
v 0.2934406 0.1771095 -0.4396351 1 1 1
v 0.2934406 0.1771095 -0.3679015 1 1 1
v 0.262379 0.1771095 -0.4217017 1 1 1
v 0.262379 0.1771095 -0.3858349 1 1 1
v 0.2313175 0.09955978 -0.4396351 1 1 1
v 0.2313175 0.09955978 -0.3679015 1 1 1
v 0.2520252 0.03 -0.4276795 1 1 1
v 0.2520252 0.03 -0.3798571 1 1 1
v 0.2934406 0.03 -0.3559459 1 1 1
v 0.2934406 0.09955978 -0.3320347 1 1 1
v 0.2934406 0.03 -0.4515907 1 1 1
v 0.2934406 0.09955978 -0.4755019 1 1 1
v 0.334856 0.03 -0.4276795 1 1 1
v 0.3555637 0.09955978 -0.4396351 1 1 1
v 0.334856 0.03 -0.3798571 1 1 1
v 0.3555637 0.09955978 -0.3679015 1 1 1
v 0.1815195 0.1415561 -0.4244974 1 1 1
v 0.1815195 0.1415561 -0.3852107 1 1 1
v 0.1474962 0.1415561 -0.4441408 1 1 1
v 0.1474962 0.1415561 -0.3655673 1 1 1
v 0.1134729 0.1415561 -0.4244974 1 1 1
v 0.1134729 0.1415561 -0.3852107 1 1 1
v 0.07944959 0.08274858 -0.4441408 1 1 1
v 0.07944959 0.08274858 -0.3655673 1 1 1
v 0.1021318 0.03 -0.4310452 1 1 1
v 0.1021318 0.03 -0.3786629 1 1 1
v 0.1474962 0.03 -0.3524717 1 1 1
v 0.1474962 0.08274858 -0.3262806 1 1 1
v 0.1474962 0.03 -0.4572364 1 1 1
v 0.1474962 0.08274858 -0.4834275 1 1 1
v 0.1928606 0.03 -0.4310452 1 1 1
v 0.2155429 0.08274858 -0.4441408 1 1 1
v 0.1928606 0.03 -0.3786629 1 1 1
v 0.2155429 0.08274858 -0.3655673 1 1 1
v -0.08820597 0.2796313 -0.3141999 1 1 1
v -0.08820597 0.2744549 -0.2948814 1 1 1
v -0.268206 0.2796313 -0.3141999 1 1 1
v -0.268206 0.2744549 -0.2948814 1 1 1
v -0.268206 0.3182683 -0.3038472 1 1 1
v -0.268206 0.3130919 -0.2845286 1 1 1
v -0.08820597 0.3130919 -0.2845286 1 1 1
v -0.08820597 0.3182683 -0.3038472 1 1 1
v -0.04820597 0.3665646 -0.2909062 1 1 1
v -0.04820597 0.1057646 -0.3607873 1 1 1
v -0.308206 0.3665646 -0.2909062 1 1 1
v -0.308206 0.1057646 -0.3607873 1 1 1
v -0.4882061 0.18 -0.326 1 1 1
v -0.4882061 0.18 -0.306 1 1 1
v -0.668206 0.18 -0.326 1 1 1
v -0.668206 0.18 -0.306 1 1 1
v -0.668206 0.22 -0.326 1 1 1
v -0.668206 0.22 -0.306 1 1 1
v -0.4882061 0.22 -0.306 1 1 1
v -0.4882061 0.22 -0.326 1 1 1
v -0.4482061 0.27 -0.326 1 1 1
v -0.4482061 4.911135E-16 -0.326 1 1 1
v -0.7082061 0.27 -0.326 1 1 1
v -0.7082061 4.911135E-16 -0.326 1 1 1
v -0.08820597 0.2744549 -0.2948813 1 1 1
v -0.08820597 0.3130919 -0.2845285 1 1 1
v -0.268206 0.2744549 -0.2948813 1 1 1
v -0.268206 0.3130919 -0.2845285 1 1 1
v -0.4882061 0.18 -0.3059999 1 1 1
v -0.4882061 0.22 -0.3059999 1 1 1
v -0.668206 0.18 -0.3059999 1 1 1
v -0.668206 0.22 -0.3059999 1 1 1

vn 2.137179E-14 0 1
vn 0 0 -1
vn -1 0 1.490017E-08
vn 1.490017E-08 0 1
vn -1.490017E-08 0 -1
vn 1 0 -1.490017E-08
vn -0.2425356 0.9701425 3.613821E-09
vn 1 0 1.192093E-07
vn -1.192093E-07 0 1
vn -1.490072E-08 0 1
vn -1 0 -1.490072E-08
vn 1 0 0
vn -1 0 0
vn 7.729928E-14 0 1
vn 0 -1 0
vn 0 1 0
vn 0.9238795 0 0.3826834
vn 0.9238795 0 -0.3826834
vn 0.3826834 0 0.9238795
vn -0.3826834 0 0.9238795
vn 0.3826834 0 -0.9238795
vn -0.3826834 0 -0.9238795
vn -0.9238795 0 0.3826834
vn -0.9238795 0 -0.3826834
vn 0.9701425 0.2425356 -1.445528E-08
vn -0.9701425 -0.2425356 1.445528E-08
vn -0.8962948 -0.2240737 0.3826835
vn -0.8962948 -0.2240737 -0.3826835
vn -0.3712575 -0.09281436 0.9238795
vn 0.3712575 0.09281436 0.9238795
vn 0.8962948 0.2240737 0.3826835
vn 0.8962948 0.2240737 -0.3826835
vn -0.3712575 -0.09281436 -0.9238795
vn 0.3712575 0.09281436 -0.9238795
vn 0.9238796 0 0.3826836
vn 0.3826834 0 0.9238797
vn 0.8944272 -0.4472136 0
vn 0.6324555 -0.4472136 0.6324555
vn 0.7071068 0 0.7071068
vn -0.8944272 -0.4472136 0
vn -0.6324555 -0.4472136 0.6324555
vn -0.7071068 0 0.7071068
vn 0 0 1
vn 0.7071068 0 -0.7071068
vn 0.6324555 -0.4472136 -0.6324555
vn 0 -0.4472136 0.8944272
vn 0 -0.4472136 -0.8944272
vn -0.6324555 -0.4472136 -0.6324555
vn -0.7071068 0 -0.7071068
vn 0.8944272 0.4472136 0
vn 0.6324555 0.4472136 0.6324555
vn -0.6324555 0.4472136 -0.6324555
vn 0 0.4472136 -0.8944272
vn 0.6324555 0.4472136 -0.6324555
vn 0 0.4472136 0.8944272
vn -0.6324555 0.4472136 0.6324555
vn -0.8944272 0.4472136 0
vn 1.192093E-07 0 -1
vn 0.9238797 0 -0.3826834
vn 0.3826836 0 -0.9238796
vn -1 0 -1.192093E-07
vn 1 0 -1.490115E-08
vn 1.490115E-08 0 1
vn -1 0 1.490115E-08
vn -1.490115E-08 0 -1
vn 1.192093E-07 0 1
vn -1.192093E-07 0 -1
vn -1 0 1.192093E-07
vn -0.9238796 0 0.3826836
vn -0.3826834 0 0.9238797
vn 1 0 -1.192093E-07
vn 1 0 -2.137179E-14
vn -1 0 2.137179E-14
vn -0.9238795 0.3826834 0
vn 0.3826834 0.9238795 0
vn -0.3826834 0.9238795 0
vn 0.9238795 0.3826834 0
vn -0.7071068 0.7071068 0
vn 0.7071068 0.7071068 0
vn 0.7071068 -0.7071068 0
vn -0.7071068 -0.7071068 0
vn -0.7071068 0 -0.7071068
vn 0.7071068 0 0.7071068
vn 0.7071068 0 -0.7071068
vn -0.7071068 0 0.7071068
vn -0.3662924 0.9304998 0
vn -0.9179972 0.3965869 0
vn 0.9807853 0 -0.1950903
vn -0.1950903 0 -0.9807853
vn 0.1950903 0 -0.9807853
vn -0.9807853 0 -0.1950903
vn 0.9807853 0 0.1950903
vn -0.9807853 0 0.1950903
vn -0.1950903 0 0.9807853
vn 0.1950903 0 0.9807853
vn -0.7071068 0.1830127 -0.6830127
vn 0 0.9659258 0.258819
vn 0 -0.9659258 -0.258819
vn 0.7071068 0.1830127 -0.6830127
vn 1 0 -7.729928E-14
vn 0.9238795 0.3826834 -7.141522E-14
vn -0.3826834 0.9238795 2.958115E-14
vn 0.3826834 0.9238795 -2.958115E-14
vn -0.9238795 0.3826834 7.141522E-14
vn -1 0 7.729928E-14
vn -0.7071068 -0.7071068 5.465884E-14
vn 0.7071068 -0.7071068 -5.465884E-14
vn -0.7071068 0.7071068 5.465884E-14
vn 0.7071068 0.7071068 -5.465884E-14
vn -7.729928E-14 0 -1
vn -0.8958917 0 -0.4442728
vn -0.946532 0 -0.3226101
vn -0.3552509 0 -0.934771
vn 0.3552509 0 -0.934771
vn -0.406422 0 -0.9136855
vn 0.406422 0 -0.9136855
vn 0.8958917 0 -0.4442728
vn 0.946532 0 -0.3226101
vn 0 0.9578263 -0.2873479
vn 0 -0.9578263 0.2873479
vn 0.5846676 0.7377115 -0.337558
vn 0.5846676 0.7377115 0.337558
vn 0 0.7377115 -0.6751161
vn 0 0.7377115 0.6751161
vn -0.5846676 0.7377115 -0.337558
vn -0.5846676 0.7377115 0.337558
vn -0.8652222 0.04306141 -0.4995362
vn -0.8652222 0.04306141 0.4995362
vn -0.8189886 -0.32508 -0.4728432
vn -0.8189886 -0.32508 0.4728432
vn 0 -0.3250801 0.9456865
vn 0 0.04306141 0.9990724
vn 0 -0.3250801 -0.9456865
vn 0 0.04306141 -0.9990724
vn 0.8189886 -0.32508 -0.4728432
vn 0.8652222 0.04306141 -0.4995362
vn 0.8189886 -0.32508 0.4728432
vn 0.8652222 0.04306141 0.4995362
vn 0.4634895 0.8447307 -0.2675958
vn 0.4634895 0.8447307 0.2675958
vn 0 0.8447307 -0.5351916
vn 0 0.8447307 0.5351916
vn -0.4634895 0.8447307 -0.2675958
vn -0.4634895 0.8447307 0.2675958
vn -0.8643519 0.06213726 -0.4990338
vn -0.8643519 0.06213726 0.4990338
vn -0.7756709 -0.4447243 -0.4478337
vn -0.7756709 -0.4447243 0.4478337
vn 0 -0.4447242 0.8956675
vn 0 0.06213726 0.9980677
vn 0 -0.4447242 -0.8956675
vn 0 0.06213726 -0.9980677
vn 0.7756709 -0.4447243 -0.4478337
vn 0.8643519 0.06213726 -0.4990338
vn 0.7756709 -0.4447243 0.4478337
vn 0.8643519 0.06213726 0.4990338
vn -0.7071068 0.6830127 0.1830127
vn 0.7071068 0.6830127 0.1830127
vn 0.7071068 -0.6830127 -0.1830127
vn -0.7071068 -0.6830127 -0.1830127
vn 0 0.258819 -0.9659258

vt 0.96875 0.3
vt 0.96875 0.475
vt 0.96875 0.3682174
vt 0.96875 0.3216087
vt 0.96875 0.4614349
vt 0.96875 0.4523914
vt 0.96875 0.3772609
vt 0.96875 0.4569132
vt 0.96875 0.3727391
vt 0.96875 0.415
vt 0.96875 0.425
vt 0.59375 0.275
vt 0.59375 0.3
vt 0.59375 0.3216087
vt 0.59375 0.3772609
vt 0.59375 0.4523914
vt 0.59375 0.3953477
vt 0.59375 0.4704783
vt 0.59375 0.390826
vt 0.59375 0.3727391
vt 0.59375 0.4569132
vt 0.59375 0.475
vt 0.59375 0.435
vt 0.59375 0.455
vt 0.59375 0.395
vt 0.59375 0.425
vt 0.59375 0.2801576
vt 0.59375 0.41
vt 0.59375 0.415
vt 0.59375 0.29
vt 0.59375 0.35
vt 0.59375 0.335
vt 0.59375 0.325
vt 0.59375 0.3972222
vt 0.71875 0.4478697
vt 0.71875 0.4297829
vt 0.71875 0.3636957
vt 0.71875 0.3817826
vt 0.71875 0.3960435
vt 0.71875 0.4005652
vt 0.71875 0.4290871
vt 0.71875 0.4336088
vt 0.71875 0.4523914
vt 0.71875 0.3772609
vt 0.71875 0.395
vt 0.71875 0.2911361
vt 0.71875 0.3718166
vt 0.71875 0.3943195
vt 0.71875 0.475
vt 0.71875 0.275
vt 0.71875 0.3556805
vt 0.71875 0.29
vt 0.71875 0.41
vt 0.71875 0.335
vt 0.71875 0.35
vt 0.09375 0.645
vt 0.21875 0.225
vt 0.21875 0.1195687
vt 0.21875 0.025
vt 0.71875 0.5916666
vt 0.71875 0.5620371
vt 0.71875 0.525
vt 0.71875 0.725
vt 0.59375 0.1136957
vt 0.59375 0.1797829
vt 0.59375 0.04
vt 0.59375 0.145
vt 0.59375 0.1886364
vt 0.59375 0.225
vt 0.59375 0.115
vt 0.59375 0.135

usemtl colormap

f 3/2/1 2/1/1 1/1/1
f 2/1/1 3/2/1 4/2/1
f 7/2/2 6/1/2 5/1/2
f 6/1/2 7/2/2 8/2/2
f 11/3/3 10/4/3 9/3/3
f 10/4/3 11/3/3 12/4/3
f 14/5/4 10/4/4 13/4/4
f 10/4/4 14/5/4 9/3/4
f 11/3/5 15/4/5 12/4/5
f 15/4/5 11/3/5 16/5/5
f 15/4/6 14/5/6 13/4/6
f 14/5/6 15/4/6 16/5/6
f 16/5/7 18/7/7 17/6/7
f 16/5/7 17/6/7 19/8/7
f 11/3/7 18/7/7 16/5/7
f 18/7/7 11/3/7 20/9/7
f 20/9/7 11/3/7 21/9/7
f 9/3/7 21/9/7 11/3/7
f 21/9/7 9/3/7 22/7/7
f 16/5/7 19/8/7 14/5/7
f 22/7/7 9/3/7 14/5/7
f 23/8/7 14/5/7 19/8/7
f 22/7/7 14/5/7 24/6/7
f 24/6/7 14/5/7 23/8/7
f 27/3/3 26/4/3 25/3/3
f 26/4/3 27/3/3 28/4/3
f 30/5/4 26/4/4 29/4/4
f 26/4/4 30/5/4 25/3/4
f 27/3/5 31/4/5 28/4/5
f 31/4/5 27/3/5 32/5/5
f 31/4/6 30/5/6 29/4/6
f 30/5/6 31/4/6 32/5/6
f 32/5/7 34/7/7 33/6/7
f 32/5/7 33/6/7 35/8/7
f 27/3/7 34/7/7 32/5/7
f 34/7/7 27/3/7 36/9/7
f 36/9/7 27/3/7 37/9/7
f 25/3/7 37/9/7 27/3/7
f 37/9/7 25/3/7 38/7/7
f 32/5/7 35/8/7 30/5/7
f 38/7/7 25/3/7 30/5/7
f 39/8/7 30/5/7 35/8/7
f 38/7/7 30/5/7 40/6/7
f 40/6/7 30/5/7 39/8/7
f 46/2/9 45/1/9 43/2/9
f 41/1/9 43/2/9 45/1/9
f 44/2/8 43/2/8 42/1/8
f 41/1/8 42/1/8 43/2/8
f 52/2/11 51/1/11 49/2/11
f 47/1/11 49/2/11 51/1/11
f 50/2/10 49/2/10 48/1/10
f 47/1/10 48/1/10 49/2/10
f 55/2/12 54/1/12 53/2/12
f 54/1/12 55/2/12 56/1/12
f 59/2/2 58/1/2 57/1/2
f 58/1/2 59/2/2 60/10/2
f 60/10/2 59/2/2 61/11/2
f 61/11/2 59/2/2 62/11/2
f 53/2/2 62/11/2 59/2/2
f 53/2/2 63/10/2 62/11/2
f 54/1/2 63/10/2 53/2/2
f 63/10/2 54/1/2 64/1/2
f 67/2/2 66/1/2 65/1/2
f 66/1/2 67/2/2 68/10/2
f 68/10/2 67/2/2 69/11/2
f 69/11/2 67/2/2 70/11/2
f 71/2/2 70/11/2 67/2/2
f 71/2/2 72/10/2 70/11/2
f 73/1/2 72/10/2 71/2/2
f 72/10/2 73/1/2 74/1/2
f 77/1/13 76/2/13 75/1/13
f 76/2/13 77/1/13 78/2/13
f 76/2/2 79/1/2 75/1/2
f 79/1/2 76/2/2 80/10/2
f 80/10/2 76/2/2 81/11/2
f 81/11/2 76/2/2 82/11/2
f 83/2/2 82/11/2 76/2/2
f 83/2/2 84/10/2 82/11/2
f 85/1/2 84/10/2 83/2/2
f 84/10/2 85/1/2 86/1/2
f 89/2/14 88/1/14 87/1/14
f 88/1/14 89/2/14 90/10/14
f 90/10/14 89/2/14 91/11/14
f 92/11/14 90/10/14 91/11/14
f 91/11/14 89/2/14 92/11/14
f 92/11/14 89/2/14 93/11/14
f 93/11/14 89/2/14 94/11/14
f 95/2/14 94/11/14 89/2/14
f 94/11/14 96/10/14 93/11/14
f 95/2/14 96/10/14 94/11/14
f 97/1/14 96/10/14 95/2/14
f 96/10/14 97/1/14 98/1/14
f 101/12/15 100/12/15 99/12/15
f 100/12/15 101/12/15 102/12/15
f 103/13/1 99/12/1 100/12/1
f 99/12/1 103/13/1 104/13/1
f 103/13/16 2/13/16 104/13/16
f 2/13/16 103/13/16 1/13/16
f 107/12/15 106/12/15 105/12/15
f 106/12/15 107/12/15 108/12/15
f 109/13/2 105/12/2 106/12/2
f 105/12/2 109/13/2 110/13/2
f 109/13/16 6/13/16 110/13/16
f 6/13/16 109/13/16 5/13/16
f 113/14/16 112/14/16 111/14/16
f 114/14/16 112/14/16 113/14/16
f 15/14/16 112/14/16 114/14/16
f 115/14/16 15/14/16 114/14/16
f 13/14/16 112/14/16 15/14/16
f 115/14/16 12/14/16 15/14/16
f 10/14/16 112/14/16 13/14/16
f 115/14/16 10/14/16 12/14/16
f 112/14/16 10/14/16 116/14/16
f 115/14/16 116/14/16 10/14/16
f 117/14/16 116/14/16 115/14/16
f 116/14/16 117/14/16 118/14/16
f 120/12/18 111/14/17 119/12/17
f 111/14/17 120/12/18 113/14/18
f 111/14/17 121/12/19 119/12/17
f 121/12/19 111/14/17 112/14/19
f 112/14/19 122/12/20 121/12/19
f 122/12/20 112/14/19 116/14/20
f 124/12/22 114/14/21 123/12/21
f 114/14/21 124/12/22 115/14/22
f 123/12/21 113/14/18 120/12/18
f 113/14/18 123/12/21 114/14/21
f 117/14/24 125/12/23 118/14/23
f 125/12/23 117/14/24 126/12/24
f 115/14/22 126/12/24 117/14/24
f 126/12/24 115/14/22 124/12/22
f 116/14/20 125/12/23 122/12/20
f 125/12/23 116/14/20 118/14/23
f 129/17/5 128/16/5 127/15/5
f 128/16/5 129/17/5 130/18/5
f 131/15/25 129/17/25 127/15/25
f 129/17/25 131/15/25 132/17/25
f 133/16/4 132/17/4 131/15/4
f 132/17/4 133/16/4 134/18/4
f 134/18/26 128/16/26 130/18/26
f 128/16/26 134/18/26 133/16/26
f 136/19/28 21/20/27 135/19/27
f 21/20/27 136/19/28 20/20/28
f 24/16/30 137/17/29 22/15/29
f 137/17/29 24/16/30 138/18/30
f 19/21/32 139/22/31 23/21/31
f 139/22/31 19/21/32 140/22/32
f 141/17/33 17/16/34 18/15/33
f 17/16/34 141/17/33 142/18/34
f 22/15/29 135/19/27 21/20/27
f 135/19/27 22/15/29 137/17/29
f 142/18/34 19/21/32 17/16/34
f 19/21/32 142/18/34 140/22/32
f 23/21/31 138/18/30 24/16/30
f 138/18/30 23/21/31 139/22/31
f 136/19/28 18/15/33 20/20/28
f 18/15/33 136/19/28 141/17/33
f 137/17/7 136/19/7 135/19/7
f 136/19/7 137/17/7 129/17/7
f 136/19/7 129/17/7 141/17/7
f 132/17/7 141/17/7 129/17/7
f 129/17/7 137/17/7 130/18/7
f 130/18/7 137/17/7 138/18/7
f 141/17/7 132/17/7 142/18/7
f 130/18/7 138/18/7 139/22/7
f 142/18/7 139/22/7 140/22/7
f 142/18/7 132/17/7 134/18/7
f 130/18/7 139/22/7 134/18/7
f 134/18/7 139/22/7 142/18/7
f 145/14/16 144/14/16 143/14/16
f 146/14/16 144/14/16 145/14/16
f 31/14/16 144/14/16 146/14/16
f 147/14/16 31/14/16 146/14/16
f 29/14/16 144/14/16 31/14/16
f 147/14/16 28/14/16 31/14/16
f 26/14/16 144/14/16 29/14/16
f 147/14/16 26/14/16 28/14/16
f 144/14/16 26/14/16 148/14/16
f 147/14/16 148/14/16 26/14/16
f 149/14/16 148/14/16 147/14/16
f 148/14/16 149/14/16 150/14/16
f 152/12/18 143/14/17 151/12/17
f 143/14/17 152/12/18 145/14/18
f 143/14/17 153/12/19 151/12/17
f 153/12/19 143/14/17 144/14/19
f 144/14/19 154/12/20 153/12/19
f 154/12/20 144/14/19 148/14/20
f 156/12/22 146/14/21 155/12/21
f 146/14/21 156/12/22 147/14/22
f 155/12/21 145/14/18 152/12/18
f 145/14/18 155/12/21 146/14/21
f 149/14/24 157/12/23 150/14/23
f 157/12/23 149/14/24 158/12/24
f 147/14/22 158/12/24 149/14/24
f 158/12/24 147/14/22 156/12/22
f 148/14/20 157/12/23 154/12/20
f 157/12/23 148/14/20 150/14/23
f 161/17/5 160/16/5 159/15/5
f 160/16/5 161/17/5 162/18/5
f 163/15/25 161/17/25 159/15/25
f 161/17/25 163/15/25 164/17/25
f 165/16/4 164/17/4 163/15/4
f 164/17/4 165/16/4 166/18/4
f 166/18/26 160/16/26 162/18/26
f 160/16/26 166/18/26 165/16/26
f 168/19/28 37/20/27 167/19/27
f 37/20/27 168/19/28 36/20/28
f 40/16/30 169/17/29 38/15/29
f 169/17/29 40/16/30 170/18/30
f 35/21/32 171/22/31 39/21/31
f 171/22/31 35/21/32 172/22/32
f 173/17/33 33/16/34 34/15/33
f 33/16/34 173/17/33 174/18/34
f 38/15/29 167/19/27 37/20/27
f 167/19/27 38/15/29 169/17/29
f 174/18/34 35/21/32 33/16/34
f 35/21/32 174/18/34 172/22/32
f 39/21/31 170/18/30 40/16/30
f 170/18/30 39/21/31 171/22/31
f 168/19/28 34/15/33 36/20/28
f 34/15/33 168/19/28 173/17/33
f 169/17/7 168/19/7 167/19/7
f 168/19/7 169/17/7 161/17/7
f 168/19/7 161/17/7 173/17/7
f 164/17/7 173/17/7 161/17/7
f 161/17/7 169/17/7 162/18/7
f 162/18/7 169/17/7 170/18/7
f 173/17/7 164/17/7 174/18/7
f 162/18/7 170/18/7 171/22/7
f 174/18/7 171/22/7 172/22/7
f 174/18/7 164/17/7 166/18/7
f 162/18/7 171/22/7 166/18/7
f 166/18/7 171/22/7 174/18/7
f 182/13/16 180/13/16 45/13/16
f 45/13/16 180/13/16 41/13/16
f 180/13/16 177/13/16 41/13/16
f 41/13/16 177/13/16 42/13/16
f 178/13/16 42/13/16 177/13/16
f 179/12/15 181/12/15 175/12/15
f 175/12/15 181/12/15 176/12/15
f 183/12/15 176/12/15 181/12/15
f 177/13/35 180/13/36 175/12/35
f 179/12/36 175/12/35 180/13/36
f 182/13/9 181/12/9 180/13/36
f 179/12/36 180/13/36 181/12/9
f 178/13/8 177/13/35 176/12/8
f 175/12/35 176/12/8 177/13/35
f 191/13/16 189/13/16 51/13/16
f 51/13/16 189/13/16 47/13/16
f 189/13/16 186/13/16 47/13/16
f 47/13/16 186/13/16 48/13/16
f 187/13/16 48/13/16 186/13/16
f 188/12/15 190/12/15 184/12/15
f 184/12/15 190/12/15 185/12/15
f 192/12/15 185/12/15 190/12/15
f 186/13/20 189/13/23 184/12/20
f 188/12/23 184/12/20 189/13/23
f 191/13/11 190/12/11 189/13/23
f 188/12/23 189/13/23 190/12/11
f 187/13/10 186/13/20 185/12/10
f 184/12/20 185/12/10 186/13/20
f 195/24/12 194/23/38 193/23/37
f 194/23/38 195/24/12 196/24/39
f 199/23/41 198/24/13 197/23/40
f 198/24/13 199/23/41 200/24/42
f 194/23/39 202/25/43 201/25/39
f 202/25/43 194/23/39 203/23/43
f 195/24/12 205/23/45 204/24/44
f 205/23/45 195/24/12 193/23/37
f 206/24/43 199/23/41 203/23/46
f 199/23/41 206/24/43 200/24/42
f 208/24/2 205/23/45 207/23/47
f 205/23/45 208/24/2 204/24/44
f 210/24/49 207/23/47 209/23/48
f 207/23/47 210/24/49 208/24/2
f 212/22/51 195/24/12 211/22/50
f 195/24/12 212/22/51 196/24/39
f 203/23/43 213/25/42 202/25/43
f 213/25/42 203/23/43 199/23/42
f 209/23/49 215/25/2 214/25/49
f 215/25/2 209/23/49 207/23/2
f 216/25/13 209/23/49 214/25/49
f 209/23/49 216/25/13 197/23/13
f 196/24/39 203/23/46 194/23/38
f 203/23/46 196/24/39 206/24/43
f 217/22/52 208/24/2 210/24/49
f 208/24/2 217/22/52 218/22/53
f 219/22/54 195/24/12 204/24/44
f 195/24/12 219/22/54 211/22/50
f 218/22/53 204/24/44 208/24/2
f 204/24/44 218/22/53 219/22/54
f 209/23/48 198/24/13 210/24/49
f 198/24/13 209/23/48 197/23/40
f 220/22/55 200/24/42 206/24/43
f 200/24/42 220/22/55 221/22/56
f 198/24/13 217/22/52 210/24/49
f 217/22/52 198/24/13 222/22/57
f 219/22/16 212/22/16 211/22/16
f 212/22/16 219/22/16 218/22/16
f 212/22/16 218/22/16 220/22/16
f 220/22/16 218/22/16 217/22/16
f 220/22/16 217/22/16 221/22/16
f 221/22/16 217/22/16 222/22/16
f 193/23/12 223/25/44 205/23/44
f 223/25/44 193/23/12 224/25/12
f 207/23/2 223/25/44 215/25/2
f 223/25/44 207/23/2 205/23/44
f 198/24/13 221/22/56 222/22/57
f 221/22/56 198/24/13 200/24/42
f 194/23/39 224/25/12 193/23/12
f 224/25/12 194/23/39 201/25/39
f 212/22/51 206/24/43 196/24/39
f 206/24/43 212/22/51 220/22/55
f 213/25/42 197/23/13 216/25/13
f 197/23/13 213/25/42 199/23/42
f 227/24/12 226/23/38 225/23/37
f 226/23/38 227/24/12 228/24/39
f 231/23/41 230/24/13 229/23/40
f 230/24/13 231/23/41 232/24/42
f 226/23/39 234/25/43 233/25/39
f 234/25/43 226/23/39 235/23/43
f 227/24/12 237/23/45 236/24/44
f 237/23/45 227/24/12 225/23/37
f 238/24/43 231/23/41 235/23/46
f 231/23/41 238/24/43 232/24/42
f 240/24/2 237/23/45 239/23/47
f 237/23/45 240/24/2 236/24/44
f 242/24/49 239/23/47 241/23/48
f 239/23/47 242/24/49 240/24/2
f 244/22/51 227/24/12 243/22/50
f 227/24/12 244/22/51 228/24/39
f 235/23/43 245/25/42 234/25/43
f 245/25/42 235/23/43 231/23/42
f 241/23/49 247/25/2 246/25/49
f 247/25/2 241/23/49 239/23/2
f 248/25/13 241/23/49 246/25/49
f 241/23/49 248/25/13 229/23/13
f 228/24/39 235/23/46 226/23/38
f 235/23/46 228/24/39 238/24/43
f 249/22/52 240/24/2 242/24/49
f 240/24/2 249/22/52 250/22/53
f 251/22/54 227/24/12 236/24/44
f 227/24/12 251/22/54 243/22/50
f 250/22/53 236/24/44 240/24/2
f 236/24/44 250/22/53 251/22/54
f 241/23/48 230/24/13 242/24/49
f 230/24/13 241/23/48 229/23/40
f 252/22/55 232/24/42 238/24/43
f 232/24/42 252/22/55 253/22/56
f 230/24/13 249/22/52 242/24/49
f 249/22/52 230/24/13 254/22/57
f 251/22/16 244/22/16 243/22/16
f 244/22/16 251/22/16 250/22/16
f 244/22/16 250/22/16 252/22/16
f 252/22/16 250/22/16 249/22/16
f 252/22/16 249/22/16 253/22/16
f 253/22/16 249/22/16 254/22/16
f 225/23/12 255/25/44 237/23/44
f 255/25/44 225/23/12 256/25/12
f 239/23/2 255/25/44 247/25/2
f 255/25/44 239/23/2 237/23/44
f 230/24/13 253/22/56 254/22/57
f 253/22/56 230/24/13 232/24/42
f 226/23/39 256/25/12 225/23/12
f 256/25/12 226/23/39 233/25/39
f 244/22/51 238/24/43 228/24/39
f 238/24/43 244/22/51 252/22/55
f 245/25/42 229/23/13 248/25/13
f 229/23/13 245/25/42 231/23/42
f 259/25/13 258/26/13 257/25/13
f 258/26/13 259/25/13 260/26/13
f 258/26/2 261/25/2 257/25/2
f 261/25/2 258/26/2 262/26/2
f 265/22/12 264/25/12 263/22/12
f 264/25/12 265/22/12 266/25/12
f 269/22/22 268/26/2 267/26/22
f 268/26/2 269/22/22 270/22/2
f 271/26/15 258/26/15 260/26/15
f 258/26/15 271/26/15 267/26/15
f 267/26/15 271/26/15 272/26/15
f 268/26/15 258/26/15 267/26/15
f 258/26/15 268/26/15 262/26/15
f 269/22/16 273/22/16 270/22/16
f 273/22/16 269/22/16 263/22/16
f 263/22/16 269/22/16 265/22/16
f 265/22/16 269/22/16 274/22/16
f 274/22/16 269/22/16 275/22/16
f 271/26/13 275/22/24 272/26/24
f 275/22/24 271/26/13 274/22/13
f 272/26/24 269/22/22 267/26/22
f 269/22/22 272/26/24 275/22/24
f 273/22/43 264/25/43 276/25/43
f 264/25/43 273/22/43 263/22/43
f 279/26/15 278/26/15 277/26/15
f 278/26/15 279/26/15 280/26/15
f 282/25/58 278/26/58 281/25/58
f 278/26/58 282/25/58 277/26/58
f 285/22/9 284/25/9 283/22/9
f 284/25/9 285/22/9 286/25/9
f 283/22/16 287/22/16 285/22/16
f 287/22/16 283/22/16 288/22/16
f 279/26/58 288/22/58 280/26/58
f 288/22/58 279/26/58 287/22/58
f 291/26/15 290/26/15 289/26/15
f 290/26/15 291/26/15 292/26/15
f 294/25/58 290/26/58 293/25/58
f 290/26/58 294/25/58 289/26/58
f 297/22/9 296/25/9 295/22/9
f 296/25/9 297/22/9 298/25/9
f 295/22/16 299/22/16 297/22/16
f 299/22/16 295/22/16 300/22/16
f 291/26/58 300/22/58 292/26/58
f 300/22/58 291/26/58 299/22/58
f 303/25/58 302/26/58 301/25/58
f 302/26/58 303/25/58 304/26/58
f 302/26/8 305/25/8 301/25/8
f 305/25/8 302/26/8 306/26/8
f 309/22/9 308/25/9 307/22/9
f 308/25/9 309/22/9 310/25/9
f 313/22/59 312/26/8 311/26/59
f 312/26/8 313/22/59 314/22/8
f 315/26/15 302/26/15 304/26/15
f 302/26/15 315/26/15 311/26/15
f 311/26/15 315/26/15 316/26/15
f 312/26/15 302/26/15 311/26/15
f 302/26/15 312/26/15 306/26/15
f 313/22/16 317/22/16 314/22/16
f 317/22/16 313/22/16 307/22/16
f 307/22/16 313/22/16 309/22/16
f 309/22/16 313/22/16 318/22/16
f 318/22/16 313/22/16 319/22/16
f 315/26/58 319/22/60 316/26/60
f 319/22/60 315/26/58 318/22/58
f 316/26/60 313/22/59 311/26/59
f 313/22/59 316/26/60 319/22/60
f 317/22/61 308/25/61 320/25/61
f 308/25/61 317/22/61 307/22/61
f 323/25/62 322/26/62 321/25/62
f 322/26/62 323/25/62 324/26/62
f 322/26/63 325/25/63 321/25/63
f 325/25/63 322/26/63 326/26/63
f 329/22/64 328/25/64 327/22/64
f 328/25/64 329/22/64 330/25/64
f 333/22/19 332/26/63 331/26/19
f 332/26/63 333/22/19 334/22/63
f 335/26/15 322/26/15 324/26/15
f 322/26/15 335/26/15 331/26/15
f 331/26/15 335/26/15 336/26/15
f 332/26/15 322/26/15 331/26/15
f 322/26/15 332/26/15 326/26/15
f 333/22/16 337/22/16 334/22/16
f 337/22/16 333/22/16 327/22/16
f 327/22/16 333/22/16 329/22/16
f 329/22/16 333/22/16 338/22/16
f 338/22/16 333/22/16 339/22/16
f 335/26/62 339/22/17 336/26/17
f 339/22/17 335/26/62 338/22/62
f 336/26/17 333/22/19 331/26/19
f 333/22/19 336/26/17 339/22/17
f 337/22/65 328/25/65 340/25/65
f 328/25/65 337/22/65 327/22/65
f 343/26/15 342/26/15 341/26/15
f 342/26/15 343/26/15 344/26/15
f 346/25/66 342/26/66 345/25/66
f 342/26/66 346/25/66 341/26/66
f 349/22/67 348/25/67 347/22/67
f 348/25/67 349/22/67 350/25/67
f 347/22/16 351/22/16 349/22/16
f 351/22/16 347/22/16 352/22/16
f 343/26/66 352/22/66 344/26/66
f 352/22/66 343/26/66 351/22/66
f 355/26/15 354/26/15 353/26/15
f 354/26/15 355/26/15 356/26/15
f 358/25/66 354/26/66 357/25/66
f 354/26/66 358/25/66 353/26/66
f 361/22/67 360/25/67 359/22/67
f 360/25/67 361/22/67 362/25/67
f 359/22/16 363/22/16 361/22/16
f 363/22/16 359/22/16 364/22/16
f 355/26/66 364/22/66 356/26/66
f 364/22/66 355/26/66 363/22/66
f 367/25/66 366/26/66 365/25/66
f 366/26/66 367/25/66 368/26/66
f 366/26/68 369/25/68 365/25/68
f 369/25/68 366/26/68 370/26/68
f 373/22/67 372/25/67 371/22/67
f 372/25/67 373/22/67 374/25/67
f 377/22/69 376/26/68 375/26/69
f 376/26/68 377/22/69 378/22/68
f 379/26/15 366/26/15 368/26/15
f 366/26/15 379/26/15 375/26/15
f 375/26/15 379/26/15 380/26/15
f 376/26/15 366/26/15 375/26/15
f 366/26/15 376/26/15 370/26/15
f 377/22/16 381/22/16 378/22/16
f 381/22/16 377/22/16 371/22/16
f 371/22/16 377/22/16 373/22/16
f 373/22/16 377/22/16 382/22/16
f 382/22/16 377/22/16 383/22/16
f 379/26/66 383/22/70 380/26/70
f 383/22/70 379/26/66 382/22/66
f 380/26/70 377/22/69 375/26/69
f 377/22/69 380/26/70 383/22/70
f 381/22/71 372/25/71 384/25/71
f 372/25/71 381/22/71 371/22/71
f 257/12/2 261/12/2 76/22/2
f 83/22/2 76/22/2 261/12/2
f 78/22/13 259/12/13 76/22/13
f 257/12/13 76/22/13 259/12/13
f 282/12/2 387/12/2 386/22/2
f 385/22/2 386/22/2 387/12/2
f 321/12/1 325/12/1 388/22/1
f 389/22/1 388/22/1 325/12/1
f 55/22/72 323/12/72 388/22/72
f 321/12/72 388/22/72 323/12/72
f 392/12/1 391/22/1 390/22/1
f 391/22/1 392/12/1 357/12/1
f 394/12/73 49/22/73 393/12/73
f 49/22/73 394/12/73 52/22/73
f 395/12/1 49/22/1 50/22/1
f 49/22/1 395/12/1 393/12/1
f 294/12/2 397/22/2 396/22/2
f 397/22/2 294/12/2 398/12/2
f 401/12/12 400/22/12 399/12/12
f 400/22/12 401/12/12 402/22/12
f 404/12/2 400/22/2 403/22/2
f 400/22/2 404/12/2 399/12/2
f 407/12/1 345/12/1 406/22/1
f 405/22/1 406/22/1 345/12/1
f 410/12/43 409/22/43 408/22/43
f 409/22/43 410/12/43 411/12/43
f 410/12/12 413/22/12 412/27/12
f 413/22/12 410/12/12 408/22/12
f 409/22/13 415/27/13 414/22/13
f 415/27/13 409/22/13 411/12/13
f 415/27/2 413/22/2 414/22/2
f 413/22/2 415/27/2 412/27/2
f 409/22/15 413/22/15 408/22/15
f 413/22/15 409/22/15 414/22/15
f 418/27/2 417/22/2 416/22/2
f 417/22/2 418/27/2 419/27/2
f 421/22/15 417/22/15 420/22/15
f 417/22/15 421/22/15 416/22/15
f 422/12/12 417/22/12 419/27/12
f 417/22/12 422/12/12 420/22/12
f 421/22/13 418/27/13 416/22/13
f 418/27/13 421/22/13 423/12/13
f 422/12/43 421/22/43 420/22/43
f 421/22/43 422/12/43 423/12/43
f 426/12/13 425/28/13 424/12/13
f 425/28/13 426/12/13 427/28/13
f 430/28/12 429/12/12 428/28/12
f 429/12/12 430/28/12 431/12/12
f 430/28/15 425/28/15 427/28/15
f 425/28/15 430/28/15 428/28/15
f 434/13/12 433/12/18 432/13/18
f 433/12/18 434/13/12 435/12/12
f 437/13/16 58/13/16 436/13/16
f 58/13/16 437/13/16 57/13/16
f 58/13/13 438/29/74 436/13/13
f 438/29/74 58/13/13 60/29/74
f 437/13/2 429/12/2 439/12/2
f 429/12/2 437/13/2 436/13/2
f 429/12/2 436/13/2 428/28/2
f 428/28/2 436/13/2 438/29/2
f 428/28/2 438/29/2 425/28/2
f 440/29/2 425/28/2 438/29/2
f 440/29/2 438/29/2 441/26/2
f 440/29/2 441/26/2 442/26/2
f 443/13/2 425/28/2 440/29/2
f 425/28/2 443/13/2 424/12/2
f 444/13/21 424/12/2 443/13/2
f 424/12/2 444/13/21 445/12/21
f 432/13/18 445/12/21 444/13/21
f 445/12/21 432/13/18 433/12/18
f 432/13/16 56/13/16 434/13/16
f 56/13/16 432/13/16 444/13/16
f 56/13/16 444/13/16 54/13/16
f 54/13/16 444/13/16 443/13/16
f 54/13/16 443/13/16 64/13/16
f 441/26/76 62/26/75 442/26/75
f 62/26/75 441/26/76 61/26/76
f 63/29/77 443/13/12 440/29/77
f 443/13/12 63/29/77 64/13/12
f 62/26/75 440/29/77 442/26/75
f 440/29/77 62/26/75 63/29/77
f 60/29/74 441/26/76 438/29/74
f 441/26/76 60/29/74 61/26/76
f 446/12/15 433/12/15 435/12/15
f 433/12/15 446/12/15 445/12/15
f 445/12/15 446/12/15 426/12/15
f 424/12/15 445/12/15 426/12/15
f 426/12/15 446/12/15 431/12/15
f 431/12/15 446/12/15 429/12/15
f 429/12/15 446/12/15 439/12/15
f 449/30/79 448/30/78 447/30/78
f 448/30/78 449/30/79 450/30/79
f 453/25/80 452/31/12 451/25/80
f 452/31/12 453/25/80 454/32/12
f 454/32/12 453/25/80 449/30/79
f 449/30/79 453/25/80 450/30/79
f 453/25/80 456/25/81 455/25/81
f 456/25/81 453/25/80 451/25/80
f 448/30/78 457/32/13 447/30/78
f 457/32/13 448/30/78 458/31/13
f 458/31/13 448/30/78 456/25/81
f 456/25/81 448/30/78 455/25/81
f 461/12/81 460/12/80 459/12/80
f 460/12/80 461/12/81 462/12/81
f 464/22/79 460/12/80 463/22/79
f 460/12/80 464/22/79 459/12/80
f 461/12/81 465/22/78 462/12/81
f 465/22/78 461/12/81 466/22/78
f 465/22/78 464/22/79 463/22/79
f 464/22/79 465/22/78 466/22/78
f 465/22/2 460/12/2 462/12/2
f 460/12/2 465/22/2 463/22/2
f 469/33/43 468/26/43 467/33/43
f 468/26/43 469/33/43 470/26/43
f 473/26/49 472/33/44 471/33/49
f 472/33/44 473/26/49 474/26/44
f 467/33/13 473/26/49 471/33/49
f 473/26/49 467/33/13 468/26/13
f 473/26/16 470/26/16 474/26/16
f 470/26/16 473/26/16 468/26/16
f 467/33/15 472/33/15 469/33/15
f 472/33/15 467/33/15 471/33/15
f 470/26/12 472/33/44 474/26/44
f 472/33/44 470/26/12 469/33/12
f 477/33/82 476/26/2 475/26/82
f 476/26/2 477/33/82 478/33/2
f 481/33/83 480/26/12 479/33/12
f 480/26/12 481/33/83 482/26/83
f 478/33/2 483/26/84 476/26/2
f 483/26/84 478/33/2 484/33/84
f 479/33/12 483/26/84 484/33/84
f 483/26/84 479/33/12 480/26/12
f 481/33/83 485/26/43 482/26/83
f 485/26/43 481/33/83 486/33/43
f 486/33/43 487/26/85 485/26/43
f 487/26/85 486/33/43 488/33/85
f 487/26/85 490/33/13 489/26/13
f 490/33/13 487/26/85 488/33/85
f 489/26/13 477/33/82 475/26/82
f 477/33/82 489/26/13 490/33/13
f 482/26/15 483/26/15 480/26/15
f 483/26/15 482/26/15 485/26/15
f 483/26/15 485/26/15 476/26/15
f 476/26/15 485/26/15 487/26/15
f 476/26/15 487/26/15 475/26/15
f 475/26/15 487/26/15 489/26/15
f 493/33/15 492/33/15 491/33/15
f 492/33/15 493/33/15 494/33/15
f 497/26/86 496/26/16 495/26/16
f 496/26/16 497/26/86 498/26/86
f 496/26/43 493/33/43 491/33/43
f 493/33/43 496/26/43 499/34/43
f 499/34/43 496/26/43 498/26/43
f 496/26/12 492/33/12 495/26/12
f 492/33/12 496/26/12 491/33/12
f 500/34/2 492/33/2 494/33/2
f 492/33/2 500/34/2 495/26/2
f 495/26/2 500/34/2 497/26/2
f 493/33/13 500/34/87 494/33/13
f 500/34/87 493/33/13 499/34/87
f 499/34/87 497/26/86 500/34/87
f 497/26/86 499/34/87 498/26/86
f 503/33/13 502/26/49 501/33/49
f 502/26/49 503/33/13 504/26/13
f 502/26/49 505/33/2 501/33/49
f 505/33/2 502/26/49 506/26/2
f 509/26/39 508/33/12 507/26/12
f 508/33/12 509/26/39 510/33/39
f 507/26/12 512/33/44 511/26/44
f 512/33/44 507/26/12 508/33/12
f 513/33/42 504/26/13 503/33/13
f 504/26/13 513/33/42 514/26/42
f 516/26/43 513/33/42 515/33/43
f 513/33/42 516/26/43 514/26/42
f 506/26/2 512/33/44 505/33/2
f 512/33/44 506/26/2 511/26/44
f 509/26/39 515/33/43 510/33/39
f 515/33/43 509/26/39 516/26/43
f 511/26/16 509/26/16 507/26/16
f 509/26/16 511/26/16 506/26/16
f 509/26/16 506/26/16 516/26/16
f 516/26/16 506/26/16 502/26/16
f 516/26/16 502/26/16 514/26/16
f 514/26/16 502/26/16 504/26/16
f 510/33/15 512/33/15 508/33/15
f 512/33/15 510/33/15 515/33/15
f 512/33/15 515/33/15 505/33/15
f 505/33/15 515/33/15 513/33/15
f 505/33/15 513/33/15 501/33/15
f 501/33/15 513/33/15 503/33/15
f 519/33/13 518/26/49 517/33/49
f 518/26/49 519/33/13 520/26/13
f 518/26/49 521/33/2 517/33/49
f 521/33/2 518/26/49 522/26/2
f 525/26/39 524/33/12 523/26/12
f 524/33/12 525/26/39 526/33/39
f 523/26/12 528/33/44 527/26/44
f 528/33/44 523/26/12 524/33/12
f 529/33/42 520/26/13 519/33/13
f 520/26/13 529/33/42 530/26/42
f 532/26/43 529/33/42 531/33/43
f 529/33/42 532/26/43 530/26/42
f 522/26/2 528/33/44 521/33/2
f 528/33/44 522/26/2 527/26/44
f 525/26/39 531/33/43 526/33/39
f 531/33/43 525/26/39 532/26/43
f 527/26/16 525/26/16 523/26/16
f 525/26/16 527/26/16 522/26/16
f 525/26/16 522/26/16 532/26/16
f 532/26/16 522/26/16 518/26/16
f 532/26/16 518/26/16 530/26/16
f 530/26/16 518/26/16 520/26/16
f 526/33/15 528/33/15 524/33/15
f 528/33/15 526/33/15 531/33/15
f 528/33/15 531/33/15 521/33/15
f 521/33/15 531/33/15 529/33/15
f 521/33/15 529/33/15 517/33/15
f 517/33/15 529/33/15 519/33/15
f 535/22/12 534/12/88 533/22/88
f 534/12/88 535/22/12 536/12/12
f 539/22/89 538/12/90 537/12/89
f 538/12/90 539/22/89 540/22/90
f 538/12/90 542/22/44 541/12/44
f 542/22/44 538/12/90 540/22/90
f 533/22/88 541/12/44 542/22/44
f 541/12/44 533/22/88 534/12/88
f 545/12/13 544/22/91 543/12/91
f 544/22/91 545/12/13 546/22/13
f 543/12/91 548/22/49 547/12/49
f 548/22/49 543/12/91 544/22/91
f 548/22/49 537/12/89 547/12/49
f 537/12/89 548/22/49 539/22/89
f 545/12/15 534/12/15 536/12/15
f 534/12/15 545/12/15 541/12/15
f 541/12/15 545/12/15 538/12/15
f 538/12/15 545/12/15 537/12/15
f 537/12/15 545/12/15 547/12/15
f 547/12/15 545/12/15 543/12/15
f 546/22/16 548/22/16 544/22/16
f 549/22/16 548/22/16 546/22/16
f 550/22/16 548/22/16 549/22/16
f 551/22/16 548/22/16 550/22/16
f 551/22/16 539/22/16 548/22/16
f 552/22/16 539/22/16 551/22/16
f 553/22/16 539/22/16 552/22/16
f 553/22/16 540/22/16 539/22/16
f 554/22/16 540/22/16 553/22/16
f 554/22/16 542/22/16 540/22/16
f 542/22/16 554/22/16 555/22/16
f 556/22/16 542/22/16 555/22/16
f 535/22/16 542/22/16 556/22/16
f 542/22/16 535/22/16 533/22/16
f 550/22/92 557/25/39 551/22/39
f 557/25/39 550/22/92 558/25/92
f 549/22/12 558/25/92 550/22/92
f 558/25/92 549/22/12 559/25/12
f 561/25/13 555/22/93 560/25/93
f 555/22/93 561/25/13 556/22/13
f 560/25/93 554/22/42 562/25/42
f 554/22/42 560/25/93 555/22/93
f 554/22/42 563/25/94 562/25/42
f 563/25/94 554/22/42 553/22/94
f 553/22/94 564/25/95 563/25/94
f 564/25/95 553/22/94 552/22/95
f 552/22/95 557/25/39 564/25/95
f 557/25/39 552/22/95 551/22/39
f 567/12/15 566/12/15 565/12/15
f 568/12/15 566/12/15 567/12/15
f 569/12/15 566/12/15 568/12/15
f 569/12/15 570/12/15 566/12/15
f 570/12/15 569/12/15 571/12/15
f 572/12/15 571/12/15 569/12/15
f 574/13/16 73/13/16 573/13/16
f 73/13/16 574/13/16 74/13/16
f 72/29/77 574/13/12 575/29/77
f 574/13/12 72/29/77 74/13/12
f 577/26/76 70/26/75 576/26/75
f 70/26/75 577/26/76 69/26/76
f 70/26/75 575/29/77 576/26/75
f 575/29/77 70/26/75 72/29/77
f 68/29/74 577/26/76 578/29/74
f 577/26/76 68/29/74 69/26/76
f 579/13/2 567/12/2 565/12/2
f 567/12/2 579/13/2 580/13/2
f 567/12/2 580/13/2 581/28/2
f 581/28/2 580/13/2 578/29/2
f 581/28/2 578/29/2 582/28/2
f 575/29/2 582/28/2 578/29/2
f 575/29/2 578/29/2 577/26/2
f 575/29/2 577/26/2 576/26/2
f 574/13/2 582/28/2 575/29/2
f 582/28/2 574/13/2 572/12/2
f 573/13/2 572/12/2 574/13/2
f 572/12/2 573/13/2 571/12/2
f 66/13/13 578/29/74 580/13/13
f 578/29/74 66/13/13 68/29/74
f 579/13/16 66/13/16 580/13/16
f 66/13/16 579/13/16 65/13/16
f 585/33/13 584/26/96 583/33/96
f 584/26/96 585/33/13 586/26/13
f 584/26/97 588/26/97 587/26/97
f 588/26/97 584/26/97 586/26/97
f 585/33/98 590/33/98 589/33/98
f 590/33/98 585/33/98 583/33/98
f 588/26/12 590/33/99 587/26/99
f 590/33/99 588/26/12 589/33/12
f 584/26/96 590/33/99 583/33/96
f 590/33/99 584/26/96 587/26/99
f 593/12/13 592/28/13 591/12/13
f 592/28/13 593/12/13 594/28/13
f 597/28/12 596/12/12 595/28/12
f 596/12/12 597/28/12 598/12/12
f 601/12/15 600/12/15 599/12/15
f 600/12/15 601/12/15 593/12/15
f 591/12/15 600/12/15 593/12/15
f 593/12/15 601/12/15 598/12/15
f 598/12/15 601/12/15 596/12/15
f 596/12/15 601/12/15 602/12/15
f 602/12/15 601/12/15 603/12/15
f 605/13/16 79/13/16 604/13/16
f 79/13/16 605/13/16 75/13/16
f 75/13/16 605/13/16 77/13/16
f 77/13/16 605/13/16 606/13/16
f 606/13/16 605/13/16 607/13/16
f 609/13/16 85/13/16 608/13/16
f 85/13/16 609/13/16 86/13/16
f 601/12/13 607/13/24 603/12/24
f 607/13/24 601/12/13 606/13/13
f 603/12/24 605/13/22 602/12/22
f 605/13/22 603/12/24 607/13/24
f 84/29/77 609/13/12 610/29/77
f 609/13/12 84/29/77 86/13/12
f 612/26/76 82/26/75 611/26/75
f 82/26/75 612/26/76 81/26/76
f 82/26/75 610/29/77 611/26/75
f 610/29/77 82/26/75 84/29/77
f 80/29/74 612/26/76 613/29/74
f 612/26/76 80/29/74 81/26/76
f 597/28/15 592/28/15 594/28/15
f 592/28/15 597/28/15 595/28/15
f 605/13/22 596/12/2 602/12/22
f 596/12/2 605/13/22 604/13/2
f 596/12/2 604/13/2 595/28/2
f 595/28/2 604/13/2 613/29/2
f 595/28/2 613/29/2 592/28/2
f 610/29/2 592/28/2 613/29/2
f 610/29/2 613/29/2 612/26/2
f 610/29/2 612/26/2 611/26/2
f 609/13/2 592/28/2 610/29/2
f 592/28/2 609/13/2 591/12/2
f 608/13/2 591/12/2 609/13/2
f 591/12/2 608/13/2 600/12/2
f 79/13/13 613/29/74 604/13/13
f 613/29/74 79/13/13 80/29/74
f 616/33/13 615/26/49 614/33/49
f 615/26/49 616/33/13 617/26/13
f 615/26/16 619/26/16 618/26/16
f 619/26/16 615/26/16 617/26/16
f 616/33/15 621/33/15 620/33/15
f 621/33/15 616/33/15 614/33/15
f 619/26/12 621/33/44 618/26/44
f 621/33/44 619/26/12 620/33/12
f 615/26/49 621/33/44 614/33/49
f 621/33/44 615/26/49 618/26/44
f 88/13/100 623/29/101 622/13/100
f 623/29/101 88/13/100 90/29/101
f 622/13/16 87/13/16 88/13/16
f 87/13/16 622/13/16 624/13/16
f 625/13/16 98/13/16 97/13/16
f 98/13/16 625/13/16 626/13/16
f 629/12/15 628/12/15 627/12/15
f 628/12/15 629/12/15 630/12/15
f 631/12/15 628/12/15 630/12/15
f 630/12/15 629/12/15 632/12/15
f 632/12/15 629/12/15 633/12/15
f 633/12/15 629/12/15 634/12/15
f 635/26/102 92/26/103 93/26/102
f 92/26/103 635/26/102 636/26/103
f 96/29/104 626/13/105 637/29/104
f 626/13/105 96/29/104 98/13/105
f 90/29/101 636/26/103 623/29/101
f 636/26/103 90/29/101 92/26/103
f 93/26/102 637/29/104 635/26/102
f 637/29/104 93/26/102 96/29/104
f 624/13/14 633/12/14 634/12/14
f 633/12/14 624/13/14 622/13/14
f 633/12/14 622/13/14 638/28/14
f 638/28/14 622/13/14 623/29/14
f 638/28/14 623/29/14 639/28/14
f 637/29/14 639/28/14 623/29/14
f 637/29/14 623/29/14 636/26/14
f 637/29/14 636/26/14 635/26/14
f 626/13/14 639/28/14 637/29/14
f 639/28/14 626/13/14 631/12/14
f 625/13/14 631/12/14 626/13/14
f 631/12/14 625/13/14 628/12/14
f 641/28/15 639/28/15 640/28/15
f 639/28/15 641/28/15 638/28/15
f 630/12/100 639/28/100 631/12/100
f 639/28/100 630/12/100 640/28/100
f 641/28/105 633/12/105 638/28/105
f 633/12/105 641/28/105 632/12/105
f 644/12/107 643/12/106 642/12/106
f 643/12/106 644/12/107 645/12/107
f 647/22/108 643/12/106 646/22/108
f 643/12/106 647/22/108 642/12/106
f 644/12/107 648/22/109 645/12/107
f 648/22/109 644/12/107 649/22/109
f 648/22/109 647/22/108 646/22/108
f 647/22/108 648/22/109 649/22/109
f 648/22/14 643/12/14 645/12/14
f 643/12/14 648/22/14 646/22/14
f 652/33/110 651/26/110 650/33/110
f 651/26/110 652/33/110 653/26/110
f 656/26/39 655/33/42 654/33/39
f 655/33/42 656/26/39 657/26/42
f 650/33/100 656/26/39 654/33/39
f 656/26/39 650/33/100 651/26/100
f 656/26/16 653/26/16 657/26/16
f 653/26/16 656/26/16 651/26/16
f 650/33/15 655/33/15 652/33/15
f 655/33/15 650/33/15 654/33/15
f 653/26/105 655/33/42 657/26/42
f 655/33/42 653/26/105 652/33/105
f 660/35/26 659/36/26 658/35/26
f 659/36/26 660/35/26 661/36/26
f 661/36/4 663/38/4 662/37/4
f 663/38/4 661/36/4 664/39/4
f 664/39/4 661/36/4 665/40/4
f 665/40/4 661/36/4 666/41/4
f 666/41/4 661/36/4 667/42/4
f 667/42/4 661/36/4 660/35/4
f 662/37/25 669/38/25 668/37/25
f 669/38/25 662/37/25 663/38/25
f 669/38/5 659/36/5 668/37/5
f 659/36/5 669/38/5 670/39/5
f 659/36/5 670/39/5 671/40/5
f 659/36/5 671/40/5 672/41/5
f 659/36/5 672/41/5 673/42/5
f 659/36/5 673/42/5 658/35/5
f 673/42/7 128/43/7 658/35/7
f 658/35/7 128/43/7 660/35/7
f 133/43/7 660/35/7 128/43/7
f 133/43/7 667/42/7 660/35/7
f 666/41/7 673/42/7 667/42/7
f 133/43/7 666/41/7 667/42/7
f 673/42/7 666/41/7 672/41/7
f 672/41/7 128/43/7 673/42/7
f 133/43/7 665/40/7 666/41/7
f 671/40/7 128/43/7 672/41/7
f 133/43/7 664/39/7 665/40/7
f 664/39/7 671/40/7 665/40/7
f 133/43/7 663/38/7 664/39/7
f 671/40/7 664/39/7 670/39/7
f 670/39/7 128/43/7 671/40/7
f 663/38/7 133/43/7 131/44/7
f 669/38/7 128/43/7 670/39/7
f 131/44/7 669/38/7 663/38/7
f 669/38/7 127/44/7 128/43/7
f 127/44/7 669/38/7 131/44/7
f 676/35/26 675/36/26 674/35/26
f 675/36/26 676/35/26 677/36/26
f 677/36/4 679/38/4 678/37/4
f 679/38/4 677/36/4 680/39/4
f 680/39/4 677/36/4 681/40/4
f 681/40/4 677/36/4 682/41/4
f 682/41/4 677/36/4 683/42/4
f 683/42/4 677/36/4 676/35/4
f 678/37/25 685/38/25 684/37/25
f 685/38/25 678/37/25 679/38/25
f 685/38/5 675/36/5 684/37/5
f 675/36/5 685/38/5 686/39/5
f 675/36/5 686/39/5 687/40/5
f 675/36/5 687/40/5 688/41/5
f 675/36/5 688/41/5 689/42/5
f 675/36/5 689/42/5 674/35/5
f 689/42/7 160/43/7 674/35/7
f 674/35/7 160/43/7 676/35/7
f 165/43/7 676/35/7 160/43/7
f 165/43/7 683/42/7 676/35/7
f 682/41/7 689/42/7 683/42/7
f 165/43/7 682/41/7 683/42/7
f 689/42/7 682/41/7 688/41/7
f 688/41/7 160/43/7 689/42/7
f 165/43/7 681/40/7 682/41/7
f 687/40/7 160/43/7 688/41/7
f 165/43/7 680/39/7 681/40/7
f 680/39/7 687/40/7 681/40/7
f 165/43/7 679/38/7 680/39/7
f 687/40/7 680/39/7 686/39/7
f 686/39/7 160/43/7 687/40/7
f 679/38/7 165/43/7 163/44/7
f 685/38/7 160/43/7 686/39/7
f 163/44/7 685/38/7 679/38/7
f 685/38/7 159/44/7 160/43/7
f 159/44/7 685/38/7 163/44/7
f 264/45/16 690/45/16 276/45/16
f 690/45/16 264/45/16 266/45/16
f 692/45/16 286/45/16 691/45/16
f 286/45/16 692/45/16 284/45/16
f 694/45/16 298/45/16 693/45/16
f 298/45/16 694/45/16 296/45/16
f 308/45/16 695/45/16 320/45/16
f 695/45/16 308/45/16 310/45/16
f 328/45/16 696/45/16 340/45/16
f 696/45/16 328/45/16 330/45/16
f 698/45/16 350/45/16 697/45/16
f 350/45/16 698/45/16 348/45/16
f 700/45/16 362/45/16 699/45/16
f 362/45/16 700/45/16 360/45/16
f 372/45/16 701/45/16 384/45/16
f 701/45/16 372/45/16 374/45/16
f 704/48/13 703/47/112 702/46/111
f 703/47/112 704/48/13 59/49/13
f 707/51/115 706/50/114 705/50/113
f 706/50/114 707/51/115 708/51/116
f 708/51/116 709/46/117 706/50/114
f 709/46/117 708/51/116 710/47/118
f 53/49/12 709/46/117 710/47/118
f 709/46/117 53/49/12 711/48/12
f 702/46/111 707/51/115 705/50/113
f 707/51/115 702/46/111 703/47/112
f 708/51/119 53/49/119 710/47/119
f 53/49/119 708/51/119 59/49/119
f 59/49/119 708/51/119 707/51/119
f 59/49/119 707/51/119 703/47/119
f 704/48/120 709/46/120 711/48/120
f 709/46/120 704/48/120 706/50/120
f 706/50/120 704/48/120 705/50/120
f 705/50/120 704/48/120 702/46/120
f 431/50/2 449/52/2 426/50/2
f 449/52/2 431/50/2 430/53/2
f 447/52/2 426/50/2 449/52/2
f 426/50/2 447/52/2 427/53/2
f 449/52/2 430/53/2 454/54/2
f 427/53/2 447/52/2 457/54/2
f 452/55/2 457/54/2 454/54/2
f 454/54/2 430/53/2 452/55/2
f 457/54/2 452/55/2 458/55/2
f 427/53/2 457/54/2 458/55/2
f 452/55/2 430/53/2 451/45/2
f 427/53/2 458/55/2 456/45/2
f 451/45/2 430/53/2 456/45/2
f 427/53/2 456/45/2 430/53/2
f 569/50/13 582/53/13 572/50/13
f 582/53/13 569/50/13 712/53/13
f 713/53/12 567/50/12 581/53/12
f 567/50/12 713/53/12 568/50/12
f 713/53/15 582/53/15 712/53/15
f 582/53/15 713/53/15 581/53/15
f 713/53/2 569/50/2 568/50/2
f 569/50/2 713/53/2 712/53/2
f 641/53/14 630/50/14 632/50/14
f 630/50/14 641/53/14 640/53/14
f 562/56/16 561/56/16 560/56/16
f 561/56/16 562/56/16 559/56/16
f 559/56/16 562/56/16 563/56/16
f 559/56/16 563/56/16 564/56/16
f 559/56/16 564/56/16 557/56/16
f 559/56/16 557/56/16 558/56/16
f 716/57/123 715/57/122 714/57/121
f 715/57/122 716/57/123 717/57/124
f 717/57/124 716/57/123 718/57/125
f 717/57/124 718/57/125 719/57/126
f 722/59/129 721/58/128 720/58/127
f 721/58/128 722/59/129 723/59/130
f 725/58/132 723/59/130 724/59/131
f 723/59/130 725/58/132 721/58/128
f 720/58/127 726/59/133 722/59/129
f 726/59/133 720/58/127 727/58/134
f 727/58/134 728/59/135 726/59/133
f 728/59/135 727/58/134 729/58/136
f 731/58/138 724/59/131 730/59/137
f 724/59/131 731/58/138 725/58/132
f 731/58/138 728/59/135 729/58/136
f 728/59/135 731/58/138 730/59/137
f 721/58/128 718/57/125 720/58/127
f 718/57/125 721/58/128 719/57/126
f 715/57/122 725/58/132 731/58/138
f 725/58/132 715/57/122 717/57/124
f 714/57/121 731/58/138 729/58/136
f 731/58/138 714/57/121 715/57/122
f 717/57/124 721/58/128 725/58/132
f 721/58/128 717/57/124 719/57/126
f 716/57/123 729/58/136 727/58/134
f 729/58/136 716/57/123 714/57/121
f 718/57/125 727/58/134 720/58/127
f 727/58/134 718/57/125 716/57/123
f 734/57/141 733/57/140 732/57/139
f 733/57/140 734/57/141 735/57/142
f 735/57/142 734/57/141 736/57/143
f 735/57/142 736/57/143 737/57/144
f 740/59/147 739/58/146 738/58/145
f 739/58/146 740/59/147 741/59/148
f 743/58/150 741/59/148 742/59/149
f 741/59/148 743/58/150 739/58/146
f 738/58/145 744/59/151 740/59/147
f 744/59/151 738/58/145 745/58/152
f 745/58/152 746/59/153 744/59/151
f 746/59/153 745/58/152 747/58/154
f 749/58/156 742/59/149 748/59/155
f 742/59/149 749/58/156 743/58/150
f 749/58/156 746/59/153 747/58/154
f 746/59/153 749/58/156 748/59/155
f 739/58/146 736/57/143 738/58/145
f 736/57/143 739/58/146 737/57/144
f 733/57/140 743/58/150 749/58/156
f 743/58/150 733/57/140 735/57/142
f 732/57/139 749/58/156 747/58/154
f 749/58/156 732/57/139 733/57/140
f 735/57/142 739/58/146 743/58/150
f 739/58/146 735/57/142 737/57/144
f 734/57/141 747/58/154 745/58/152
f 747/58/154 734/57/141 732/57/139
f 736/57/143 745/58/152 738/58/145
f 745/58/152 736/57/143 734/57/141
f 752/60/158 751/60/157 750/60/157
f 751/60/157 752/60/158 753/60/158
f 755/61/159 752/60/158 754/61/159
f 752/60/158 755/61/159 753/60/158
f 755/61/159 757/61/160 756/61/160
f 757/61/160 755/61/159 754/61/159
f 751/60/157 757/61/160 750/60/157
f 757/61/160 751/60/157 756/61/160
f 758/62/161 750/60/161 757/61/161
f 758/62/161 757/61/161 754/61/161
f 750/60/161 758/62/161 759/63/161
f 758/62/161 754/61/161 760/62/161
f 759/63/161 752/60/161 750/60/161
f 752/60/161 760/62/161 754/61/161
f 761/63/161 752/60/161 759/63/161
f 752/60/161 761/63/161 760/62/161
f 764/60/79 763/60/78 762/60/78
f 763/60/78 764/60/79 765/60/79
f 767/61/80 764/60/79 766/61/80
f 764/60/79 767/61/80 765/60/79
f 767/61/80 769/61/81 768/61/81
f 769/61/81 767/61/80 766/61/80
f 763/60/78 769/61/81 762/60/78
f 769/61/81 763/60/78 768/61/81
f 770/62/2 762/60/2 769/61/2
f 770/62/2 769/61/2 766/61/2
f 762/60/2 770/62/2 771/63/2
f 770/62/2 766/61/2 772/62/2
f 771/63/2 764/60/2 762/60/2
f 764/60/2 772/62/2 766/61/2
f 773/63/2 764/60/2 771/63/2
f 764/60/2 773/63/2 772/62/2

usemtl colormap-specular

f 668/64/7 661/65/7 662/64/7
f 661/65/7 668/64/7 659/65/7
f 684/64/7 677/65/7 678/64/7
f 677/65/7 684/64/7 675/65/7
f 453/67/2 448/66/2 450/66/2
f 448/66/2 453/67/2 455/67/2
f 776/68/161 775/69/161 774/68/161
f 775/69/161 776/68/161 777/69/161
f 780/70/2 779/71/2 778/70/2
f 779/71/2 780/70/2 781/71/2

g building-p




usemtl colormap

f 3/2/1 2/1/1 1/1/1
f 2/1/1 3/2/1 4/2/1
f 7/2/2 6/1/2 5/1/2
f 6/1/2 7/2/2 8/2/2
f 11/3/3 10/4/3 9/3/3
f 10/4/3 11/3/3 12/4/3
f 14/5/4 10/4/4 13/4/4
f 10/4/4 14/5/4 9/3/4
f 11/3/5 15/4/5 12/4/5
f 15/4/5 11/3/5 16/5/5
f 15/4/6 14/5/6 13/4/6
f 14/5/6 15/4/6 16/5/6
f 16/5/7 18/7/7 17/6/7
f 16/5/7 17/6/7 19/8/7
f 11/3/7 18/7/7 16/5/7
f 18/7/7 11/3/7 20/9/7
f 20/9/7 11/3/7 21/9/7
f 9/3/7 21/9/7 11/3/7
f 21/9/7 9/3/7 22/7/7
f 16/5/7 19/8/7 14/5/7
f 22/7/7 9/3/7 14/5/7
f 23/8/7 14/5/7 19/8/7
f 22/7/7 14/5/7 24/6/7
f 24/6/7 14/5/7 23/8/7
f 27/3/3 26/4/3 25/3/3
f 26/4/3 27/3/3 28/4/3
f 30/5/4 26/4/4 29/4/4
f 26/4/4 30/5/4 25/3/4
f 27/3/5 31/4/5 28/4/5
f 31/4/5 27/3/5 32/5/5
f 31/4/6 30/5/6 29/4/6
f 30/5/6 31/4/6 32/5/6
f 32/5/7 34/7/7 33/6/7
f 32/5/7 33/6/7 35/8/7
f 27/3/7 34/7/7 32/5/7
f 34/7/7 27/3/7 36/9/7
f 36/9/7 27/3/7 37/9/7
f 25/3/7 37/9/7 27/3/7
f 37/9/7 25/3/7 38/7/7
f 32/5/7 35/8/7 30/5/7
f 38/7/7 25/3/7 30/5/7
f 39/8/7 30/5/7 35/8/7
f 38/7/7 30/5/7 40/6/7
f 40/6/7 30/5/7 39/8/7
f 46/2/9 45/1/9 43/2/9
f 41/1/9 43/2/9 45/1/9
f 44/2/8 43/2/8 42/1/8
f 41/1/8 42/1/8 43/2/8
f 52/2/11 51/1/11 49/2/11
f 47/1/11 49/2/11 51/1/11
f 50/2/10 49/2/10 48/1/10
f 47/1/10 48/1/10 49/2/10
f 55/2/12 54/1/12 53/2/12
f 54/1/12 55/2/12 56/1/12
f 59/2/2 58/1/2 57/1/2
f 58/1/2 59/2/2 60/10/2
f 60/10/2 59/2/2 61/11/2
f 61/11/2 59/2/2 62/11/2
f 53/2/2 62/11/2 59/2/2
f 53/2/2 63/10/2 62/11/2
f 54/1/2 63/10/2 53/2/2
f 63/10/2 54/1/2 64/1/2
f 67/2/2 66/1/2 65/1/2
f 66/1/2 67/2/2 68/10/2
f 68/10/2 67/2/2 69/11/2
f 69/11/2 67/2/2 70/11/2
f 71/2/2 70/11/2 67/2/2
f 71/2/2 72/10/2 70/11/2
f 73/1/2 72/10/2 71/2/2
f 72/10/2 73/1/2 74/1/2
f 77/1/13 76/2/13 75/1/13
f 76/2/13 77/1/13 78/2/13
f 76/2/2 79/1/2 75/1/2
f 79/1/2 76/2/2 80/10/2
f 80/10/2 76/2/2 81/11/2
f 81/11/2 76/2/2 82/11/2
f 83/2/2 82/11/2 76/2/2
f 83/2/2 84/10/2 82/11/2
f 85/1/2 84/10/2 83/2/2
f 84/10/2 85/1/2 86/1/2
f 89/2/14 88/1/14 87/1/14
f 88/1/14 89/2/14 90/10/14
f 90/10/14 89/2/14 91/11/14
f 92/11/14 90/10/14 91/11/14
f 91/11/14 89/2/14 92/11/14
f 92/11/14 89/2/14 93/11/14
f 93/11/14 89/2/14 94/11/14
f 95/2/14 94/11/14 89/2/14
f 94/11/14 96/10/14 93/11/14
f 95/2/14 96/10/14 94/11/14
f 97/1/14 96/10/14 95/2/14
f 96/10/14 97/1/14 98/1/14
f 101/12/15 100/12/15 99/12/15
f 100/12/15 101/12/15 102/12/15
f 103/13/1 99/12/1 100/12/1
f 99/12/1 103/13/1 104/13/1
f 103/13/16 2/13/16 104/13/16
f 2/13/16 103/13/16 1/13/16
f 107/12/15 106/12/15 105/12/15
f 106/12/15 107/12/15 108/12/15
f 109/13/2 105/12/2 106/12/2
f 105/12/2 109/13/2 110/13/2
f 109/13/16 6/13/16 110/13/16
f 6/13/16 109/13/16 5/13/16
f 113/14/16 112/14/16 111/14/16
f 114/14/16 112/14/16 113/14/16
f 15/14/16 112/14/16 114/14/16
f 115/14/16 15/14/16 114/14/16
f 13/14/16 112/14/16 15/14/16
f 115/14/16 12/14/16 15/14/16
f 10/14/16 112/14/16 13/14/16
f 115/14/16 10/14/16 12/14/16
f 112/14/16 10/14/16 116/14/16
f 115/14/16 116/14/16 10/14/16
f 117/14/16 116/14/16 115/14/16
f 116/14/16 117/14/16 118/14/16
f 120/12/18 111/14/17 119/12/17
f 111/14/17 120/12/18 113/14/18
f 111/14/17 121/12/19 119/12/17
f 121/12/19 111/14/17 112/14/19
f 112/14/19 122/12/20 121/12/19
f 122/12/20 112/14/19 116/14/20
f 124/12/22 114/14/21 123/12/21
f 114/14/21 124/12/22 115/14/22
f 123/12/21 113/14/18 120/12/18
f 113/14/18 123/12/21 114/14/21
f 117/14/24 125/12/23 118/14/23
f 125/12/23 117/14/24 126/12/24
f 115/14/22 126/12/24 117/14/24
f 126/12/24 115/14/22 124/12/22
f 116/14/20 125/12/23 122/12/20
f 125/12/23 116/14/20 118/14/23
f 129/17/5 128/16/5 127/15/5
f 128/16/5 129/17/5 130/18/5
f 131/15/25 129/17/25 127/15/25
f 129/17/25 131/15/25 132/17/25
f 133/16/4 132/17/4 131/15/4
f 132/17/4 133/16/4 134/18/4
f 134/18/26 128/16/26 130/18/26
f 128/16/26 134/18/26 133/16/26
f 136/19/28 21/20/27 135/19/27
f 21/20/27 136/19/28 20/20/28
f 24/16/30 137/17/29 22/15/29
f 137/17/29 24/16/30 138/18/30
f 19/21/32 139/22/31 23/21/31
f 139/22/31 19/21/32 140/22/32
f 141/17/33 17/16/34 18/15/33
f 17/16/34 141/17/33 142/18/34
f 22/15/29 135/19/27 21/20/27
f 135/19/27 22/15/29 137/17/29
f 142/18/34 19/21/32 17/16/34
f 19/21/32 142/18/34 140/22/32
f 23/21/31 138/18/30 24/16/30
f 138/18/30 23/21/31 139/22/31
f 136/19/28 18/15/33 20/20/28
f 18/15/33 136/19/28 141/17/33
f 137/17/7 136/19/7 135/19/7
f 136/19/7 137/17/7 129/17/7
f 136/19/7 129/17/7 141/17/7
f 132/17/7 141/17/7 129/17/7
f 129/17/7 137/17/7 130/18/7
f 130/18/7 137/17/7 138/18/7
f 141/17/7 132/17/7 142/18/7
f 130/18/7 138/18/7 139/22/7
f 142/18/7 139/22/7 140/22/7
f 142/18/7 132/17/7 134/18/7
f 130/18/7 139/22/7 134/18/7
f 134/18/7 139/22/7 142/18/7
f 145/14/16 144/14/16 143/14/16
f 146/14/16 144/14/16 145/14/16
f 31/14/16 144/14/16 146/14/16
f 147/14/16 31/14/16 146/14/16
f 29/14/16 144/14/16 31/14/16
f 147/14/16 28/14/16 31/14/16
f 26/14/16 144/14/16 29/14/16
f 147/14/16 26/14/16 28/14/16
f 144/14/16 26/14/16 148/14/16
f 147/14/16 148/14/16 26/14/16
f 149/14/16 148/14/16 147/14/16
f 148/14/16 149/14/16 150/14/16
f 152/12/18 143/14/17 151/12/17
f 143/14/17 152/12/18 145/14/18
f 143/14/17 153/12/19 151/12/17
f 153/12/19 143/14/17 144/14/19
f 144/14/19 154/12/20 153/12/19
f 154/12/20 144/14/19 148/14/20
f 156/12/22 146/14/21 155/12/21
f 146/14/21 156/12/22 147/14/22
f 155/12/21 145/14/18 152/12/18
f 145/14/18 155/12/21 146/14/21
f 149/14/24 157/12/23 150/14/23
f 157/12/23 149/14/24 158/12/24
f 147/14/22 158/12/24 149/14/24
f 158/12/24 147/14/22 156/12/22
f 148/14/20 157/12/23 154/12/20
f 157/12/23 148/14/20 150/14/23
f 161/17/5 160/16/5 159/15/5
f 160/16/5 161/17/5 162/18/5
f 163/15/25 161/17/25 159/15/25
f 161/17/25 163/15/25 164/17/25
f 165/16/4 164/17/4 163/15/4
f 164/17/4 165/16/4 166/18/4
f 166/18/26 160/16/26 162/18/26
f 160/16/26 166/18/26 165/16/26
f 168/19/28 37/20/27 167/19/27
f 37/20/27 168/19/28 36/20/28
f 40/16/30 169/17/29 38/15/29
f 169/17/29 40/16/30 170/18/30
f 35/21/32 171/22/31 39/21/31
f 171/22/31 35/21/32 172/22/32
f 173/17/33 33/16/34 34/15/33
f 33/16/34 173/17/33 174/18/34
f 38/15/29 167/19/27 37/20/27
f 167/19/27 38/15/29 169/17/29
f 174/18/34 35/21/32 33/16/34
f 35/21/32 174/18/34 172/22/32
f 39/21/31 170/18/30 40/16/30
f 170/18/30 39/21/31 171/22/31
f 168/19/28 34/15/33 36/20/28
f 34/15/33 168/19/28 173/17/33
f 169/17/7 168/19/7 167/19/7
f 168/19/7 169/17/7 161/17/7
f 168/19/7 161/17/7 173/17/7
f 164/17/7 173/17/7 161/17/7
f 161/17/7 169/17/7 162/18/7
f 162/18/7 169/17/7 170/18/7
f 173/17/7 164/17/7 174/18/7
f 162/18/7 170/18/7 171/22/7
f 174/18/7 171/22/7 172/22/7
f 174/18/7 164/17/7 166/18/7
f 162/18/7 171/22/7 166/18/7
f 166/18/7 171/22/7 174/18/7
f 182/13/16 180/13/16 45/13/16
f 45/13/16 180/13/16 41/13/16
f 180/13/16 177/13/16 41/13/16
f 41/13/16 177/13/16 42/13/16
f 178/13/16 42/13/16 177/13/16
f 179/12/15 181/12/15 175/12/15
f 175/12/15 181/12/15 176/12/15
f 183/12/15 176/12/15 181/12/15
f 177/13/35 180/13/36 175/12/35
f 179/12/36 175/12/35 180/13/36
f 182/13/9 181/12/9 180/13/36
f 179/12/36 180/13/36 181/12/9
f 178/13/8 177/13/35 176/12/8
f 175/12/35 176/12/8 177/13/35
f 191/13/16 189/13/16 51/13/16
f 51/13/16 189/13/16 47/13/16
f 189/13/16 186/13/16 47/13/16
f 47/13/16 186/13/16 48/13/16
f 187/13/16 48/13/16 186/13/16
f 188/12/15 190/12/15 184/12/15
f 184/12/15 190/12/15 185/12/15
f 192/12/15 185/12/15 190/12/15
f 186/13/20 189/13/23 184/12/20
f 188/12/23 184/12/20 189/13/23
f 191/13/11 190/12/11 189/13/23
f 188/12/23 189/13/23 190/12/11
f 187/13/10 186/13/20 185/12/10
f 184/12/20 185/12/10 186/13/20
f 195/24/12 194/23/38 193/23/37
f 194/23/38 195/24/12 196/24/39
f 199/23/41 198/24/13 197/23/40
f 198/24/13 199/23/41 200/24/42
f 194/23/39 202/25/43 201/25/39
f 202/25/43 194/23/39 203/23/43
f 195/24/12 205/23/45 204/24/44
f 205/23/45 195/24/12 193/23/37
f 206/24/43 199/23/41 203/23/46
f 199/23/41 206/24/43 200/24/42
f 208/24/2 205/23/45 207/23/47
f 205/23/45 208/24/2 204/24/44
f 210/24/49 207/23/47 209/23/48
f 207/23/47 210/24/49 208/24/2
f 212/22/51 195/24/12 211/22/50
f 195/24/12 212/22/51 196/24/39
f 203/23/43 213/25/42 202/25/43
f 213/25/42 203/23/43 199/23/42
f 209/23/49 215/25/2 214/25/49
f 215/25/2 209/23/49 207/23/2
f 216/25/13 209/23/49 214/25/49
f 209/23/49 216/25/13 197/23/13
f 196/24/39 203/23/46 194/23/38
f 203/23/46 196/24/39 206/24/43
f 217/22/52 208/24/2 210/24/49
f 208/24/2 217/22/52 218/22/53
f 219/22/54 195/24/12 204/24/44
f 195/24/12 219/22/54 211/22/50
f 218/22/53 204/24/44 208/24/2
f 204/24/44 218/22/53 219/22/54
f 209/23/48 198/24/13 210/24/49
f 198/24/13 209/23/48 197/23/40
f 220/22/55 200/24/42 206/24/43
f 200/24/42 220/22/55 221/22/56
f 198/24/13 217/22/52 210/24/49
f 217/22/52 198/24/13 222/22/57
f 219/22/16 212/22/16 211/22/16
f 212/22/16 219/22/16 218/22/16
f 212/22/16 218/22/16 220/22/16
f 220/22/16 218/22/16 217/22/16
f 220/22/16 217/22/16 221/22/16
f 221/22/16 217/22/16 222/22/16
f 193/23/12 223/25/44 205/23/44
f 223/25/44 193/23/12 224/25/12
f 207/23/2 223/25/44 215/25/2
f 223/25/44 207/23/2 205/23/44
f 198/24/13 221/22/56 222/22/57
f 221/22/56 198/24/13 200/24/42
f 194/23/39 224/25/12 193/23/12
f 224/25/12 194/23/39 201/25/39
f 212/22/51 206/24/43 196/24/39
f 206/24/43 212/22/51 220/22/55
f 213/25/42 197/23/13 216/25/13
f 197/23/13 213/25/42 199/23/42
f 227/24/12 226/23/38 225/23/37
f 226/23/38 227/24/12 228/24/39
f 231/23/41 230/24/13 229/23/40
f 230/24/13 231/23/41 232/24/42
f 226/23/39 234/25/43 233/25/39
f 234/25/43 226/23/39 235/23/43
f 227/24/12 237/23/45 236/24/44
f 237/23/45 227/24/12 225/23/37
f 238/24/43 231/23/41 235/23/46
f 231/23/41 238/24/43 232/24/42
f 240/24/2 237/23/45 239/23/47
f 237/23/45 240/24/2 236/24/44
f 242/24/49 239/23/47 241/23/48
f 239/23/47 242/24/49 240/24/2
f 244/22/51 227/24/12 243/22/50
f 227/24/12 244/22/51 228/24/39
f 235/23/43 245/25/42 234/25/43
f 245/25/42 235/23/43 231/23/42
f 241/23/49 247/25/2 246/25/49
f 247/25/2 241/23/49 239/23/2
f 248/25/13 241/23/49 246/25/49
f 241/23/49 248/25/13 229/23/13
f 228/24/39 235/23/46 226/23/38
f 235/23/46 228/24/39 238/24/43
f 249/22/52 240/24/2 242/24/49
f 240/24/2 249/22/52 250/22/53
f 251/22/54 227/24/12 236/24/44
f 227/24/12 251/22/54 243/22/50
f 250/22/53 236/24/44 240/24/2
f 236/24/44 250/22/53 251/22/54
f 241/23/48 230/24/13 242/24/49
f 230/24/13 241/23/48 229/23/40
f 252/22/55 232/24/42 238/24/43
f 232/24/42 252/22/55 253/22/56
f 230/24/13 249/22/52 242/24/49
f 249/22/52 230/24/13 254/22/57
f 251/22/16 244/22/16 243/22/16
f 244/22/16 251/22/16 250/22/16
f 244/22/16 250/22/16 252/22/16
f 252/22/16 250/22/16 249/22/16
f 252/22/16 249/22/16 253/22/16
f 253/22/16 249/22/16 254/22/16
f 225/23/12 255/25/44 237/23/44
f 255/25/44 225/23/12 256/25/12
f 239/23/2 255/25/44 247/25/2
f 255/25/44 239/23/2 237/23/44
f 230/24/13 253/22/56 254/22/57
f 253/22/56 230/24/13 232/24/42
f 226/23/39 256/25/12 225/23/12
f 256/25/12 226/23/39 233/25/39
f 244/22/51 238/24/43 228/24/39
f 238/24/43 244/22/51 252/22/55
f 245/25/42 229/23/13 248/25/13
f 229/23/13 245/25/42 231/23/42
f 259/25/13 258/26/13 257/25/13
f 258/26/13 259/25/13 260/26/13
f 258/26/2 261/25/2 257/25/2
f 261/25/2 258/26/2 262/26/2
f 265/22/12 264/25/12 263/22/12
f 264/25/12 265/22/12 266/25/12
f 269/22/22 268/26/2 267/26/22
f 268/26/2 269/22/22 270/22/2
f 271/26/15 258/26/15 260/26/15
f 258/26/15 271/26/15 267/26/15
f 267/26/15 271/26/15 272/26/15
f 268/26/15 258/26/15 267/26/15
f 258/26/15 268/26/15 262/26/15
f 269/22/16 273/22/16 270/22/16
f 273/22/16 269/22/16 263/22/16
f 263/22/16 269/22/16 265/22/16
f 265/22/16 269/22/16 274/22/16
f 274/22/16 269/22/16 275/22/16
f 271/26/13 275/22/24 272/26/24
f 275/22/24 271/26/13 274/22/13
f 272/26/24 269/22/22 267/26/22
f 269/22/22 272/26/24 275/22/24
f 273/22/43 264/25/43 276/25/43
f 264/25/43 273/22/43 263/22/43
f 279/26/15 278/26/15 277/26/15
f 278/26/15 279/26/15 280/26/15
f 282/25/58 278/26/58 281/25/58
f 278/26/58 282/25/58 277/26/58
f 285/22/9 284/25/9 283/22/9
f 284/25/9 285/22/9 286/25/9
f 283/22/16 287/22/16 285/22/16
f 287/22/16 283/22/16 288/22/16
f 279/26/58 288/22/58 280/26/58
f 288/22/58 279/26/58 287/22/58
f 291/26/15 290/26/15 289/26/15
f 290/26/15 291/26/15 292/26/15
f 294/25/58 290/26/58 293/25/58
f 290/26/58 294/25/58 289/26/58
f 297/22/9 296/25/9 295/22/9
f 296/25/9 297/22/9 298/25/9
f 295/22/16 299/22/16 297/22/16
f 299/22/16 295/22/16 300/22/16
f 291/26/58 300/22/58 292/26/58
f 300/22/58 291/26/58 299/22/58
f 303/25/58 302/26/58 301/25/58
f 302/26/58 303/25/58 304/26/58
f 302/26/8 305/25/8 301/25/8
f 305/25/8 302/26/8 306/26/8
f 309/22/9 308/25/9 307/22/9
f 308/25/9 309/22/9 310/25/9
f 313/22/59 312/26/8 311/26/59
f 312/26/8 313/22/59 314/22/8
f 315/26/15 302/26/15 304/26/15
f 302/26/15 315/26/15 311/26/15
f 311/26/15 315/26/15 316/26/15
f 312/26/15 302/26/15 311/26/15
f 302/26/15 312/26/15 306/26/15
f 313/22/16 317/22/16 314/22/16
f 317/22/16 313/22/16 307/22/16
f 307/22/16 313/22/16 309/22/16
f 309/22/16 313/22/16 318/22/16
f 318/22/16 313/22/16 319/22/16
f 315/26/58 319/22/60 316/26/60
f 319/22/60 315/26/58 318/22/58
f 316/26/60 313/22/59 311/26/59
f 313/22/59 316/26/60 319/22/60
f 317/22/61 308/25/61 320/25/61
f 308/25/61 317/22/61 307/22/61
f 323/25/62 322/26/62 321/25/62
f 322/26/62 323/25/62 324/26/62
f 322/26/63 325/25/63 321/25/63
f 325/25/63 322/26/63 326/26/63
f 329/22/64 328/25/64 327/22/64
f 328/25/64 329/22/64 330/25/64
f 333/22/19 332/26/63 331/26/19
f 332/26/63 333/22/19 334/22/63
f 335/26/15 322/26/15 324/26/15
f 322/26/15 335/26/15 331/26/15
f 331/26/15 335/26/15 336/26/15
f 332/26/15 322/26/15 331/26/15
f 322/26/15 332/26/15 326/26/15
f 333/22/16 337/22/16 334/22/16
f 337/22/16 333/22/16 327/22/16
f 327/22/16 333/22/16 329/22/16
f 329/22/16 333/22/16 338/22/16
f 338/22/16 333/22/16 339/22/16
f 335/26/62 339/22/17 336/26/17
f 339/22/17 335/26/62 338/22/62
f 336/26/17 333/22/19 331/26/19
f 333/22/19 336/26/17 339/22/17
f 337/22/65 328/25/65 340/25/65
f 328/25/65 337/22/65 327/22/65
f 343/26/15 342/26/15 341/26/15
f 342/26/15 343/26/15 344/26/15
f 346/25/66 342/26/66 345/25/66
f 342/26/66 346/25/66 341/26/66
f 349/22/67 348/25/67 347/22/67
f 348/25/67 349/22/67 350/25/67
f 347/22/16 351/22/16 349/22/16
f 351/22/16 347/22/16 352/22/16
f 343/26/66 352/22/66 344/26/66
f 352/22/66 343/26/66 351/22/66
f 355/26/15 354/26/15 353/26/15
f 354/26/15 355/26/15 356/26/15
f 358/25/66 354/26/66 357/25/66
f 354/26/66 358/25/66 353/26/66
f 361/22/67 360/25/67 359/22/67
f 360/25/67 361/22/67 362/25/67
f 359/22/16 363/22/16 361/22/16
f 363/22/16 359/22/16 364/22/16
f 355/26/66 364/22/66 356/26/66
f 364/22/66 355/26/66 363/22/66
f 367/25/66 366/26/66 365/25/66
f 366/26/66 367/25/66 368/26/66
f 366/26/68 369/25/68 365/25/68
f 369/25/68 366/26/68 370/26/68
f 373/22/67 372/25/67 371/22/67
f 372/25/67 373/22/67 374/25/67
f 377/22/69 376/26/68 375/26/69
f 376/26/68 377/22/69 378/22/68
f 379/26/15 366/26/15 368/26/15
f 366/26/15 379/26/15 375/26/15
f 375/26/15 379/26/15 380/26/15
f 376/26/15 366/26/15 375/26/15
f 366/26/15 376/26/15 370/26/15
f 377/22/16 381/22/16 378/22/16
f 381/22/16 377/22/16 371/22/16
f 371/22/16 377/22/16 373/22/16
f 373/22/16 377/22/16 382/22/16
f 382/22/16 377/22/16 383/22/16
f 379/26/66 383/22/70 380/26/70
f 383/22/70 379/26/66 382/22/66
f 380/26/70 377/22/69 375/26/69
f 377/22/69 380/26/70 383/22/70
f 381/22/71 372/25/71 384/25/71
f 372/25/71 381/22/71 371/22/71
f 257/12/2 261/12/2 76/22/2
f 83/22/2 76/22/2 261/12/2
f 78/22/13 259/12/13 76/22/13
f 257/12/13 76/22/13 259/12/13
f 282/12/2 387/12/2 386/22/2
f 385/22/2 386/22/2 387/12/2
f 321/12/1 325/12/1 388/22/1
f 389/22/1 388/22/1 325/12/1
f 55/22/72 323/12/72 388/22/72
f 321/12/72 388/22/72 323/12/72
f 392/12/1 391/22/1 390/22/1
f 391/22/1 392/12/1 357/12/1
f 394/12/73 49/22/73 393/12/73
f 49/22/73 394/12/73 52/22/73
f 395/12/1 49/22/1 50/22/1
f 49/22/1 395/12/1 393/12/1
f 294/12/2 397/22/2 396/22/2
f 397/22/2 294/12/2 398/12/2
f 401/12/12 400/22/12 399/12/12
f 400/22/12 401/12/12 402/22/12
f 404/12/2 400/22/2 403/22/2
f 400/22/2 404/12/2 399/12/2
f 407/12/1 345/12/1 406/22/1
f 405/22/1 406/22/1 345/12/1
f 410/12/43 409/22/43 408/22/43
f 409/22/43 410/12/43 411/12/43
f 410/12/12 413/22/12 412/27/12
f 413/22/12 410/12/12 408/22/12
f 409/22/13 415/27/13 414/22/13
f 415/27/13 409/22/13 411/12/13
f 415/27/2 413/22/2 414/22/2
f 413/22/2 415/27/2 412/27/2
f 409/22/15 413/22/15 408/22/15
f 413/22/15 409/22/15 414/22/15
f 418/27/2 417/22/2 416/22/2
f 417/22/2 418/27/2 419/27/2
f 421/22/15 417/22/15 420/22/15
f 417/22/15 421/22/15 416/22/15
f 422/12/12 417/22/12 419/27/12
f 417/22/12 422/12/12 420/22/12
f 421/22/13 418/27/13 416/22/13
f 418/27/13 421/22/13 423/12/13
f 422/12/43 421/22/43 420/22/43
f 421/22/43 422/12/43 423/12/43
f 426/12/13 425/28/13 424/12/13
f 425/28/13 426/12/13 427/28/13
f 430/28/12 429/12/12 428/28/12
f 429/12/12 430/28/12 431/12/12
f 430/28/15 425/28/15 427/28/15
f 425/28/15 430/28/15 428/28/15
f 434/13/12 433/12/18 432/13/18
f 433/12/18 434/13/12 435/12/12
f 437/13/16 58/13/16 436/13/16
f 58/13/16 437/13/16 57/13/16
f 58/13/13 438/29/74 436/13/13
f 438/29/74 58/13/13 60/29/74
f 437/13/2 429/12/2 439/12/2
f 429/12/2 437/13/2 436/13/2
f 429/12/2 436/13/2 428/28/2
f 428/28/2 436/13/2 438/29/2
f 428/28/2 438/29/2 425/28/2
f 440/29/2 425/28/2 438/29/2
f 440/29/2 438/29/2 441/26/2
f 440/29/2 441/26/2 442/26/2
f 443/13/2 425/28/2 440/29/2
f 425/28/2 443/13/2 424/12/2
f 444/13/21 424/12/2 443/13/2
f 424/12/2 444/13/21 445/12/21
f 432/13/18 445/12/21 444/13/21
f 445/12/21 432/13/18 433/12/18
f 432/13/16 56/13/16 434/13/16
f 56/13/16 432/13/16 444/13/16
f 56/13/16 444/13/16 54/13/16
f 54/13/16 444/13/16 443/13/16
f 54/13/16 443/13/16 64/13/16
f 441/26/76 62/26/75 442/26/75
f 62/26/75 441/26/76 61/26/76
f 63/29/77 443/13/12 440/29/77
f 443/13/12 63/29/77 64/13/12
f 62/26/75 440/29/77 442/26/75
f 440/29/77 62/26/75 63/29/77
f 60/29/74 441/26/76 438/29/74
f 441/26/76 60/29/74 61/26/76
f 446/12/15 433/12/15 435/12/15
f 433/12/15 446/12/15 445/12/15
f 445/12/15 446/12/15 426/12/15
f 424/12/15 445/12/15 426/12/15
f 426/12/15 446/12/15 431/12/15
f 431/12/15 446/12/15 429/12/15
f 429/12/15 446/12/15 439/12/15
f 449/30/79 448/30/78 447/30/78
f 448/30/78 449/30/79 450/30/79
f 453/25/80 452/31/12 451/25/80
f 452/31/12 453/25/80 454/32/12
f 454/32/12 453/25/80 449/30/79
f 449/30/79 453/25/80 450/30/79
f 453/25/80 456/25/81 455/25/81
f 456/25/81 453/25/80 451/25/80
f 448/30/78 457/32/13 447/30/78
f 457/32/13 448/30/78 458/31/13
f 458/31/13 448/30/78 456/25/81
f 456/25/81 448/30/78 455/25/81
f 461/12/81 460/12/80 459/12/80
f 460/12/80 461/12/81 462/12/81
f 464/22/79 460/12/80 463/22/79
f 460/12/80 464/22/79 459/12/80
f 461/12/81 465/22/78 462/12/81
f 465/22/78 461/12/81 466/22/78
f 465/22/78 464/22/79 463/22/79
f 464/22/79 465/22/78 466/22/78
f 465/22/2 460/12/2 462/12/2
f 460/12/2 465/22/2 463/22/2
f 469/33/43 468/26/43 467/33/43
f 468/26/43 469/33/43 470/26/43
f 473/26/49 472/33/44 471/33/49
f 472/33/44 473/26/49 474/26/44
f 467/33/13 473/26/49 471/33/49
f 473/26/49 467/33/13 468/26/13
f 473/26/16 470/26/16 474/26/16
f 470/26/16 473/26/16 468/26/16
f 467/33/15 472/33/15 469/33/15
f 472/33/15 467/33/15 471/33/15
f 470/26/12 472/33/44 474/26/44
f 472/33/44 470/26/12 469/33/12
f 477/33/82 476/26/2 475/26/82
f 476/26/2 477/33/82 478/33/2
f 481/33/83 480/26/12 479/33/12
f 480/26/12 481/33/83 482/26/83
f 478/33/2 483/26/84 476/26/2
f 483/26/84 478/33/2 484/33/84
f 479/33/12 483/26/84 484/33/84
f 483/26/84 479/33/12 480/26/12
f 481/33/83 485/26/43 482/26/83
f 485/26/43 481/33/83 486/33/43
f 486/33/43 487/26/85 485/26/43
f 487/26/85 486/33/43 488/33/85
f 487/26/85 490/33/13 489/26/13
f 490/33/13 487/26/85 488/33/85
f 489/26/13 477/33/82 475/26/82
f 477/33/82 489/26/13 490/33/13
f 482/26/15 483/26/15 480/26/15
f 483/26/15 482/26/15 485/26/15
f 483/26/15 485/26/15 476/26/15
f 476/26/15 485/26/15 487/26/15
f 476/26/15 487/26/15 475/26/15
f 475/26/15 487/26/15 489/26/15
f 493/33/15 492/33/15 491/33/15
f 492/33/15 493/33/15 494/33/15
f 497/26/86 496/26/16 495/26/16
f 496/26/16 497/26/86 498/26/86
f 496/26/43 493/33/43 491/33/43
f 493/33/43 496/26/43 499/34/43
f 499/34/43 496/26/43 498/26/43
f 496/26/12 492/33/12 495/26/12
f 492/33/12 496/26/12 491/33/12
f 500/34/2 492/33/2 494/33/2
f 492/33/2 500/34/2 495/26/2
f 495/26/2 500/34/2 497/26/2
f 493/33/13 500/34/87 494/33/13
f 500/34/87 493/33/13 499/34/87
f 499/34/87 497/26/86 500/34/87
f 497/26/86 499/34/87 498/26/86
f 503/33/13 502/26/49 501/33/49
f 502/26/49 503/33/13 504/26/13
f 502/26/49 505/33/2 501/33/49
f 505/33/2 502/26/49 506/26/2
f 509/26/39 508/33/12 507/26/12
f 508/33/12 509/26/39 510/33/39
f 507/26/12 512/33/44 511/26/44
f 512/33/44 507/26/12 508/33/12
f 513/33/42 504/26/13 503/33/13
f 504/26/13 513/33/42 514/26/42
f 516/26/43 513/33/42 515/33/43
f 513/33/42 516/26/43 514/26/42
f 506/26/2 512/33/44 505/33/2
f 512/33/44 506/26/2 511/26/44
f 509/26/39 515/33/43 510/33/39
f 515/33/43 509/26/39 516/26/43
f 511/26/16 509/26/16 507/26/16
f 509/26/16 511/26/16 506/26/16
f 509/26/16 506/26/16 516/26/16
f 516/26/16 506/26/16 502/26/16
f 516/26/16 502/26/16 514/26/16
f 514/26/16 502/26/16 504/26/16
f 510/33/15 512/33/15 508/33/15
f 512/33/15 510/33/15 515/33/15
f 512/33/15 515/33/15 505/33/15
f 505/33/15 515/33/15 513/33/15
f 505/33/15 513/33/15 501/33/15
f 501/33/15 513/33/15 503/33/15
f 519/33/13 518/26/49 517/33/49
f 518/26/49 519/33/13 520/26/13
f 518/26/49 521/33/2 517/33/49
f 521/33/2 518/26/49 522/26/2
f 525/26/39 524/33/12 523/26/12
f 524/33/12 525/26/39 526/33/39
f 523/26/12 528/33/44 527/26/44
f 528/33/44 523/26/12 524/33/12
f 529/33/42 520/26/13 519/33/13
f 520/26/13 529/33/42 530/26/42
f 532/26/43 529/33/42 531/33/43
f 529/33/42 532/26/43 530/26/42
f 522/26/2 528/33/44 521/33/2
f 528/33/44 522/26/2 527/26/44
f 525/26/39 531/33/43 526/33/39
f 531/33/43 525/26/39 532/26/43
f 527/26/16 525/26/16 523/26/16
f 525/26/16 527/26/16 522/26/16
f 525/26/16 522/26/16 532/26/16
f 532/26/16 522/26/16 518/26/16
f 532/26/16 518/26/16 530/26/16
f 530/26/16 518/26/16 520/26/16
f 526/33/15 528/33/15 524/33/15
f 528/33/15 526/33/15 531/33/15
f 528/33/15 531/33/15 521/33/15
f 521/33/15 531/33/15 529/33/15
f 521/33/15 529/33/15 517/33/15
f 517/33/15 529/33/15 519/33/15
f 535/22/12 534/12/88 533/22/88
f 534/12/88 535/22/12 536/12/12
f 539/22/89 538/12/90 537/12/89
f 538/12/90 539/22/89 540/22/90
f 538/12/90 542/22/44 541/12/44
f 542/22/44 538/12/90 540/22/90
f 533/22/88 541/12/44 542/22/44
f 541/12/44 533/22/88 534/12/88
f 545/12/13 544/22/91 543/12/91
f 544/22/91 545/12/13 546/22/13
f 543/12/91 548/22/49 547/12/49
f 548/22/49 543/12/91 544/22/91
f 548/22/49 537/12/89 547/12/49
f 537/12/89 548/22/49 539/22/89
f 545/12/15 534/12/15 536/12/15
f 534/12/15 545/12/15 541/12/15
f 541/12/15 545/12/15 538/12/15
f 538/12/15 545/12/15 537/12/15
f 537/12/15 545/12/15 547/12/15
f 547/12/15 545/12/15 543/12/15
f 546/22/16 548/22/16 544/22/16
f 549/22/16 548/22/16 546/22/16
f 550/22/16 548/22/16 549/22/16
f 551/22/16 548/22/16 550/22/16
f 551/22/16 539/22/16 548/22/16
f 552/22/16 539/22/16 551/22/16
f 553/22/16 539/22/16 552/22/16
f 553/22/16 540/22/16 539/22/16
f 554/22/16 540/22/16 553/22/16
f 554/22/16 542/22/16 540/22/16
f 542/22/16 554/22/16 555/22/16
f 556/22/16 542/22/16 555/22/16
f 535/22/16 542/22/16 556/22/16
f 542/22/16 535/22/16 533/22/16
f 550/22/92 557/25/39 551/22/39
f 557/25/39 550/22/92 558/25/92
f 549/22/12 558/25/92 550/22/92
f 558/25/92 549/22/12 559/25/12
f 561/25/13 555/22/93 560/25/93
f 555/22/93 561/25/13 556/22/13
f 560/25/93 554/22/42 562/25/42
f 554/22/42 560/25/93 555/22/93
f 554/22/42 563/25/94 562/25/42
f 563/25/94 554/22/42 553/22/94
f 553/22/94 564/25/95 563/25/94
f 564/25/95 553/22/94 552/22/95
f 552/22/95 557/25/39 564/25/95
f 557/25/39 552/22/95 551/22/39
f 567/12/15 566/12/15 565/12/15
f 568/12/15 566/12/15 567/12/15
f 569/12/15 566/12/15 568/12/15
f 569/12/15 570/12/15 566/12/15
f 570/12/15 569/12/15 571/12/15
f 572/12/15 571/12/15 569/12/15
f 574/13/16 73/13/16 573/13/16
f 73/13/16 574/13/16 74/13/16
f 72/29/77 574/13/12 575/29/77
f 574/13/12 72/29/77 74/13/12
f 577/26/76 70/26/75 576/26/75
f 70/26/75 577/26/76 69/26/76
f 70/26/75 575/29/77 576/26/75
f 575/29/77 70/26/75 72/29/77
f 68/29/74 577/26/76 578/29/74
f 577/26/76 68/29/74 69/26/76
f 579/13/2 567/12/2 565/12/2
f 567/12/2 579/13/2 580/13/2
f 567/12/2 580/13/2 581/28/2
f 581/28/2 580/13/2 578/29/2
f 581/28/2 578/29/2 582/28/2
f 575/29/2 582/28/2 578/29/2
f 575/29/2 578/29/2 577/26/2
f 575/29/2 577/26/2 576/26/2
f 574/13/2 582/28/2 575/29/2
f 582/28/2 574/13/2 572/12/2
f 573/13/2 572/12/2 574/13/2
f 572/12/2 573/13/2 571/12/2
f 66/13/13 578/29/74 580/13/13
f 578/29/74 66/13/13 68/29/74
f 579/13/16 66/13/16 580/13/16
f 66/13/16 579/13/16 65/13/16
f 585/33/13 584/26/96 583/33/96
f 584/26/96 585/33/13 586/26/13
f 584/26/97 588/26/97 587/26/97
f 588/26/97 584/26/97 586/26/97
f 585/33/98 590/33/98 589/33/98
f 590/33/98 585/33/98 583/33/98
f 588/26/12 590/33/99 587/26/99
f 590/33/99 588/26/12 589/33/12
f 584/26/96 590/33/99 583/33/96
f 590/33/99 584/26/96 587/26/99
f 593/12/13 592/28/13 591/12/13
f 592/28/13 593/12/13 594/28/13
f 597/28/12 596/12/12 595/28/12
f 596/12/12 597/28/12 598/12/12
f 601/12/15 600/12/15 599/12/15
f 600/12/15 601/12/15 593/12/15
f 591/12/15 600/12/15 593/12/15
f 593/12/15 601/12/15 598/12/15
f 598/12/15 601/12/15 596/12/15
f 596/12/15 601/12/15 602/12/15
f 602/12/15 601/12/15 603/12/15
f 605/13/16 79/13/16 604/13/16
f 79/13/16 605/13/16 75/13/16
f 75/13/16 605/13/16 77/13/16
f 77/13/16 605/13/16 606/13/16
f 606/13/16 605/13/16 607/13/16
f 609/13/16 85/13/16 608/13/16
f 85/13/16 609/13/16 86/13/16
f 601/12/13 607/13/24 603/12/24
f 607/13/24 601/12/13 606/13/13
f 603/12/24 605/13/22 602/12/22
f 605/13/22 603/12/24 607/13/24
f 84/29/77 609/13/12 610/29/77
f 609/13/12 84/29/77 86/13/12
f 612/26/76 82/26/75 611/26/75
f 82/26/75 612/26/76 81/26/76
f 82/26/75 610/29/77 611/26/75
f 610/29/77 82/26/75 84/29/77
f 80/29/74 612/26/76 613/29/74
f 612/26/76 80/29/74 81/26/76
f 597/28/15 592/28/15 594/28/15
f 592/28/15 597/28/15 595/28/15
f 605/13/22 596/12/2 602/12/22
f 596/12/2 605/13/22 604/13/2
f 596/12/2 604/13/2 595/28/2
f 595/28/2 604/13/2 613/29/2
f 595/28/2 613/29/2 592/28/2
f 610/29/2 592/28/2 613/29/2
f 610/29/2 613/29/2 612/26/2
f 610/29/2 612/26/2 611/26/2
f 609/13/2 592/28/2 610/29/2
f 592/28/2 609/13/2 591/12/2
f 608/13/2 591/12/2 609/13/2
f 591/12/2 608/13/2 600/12/2
f 79/13/13 613/29/74 604/13/13
f 613/29/74 79/13/13 80/29/74
f 616/33/13 615/26/49 614/33/49
f 615/26/49 616/33/13 617/26/13
f 615/26/16 619/26/16 618/26/16
f 619/26/16 615/26/16 617/26/16
f 616/33/15 621/33/15 620/33/15
f 621/33/15 616/33/15 614/33/15
f 619/26/12 621/33/44 618/26/44
f 621/33/44 619/26/12 620/33/12
f 615/26/49 621/33/44 614/33/49
f 621/33/44 615/26/49 618/26/44
f 88/13/100 623/29/101 622/13/100
f 623/29/101 88/13/100 90/29/101
f 622/13/16 87/13/16 88/13/16
f 87/13/16 622/13/16 624/13/16
f 625/13/16 98/13/16 97/13/16
f 98/13/16 625/13/16 626/13/16
f 629/12/15 628/12/15 627/12/15
f 628/12/15 629/12/15 630/12/15
f 631/12/15 628/12/15 630/12/15
f 630/12/15 629/12/15 632/12/15
f 632/12/15 629/12/15 633/12/15
f 633/12/15 629/12/15 634/12/15
f 635/26/102 92/26/103 93/26/102
f 92/26/103 635/26/102 636/26/103
f 96/29/104 626/13/105 637/29/104
f 626/13/105 96/29/104 98/13/105
f 90/29/101 636/26/103 623/29/101
f 636/26/103 90/29/101 92/26/103
f 93/26/102 637/29/104 635/26/102
f 637/29/104 93/26/102 96/29/104
f 624/13/14 633/12/14 634/12/14
f 633/12/14 624/13/14 622/13/14
f 633/12/14 622/13/14 638/28/14
f 638/28/14 622/13/14 623/29/14
f 638/28/14 623/29/14 639/28/14
f 637/29/14 639/28/14 623/29/14
f 637/29/14 623/29/14 636/26/14
f 637/29/14 636/26/14 635/26/14
f 626/13/14 639/28/14 637/29/14
f 639/28/14 626/13/14 631/12/14
f 625/13/14 631/12/14 626/13/14
f 631/12/14 625/13/14 628/12/14
f 641/28/15 639/28/15 640/28/15
f 639/28/15 641/28/15 638/28/15
f 630/12/100 639/28/100 631/12/100
f 639/28/100 630/12/100 640/28/100
f 641/28/105 633/12/105 638/28/105
f 633/12/105 641/28/105 632/12/105
f 644/12/107 643/12/106 642/12/106
f 643/12/106 644/12/107 645/12/107
f 647/22/108 643/12/106 646/22/108
f 643/12/106 647/22/108 642/12/106
f 644/12/107 648/22/109 645/12/107
f 648/22/109 644/12/107 649/22/109
f 648/22/109 647/22/108 646/22/108
f 647/22/108 648/22/109 649/22/109
f 648/22/14 643/12/14 645/12/14
f 643/12/14 648/22/14 646/22/14
f 652/33/110 651/26/110 650/33/110
f 651/26/110 652/33/110 653/26/110
f 656/26/39 655/33/42 654/33/39
f 655/33/42 656/26/39 657/26/42
f 650/33/100 656/26/39 654/33/39
f 656/26/39 650/33/100 651/26/100
f 656/26/16 653/26/16 657/26/16
f 653/26/16 656/26/16 651/26/16
f 650/33/15 655/33/15 652/33/15
f 655/33/15 650/33/15 654/33/15
f 653/26/105 655/33/42 657/26/42
f 655/33/42 653/26/105 652/33/105
f 660/35/26 659/36/26 658/35/26
f 659/36/26 660/35/26 661/36/26
f 661/36/4 663/38/4 662/37/4
f 663/38/4 661/36/4 664/39/4
f 664/39/4 661/36/4 665/40/4
f 665/40/4 661/36/4 666/41/4
f 666/41/4 661/36/4 667/42/4
f 667/42/4 661/36/4 660/35/4
f 662/37/25 669/38/25 668/37/25
f 669/38/25 662/37/25 663/38/25
f 669/38/5 659/36/5 668/37/5
f 659/36/5 669/38/5 670/39/5
f 659/36/5 670/39/5 671/40/5
f 659/36/5 671/40/5 672/41/5
f 659/36/5 672/41/5 673/42/5
f 659/36/5 673/42/5 658/35/5
f 673/42/7 128/43/7 658/35/7
f 658/35/7 128/43/7 660/35/7
f 133/43/7 660/35/7 128/43/7
f 133/43/7 667/42/7 660/35/7
f 666/41/7 673/42/7 667/42/7
f 133/43/7 666/41/7 667/42/7
f 673/42/7 666/41/7 672/41/7
f 672/41/7 128/43/7 673/42/7
f 133/43/7 665/40/7 666/41/7
f 671/40/7 128/43/7 672/41/7
f 133/43/7 664/39/7 665/40/7
f 664/39/7 671/40/7 665/40/7
f 133/43/7 663/38/7 664/39/7
f 671/40/7 664/39/7 670/39/7
f 670/39/7 128/43/7 671/40/7
f 663/38/7 133/43/7 131/44/7
f 669/38/7 128/43/7 670/39/7
f 131/44/7 669/38/7 663/38/7
f 669/38/7 127/44/7 128/43/7
f 127/44/7 669/38/7 131/44/7
f 676/35/26 675/36/26 674/35/26
f 675/36/26 676/35/26 677/36/26
f 677/36/4 679/38/4 678/37/4
f 679/38/4 677/36/4 680/39/4
f 680/39/4 677/36/4 681/40/4
f 681/40/4 677/36/4 682/41/4
f 682/41/4 677/36/4 683/42/4
f 683/42/4 677/36/4 676/35/4
f 678/37/25 685/38/25 684/37/25
f 685/38/25 678/37/25 679/38/25
f 685/38/5 675/36/5 684/37/5
f 675/36/5 685/38/5 686/39/5
f 675/36/5 686/39/5 687/40/5
f 675/36/5 687/40/5 688/41/5
f 675/36/5 688/41/5 689/42/5
f 675/36/5 689/42/5 674/35/5
f 689/42/7 160/43/7 674/35/7
f 674/35/7 160/43/7 676/35/7
f 165/43/7 676/35/7 160/43/7
f 165/43/7 683/42/7 676/35/7
f 682/41/7 689/42/7 683/42/7
f 165/43/7 682/41/7 683/42/7
f 689/42/7 682/41/7 688/41/7
f 688/41/7 160/43/7 689/42/7
f 165/43/7 681/40/7 682/41/7
f 687/40/7 160/43/7 688/41/7
f 165/43/7 680/39/7 681/40/7
f 680/39/7 687/40/7 681/40/7
f 165/43/7 679/38/7 680/39/7
f 687/40/7 680/39/7 686/39/7
f 686/39/7 160/43/7 687/40/7
f 679/38/7 165/43/7 163/44/7
f 685/38/7 160/43/7 686/39/7
f 163/44/7 685/38/7 679/38/7
f 685/38/7 159/44/7 160/43/7
f 159/44/7 685/38/7 163/44/7
f 264/45/16 690/45/16 276/45/16
f 690/45/16 264/45/16 266/45/16
f 692/45/16 286/45/16 691/45/16
f 286/45/16 692/45/16 284/45/16
f 694/45/16 298/45/16 693/45/16
f 298/45/16 694/45/16 296/45/16
f 308/45/16 695/45/16 320/45/16
f 695/45/16 308/45/16 310/45/16
f 328/45/16 696/45/16 340/45/16
f 696/45/16 328/45/16 330/45/16
f 698/45/16 350/45/16 697/45/16
f 350/45/16 698/45/16 348/45/16
f 700/45/16 362/45/16 699/45/16
f 362/45/16 700/45/16 360/45/16
f 372/45/16 701/45/16 384/45/16
f 701/45/16 372/45/16 374/45/16
f 704/48/13 703/47/112 702/46/111
f 703/47/112 704/48/13 59/49/13
f 707/51/115 706/50/114 705/50/113
f 706/50/114 707/51/115 708/51/116
f 708/51/116 709/46/117 706/50/114
f 709/46/117 708/51/116 710/47/118
f 53/49/12 709/46/117 710/47/118
f 709/46/117 53/49/12 711/48/12
f 702/46/111 707/51/115 705/50/113
f 707/51/115 702/46/111 703/47/112
f 708/51/119 53/49/119 710/47/119
f 53/49/119 708/51/119 59/49/119
f 59/49/119 708/51/119 707/51/119
f 59/49/119 707/51/119 703/47/119
f 704/48/120 709/46/120 711/48/120
f 709/46/120 704/48/120 706/50/120
f 706/50/120 704/48/120 705/50/120
f 705/50/120 704/48/120 702/46/120
f 431/50/2 449/52/2 426/50/2
f 449/52/2 431/50/2 430/53/2
f 447/52/2 426/50/2 449/52/2
f 426/50/2 447/52/2 427/53/2
f 449/52/2 430/53/2 454/54/2
f 427/53/2 447/52/2 457/54/2
f 452/55/2 457/54/2 454/54/2
f 454/54/2 430/53/2 452/55/2
f 457/54/2 452/55/2 458/55/2
f 427/53/2 457/54/2 458/55/2
f 452/55/2 430/53/2 451/45/2
f 427/53/2 458/55/2 456/45/2
f 451/45/2 430/53/2 456/45/2
f 427/53/2 456/45/2 430/53/2
f 569/50/13 582/53/13 572/50/13
f 582/53/13 569/50/13 712/53/13
f 713/53/12 567/50/12 581/53/12
f 567/50/12 713/53/12 568/50/12
f 713/53/15 582/53/15 712/53/15
f 582/53/15 713/53/15 581/53/15
f 713/53/2 569/50/2 568/50/2
f 569/50/2 713/53/2 712/53/2
f 641/53/14 630/50/14 632/50/14
f 630/50/14 641/53/14 640/53/14
f 562/56/16 561/56/16 560/56/16
f 561/56/16 562/56/16 559/56/16
f 559/56/16 562/56/16 563/56/16
f 559/56/16 563/56/16 564/56/16
f 559/56/16 564/56/16 557/56/16
f 559/56/16 557/56/16 558/56/16
f 716/57/123 715/57/122 714/57/121
f 715/57/122 716/57/123 717/57/124
f 717/57/124 716/57/123 718/57/125
f 717/57/124 718/57/125 719/57/126
f 722/59/129 721/58/128 720/58/127
f 721/58/128 722/59/129 723/59/130
f 725/58/132 723/59/130 724/59/131
f 723/59/130 725/58/132 721/58/128
f 720/58/127 726/59/133 722/59/129
f 726/59/133 720/58/127 727/58/134
f 727/58/134 728/59/135 726/59/133
f 728/59/135 727/58/134 729/58/136
f 731/58/138 724/59/131 730/59/137
f 724/59/131 731/58/138 725/58/132
f 731/58/138 728/59/135 729/58/136
f 728/59/135 731/58/138 730/59/137
f 721/58/128 718/57/125 720/58/127
f 718/57/125 721/58/128 719/57/126
f 715/57/122 725/58/132 731/58/138
f 725/58/132 715/57/122 717/57/124
f 714/57/121 731/58/138 729/58/136
f 731/58/138 714/57/121 715/57/122
f 717/57/124 721/58/128 725/58/132
f 721/58/128 717/57/124 719/57/126
f 716/57/123 729/58/136 727/58/134
f 729/58/136 716/57/123 714/57/121
f 718/57/125 727/58/134 720/58/127
f 727/58/134 718/57/125 716/57/123
f 734/57/141 733/57/140 732/57/139
f 733/57/140 734/57/141 735/57/142
f 735/57/142 734/57/141 736/57/143
f 735/57/142 736/57/143 737/57/144
f 740/59/147 739/58/146 738/58/145
f 739/58/146 740/59/147 741/59/148
f 743/58/150 741/59/148 742/59/149
f 741/59/148 743/58/150 739/58/146
f 738/58/145 744/59/151 740/59/147
f 744/59/151 738/58/145 745/58/152
f 745/58/152 746/59/153 744/59/151
f 746/59/153 745/58/152 747/58/154
f 749/58/156 742/59/149 748/59/155
f 742/59/149 749/58/156 743/58/150
f 749/58/156 746/59/153 747/58/154
f 746/59/153 749/58/156 748/59/155
f 739/58/146 736/57/143 738/58/145
f 736/57/143 739/58/146 737/57/144
f 733/57/140 743/58/150 749/58/156
f 743/58/150 733/57/140 735/57/142
f 732/57/139 749/58/156 747/58/154
f 749/58/156 732/57/139 733/57/140
f 735/57/142 739/58/146 743/58/150
f 739/58/146 735/57/142 737/57/144
f 734/57/141 747/58/154 745/58/152
f 747/58/154 734/57/141 732/57/139
f 736/57/143 745/58/152 738/58/145
f 745/58/152 736/57/143 734/57/141
f 752/60/158 751/60/157 750/60/157
f 751/60/157 752/60/158 753/60/158
f 755/61/159 752/60/158 754/61/159
f 752/60/158 755/61/159 753/60/158
f 755/61/159 757/61/160 756/61/160
f 757/61/160 755/61/159 754/61/159
f 751/60/157 757/61/160 750/60/157
f 757/61/160 751/60/157 756/61/160
f 758/62/161 750/60/161 757/61/161
f 758/62/161 757/61/161 754/61/161
f 750/60/161 758/62/161 759/63/161
f 758/62/161 754/61/161 760/62/161
f 759/63/161 752/60/161 750/60/161
f 752/60/161 760/62/161 754/61/161
f 761/63/161 752/60/161 759/63/161
f 752/60/161 761/63/161 760/62/161
f 764/60/79 763/60/78 762/60/78
f 763/60/78 764/60/79 765/60/79
f 767/61/80 764/60/79 766/61/80
f 764/60/79 767/61/80 765/60/79
f 767/61/80 769/61/81 768/61/81
f 769/61/81 767/61/80 766/61/80
f 763/60/78 769/61/81 762/60/78
f 769/61/81 763/60/78 768/61/81
f 770/62/2 762/60/2 769/61/2
f 770/62/2 769/61/2 766/61/2
f 762/60/2 770/62/2 771/63/2
f 770/62/2 766/61/2 772/62/2
f 771/63/2 764/60/2 762/60/2
f 764/60/2 772/62/2 766/61/2
f 773/63/2 764/60/2 771/63/2
f 764/60/2 773/63/2 772/62/2

usemtl colormap-specular

f 668/64/7 661/65/7 662/64/7
f 661/65/7 668/64/7 659/65/7
f 684/64/7 677/65/7 678/64/7
f 677/65/7 684/64/7 675/65/7
f 453/67/2 448/66/2 450/66/2
f 448/66/2 453/67/2 455/67/2
f 776/68/161 775/69/161 774/68/161
f 775/69/161 776/68/161 777/69/161
f 780/70/2 779/71/2 778/70/2
f 779/71/2 780/70/2 781/71/2

