# Created by Kenney (www.kenney.nl)

mtllib building-g.mtl

g building-g

v -0.4190689 0.85 0.621794 1 1 1
v -0.8190688 0.85 0.621794 1 1 1
v -0.4190689 1.2 0.621794 1 1 1
v -0.8190688 1.2 0.621794 1 1 1
v 0.3809312 0.5 0.2217939 1 1 1
v 0.7809312 0.5 0.221794 1 1 1
v 0.3809312 0.6999999 0.2217939 1 1 1
v 0.8256526 0.4776393 0.221794 1 1 1
v 0.839069 0.5044721 0.221794 1 1 1
v 0.812554 0.4841886 0.2571493 1 1 1
v 0.8259704 0.5110214 0.2571493 1 1 1
v 0.7943476 0.5268328 0.271794 1 1 1
v 0.7809312 0.5 0.271794 1 1 1
v 0.8256527 0.4776393 -0.1782061 1 1 1
v 0.8390691 0.5044721 -0.1782061 1 1 1
v 0.7809313 0.5 -0.1782061 1 1 1
v 0.3809313 0.6999999 -0.1782061 1 1 1
v 0.3362099 0.7223606 -0.1782061 1 1 1
v 0.3362098 0.7223606 0.251794 1 1 1
v 0.3540984 0.7134163 0.2717939 1 1 1
v 0.3809313 0.5 -0.1782061 1 1 1
v 0.3496262 0.7491934 0.251794 1 1 1
v 0.3496263 0.7491934 -0.1782061 1 1 1
v 0.3943477 0.7268327 -0.1782061 1 1 1
v 0.3675148 0.7402492 0.2717939 1 1 1
v 0.3809312 0.5 -0.5782061 1 1 1
v 0.7809313 0.5 -0.5782061 1 1 1
v 0.3809312 0.6999999 -0.5782061 1 1 1
v 0.8256527 0.4776393 -0.5782061 1 1 1
v 0.8390691 0.5044721 -0.5782061 1 1 1
v 0.8125541 0.4841886 -0.6135614 1 1 1
v 0.8259705 0.5110214 -0.6135614 1 1 1
v 0.7943477 0.5268328 -0.6282061 1 1 1
v 0.7809313 0.5 -0.6282061 1 1 1
v 0.8256526 0.4776393 -0.178206 1 1 1
v 0.839069 0.5044721 -0.178206 1 1 1
v 0.7809312 0.5 -0.178206 1 1 1
v 0.3809312 0.6999999 -0.1782061 1 1 1
v 0.3362098 0.7223606 -0.1782061 1 1 1
v 0.3362099 0.7223606 -0.6082062 1 1 1
v 0.3540984 0.7134163 -0.6282061 1 1 1
v 0.3809312 0.5 -0.1782061 1 1 1
v 0.3496263 0.7491934 -0.6082062 1 1 1
v 0.3496262 0.7491934 -0.1782061 1 1 1
v 0.3943476 0.7268327 -0.1782061 1 1 1
v 0.3675148 0.7402492 -0.6282061 1 1 1
v -0.01906887 0.5 -0.5782061 1 1 1
v 0.3809312 0.5 -0.5782061 1 1 1
v -0.01906887 0.6999999 -0.5782061 1 1 1
v 0.4256526 0.4776393 -0.5782061 1 1 1
v 0.439069 0.5044721 -0.5782061 1 1 1
v 0.412554 0.4841886 -0.6135614 1 1 1
v 0.4259704 0.5110214 -0.6135614 1 1 1
v 0.3943476 0.5268328 -0.6282061 1 1 1
v 0.3809312 0.5 -0.6282061 1 1 1
v 0.4256525 0.4776393 -0.178206 1 1 1
v 0.4390689 0.5044721 -0.178206 1 1 1
v 0.3809311 0.5 -0.178206 1 1 1
v -0.01906891 0.6999999 -0.1782061 1 1 1
v -0.06379026 0.7223606 -0.1782061 1 1 1
v -0.0637902 0.7223606 -0.6082062 1 1 1
v -0.04590166 0.7134163 -0.6282061 1 1 1
v -0.01906891 0.5 -0.1782061 1 1 1
v -0.05037379 0.7491934 -0.6082062 1 1 1
v -0.05037385 0.7491934 -0.1782061 1 1 1
v -0.005652487 0.7268327 -0.1782061 1 1 1
v -0.03248526 0.7402492 -0.6282061 1 1 1
v -0.0190689 0.5 0.2217939 1 1 1
v 0.3809311 0.5 0.221794 1 1 1
v -0.0190689 0.6999999 0.2217939 1 1 1
v 0.4256525 0.4776393 0.221794 1 1 1
v 0.4390689 0.5044721 0.221794 1 1 1
v 0.4125539 0.4841886 0.2571493 1 1 1
v 0.4259703 0.5110214 0.2571493 1 1 1
v 0.3943475 0.5268328 0.271794 1 1 1
v 0.3809311 0.5 0.271794 1 1 1
v 0.4256526 0.4776393 -0.1782061 1 1 1
v 0.439069 0.5044721 -0.1782061 1 1 1
v 0.3809312 0.5 -0.1782061 1 1 1
v -0.01906885 0.6999999 -0.1782061 1 1 1
v -0.0637902 0.7223606 -0.1782061 1 1 1
v -0.06379026 0.7223606 0.251794 1 1 1
v -0.04590172 0.7134163 0.2717939 1 1 1
v -0.01906885 0.5 -0.1782061 1 1 1
v -0.05037385 0.7491934 0.251794 1 1 1
v -0.05037379 0.7491934 -0.1782061 1 1 1
v -0.005652428 0.7268327 -0.1782061 1 1 1
v -0.03248532 0.7402492 0.2717939 1 1 1
v -0.419069 0.5 -0.5782061 1 1 1
v -0.01906891 0.5 -0.5782061 1 1 1
v -0.419069 0.6999999 -0.5782061 1 1 1
v 0.02565247 0.4776393 -0.5782061 1 1 1
v 0.03906888 0.5044721 -0.5782061 1 1 1
v 0.01255389 0.4841886 -0.6135614 1 1 1
v 0.0259703 0.5110214 -0.6135614 1 1 1
v -0.005652487 0.5268328 -0.6282061 1 1 1
v -0.0190689 0.5 -0.6282061 1 1 1
v 0.02565242 0.4776393 -0.178206 1 1 1
v 0.03906883 0.5044721 -0.178206 1 1 1
v -0.01906896 0.5 -0.178206 1 1 1
v -0.419069 0.6999999 -0.1782061 1 1 1
v -0.4637904 0.7223606 -0.1782061 1 1 1
v -0.4637903 0.7223606 -0.6082062 1 1 1
v -0.4459018 0.7134163 -0.6282061 1 1 1
v -0.419069 0.5 -0.1782061 1 1 1
v -0.4503739 0.7491934 -0.6082062 1 1 1
v -0.4503739 0.7491934 -0.1782061 1 1 1
v -0.4056526 0.7268327 -0.1782061 1 1 1
v -0.4324853 0.7402492 -0.6282061 1 1 1
v -0.8190689 0.85 0.2217939 1 1 1
v -0.8190689 1.2 0.2217939 1 1 1
v -0.4190688 0.85 0.6217939 1 1 1
v -0.4190688 1.2 0.6217939 1 1 1
v -0.01906878 0.45 0.621794 1 1 1
v -0.01906872 0.45 0.2217939 1 1 1
v -0.01906878 0.8 0.621794 1 1 1
v -0.01906872 0.8 0.2217939 1 1 1
v -0.4190688 0.45 0.6217939 1 1 1
v -0.4190688 0.8 0.6217939 1 1 1
v -0.4190689 0.45 0.621794 1 1 1
v -0.8190688 0.45 0.621794 1 1 1
v -0.4190689 0.8 0.621794 1 1 1
v -0.8190688 0.8 0.621794 1 1 1
v -0.01906878 0.85 0.621794 1 1 1
v -0.01906872 0.85 0.2217939 1 1 1
v -0.01906878 1.2 0.621794 1 1 1
v -0.01906872 1.2 0.2217939 1 1 1
v -0.01906878 0.45 -0.1782061 1 1 1
v -0.4190688 0.45 -0.1782061 1 1 1
v -0.01906878 0.8 -0.1782061 1 1 1
v -0.4190688 0.8 -0.1782061 1 1 1
v -0.01906878 0.45 0.2217939 1 1 1
v -0.01906878 0.8 0.2217939 1 1 1
v -0.06906879 1.2 0.221794 1 1 1
v -0.4190688 1.2 0.2217939 1 1 1
v -0.06906874 1.2 -0.1282061 1 1 1
v -0.4190688 1.2 -0.1282061 1 1 1
v -0.4190688 1.2 0.5717939 1 1 1
v -0.4190688 1.2 0.2217939 1 1 1
v -0.06906877 1.2 0.5717939 1 1 1
v -0.06906877 1.2 0.2217939 1 1 1
v -0.7690689 1.2 0.2217939 1 1 1
v -0.4190689 1.2 0.2217938 1 1 1
v -0.7690688 1.2 0.5717939 1 1 1
v -0.4190688 1.2 0.5717939 1 1 1
v -0.4190689 1.2 -0.1282061 1 1 1
v -0.4190689 1.2 0.2217939 1 1 1
v -0.7690688 1.2 -0.1282061 1 1 1
v -0.7690688 1.2 0.2217939 1 1 1
v 0.2509311 1.841438E-16 0.221794 1 1 1
v 0.1109311 1.841438E-16 0.221794 1 1 1
v 0.2509311 0.27 0.221794 1 1 1
v 0.1109311 0.27 0.221794 1 1 1
v -0.819069 0.45 0.6217942 1 1 1
v -0.819069 0.8 0.6217942 1 1 1
v -0.4190689 0.45 0.6217941 1 1 1
v -0.4190689 0.8 0.6217941 1 1 1
v -0.8190691 0.8 -0.1782061 1 1 1
v -0.8190691 0.45 -0.1782061 1 1 1
v -0.419069 0.8 -0.1782062 1 1 1
v -0.419069 0.45 -0.1782062 1 1 1
v -0.8190691 0.68 -0.1282061 1 1 1
v -0.8190691 0.52 -0.1282061 1 1 1
v -0.8190691 0.7 -0.1082061 1 1 1
v -0.8190691 0.5 -0.1082061 1 1 1
v -0.819069 0.5 0.5517942 1 1 1
v -0.819069 0.52 0.5717942 1 1 1
v -0.819069 0.7 0.5517942 1 1 1
v -0.819069 0.68 0.5717942 1 1 1
v -0.8190688 0.85 -0.1782061 1 1 1
v -0.8190688 1.2 -0.1782061 1 1 1
v -0.8190688 0.85 0.2217939 1 1 1
v -0.8190688 1.2 0.2217939 1 1 1
v -0.01906881 1.2 -0.1782061 1 1 1
v -0.01906881 0.85 -0.1782061 1 1 1
v -0.01906881 1.2 0.2217939 1 1 1
v -0.01906881 0.85 0.2217939 1 1 1
v -0.06906882 1.08 -0.1782061 1 1 1
v -0.06906882 0.92 -0.1782061 1 1 1
v -0.08906883 1.1 -0.1782061 1 1 1
v -0.08906883 0.9 -0.1782061 1 1 1
v -0.7490688 0.9 -0.1782061 1 1 1
v -0.7690688 0.92 -0.1782061 1 1 1
v -0.7490688 1.1 -0.1782061 1 1 1
v -0.7690688 1.08 -0.1782061 1 1 1
v -0.8190691 0 -0.008206064 1 1 1
v -0.8190691 0 0.4517941 1 1 1
v -0.8190691 0.27 -0.008206064 1 1 1
v -0.8190691 0.27 0.4517941 1 1 1
v -0.8190688 0.8 0.641794 1 1 1
v -0.4190689 0.8 0.641794 1 1 1
v -0.8190688 0.8 0.221794 1 1 1
v -0.4190689 0.8 0.221794 1 1 1
v -0.4190689 0.85 0.641794 1 1 1
v -0.8190688 0.85 0.641794 1 1 1
v -0.4734761 1.2 0.141794 1 1 1
v -0.4734761 1.24 0.141794 1 1 1
v -0.4734761 1.2 0.251794 1 1 1
v -0.4734761 1.24 0.251794 1 1 1
v -0.4534761 1.2 0.121794 1 1 1
v -0.1934761 1.2 0.121794 1 1 1
v -0.4534761 1.24 0.121794 1 1 1
v -0.1934761 1.24 0.121794 1 1 1
v -0.1934761 1.2 0.271794 1 1 1
v -0.4534761 1.2 0.271794 1 1 1
v -0.1934761 1.24 0.271794 1 1 1
v -0.4534761 1.24 0.271794 1 1 1
v -0.1734761 1.24 0.141794 1 1 1
v -0.1734761 1.2 0.141794 1 1 1
v -0.1734761 1.24 0.251794 1 1 1
v -0.1734761 1.2 0.251794 1 1 1
v -0.5440689 0.15 -0.178206 1 1 1
v -0.5440689 0.225 -0.178206 1 1 1
v -0.5440689 0.15 -0.253206 1 1 1
v -0.5440689 0.225 -0.253206 1 1 1
v -0.5440689 0.05 -0.253206 1 1 1
v -0.5440689 0.20625 -0.309456 1 1 1
v -0.5440689 0.15 -0.328206 1 1 1
v -0.544069 0.05 -0.328206 1 1 1
v -0.619069 0.15 -0.328206 1 1 1
v -0.619069 0.20625 -0.309456 1 1 1
v -0.619069 0.15 -0.178206 1 1 1
v -0.619069 0.15 -0.253206 1 1 1
v -0.619069 0.05 -0.328206 1 1 1
v -0.619069 0.05 -0.253206 1 1 1
v -0.619069 0.225 -0.253206 1 1 1
v -0.619069 0.225 -0.178206 1 1 1
v -0.524069 0.05 -0.328206 1 1 1
v -0.524069 -1.142849E-09 -0.328206 1 1 1
v -0.524069 0.05 -0.253206 1 1 1
v -0.524069 3.755131E-09 -0.253206 1 1 1
v -0.619069 -5.551043E-09 -0.348206 1 1 1
v -0.5440689 -3.102044E-09 -0.348206 1 1 1
v -0.619069 0.04999999 -0.348206 1 1 1
v -0.544069 0.04999999 -0.348206 1 1 1
v -0.619069 1.959194E-09 -0.233206 1 1 1
v -0.619069 0.05 -0.233206 1 1 1
v -0.5440689 4.408193E-09 -0.233206 1 1 1
v -0.5440689 0.05 -0.233206 1 1 1
v -0.639069 0.04999999 -0.328206 1 1 1
v -0.639069 0.05 -0.253206 1 1 1
v -0.639069 -4.897981E-09 -0.328206 1 1 1
v -0.639069 0 -0.253206 1 1 1
v 0.8009309 0 0.221794 1 1 1
v 0.800931 0 -0.178206 1 1 1
v 0.8009309 0.05 0.221794 1 1 1
v 0.800931 0.05 -0.178206 1 1 1
v 0.7809309 0 0.241794 1 1 1
v 0.7809309 0.05 0.241794 1 1 1
v 0.3809309 0 0.2417939 1 1 1
v 0.3809309 0.05 0.2417939 1 1 1
v 0.380931 0 -0.1782061 1 1 1
v 0.780931 0.05 -0.178206 1 1 1
v 0.7809309 0.05 0.221794 1 1 1
v 0.3809309 0.05 0.2217939 1 1 1
v -0.6940688 0.15 -0.178206 1 1 1
v -0.6940688 0.225 -0.178206 1 1 1
v -0.6940688 0.15 -0.253206 1 1 1
v -0.6940688 0.225 -0.253206 1 1 1
v -0.6940688 0.05 -0.253206 1 1 1
v -0.6940688 0.20625 -0.309456 1 1 1
v -0.6940688 0.15 -0.328206 1 1 1
v -0.6940688 0.05 -0.328206 1 1 1
v -0.7690688 0.15 -0.328206 1 1 1
v -0.7690688 0.20625 -0.309456 1 1 1
v -0.7690688 0.15 -0.178206 1 1 1
v -0.7690688 0.15 -0.253206 1 1 1
v -0.7690688 0.05 -0.328206 1 1 1
v -0.7690688 0.05 -0.253206 1 1 1
v -0.7690688 0.225 -0.253206 1 1 1
v -0.7690688 0.225 -0.178206 1 1 1
v -0.6740688 0.05 -0.328206 1 1 1
v -0.6740688 -1.142849E-09 -0.328206 1 1 1
v -0.6740688 0.05 -0.253206 1 1 1
v -0.6740688 3.755131E-09 -0.253206 1 1 1
v -0.7690688 -5.551043E-09 -0.348206 1 1 1
v -0.6940688 -3.102044E-09 -0.348206 1 1 1
v -0.7690688 0.04999999 -0.348206 1 1 1
v -0.6940688 0.04999999 -0.348206 1 1 1
v -0.7690688 1.959194E-09 -0.233206 1 1 1
v -0.7690688 0.05 -0.233206 1 1 1
v -0.6940688 4.408193E-09 -0.233206 1 1 1
v -0.6940688 0.05 -0.233206 1 1 1
v -0.7890688 0.04999999 -0.328206 1 1 1
v -0.7890688 0.05 -0.253206 1 1 1
v -0.7890688 -4.897981E-09 -0.328206 1 1 1
v -0.7890688 0 -0.253206 1 1 1
v 0.0009312183 0 0.621794 1 1 1
v 0.0009312779 0 0.2217939 1 1 1
v 0.0009312183 0.05 0.621794 1 1 1
v 0.0009312779 0.05 0.2217939 1 1 1
v -0.01906878 0 0.641794 1 1 1
v -0.01906878 0.05 0.641794 1 1 1
v -0.4190688 0 0.6417939 1 1 1
v -0.4190688 0.05 0.6417939 1 1 1
v -0.4190688 0 0.2217938 1 1 1
v -0.01906872 0.05 0.2217939 1 1 1
v -0.01906878 0.05 0.621794 1 1 1
v -0.4190688 0.05 0.6217939 1 1 1
v -0.8390688 0.8 0.621794 1 1 1
v -0.8390689 0.8 0.2217939 1 1 1
v -0.8390688 0.85 0.621794 1 1 1
v -0.8390689 0.85 0.2217939 1 1 1
v -0.4190688 0.8 0.6417939 1 1 1
v -0.4190688 0.85 0.6417939 1 1 1
v -0.4190689 0.8 0.2217938 1 1 1
v 0.0009312183 0.4 0.621794 1 1 1
v 0.0009312779 0.4 0.2217939 1 1 1
v 0.0009312183 0.45 0.621794 1 1 1
v 0.0009312779 0.45 0.2217939 1 1 1
v -0.01906878 0.4 0.641794 1 1 1
v -0.01906878 0.45 0.641794 1 1 1
v -0.4190688 0.4 0.6417939 1 1 1
v -0.4190688 0.45 0.6417939 1 1 1
v -0.4190688 0.4 0.2217938 1 1 1
v -0.019069 0 0.221794 1 1 1
v -0.019069 0 -0.178206 1 1 1
v -0.419069 0 0.221794 1 1 1
v -0.419069 0 -0.178206 1 1 1
v -0.8190688 0.4 0.641794 1 1 1
v -0.4190689 0.4 0.641794 1 1 1
v -0.8190688 0.4 0.221794 1 1 1
v -0.4190689 0.4 0.221794 1 1 1
v -0.4190689 0.45 0.641794 1 1 1
v -0.8190688 0.45 0.641794 1 1 1
v 0.0009312183 0.8 0.621794 1 1 1
v 0.0009312779 0.8 0.2217939 1 1 1
v 0.0009312183 0.85 0.621794 1 1 1
v 0.0009312779 0.85 0.2217939 1 1 1
v -0.01906878 0.8 0.641794 1 1 1
v -0.01906878 0.85 0.641794 1 1 1
v -0.4190688 0.8 0.2217938 1 1 1
v -0.01906878 0.4 -0.1982061 1 1 1
v -0.4190688 0.4 -0.1982061 1 1 1
v -0.01906878 0.45 -0.1982061 1 1 1
v -0.4190688 0.45 -0.1982061 1 1 1
v 0.0009312183 0.4 -0.1782061 1 1 1
v 0.0009312183 0.45 -0.1782061 1 1 1
v 0.0009312183 0.4 0.2217939 1 1 1
v 0.0009312183 0.45 0.2217939 1 1 1
v -0.4190688 0.4 0.2217939 1 1 1
v -0.439069 0 -0.5782061 1 1 1
v -0.439069 0 -0.178206 1 1 1
v -0.439069 0.05 -0.5782061 1 1 1
v -0.439069 0.05 -0.178206 1 1 1
v -0.4190691 0 -0.598206 1 1 1
v -0.4190691 0.05 -0.598206 1 1 1
v -0.019069 0 -0.5982061 1 1 1
v -0.019069 0.05 -0.5982061 1 1 1
v -0.01906894 0 -0.178206 1 1 1
v -0.419069 0.05 -0.178206 1 1 1
v -0.4190691 0.05 -0.5782061 1 1 1
v -0.019069 0.05 -0.5782061 1 1 1
v -0.4734761 1.2 0.341794 1 1 1
v -0.4734761 1.24 0.341794 1 1 1
v -0.4734761 1.2 0.451794 1 1 1
v -0.4734761 1.24 0.451794 1 1 1
v -0.4534761 1.2 0.3217939 1 1 1
v -0.1934761 1.2 0.3217939 1 1 1
v -0.4534761 1.24 0.3217939 1 1 1
v -0.1934761 1.24 0.3217939 1 1 1
v -0.1934761 1.2 0.4717939 1 1 1
v -0.4534761 1.2 0.4717939 1 1 1
v -0.1934761 1.24 0.4717939 1 1 1
v -0.4534761 1.24 0.4717939 1 1 1
v -0.1734761 1.24 0.341794 1 1 1
v -0.1734761 1.2 0.341794 1 1 1
v -0.1734761 1.24 0.451794 1 1 1
v -0.1734761 1.2 0.451794 1 1 1
v -0.01906872 1.2 -0.1782061 1 1 1
v -0.01906872 1.23 -0.1782061 1 1 1
v -0.4190688 1.2 -0.1782061 1 1 1
v -0.4190688 1.23 -0.1782061 1 1 1
v -0.01906878 1.2 0.221794 1 1 1
v -0.01906878 1.23 0.221794 1 1 1
v -0.06906874 1.28 -0.1282061 1 1 1
v -0.4190688 1.28 -0.1282061 1 1 1
v 0.0009312779 1.23 -0.1782061 1 1 1
v 0.0009312183 1.23 0.221794 1 1 1
v 0.0009312779 1.28 -0.1782061 1 1 1
v 0.0009312183 1.28 0.221794 1 1 1
v -0.4190688 1.23 -0.1982061 1 1 1
v -0.01906872 1.23 -0.1982061 1 1 1
v -0.06906879 1.28 0.221794 1 1 1
v -0.4190688 1.28 -0.1982061 1 1 1
v -0.01906872 1.28 -0.1982061 1 1 1
v -0.01906878 1.2 0.6217939 1 1 1
v -0.01906878 1.23 0.6217939 1 1 1
v -0.01906878 1.2 0.2217939 1 1 1
v -0.01906878 1.23 0.2217939 1 1 1
v -0.4190688 1.2 0.6217939 1 1 1
v -0.4190688 1.23 0.6217939 1 1 1
v -0.06906877 1.28 0.5717939 1 1 1
v -0.06906877 1.28 0.2217939 1 1 1
v -0.01906878 1.23 0.6417939 1 1 1
v -0.4190688 1.23 0.6417939 1 1 1
v -0.01906878 1.28 0.6417939 1 1 1
v -0.4190688 1.28 0.6417939 1 1 1
v 0.0009312183 1.23 0.2217939 1 1 1
v 0.0009312183 1.23 0.6217939 1 1 1
v -0.4190688 1.28 0.5717939 1 1 1
v 0.0009312183 1.28 0.2217939 1 1 1
v 0.0009312183 1.28 0.6217939 1 1 1
v -0.8190688 1.23 0.621794 1 1 1
v -0.4190688 1.23 0.6217939 1 1 1
v -0.8190689 1.23 0.2217939 1 1 1
v -0.7690688 1.28 0.5717939 1 1 1
v -0.4190688 1.28 0.5717939 1 1 1
v -0.8390688 1.23 0.621794 1 1 1
v -0.8390689 1.23 0.2217939 1 1 1
v -0.8390688 1.28 0.621794 1 1 1
v -0.8390689 1.28 0.2217939 1 1 1
v -0.4190688 1.23 0.6417939 1 1 1
v -0.8190688 1.23 0.641794 1 1 1
v -0.7690689 1.28 0.2217939 1 1 1
v -0.4190688 1.28 0.6417939 1 1 1
v -0.8190688 1.28 0.641794 1 1 1
v -0.8190688 1.2 -0.1782061 1 1 1
v -0.8190688 1.23 -0.1782061 1 1 1
v -0.8190688 1.2 0.2217939 1 1 1
v -0.8190688 1.23 0.2217939 1 1 1
v -0.4190689 1.2 -0.1782061 1 1 1
v -0.4190689 1.23 -0.1782061 1 1 1
v -0.7690688 1.28 -0.1282061 1 1 1
v -0.7690688 1.28 0.2217939 1 1 1
v -0.8190688 1.23 -0.1982061 1 1 1
v -0.4190689 1.23 -0.1982061 1 1 1
v -0.8190688 1.28 -0.1982061 1 1 1
v -0.4190689 1.28 -0.1982061 1 1 1
v -0.8390688 1.23 0.2217939 1 1 1
v -0.8390688 1.23 -0.1782061 1 1 1
v -0.4190689 1.28 -0.1282061 1 1 1
v -0.8390688 1.28 0.2217939 1 1 1
v -0.8390688 1.28 -0.1782061 1 1 1
v -0.2274218 0.7467175 -0.3152294 1 1 1
v -0.2360621 0.7467175 -0.2943697 1 1 1
v -0.2126718 0.7762175 -0.3152294 1 1 1
v -0.2256323 0.7762175 -0.2839399 1 1 1
v -0.2864218 0.7467175 -0.3152294 1 1 1
v -0.3011718 0.7762175 -0.3152294 1 1 1
v -0.2777814 0.7467175 -0.2943697 1 1 1
v -0.2882112 0.7762175 -0.2839399 1 1 1
v -0.2360621 0.6377174 -0.2943697 1 1 1
v -0.2569218 0.6377174 -0.2857294 1 1 1
v -0.2569218 0.7467175 -0.2857294 1 1 1
v -0.2256323 0.7762175 -0.3465189 1 1 1
v -0.2360621 0.7467175 -0.336089 1 1 1
v -0.2569218 0.7762175 -0.2709794 1 1 1
v -0.2569218 0.7467175 -0.3447294 1 1 1
v -0.2569218 0.7762175 -0.3594794 1 1 1
v -0.2777814 0.7467175 -0.336089 1 1 1
v -0.2882112 0.7762175 -0.3465189 1 1 1
v -0.2274218 0.8057174 -0.3152294 1 1 1
v -0.2360621 0.8057174 -0.2943697 1 1 1
v -0.2777814 0.6377174 -0.2943697 1 1 1
v -0.2777814 0.6377174 -0.336089 1 1 1
v -0.2569218 0.6377174 -0.3447294 1 1 1
v -0.2864218 0.6377174 -0.3152294 1 1 1
v -0.2777814 0.8057174 -0.336089 1 1 1
v -0.2569218 0.8057174 -0.3447294 1 1 1
v -0.2360621 0.8057174 -0.336089 1 1 1
v -0.2569218 0.8057174 -0.2857294 1 1 1
v -0.2777814 0.8057174 -0.2943697 1 1 1
v -0.2864218 0.8057174 -0.3152294 1 1 1
v -0.2360621 0.6377174 -0.336089 1 1 1
v -0.2274218 0.6377174 -0.3152294 1 1 1
v -0.01906891 0.4 -0.578206 1 1 1
v 0.3809311 0.4 -0.578206 1 1 1
v -0.01906891 0.5 -0.578206 1 1 1
v 0.3809311 0.5 -0.578206 1 1 1
v 0.7809312 0.5 -0.578206 1 1 1
v 0.7809312 0.4 -0.578206 1 1 1
v 0.7809312 0.5 -0.178206 1 1 1
v 0.7809312 0.4 -0.178206 1 1 1
v 0.3809312 0.4 -0.578206 1 1 1
v 0.3809312 0.5 -0.578206 1 1 1
v -0.01906891 0.4 0.221794 1 1 1
v 0.3809311 0.4 0.221794 1 1 1
v -0.01906891 0.5 0.221794 1 1 1
v 0.3809311 0.5 0.221794 1 1 1
v -0.419069 0.5 -0.578206 1 1 1
v -0.419069 0.4 -0.578206 1 1 1
v -0.419069 0.5 -0.178206 1 1 1
v -0.419069 0.4 -0.178206 1 1 1
v -0.019069 0.4 -0.578206 1 1 1
v -0.019069 0.5 -0.578206 1 1 1
v 0.7809312 0.5 0.221794 1 1 1
v 0.7809312 0.4 0.221794 1 1 1
v 0.7809312 0.5 -0.178206 1 1 1
v 0.7809312 0.4 -0.178206 1 1 1
v 0.3809312 0.4 0.221794 1 1 1
v 0.3809312 0.5 0.221794 1 1 1
v 0.7309309 0.28 -0.598206 1 1 1
v 0.7309309 0.12 -0.598206 1 1 1
v 0.7309309 0.28 -0.5782061 1 1 1
v 0.7309309 0.12 -0.5782061 1 1 1
v 0.7109309 0.1 -0.598206 1 1 1
v 0.7109309 0.1 -0.5782061 1 1 1
v 0.7009309 0.13 -0.598206 1 1 1
v 0.7009309 0.27 -0.598206 1 1 1
v 0.7009309 0.13 -0.5782061 1 1 1
v 0.7009309 0.27 -0.5782061 1 1 1
v 0.7109309 0.3 -0.598206 1 1 1
v 0.7109309 0.3 -0.5782061 1 1 1
v 0.03093091 0.28 -0.598206 1 1 1
v 0.05093092 0.3 -0.598206 1 1 1
v 0.03093091 0.28 -0.5782061 1 1 1
v 0.05093092 0.3 -0.5782061 1 1 1
v 0.06093091 0.27 -0.598206 1 1 1
v 0.06093091 0.13 -0.598206 1 1 1
v 0.06093091 0.27 -0.5782061 1 1 1
v 0.06093091 0.13 -0.5782061 1 1 1
v 0.05093092 0.1 -0.5782061 1 1 1
v 0.05093092 0.1 -0.598206 1 1 1
v 0.03093091 0.12 -0.598206 1 1 1
v 0.03093091 0.12 -0.5782061 1 1 1
v 0.8009309 0.05 -0.5782061 1 1 1
v 0.8009309 4.511946E-17 -0.5782061 1 1 1
v 0.8009309 0.05 -0.178206 1 1 1
v 0.8009309 0 -0.178206 1 1 1
v -0.01906911 0 -0.598206 1 1 1
v 0.7809309 4.511946E-17 -0.598206 1 1 1
v -0.01906911 0.05 -0.598206 1 1 1
v 0.7809309 0.05 -0.598206 1 1 1
v -0.01906911 0 -0.178206 1 1 1
v -0.01906911 0.05 -0.5782061 1 1 1
v 0.7809309 0.05 -0.5782061 1 1 1
v 0.7809309 0.05 -0.178206 1 1 1
v 0.6809309 0.15 -0.578206 1 1 1
v 0.6809309 0.25 -0.578206 1 1 1
v 0.6809309 0.15 -0.558206 1 1 1
v 0.6809309 0.25 -0.558206 1 1 1
v 0.5909309 0.15 -0.578206 1 1 1
v 0.08093089 0.15 -0.558206 1 1 1
v 0.5709309 0.15 -0.578206 1 1 1
v 0.3909309 0.15 -0.578206 1 1 1
v 0.3709309 0.15 -0.578206 1 1 1
v 0.1909309 0.15 -0.578206 1 1 1
v 0.1709309 0.15 -0.578206 1 1 1
v 0.08093089 0.15 -0.578206 1 1 1
v 0.08093089 0.25 -0.578206 1 1 1
v 0.08093089 0.25 -0.558206 1 1 1
v 0.5909309 0.25 -0.578206 1 1 1
v 0.5709309 0.25 -0.578206 1 1 1
v 0.3909309 0.25 -0.578206 1 1 1
v 0.3709309 0.25 -0.578206 1 1 1
v 0.1909309 0.25 -0.578206 1 1 1
v 0.1709309 0.25 -0.578206 1 1 1
v 0.06093091 0.27 -0.578206 1 1 1
v 0.06093091 0.13 -0.578206 1 1 1
v 0.7009309 0.13 -0.578206 1 1 1
v 0.7009309 0.27 -0.578206 1 1 1
v 0.2809311 0.05 0.241794 1 1 1
v 0.2809311 0.28 0.241794 1 1 1
v 0.2809311 0.05 0.221794 1 1 1
v 0.2809311 0.28 0.221794 1 1 1
v 0.3809311 0.05 0.221794 1 1 1
v 0.3809311 0.05 0.241794 1 1 1
v -0.01906891 0.05 0.221794 1 1 1
v 0.08093109 0.05 0.221794 1 1 1
v -0.01906891 0.05 0.241794 1 1 1
v 0.08093109 0.05 0.241794 1 1 1
v -0.01906891 3.665956E-18 -0.178206 1 1 1
v -0.01906891 0 0.241794 1 1 1
v 0.3809311 3.665956E-18 -0.178206 1 1 1
v 0.1109311 1.841438E-16 0.241794 1 1 1
v 0.2509311 1.841438E-16 0.241794 1 1 1
v 0.3809311 3.665956E-18 0.241794 1 1 1
v 0.1009311 0.3 0.221794 1 1 1
v 0.2609311 0.3 0.221794 1 1 1
v 0.1009311 0.3 0.241794 1 1 1
v 0.2609311 0.3 0.241794 1 1 1
v 0.08093109 0.28 0.241794 1 1 1
v 0.08093109 0.28 0.221794 1 1 1
v 0.2509311 0.27 0.241794 1 1 1
v 0.1109311 0.27 0.241794 1 1 1
v 0.2141427 0.09534679 0.2217939 1 1 1
v 0.2141427 0.09534679 0.2327939 1 1 1
v 0.2334128 0.09534679 0.2217939 1 1 1
v 0.2334128 0.09534679 0.2327939 1 1 1
v 0.2141427 0.136817 0.2327939 1 1 1
v 0.2141427 0.136817 0.2217939 1 1 1
v 0.2334128 0.136817 0.2327939 1 1 1
v 0.2334128 0.136817 0.2217939 1 1 1
v 0.226827 0.1142863 0.232794 1 1 1
v 0.226827 0.1273973 0.232794 1 1 1
v 0.1959135 0.1142863 0.232794 1 1 1
v 0.1959135 0.1273973 0.232794 1 1 1
v 0.226827 0.1142863 0.243794 1 1 1
v 0.1959135 0.1142863 0.243794 1 1 1
v 0.226827 0.1273973 0.243794 1 1 1
v 0.1959135 0.1273973 0.243794 1 1 1
v -0.8390691 0.68 -0.1282061 1 1 1
v -0.8390691 0.52 -0.1282061 1 1 1
v -0.8390691 0.5 -0.1082061 1 1 1
v -0.8390691 0.53 -0.09820607 1 1 1
v -0.8390691 0.67 -0.09820607 1 1 1
v -0.8190691 0.53 -0.09820607 1 1 1
v -0.8190691 0.67 -0.09820607 1 1 1
v -0.8390691 0.7 -0.1082061 1 1 1
v -0.839069 0.68 0.5717942 1 1 1
v -0.839069 0.7 0.5517942 1 1 1
v -0.839069 0.67 0.5417942 1 1 1
v -0.839069 0.53 0.5417942 1 1 1
v -0.819069 0.67 0.5417942 1 1 1
v -0.819069 0.53 0.5417942 1 1 1
v -0.839069 0.5 0.5517942 1 1 1
v -0.839069 0.52 0.5717942 1 1 1
v -0.819069 0.4 0.6417942 1 1 1
v -0.819069 0.45 0.6417942 1 1 1
v -0.4190689 0.4 0.6417941 1 1 1
v -0.4190689 0.45 0.6417941 1 1 1
v -0.8190691 0.45 -0.1982061 1 1 1
v -0.8190691 0.4 -0.1982061 1 1 1
v -0.419069 0.45 -0.1982062 1 1 1
v -0.419069 0.4 -0.1982062 1 1 1
v -0.839069 0.4 0.6217942 1 1 1
v -0.8390691 0.4 -0.1782061 1 1 1
v -0.839069 0.45 0.6217942 1 1 1
v -0.8390691 0.45 -0.1782061 1 1 1
v -0.4190689 0.4 0.6217941 1 1 1
v -0.819069 0.4 0.6217942 1 1 1
v -0.8190691 0.4 -0.1782061 1 1 1
v -0.419069 0.4 -0.1782062 1 1 1
v -0.8190691 0.55 -0.07820609 1 1 1
v -0.8190691 0.65 -0.07820609 1 1 1
v -0.7990692 0.55 -0.07820609 1 1 1
v -0.7990692 0.65 -0.07820609 1 1 1
v -0.8190691 0.55 0.01179394 1 1 1
v -0.799069 0.55 0.5217941 1 1 1
v -0.8190691 0.55 0.03179394 1 1 1
v -0.8190691 0.55 0.211794 1 1 1
v -0.8190691 0.55 0.231794 1 1 1
v -0.8190691 0.55 0.4117941 1 1 1
v -0.8190691 0.55 0.4317941 1 1 1
v -0.8190691 0.55 0.5217941 1 1 1
v -0.8190691 0.65 0.5217941 1 1 1
v -0.799069 0.65 0.5217941 1 1 1
v -0.8190691 0.65 0.01179394 1 1 1
v -0.8190691 0.65 0.03179394 1 1 1
v -0.8190691 0.65 0.211794 1 1 1
v -0.8190691 0.65 0.231794 1 1 1
v -0.8190691 0.65 0.4117941 1 1 1
v -0.8190691 0.65 0.4317941 1 1 1
v -0.8190691 0.67 0.5417941 1 1 1
v -0.8190691 0.53 0.5417941 1 1 1
v -0.8190691 0.53 -0.0982061 1 1 1
v -0.8190691 0.67 -0.0982061 1 1 1
v -0.06906882 1.08 -0.1982061 1 1 1
v -0.06906882 0.92 -0.1982061 1 1 1
v -0.08906883 0.9 -0.1982061 1 1 1
v -0.09906882 0.93 -0.1982061 1 1 1
v -0.09906882 1.07 -0.1982061 1 1 1
v -0.09906882 0.93 -0.1782061 1 1 1
v -0.09906882 1.07 -0.1782061 1 1 1
v -0.08906883 1.1 -0.1982061 1 1 1
v -0.7690688 1.08 -0.1982061 1 1 1
v -0.7490688 1.1 -0.1982061 1 1 1
v -0.7390688 1.07 -0.1982061 1 1 1
v -0.7390688 0.93 -0.1982061 1 1 1
v -0.7390688 1.07 -0.1782061 1 1 1
v -0.7390688 0.93 -0.1782061 1 1 1
v -0.7490688 0.9 -0.1982061 1 1 1
v -0.7690688 0.92 -0.1982061 1 1 1
v -0.8390688 0.8 -0.1782061 1 1 1
v -0.8390688 0.85 -0.1782061 1 1 1
v -0.8390688 0.8 0.2217939 1 1 1
v -0.8390688 0.85 0.2217939 1 1 1
v 0.0009311736 0.85 -0.1782061 1 1 1
v 0.0009311736 0.8 -0.1782061 1 1 1
v 0.0009311736 0.85 0.2217939 1 1 1
v 0.0009311736 0.8 0.2217939 1 1 1
v -0.8190688 0.8 -0.1982061 1 1 1
v -0.01906881 0.8 -0.1982061 1 1 1
v -0.8190688 0.85 -0.1982061 1 1 1
v -0.01906881 0.85 -0.1982061 1 1 1
v -0.8190688 0.8 0.2217939 1 1 1
v -0.8190688 0.8 -0.1782061 1 1 1
v -0.01906881 0.8 -0.1782061 1 1 1
v -0.01906881 0.8 0.2217939 1 1 1
v -0.1190688 0.95 -0.178206 1 1 1
v -0.1190688 1.05 -0.178206 1 1 1
v -0.1190688 0.95 -0.158206 1 1 1
v -0.1190688 1.05 -0.158206 1 1 1
v -0.2090688 0.95 -0.178206 1 1 1
v -0.7190688 0.95 -0.158206 1 1 1
v -0.2290688 0.95 -0.178206 1 1 1
v -0.4090688 0.95 -0.178206 1 1 1
v -0.4290688 0.95 -0.178206 1 1 1
v -0.6090688 0.95 -0.178206 1 1 1
v -0.6290688 0.95 -0.178206 1 1 1
v -0.7190688 0.95 -0.178206 1 1 1
v -0.7190688 1.05 -0.178206 1 1 1
v -0.7190688 1.05 -0.158206 1 1 1
v -0.2090688 1.05 -0.178206 1 1 1
v -0.2290688 1.05 -0.178206 1 1 1
v -0.4090688 1.05 -0.178206 1 1 1
v -0.4290688 1.05 -0.178206 1 1 1
v -0.6090688 1.05 -0.178206 1 1 1
v -0.6290688 1.05 -0.178206 1 1 1
v -0.7390688 1.07 -0.178206 1 1 1
v -0.7390688 0.93 -0.178206 1 1 1
v -0.09906882 0.93 -0.178206 1 1 1
v -0.09906882 1.07 -0.178206 1 1 1
v -0.3523411 0.06399998 -0.628934 1 1 1
v -0.347069 0.06399998 -0.616206 1 1 1
v -0.3523411 0.464 -0.628934 1 1 1
v -0.347069 0.464 -0.616206 1 1 1
v -0.365069 0.464 -0.598206 1 1 1
v -0.365069 0.06399998 -0.598206 1 1 1
v -0.3777969 0.464 -0.6034781 1 1 1
v -0.3777969 0.06399998 -0.6034781 1 1 1
v -0.3523411 0.06399998 -0.6034781 1 1 1
v -0.3523411 0.464 -0.6034781 1 1 1
v -0.383069 0.06399998 -0.616206 1 1 1
v -0.383069 0.464 -0.616206 1 1 1
v -0.3777969 0.06399998 -0.628934 1 1 1
v -0.3777969 0.464 -0.628934 1 1 1
v -0.365069 0.06399998 -0.6342061 1 1 1
v -0.365069 0.464 -0.6342061 1 1 1
v -0.383069 0.464 -0.5782061 1 1 1
v -0.347069 0.464 -0.5782061 1 1 1
v -0.383069 0.464 -0.6342061 1 1 1
v -0.347069 0.464 -0.6342061 1 1 1
v -0.347069 0.5 -0.5782061 1 1 1
v -0.383069 0.5 -0.5782061 1 1 1
v -0.347069 0.5 -0.6242061 1 1 1
v -0.383069 0.5 -0.6242061 1 1 1
v -0.383069 0.49 -0.6342061 1 1 1
v -0.347069 0.49 -0.6342061 1 1 1
v -0.3469756 0.1247845 -0.6342995 1 1 1
v -0.3469756 0.1532155 -0.6342995 1 1 1
v -0.365069 0.1247845 -0.641794 1 1 1
v -0.365069 0.1532155 -0.641794 1 1 1
v -0.3394811 0.1247845 -0.616206 1 1 1
v -0.3394811 0.1532155 -0.616206 1 1 1
v -0.365069 0.1532155 -0.5906182 1 1 1
v -0.365069 0.1247845 -0.5906182 1 1 1
v -0.3831624 0.1532155 -0.5981127 1 1 1
v -0.3831624 0.1247845 -0.5981127 1 1 1
v -0.3469756 0.1532155 -0.5981127 1 1 1
v -0.3469756 0.1247845 -0.5981127 1 1 1
v -0.3831624 0.1247845 -0.6342995 1 1 1
v -0.3831624 0.1532155 -0.6342995 1 1 1
v -0.3906569 0.1247845 -0.6162061 1 1 1
v -0.3906569 0.1532155 -0.6162061 1 1 1
v -0.3469756 0.378707 -0.6342995 1 1 1
v -0.3469756 0.407138 -0.6342995 1 1 1
v -0.365069 0.378707 -0.641794 1 1 1
v -0.365069 0.407138 -0.641794 1 1 1
v -0.3394811 0.378707 -0.616206 1 1 1
v -0.3394811 0.407138 -0.616206 1 1 1
v -0.365069 0.407138 -0.5906182 1 1 1
v -0.365069 0.378707 -0.5906182 1 1 1
v -0.3831624 0.407138 -0.5981127 1 1 1
v -0.3831624 0.378707 -0.5981127 1 1 1
v -0.3469756 0.407138 -0.5981127 1 1 1
v -0.3469756 0.378707 -0.5981127 1 1 1
v -0.3831624 0.378707 -0.6342995 1 1 1
v -0.3831624 0.407138 -0.6342995 1 1 1
v -0.3906569 0.378707 -0.6162061 1 1 1
v -0.3906569 0.407138 -0.6162061 1 1 1
v -0.839069 1.804779E-16 0.4517941 1 1 1
v -0.839069 0.27 0.4517941 1 1 1
v -0.819069 1.804779E-16 0.4517941 1 1 1
v -0.819069 0.27 0.4517941 1 1 1
v -0.8390691 0.27 -0.008206045 1 1 1
v -0.8390691 1.804779E-16 -0.008206045 1 1 1
v -0.819069 0.27 -0.008206047 1 1 1
v -0.819069 1.804779E-16 -0.008206047 1 1 1
v -0.8390691 0.05 -0.03820606 1 1 1
v -0.819069 0.05 -0.03820606 1 1 1
v -0.8390691 0.05 -0.1782061 1 1 1
v -0.8190691 0.05 -0.1782061 1 1 1
v -0.4190689 0.05 -0.1782062 1 1 1
v -0.4190689 0.05 -0.1982062 1 1 1
v -0.8190691 0.05 -0.1982061 1 1 1
v -0.8390691 0.28 -0.03820606 1 1 1
v -0.819069 0.28 -0.03820606 1 1 1
v -0.8190691 0 -0.1982061 1 1 1
v -0.4190689 0 -0.1982062 1 1 1
v -0.8390691 3.979286E-17 -0.1782061 1 1 1
v -0.839069 0.28 0.4817941 1 1 1
v -0.839069 0.05 0.4817941 1 1 1
v -0.819069 0.28 0.4817941 1 1 1
v -0.819069 0.05 0.4817941 1 1 1
v -0.839069 0.3 0.4617941 1 1 1
v -0.819069 0.3 0.4617941 1 1 1
v -0.8390691 0.3 -0.01820605 1 1 1
v -0.819069 0.3 -0.01820605 1 1 1
v -0.839069 0.05 0.6217941 1 1 1
v -0.839069 1.936872E-17 0.6217941 1 1 1
v -0.819069 0.05 0.6417942 1 1 1
v -0.819069 0 0.6417942 1 1 1
v -0.4190688 0.05 0.6417942 1 1 1
v -0.4190688 0 0.6417942 1 1 1
v -0.819069 0.05 0.6217941 1 1 1
v -0.4190688 0.05 0.6217941 1 1 1
v -0.8190689 0.03688905 0.1998454 1 1 1
v -0.8190689 0.05 0.1998454 1 1 1
v -0.8190689 0.03688905 0.2437426 1 1 1
v -0.8190689 0.05 0.2437426 1 1 1
v -0.8300689 0.03688905 0.1998454 1 1 1
v -0.8300689 0.03688905 0.2437426 1 1 1
v -0.8300689 0.05 0.1998454 1 1 1
v -0.8300689 0.05 0.2437426 1 1 1
v 0.7809309 0.4 0.221794 1 1 1
v 0.780931 0.4 -0.178206 1 1 1
v 0.3809309 0.4 0.2217939 1 1 1
v -0.01906878 0.4 0.621794 1 1 1
v -0.01906872 0.4 0.2217939 1 1 1
v -0.4190688 0.4 0.6217939 1 1 1
v -0.019069 0.4 -0.178206 1 1 1
v -0.019069 0.4 0.221794 1 1 1
v -0.419069 0.4 -0.178206 1 1 1
v -0.419069 0.4 0.221794 1 1 1
v -0.4190691 0.4 -0.5782061 1 1 1
v -0.419069 0.4 -0.178206 1 1 1
v -0.019069 0.4 -0.5782061 1 1 1
v 0.7809309 0.4 -0.5782061 1 1 1
v 0.7809309 0.4 -0.178206 1 1 1
v -0.01906911 0.4 -0.5782061 1 1 1
v 0.3809311 0.4 0.221794 1 1 1
v 0.2809311 0.3 0.221794 1 1 1
v 0.08093109 0.3 0.221794 1 1 1
v -0.01906891 0.4 0.221794 1 1 1
v -0.8190691 0.4 -0.1782061 1 1 1
v -0.4190689 0.4 -0.1782062 1 1 1
v -0.819069 0.4 0.6217941 1 1 1
v -0.4190688 0.4 0.6217941 1 1 1

vn 2.137179E-14 0 1
vn -1.192093E-07 0 1
vn 0.8772412 -0.4386205 0.1950905
vn 0.6324555 -0.3162278 0.7071069
vn 0.174494 -0.08724705 0.9807854
vn 0.8944273 -0.4472136 1.06624E-07
vn -0.4472136 -0.8944272 -5.331201E-08
vn -1 0 -1.192093E-07
vn -0.8263431 0.4131715 0.3826834
vn -0.8944273 0.4472136 -1.06624E-07
vn 1.192093E-07 0 -1
vn -0.3422826 0.1711412 0.9238796
vn 0.8772412 -0.4386205 -0.1950903
vn 0.6324556 -0.3162278 -0.7071068
vn 0.1744942 -0.08724705 -0.9807854
vn -0.826343 0.4131715 -0.3826836
vn -0.3422824 0.1711412 -0.9238797
vn -1 0 1.192093E-07
vn 1.192093E-07 0 1
vn 1 0 1.192093E-07
vn -3.181067E-13 0 -1
vn 1 0 -3.181067E-13
vn 0 1 0
vn 7.729928E-14 0 1
vn 1.192093E-07 0 1
vn -1.192093E-07 0 -1
vn -1 0 1.192093E-07
vn -1 0 0
vn 1 0 0
vn 0 0 -1
vn 0 -1 0
vn -0.9238795 0 -0.3826834
vn -0.9238795 0 0.3826834
vn -0.3826834 0 -0.9238795
vn 0.3826834 0 -0.9238795
vn 0.3826834 0 0.9238795
vn -0.3826834 0 0.9238795
vn 0.9238795 0 -0.3826834
vn 0.9238795 0 0.3826834
vn 0 0.1601824 -0.9870875
vn 0 0.7071068 -0.7071068
vn 0 0 1
vn 0 0.9870875 -0.1601822
vn 0.9238794 0 -0.3826836
vn 0.9238795 0 -0.3826834
vn 0.9238795 0 0.3826834
vn 0.9238795 0 0.3826833
vn -0.3826835 -3.469277E-07 -0.9238795
vn 0.3826835 0 -0.9238795
vn -0.3826834 -3.469277E-07 -0.9238795
vn 0.3826833 0 -0.9238795
vn -0.3826834 0 0.9238795
vn 0.3826835 0 0.9238795
vn -0.9238795 0 -0.3826835
vn -0.9238795 0 -0.3826833
vn -0.9238795 0 0.3826834
vn 0.9238796 0 0.3826836
vn 0.3826834 0 0.9238797
vn 0.4472136 0.8944272 5.331201E-08
vn -0.9238796 0 0.3826836
vn -0.3826834 0 0.9238797
vn -0.9238797 0 -0.3826834
vn -0.3826836 0 -0.9238796
vn -1.192093E-07 0 -1
vn 0.9238797 0 -0.3826834
vn 0.3826836 0 -0.9238796
vn 1 0 -2.122746E-13
vn 2.122746E-13 0 1
vn -1 0 2.122746E-13
vn -2.122746E-13 0 -1
vn 1 0 -1.192093E-07
vn 0.8944272 -0.4472136 0
vn 0.6324555 -0.4472136 0.6324555
vn 0.7071068 0 0.7071068
vn -0.8944272 -0.4472136 0
vn -0.6324555 -0.4472136 0.6324555
vn -0.7071068 0 0.7071068
vn 0.7071068 0 -0.7071068
vn 0.6324555 -0.4472136 -0.6324555
vn 0 -0.4472136 0.8944272
vn 0 -0.4472136 -0.8944272
vn -0.6324555 -0.4472136 -0.6324555
vn -0.7071068 0 -0.7071068
vn 0.8944272 0.4472136 0
vn 0.6324555 0.4472136 0.6324555
vn -0.6324555 0.4472136 -0.6324555
vn 0 0.4472136 -0.8944272
vn 0.6324555 0.4472136 -0.6324555
vn 0 0.4472136 0.8944272
vn -0.6324555 0.4472136 0.6324555
vn -0.8944272 0.4472136 0
vn 1 0 -2.137179E-14
vn 0.9238795 0.3826834 0
vn 0.9238795 -0.3826834 0
vn 0.3826834 -0.9238795 0
vn -0.7071068 0.7071068 0
vn -0.7071068 -0.7071068 0
vn 0.3826834 0.9238795 0
vn -0.9238795 0.3826834 0
vn -0.3826834 0.9238795 0
vn 0.7071068 -0.7071068 0
vn 0.7071068 0.7071068 0
vn -0.3826834 -0.9238795 0
vn -0.9238795 -0.3826834 0
vn 1 0 -7.729928E-14
vn 0.9238795 0.3826834 -7.141522E-14
vn -0.3826834 0.9238795 2.958115E-14
vn 0.3826834 0.9238795 -2.958115E-14
vn -0.9238795 0.3826834 7.141522E-14
vn -1 0 7.729928E-14
vn -0.7071068 -0.7071068 5.465884E-14
vn 0.7071068 -0.7071068 -5.465884E-14
vn -0.7071068 0.7071068 5.465884E-14
vn 0.7071068 0.7071068 -5.465884E-14
vn -7.729928E-14 0 -1
vn -1.10135E-07 0.3826834 -0.9238799
vn -1.10135E-07 -0.3826834 -0.9238799
vn -4.561943E-08 -0.9238795 -0.3826836
vn 8.429372E-08 0.7071068 0.707107
vn 8.429372E-08 -0.7071068 0.707107
vn -4.561943E-08 0.9238795 -0.3826836
vn 1.10135E-07 0.3826834 0.9238799
vn 4.561943E-08 0.9238795 0.3826836
vn -8.429372E-08 -0.7071068 -0.707107
vn -8.429372E-08 0.7071068 -0.707107
vn 4.561943E-08 -0.9238795 0.3826836
vn 1.10135E-07 -0.3826834 0.9238799
vn -0.3826835 0 0.9238799
vn -0.3826837 0 -0.9238798
vn -0.9238798 0 0.3826837
vn -0.9238799 0 -0.3826835
vn 0.7071069 0 -0.7071068
vn -0.7071069 0 0.7071068
vn 0.7071068 0 0.7071069
vn -0.7071068 0 -0.7071069
vn 4.366546E-08 0.9304998 -0.3662924
vn 1.094338E-07 0.396587 -0.9179972
vn 0.7071071 0 -0.7071069
vn 1.192093E-07 0 -1
vn 1 0 1.192093E-07
vn -1.192093E-07 0 1
vn -0.7071071 0 0.7071069
vn 0.7071069 0 0.7071071
vn -0.7071069 0 -0.7071071
vn -1 0 -1.192093E-07
vn 1 0 -1.192093E-07
vn -0.7071071 0 -0.7071069
vn -0.7071069 0 0.7071071

vt 0.71875 0.3
vt 0.71875 0.475
vt 0.71875 0.2914687
vt 0.71875 0.4387689
vt 0.71875 0.275
vt 0.71875 0.2947624
vt 0.71875 0.2798236
vt 0.71875 0.299586
vt 0.71875 0.3112311
vt 0.71875 0.4552376
vt 0.71875 0.4486501
vt 0.71875 0.4585313
vt 0.71875 0.4684125
vt 0.71875 0.395
vt 0.71875 0.41
vt 0.71875 0.415
vt 0.71875 0.335
vt 0.71875 0.425
vt 0.71875 0.325
vt 0.59375 0.275
vt 0.59375 0.3
vt 0.59375 0.475
vt 0.59375 0.4083334
vt 0.59375 0.3194444
vt 0.59375 0.4583333
vt 0.59375 0.2947624
vt 0.59375 0.4585313
vt 0.59375 0.299586
vt 0.59375 0.4684125
vt 0.59375 0.3112311
vt 0.59375 0.395
vt 0.59375 0.425
vt 0.59375 0.4469048
vt 0.59375 0.4609524
vt 0.59375 0.415
vt 0.59375 0.335
vt 0.59375 0.325
vt 0.59375 0.34
vt 0.59375 0.41
vt 0.59375 0.2864286
vt 0.59375 0.3435714
vt 0.59375 0.355
vt 0.59375 0.3972222
vt 0.96875 0.275
vt 0.96875 0.3
vt 0.96875 0.475
vt 0.96875 0.415
vt 0.96875 0.335
vt 0.96875 0.425
vt 0.96875 0.325
vt 0.59375 0.03642857
vt 0.59375 0.09357143

usemtl colormap

f 3/2/1 2/1/1 1/1/1
f 2/1/1 3/2/1 4/2/1
f 19/10/9 20/11/12 22/2/9
f 25/13/12 22/2/9 20/11/12
f 20/11/12 13/3/5 25/13/12
f 12/9/5 25/13/12 13/3/5
f 18/10/11 23/2/11 17/4/11
f 24/12/11 17/4/11 23/2/11
f 23/2/10 18/10/10 22/2/9
f 19/10/9 22/2/9 18/10/10
f 7/4/8 17/4/8 5/3/8
f 21/3/8 5/3/8 17/4/8
f 13/3/7 20/11/7 10/7/7
f 20/11/7 19/10/7 10/7/7
f 10/7/7 19/10/7 8/5/7
f 8/5/7 19/10/7 14/5/7
f 19/10/7 18/10/7 14/5/7
f 18/10/7 17/4/7 14/5/7
f 16/3/7 14/5/7 17/4/7
f 9/6/3 8/5/3 15/6/6
f 14/5/6 15/6/6 8/5/3
f 13/3/5 10/7/4 12/9/5
f 11/8/4 12/9/5 10/7/4
f 11/8/4 10/7/4 9/6/3
f 8/5/3 9/6/3 10/7/4
f 5/3/2 6/3/2 7/4/2
f 28/4/11 27/3/11 26/3/11
f 31/7/14 30/6/13 29/5/13
f 30/6/13 31/7/14 32/8/14
f 31/7/14 33/9/15 32/8/14
f 33/9/15 31/7/14 34/3/15
f 29/5/13 36/6/6 35/5/6
f 36/6/6 29/5/13 30/6/13
f 38/4/7 35/5/7 37/3/7
f 35/5/7 38/4/7 39/10/7
f 35/5/7 39/10/7 40/10/7
f 35/5/7 40/10/7 29/5/7
f 29/5/7 40/10/7 31/7/7
f 31/7/7 40/10/7 41/11/7
f 31/7/7 41/11/7 34/3/7
f 38/4/8 26/3/8 42/3/8
f 26/3/8 38/4/8 28/4/8
f 39/10/10 43/2/16 40/10/16
f 43/2/16 39/10/10 44/2/10
f 44/2/2 38/4/2 45/12/2
f 38/4/2 44/2/2 39/10/2
f 34/3/15 46/13/17 33/9/15
f 46/13/17 34/3/15 41/11/17
f 41/11/17 43/2/16 46/13/17
f 43/2/16 41/11/17 40/10/16
f 49/4/11 48/3/11 47/3/11
f 52/7/14 51/6/13 50/5/13
f 51/6/13 52/7/14 53/8/14
f 52/7/14 54/9/15 53/8/14
f 54/9/15 52/7/14 55/3/15
f 50/5/13 57/6/6 56/5/6
f 57/6/6 50/5/13 51/6/13
f 59/4/7 56/5/7 58/3/7
f 56/5/7 59/4/7 60/10/7
f 56/5/7 60/10/7 61/10/7
f 56/5/7 61/10/7 50/5/7
f 50/5/7 61/10/7 52/7/7
f 52/7/7 61/10/7 62/11/7
f 52/7/7 62/11/7 55/3/7
f 59/4/8 47/3/8 63/3/8
f 47/3/8 59/4/8 49/4/8
f 60/10/10 64/2/16 61/10/16
f 64/2/16 60/10/10 65/2/10
f 65/2/2 59/4/2 66/12/2
f 59/4/2 65/2/2 60/10/2
f 55/3/15 67/13/17 54/9/15
f 67/13/17 55/3/15 62/11/17
f 62/11/17 64/2/16 67/13/17
f 64/2/16 62/11/17 61/10/16
f 82/10/9 83/11/12 85/2/9
f 88/13/12 85/2/9 83/11/12
f 83/11/12 76/3/5 88/13/12
f 75/9/5 88/13/12 76/3/5
f 81/10/11 86/2/11 80/4/11
f 87/12/11 80/4/11 86/2/11
f 86/2/10 81/10/10 85/2/9
f 82/10/9 85/2/9 81/10/10
f 70/4/8 80/4/8 68/3/8
f 84/3/8 68/3/8 80/4/8
f 76/3/7 83/11/7 73/7/7
f 83/11/7 82/10/7 73/7/7
f 73/7/7 82/10/7 71/5/7
f 71/5/7 82/10/7 77/5/7
f 82/10/7 81/10/7 77/5/7
f 81/10/7 80/4/7 77/5/7
f 79/3/7 77/5/7 80/4/7
f 72/6/3 71/5/3 78/6/6
f 77/5/6 78/6/6 71/5/3
f 76/3/5 73/7/4 75/9/5
f 74/8/4 75/9/5 73/7/4
f 74/8/4 73/7/4 72/6/3
f 71/5/3 72/6/3 73/7/4
f 68/3/2 69/3/2 70/4/2
f 91/4/11 90/3/11 89/3/11
f 94/7/14 93/6/13 92/5/13
f 93/6/13 94/7/14 95/8/14
f 94/7/14 96/9/15 95/8/14
f 96/9/15 94/7/14 97/3/15
f 92/5/13 99/6/6 98/5/6
f 99/6/6 92/5/13 93/6/13
f 101/4/7 98/5/7 100/3/7
f 98/5/7 101/4/7 102/10/7
f 98/5/7 102/10/7 103/10/7
f 98/5/7 103/10/7 92/5/7
f 92/5/7 103/10/7 94/7/7
f 94/7/7 103/10/7 104/11/7
f 94/7/7 104/11/7 97/3/7
f 101/4/8 89/3/8 105/3/8
f 89/3/8 101/4/8 91/4/8
f 102/10/10 106/2/16 103/10/16
f 106/2/16 102/10/10 107/2/10
f 107/2/2 101/4/2 108/12/2
f 101/4/2 107/2/2 102/10/2
f 97/3/15 109/13/17 96/9/15
f 109/13/17 97/3/15 104/11/17
f 104/11/17 106/2/16 109/13/17
f 106/2/16 104/11/17 103/10/16
f 4/2/18 110/1/18 2/1/18
f 110/1/18 4/2/18 111/2/18
f 112/1/19 4/2/19 2/1/19
f 4/2/19 112/1/19 113/2/19
f 119/2/2 118/1/2 116/2/2
f 114/1/2 116/2/2 118/1/2
f 117/2/20 116/2/20 115/1/20
f 114/1/20 115/1/20 116/2/20
f 122/2/1 121/1/1 120/1/1
f 121/1/1 122/2/1 123/2/1
f 113/2/2 112/1/2 126/2/2
f 124/1/2 126/2/2 112/1/2
f 127/2/20 126/2/20 125/1/20
f 124/1/20 125/1/20 126/2/20
f 133/2/22 132/1/22 130/2/22
f 128/1/22 130/2/22 132/1/22
f 131/2/21 130/2/21 129/1/21
f 128/1/21 129/1/21 130/2/21
f 136/14/23 135/14/23 134/14/23
f 135/14/23 136/14/23 137/14/23
f 140/14/23 139/14/23 138/14/23
f 139/14/23 140/14/23 141/14/23
f 144/14/23 143/14/23 142/14/23
f 143/14/23 144/14/23 145/14/23
f 148/14/23 147/14/23 146/14/23
f 147/14/23 148/14/23 149/14/23
f 152/15/24 151/5/24 150/5/24
f 151/5/24 152/15/24 153/15/24
f 156/1/25 155/2/25 154/1/25
f 155/2/25 156/1/25 157/2/25
f 160/2/26 159/1/26 158/2/26
f 159/1/26 160/2/26 161/1/26
f 158/2/27 163/17/27 162/16/27
f 158/2/27 162/16/27 164/18/27
f 159/1/27 163/17/27 158/2/27
f 163/17/27 159/1/27 165/19/27
f 165/19/27 159/1/27 166/19/27
f 154/1/27 166/19/27 159/1/27
f 166/19/27 154/1/27 167/17/27
f 158/2/27 164/18/27 155/2/27
f 167/17/27 154/1/27 155/2/27
f 168/18/27 155/2/27 164/18/27
f 167/17/27 155/2/27 169/16/27
f 169/16/27 155/2/27 168/18/27
f 172/1/28 171/2/28 170/1/28
f 171/2/28 172/1/28 173/2/28
f 176/2/29 175/1/29 174/2/29
f 175/1/29 176/2/29 177/1/29
f 174/2/30 179/17/30 178/16/30
f 174/2/30 178/16/30 180/18/30
f 175/1/30 179/17/30 174/2/30
f 179/17/30 175/1/30 181/19/30
f 181/19/30 175/1/30 182/19/30
f 170/1/30 182/19/30 175/1/30
f 182/19/30 170/1/30 183/17/30
f 174/2/30 180/18/30 171/2/30
f 183/17/30 170/1/30 171/2/30
f 184/18/30 171/2/30 180/18/30
f 183/17/30 171/2/30 185/16/30
f 185/16/30 171/2/30 184/18/30
f 189/5/27 188/5/27 187/2/27
f 186/2/27 187/2/27 188/5/27
f 192/20/31 191/20/31 190/20/31
f 191/20/31 192/20/31 193/20/31
f 194/21/1 190/20/1 191/20/1
f 190/20/1 194/21/1 195/21/1
f 194/21/23 2/21/23 195/21/23
f 2/21/23 194/21/23 1/21/23
f 198/20/33 197/22/32 196/20/32
f 197/22/32 198/20/33 199/22/33
f 202/22/34 201/20/35 200/20/34
f 201/20/35 202/22/34 203/22/35
f 206/22/36 205/20/37 204/20/36
f 205/20/37 206/22/36 207/22/37
f 210/22/39 209/20/38 208/22/38
f 209/20/38 210/22/39 211/20/39
f 196/20/32 202/22/34 200/20/34
f 202/22/34 196/20/32 197/22/32
f 205/20/37 199/22/33 198/20/33
f 199/22/33 205/20/37 207/22/37
f 206/22/36 211/20/39 210/22/39
f 211/20/39 206/22/36 204/20/36
f 208/22/38 201/20/35 203/22/35
f 201/20/35 208/22/38 209/20/38
f 203/22/23 210/22/23 208/22/23
f 210/22/23 203/22/23 206/22/23
f 206/22/23 203/22/23 202/22/23
f 206/22/23 202/22/23 207/22/23
f 207/22/23 202/22/23 197/22/23
f 207/22/23 197/22/23 199/22/23
f 214/23/29 213/22/29 212/23/29
f 213/22/29 214/23/29 215/22/29
f 216/24/29 215/22/29 214/23/29
f 216/24/29 217/25/29 215/22/29
f 216/24/29 218/23/29 217/25/29
f 218/23/29 216/24/29 219/24/29
f 221/25/41 218/23/40 220/23/40
f 218/23/40 221/25/41 217/25/41
f 222/23/31 214/23/31 212/23/31
f 214/23/31 222/23/31 223/23/31
f 225/24/28 220/23/28 224/24/28
f 220/23/28 225/24/28 221/25/28
f 221/25/28 225/24/28 226/22/28
f 226/22/28 225/24/28 223/23/28
f 226/22/28 223/23/28 222/23/28
f 226/22/28 222/23/28 227/22/28
f 220/23/40 219/24/30 224/24/30
f 219/24/30 220/23/40 218/23/40
f 214/23/42 225/24/42 216/24/42
f 225/24/42 214/23/42 223/23/42
f 226/22/43 213/22/23 215/22/43
f 213/22/23 226/22/43 227/22/23
f 217/25/41 226/22/43 215/22/43
f 226/22/43 217/25/41 221/25/41
f 230/24/46 229/20/45 228/24/44
f 229/20/45 230/24/46 231/20/47
f 234/24/50 233/20/49 232/20/48
f 233/20/49 234/24/50 235/24/51
f 238/20/36 237/24/52 236/20/37
f 237/24/52 238/20/36 239/24/53
f 242/20/55 241/24/33 240/24/54
f 241/24/33 242/20/55 243/20/56
f 232/20/48 240/24/54 234/24/50
f 240/24/54 232/20/48 242/20/55
f 235/24/51 229/20/45 233/20/49
f 229/20/45 235/24/51 228/24/44
f 239/24/53 231/20/47 230/24/46
f 231/20/47 239/24/53 238/20/36
f 236/20/37 241/24/33 243/20/56
f 241/24/33 236/20/37 237/24/52
f 237/24/23 240/24/23 241/24/23
f 225/24/23 240/24/23 237/24/23
f 239/24/23 225/24/23 237/24/23
f 224/24/23 240/24/23 225/24/23
f 224/24/23 234/24/23 240/24/23
f 224/24/23 235/24/23 234/24/23
f 219/24/23 235/24/23 224/24/23
f 216/24/23 235/24/23 219/24/23
f 239/24/23 216/24/23 225/24/23
f 235/24/23 216/24/23 228/24/23
f 239/24/23 228/24/23 216/24/23
f 228/24/23 239/24/23 230/24/23
f 251/21/23 249/21/23 255/21/23
f 255/21/23 249/21/23 254/21/23
f 249/21/23 246/21/23 254/21/23
f 254/21/23 246/21/23 253/21/23
f 247/21/23 253/21/23 246/21/23
f 248/20/31 250/20/31 244/20/31
f 244/20/31 250/20/31 245/20/31
f 252/20/31 245/20/31 250/20/31
f 246/21/57 249/21/58 244/20/57
f 248/20/58 244/20/57 249/21/58
f 251/21/2 250/20/2 249/21/58
f 248/20/58 249/21/58 250/20/2
f 247/21/20 246/21/57 245/20/20
f 244/20/57 245/20/20 246/21/57
f 12/30/59 11/28/59 25/29/59
f 25/29/59 11/28/59 22/22/59
f 11/28/59 9/26/59 22/22/59
f 22/22/59 9/26/59 23/22/59
f 23/22/59 9/26/59 24/27/59
f 15/26/59 24/27/59 9/26/59
f 30/26/59 45/27/59 36/26/59
f 45/27/59 30/26/59 44/22/59
f 44/22/59 30/26/59 43/22/59
f 43/22/59 30/26/59 32/28/59
f 43/22/59 32/28/59 46/29/59
f 46/29/59 32/28/59 33/30/59
f 51/26/59 66/27/59 57/26/59
f 66/27/59 51/26/59 65/22/59
f 65/22/59 51/26/59 64/22/59
f 64/22/59 51/26/59 53/28/59
f 64/22/59 53/28/59 67/29/59
f 67/29/59 53/28/59 54/30/59
f 75/30/59 74/28/59 88/29/59
f 88/29/59 74/28/59 85/22/59
f 74/28/59 72/26/59 85/22/59
f 85/22/59 72/26/59 86/22/59
f 86/22/59 72/26/59 87/27/59
f 78/26/59 87/27/59 72/26/59
f 93/26/59 108/27/59 99/26/59
f 108/27/59 93/26/59 107/22/59
f 107/22/59 93/26/59 106/22/59
f 106/22/59 93/26/59 95/28/59
f 106/22/59 95/28/59 109/29/59
f 109/29/59 95/28/59 96/30/59
f 258/23/29 257/22/29 256/23/29
f 257/22/29 258/23/29 259/22/29
f 260/24/29 259/22/29 258/23/29
f 260/24/29 261/25/29 259/22/29
f 260/24/29 262/23/29 261/25/29
f 262/23/29 260/24/29 263/24/29
f 265/25/41 262/23/40 264/23/40
f 262/23/40 265/25/41 261/25/41
f 266/23/31 258/23/31 256/23/31
f 258/23/31 266/23/31 267/23/31
f 269/24/28 264/23/28 268/24/28
f 264/23/28 269/24/28 265/25/28
f 265/25/28 269/24/28 270/22/28
f 270/22/28 269/24/28 267/23/28
f 270/22/28 267/23/28 266/23/28
f 270/22/28 266/23/28 271/22/28
f 264/23/40 263/24/30 268/24/30
f 263/24/30 264/23/40 262/23/40
f 258/23/42 269/24/42 260/24/42
f 269/24/42 258/23/42 267/23/42
f 270/22/43 257/22/23 259/22/43
f 257/22/23 270/22/43 271/22/23
f 261/25/41 270/22/43 259/22/43
f 270/22/43 261/25/41 265/25/41
f 274/24/46 273/20/45 272/24/44
f 273/20/45 274/24/46 275/20/47
f 278/24/50 277/20/49 276/20/48
f 277/20/49 278/24/50 279/24/51
f 282/20/36 281/24/52 280/20/37
f 281/24/52 282/20/36 283/24/53
f 286/20/55 285/24/33 284/24/54
f 285/24/33 286/20/55 287/20/56
f 276/20/48 284/24/54 278/24/50
f 284/24/54 276/20/48 286/20/55
f 279/24/51 273/20/45 277/20/49
f 273/20/45 279/24/51 272/24/44
f 283/24/53 275/20/47 274/24/46
f 275/20/47 283/24/53 282/20/36
f 280/20/37 285/24/33 287/20/56
f 285/24/33 280/20/37 281/24/52
f 281/24/23 284/24/23 285/24/23
f 269/24/23 284/24/23 281/24/23
f 283/24/23 269/24/23 281/24/23
f 268/24/23 284/24/23 269/24/23
f 268/24/23 278/24/23 284/24/23
f 268/24/23 279/24/23 278/24/23
f 263/24/23 279/24/23 268/24/23
f 260/24/23 279/24/23 263/24/23
f 283/24/23 260/24/23 269/24/23
f 279/24/23 260/24/23 272/24/23
f 283/24/23 272/24/23 260/24/23
f 272/24/23 283/24/23 274/24/23
f 298/21/23 299/21/23 295/21/23
f 295/21/23 293/21/23 298/21/23
f 293/21/23 290/21/23 298/21/23
f 298/21/23 290/21/23 297/21/23
f 291/21/23 297/21/23 290/21/23
f 292/20/31 294/20/31 288/20/31
f 288/20/31 294/20/31 289/20/31
f 296/20/31 289/20/31 294/20/31
f 290/21/57 293/21/58 288/20/57
f 292/20/58 288/20/57 293/21/58
f 295/21/2 294/20/2 293/21/58
f 292/20/58 293/21/58 294/20/2
f 291/21/20 290/21/57 289/20/20
f 288/20/57 289/20/20 290/21/57
f 302/21/60 301/20/18 300/20/60
f 301/20/18 302/21/60 303/21/18
f 304/20/19 195/21/61 190/20/61
f 195/21/61 304/20/19 305/21/19
f 195/21/61 300/20/60 190/20/61
f 300/20/60 195/21/61 302/21/60
f 304/20/31 301/20/31 306/20/31
f 301/20/31 304/20/31 300/20/31
f 300/20/31 304/20/31 190/20/31
f 303/21/23 2/21/23 110/21/23
f 2/21/23 303/21/23 302/21/23
f 2/21/23 302/21/23 195/21/23
f 2/21/23 195/21/23 112/21/23
f 112/21/23 195/21/23 305/21/23
f 114/21/23 118/21/23 314/21/23
f 314/21/23 312/21/23 114/21/23
f 312/21/23 309/21/23 114/21/23
f 114/21/23 309/21/23 115/21/23
f 310/21/23 115/21/23 309/21/23
f 311/20/31 313/20/31 307/20/31
f 307/20/31 313/20/31 308/20/31
f 315/20/31 308/20/31 313/20/31
f 309/21/57 312/21/58 307/20/57
f 311/20/58 307/20/57 312/21/58
f 314/21/2 313/20/2 312/21/58
f 311/20/58 312/21/58 313/20/2
f 310/21/20 309/21/57 308/20/20
f 307/20/57 308/20/20 309/21/57
f 318/20/31 317/20/31 316/20/31
f 317/20/31 318/20/31 319/20/31
f 322/20/31 321/20/31 320/20/31
f 321/20/31 322/20/31 323/20/31
f 324/21/1 320/20/1 321/20/1
f 320/20/1 324/21/1 325/21/1
f 324/21/23 121/21/23 325/21/23
f 121/21/23 324/21/23 120/21/23
f 124/21/23 112/21/23 305/21/23
f 305/21/23 331/21/23 124/21/23
f 331/21/23 328/21/23 124/21/23
f 124/21/23 328/21/23 125/21/23
f 329/21/23 125/21/23 328/21/23
f 330/20/31 304/20/31 326/20/31
f 326/20/31 304/20/31 327/20/31
f 332/20/31 327/20/31 304/20/31
f 328/21/57 331/21/58 326/20/57
f 330/20/58 326/20/57 331/21/58
f 305/21/2 304/20/2 331/21/58
f 330/20/58 331/21/58 304/20/2
f 329/21/20 328/21/57 327/20/20
f 326/20/57 327/20/20 328/21/57
f 128/21/23 132/21/23 340/21/23
f 340/21/23 338/21/23 128/21/23
f 338/21/23 335/21/23 128/21/23
f 128/21/23 335/21/23 129/21/23
f 336/21/23 129/21/23 335/21/23
f 337/20/31 339/20/31 333/20/31
f 333/20/31 339/20/31 334/20/31
f 341/20/31 334/20/31 339/20/31
f 335/21/35 338/21/38 333/20/35
f 337/20/38 333/20/35 338/21/38
f 340/21/22 339/20/22 338/21/38
f 337/20/38 338/21/38 339/20/22
f 336/21/21 335/21/35 334/20/21
f 333/20/35 334/20/21 335/21/35
f 352/21/23 353/21/23 349/21/23
f 349/21/23 347/21/23 352/21/23
f 347/21/23 344/21/23 352/21/23
f 352/21/23 344/21/23 351/21/23
f 345/21/23 351/21/23 344/21/23
f 346/20/31 348/20/31 342/20/31
f 342/20/31 348/20/31 343/20/31
f 350/20/31 343/20/31 348/20/31
f 344/21/62 347/21/63 342/20/62
f 346/20/63 342/20/62 347/21/63
f 349/21/64 348/20/64 347/21/63
f 346/20/63 347/21/63 348/20/64
f 345/21/18 344/21/62 343/20/18
f 342/20/62 343/20/18 344/21/62
f 356/20/33 355/22/32 354/20/32
f 355/22/32 356/20/33 357/22/33
f 360/22/34 359/20/35 358/20/34
f 359/20/35 360/22/34 361/22/35
f 364/22/36 363/20/37 362/20/36
f 363/20/37 364/22/36 365/22/37
f 368/22/39 367/20/38 366/22/38
f 367/20/38 368/22/39 369/20/39
f 354/20/32 360/22/34 358/20/34
f 360/22/34 354/20/32 355/22/32
f 363/20/37 357/22/33 356/20/33
f 357/22/33 363/20/37 365/22/37
f 364/22/36 369/20/39 368/22/39
f 369/20/39 364/22/36 362/20/36
f 366/22/38 359/20/35 361/22/35
f 359/20/35 366/22/38 367/20/38
f 361/22/23 368/22/23 366/22/23
f 368/22/23 361/22/23 364/22/23
f 364/22/23 361/22/23 360/22/23
f 364/22/23 360/22/23 365/22/23
f 365/22/23 360/22/23 355/22/23
f 365/22/23 355/22/23 357/22/23
f 372/31/11 371/32/11 370/31/11
f 371/32/11 372/31/11 373/32/11
f 371/32/20 374/31/20 370/31/20
f 374/31/20 371/32/20 375/32/20
f 377/22/2 136/31/2 376/22/2
f 136/31/2 377/22/2 137/31/2
f 380/22/65 379/32/20 378/32/65
f 379/32/20 380/22/65 381/22/20
f 382/32/31 371/32/31 373/32/31
f 371/32/31 382/32/31 378/32/31
f 378/32/31 382/32/31 383/32/31
f 379/32/31 371/32/31 378/32/31
f 371/32/31 379/32/31 375/32/31
f 380/22/23 384/22/23 381/22/23
f 384/22/23 380/22/23 376/22/23
f 376/22/23 380/22/23 377/22/23
f 377/22/23 380/22/23 385/22/23
f 385/22/23 380/22/23 386/22/23
f 382/32/11 386/22/66 383/32/66
f 386/22/66 382/32/11 385/22/11
f 383/32/66 380/22/65 378/32/65
f 380/22/65 383/32/66 386/22/66
f 384/22/8 136/31/8 134/31/8
f 136/31/8 384/22/8 376/22/8
f 389/31/67 388/32/67 387/31/67
f 388/32/67 389/31/67 390/32/67
f 388/32/68 391/31/68 387/31/68
f 391/31/68 388/32/68 392/32/68
f 394/22/69 140/31/69 393/22/69
f 140/31/69 394/22/69 141/31/69
f 397/22/36 396/32/68 395/32/36
f 396/32/68 397/22/36 398/22/68
f 399/32/31 388/32/31 390/32/31
f 388/32/31 399/32/31 395/32/31
f 395/32/31 399/32/31 400/32/31
f 396/32/31 388/32/31 395/32/31
f 388/32/31 396/32/31 392/32/31
f 397/22/23 401/22/23 398/22/23
f 401/22/23 397/22/23 393/22/23
f 393/22/23 397/22/23 394/22/23
f 394/22/23 397/22/23 402/22/23
f 402/22/23 397/22/23 403/22/23
f 399/32/67 403/22/39 400/32/39
f 403/22/39 399/32/67 402/22/67
f 400/32/39 397/22/36 395/32/36
f 397/22/36 400/32/39 403/22/39
f 401/22/70 140/31/70 138/31/70
f 140/31/70 401/22/70 393/22/70
f 113/31/19 404/32/19 4/31/19
f 404/32/19 113/31/19 405/32/19
f 404/32/18 111/31/18 4/31/18
f 111/31/18 404/32/18 406/32/18
f 408/22/64 144/31/64 407/22/64
f 144/31/64 408/22/64 145/31/64
f 411/22/60 410/32/18 409/32/60
f 410/32/18 411/22/60 412/22/18
f 413/32/31 404/32/31 405/32/31
f 404/32/31 413/32/31 409/32/31
f 409/32/31 413/32/31 414/32/31
f 410/32/31 404/32/31 409/32/31
f 404/32/31 410/32/31 406/32/31
f 411/22/23 415/22/23 412/22/23
f 415/22/23 411/22/23 407/22/23
f 407/22/23 411/22/23 408/22/23
f 408/22/23 411/22/23 416/22/23
f 416/22/23 411/22/23 417/22/23
f 413/32/19 417/22/61 414/32/61
f 417/22/61 413/32/19 416/22/19
f 414/32/61 411/22/60 409/32/60
f 411/22/60 414/32/61 417/22/61
f 415/22/71 144/31/71 142/31/71
f 144/31/71 415/22/71 407/22/71
f 420/31/28 419/32/28 418/31/28
f 419/32/28 420/31/28 421/32/28
f 419/32/30 422/31/30 418/31/30
f 422/31/30 419/32/30 423/32/30
f 425/22/29 148/31/29 424/22/29
f 148/31/29 425/22/29 149/31/29
f 428/22/34 427/32/30 426/32/34
f 427/32/30 428/22/34 429/22/30
f 430/32/31 419/32/31 421/32/31
f 419/32/31 430/32/31 426/32/31
f 426/32/31 430/32/31 431/32/31
f 427/32/31 419/32/31 426/32/31
f 419/32/31 427/32/31 423/32/31
f 428/22/23 432/22/23 429/22/23
f 432/22/23 428/22/23 424/22/23
f 424/22/23 428/22/23 425/22/23
f 425/22/23 428/22/23 433/22/23
f 433/22/23 428/22/23 434/22/23
f 430/32/28 434/22/32 431/32/32
f 434/22/32 430/32/28 433/22/28
f 431/32/32 428/22/34 426/32/34
f 428/22/34 431/32/32 434/22/32
f 432/22/42 148/31/42 146/31/42
f 148/31/42 432/22/42 424/22/42
f 437/34/29 436/33/73 435/33/72
f 436/33/73 437/34/29 438/34/74
f 441/33/76 440/34/28 439/33/75
f 440/34/28 441/33/76 442/34/77
f 436/33/74 444/31/42 443/31/74
f 444/31/42 436/33/74 445/33/42
f 437/34/29 447/33/79 446/34/78
f 447/33/79 437/34/29 435/33/72
f 448/34/42 441/33/76 445/33/80
f 441/33/76 448/34/42 442/34/77
f 450/34/30 447/33/79 449/33/81
f 447/33/79 450/34/30 446/34/78
f 452/34/83 449/33/81 451/33/82
f 449/33/81 452/34/83 450/34/30
f 454/22/85 437/34/29 453/22/84
f 437/34/29 454/22/85 438/34/74
f 445/33/42 455/31/77 444/31/42
f 455/31/77 445/33/42 441/33/77
f 451/33/83 457/31/30 456/31/83
f 457/31/30 451/33/83 449/33/30
f 458/31/28 451/33/83 456/31/83
f 451/33/83 458/31/28 439/33/28
f 438/34/74 445/33/80 436/33/73
f 445/33/80 438/34/74 448/34/42
f 459/22/86 450/34/30 452/34/83
f 450/34/30 459/22/86 460/22/87
f 461/22/88 437/34/29 446/34/78
f 437/34/29 461/22/88 453/22/84
f 460/22/87 446/34/78 450/34/30
f 446/34/78 460/22/87 461/22/88
f 451/33/82 440/34/28 452/34/83
f 440/34/28 451/33/82 439/33/75
f 462/22/89 442/34/77 448/34/42
f 442/34/77 462/22/89 463/22/90
f 440/34/28 459/22/86 452/34/83
f 459/22/86 440/34/28 464/22/91
f 461/22/23 454/22/23 453/22/23
f 454/22/23 461/22/23 460/22/23
f 454/22/23 460/22/23 462/22/23
f 462/22/23 460/22/23 459/22/23
f 462/22/23 459/22/23 463/22/23
f 463/22/23 459/22/23 464/22/23
f 435/33/29 465/31/78 447/33/78
f 465/31/78 435/33/29 466/31/29
f 449/33/30 465/31/78 457/31/30
f 465/31/78 449/33/30 447/33/78
f 440/34/28 463/22/90 464/22/91
f 463/22/90 440/34/28 442/34/77
f 436/33/74 466/31/29 435/33/29
f 466/31/29 436/33/74 443/31/74
f 454/22/85 448/34/42 438/34/74
f 448/34/42 454/22/85 462/22/89
f 455/31/77 439/33/28 458/31/28
f 439/33/28 455/31/77 441/33/77
f 469/20/30 468/22/30 467/22/30
f 468/22/30 469/20/30 470/20/30
f 473/20/29 472/22/29 471/20/29
f 472/22/29 473/20/29 474/22/29
f 476/20/30 472/22/30 475/22/30
f 472/22/30 476/20/30 471/20/30
f 480/20/1 479/20/1 478/22/1
f 477/22/1 478/22/1 479/20/1
f 481/20/30 486/20/30 482/22/30
f 485/22/30 482/22/30 486/20/30
f 484/22/28 483/20/28 482/22/28
f 481/20/28 482/22/28 483/20/28
f 487/20/1 492/20/1 488/22/1
f 491/22/1 488/22/1 492/20/1
f 490/22/92 489/20/92 488/22/92
f 487/20/92 488/22/92 489/20/92
f 495/35/93 494/36/94 493/35/93
f 494/36/94 495/35/93 496/36/94
f 496/36/94 497/37/95 494/36/94
f 497/37/95 496/36/94 498/37/95
f 501/38/96 500/39/97 499/38/96
f 500/39/97 501/38/96 502/39/97
f 504/32/98 493/35/93 503/32/98
f 493/35/93 504/32/98 495/35/93
f 507/35/99 506/32/100 505/35/99
f 506/32/100 507/35/99 508/32/100
f 511/39/101 510/38/102 509/39/101
f 510/38/102 511/39/101 512/38/102
f 513/37/103 497/37/95 498/37/95
f 497/37/95 513/37/103 514/37/103
f 516/36/104 505/35/99 515/36/104
f 505/35/99 516/36/104 507/35/99
f 515/36/30 497/37/30 514/37/30
f 497/37/30 515/36/30 494/36/30
f 494/36/30 515/36/30 510/38/30
f 510/38/30 515/36/30 505/35/30
f 499/38/30 494/36/30 510/38/30
f 510/38/30 505/35/30 509/39/30
f 494/36/30 499/38/30 493/35/30
f 509/39/30 505/35/30 500/39/30
f 493/35/30 499/38/30 500/39/30
f 493/35/30 500/39/30 505/35/30
f 493/35/30 505/35/30 506/32/30
f 493/35/30 506/32/30 503/32/30
f 510/38/102 501/38/96 499/38/96
f 501/38/96 510/38/102 512/38/102
f 511/39/101 500/39/97 502/39/97
f 500/39/97 511/39/101 509/39/101
f 506/32/100 504/32/98 503/32/98
f 504/32/98 506/32/100 508/32/100
f 513/37/103 515/36/104 514/37/103
f 515/36/104 513/37/103 516/36/104
f 519/21/29 518/20/38 517/21/38
f 518/20/38 519/21/29 520/20/29
f 523/21/30 522/20/35 521/20/30
f 522/20/35 523/21/30 524/21/35
f 517/21/38 522/20/35 524/21/35
f 522/20/35 517/21/38 518/20/38
f 525/20/31 518/20/31 520/20/31
f 518/20/31 525/20/31 522/20/31
f 522/20/31 525/20/31 521/20/31
f 527/21/23 523/21/23 526/21/23
f 523/21/23 527/21/23 524/21/23
f 528/21/23 524/21/23 527/21/23
f 519/21/23 524/21/23 528/21/23
f 524/21/23 519/21/23 517/21/23
f 531/40/96 530/41/97 529/40/96
f 530/41/97 531/40/96 532/41/97
f 533/40/23 531/40/96 529/40/96
f 531/40/96 533/40/23 534/40/102
f 534/40/102 533/40/23 535/40/23
f 534/40/102 535/40/23 536/40/23
f 534/40/102 536/40/23 537/40/23
f 534/40/102 537/40/23 538/40/23
f 534/40/102 538/40/23 539/40/23
f 534/40/102 539/40/23 540/40/102
f 542/41/101 540/40/102 541/41/101
f 540/40/102 542/41/101 534/40/102
f 542/41/101 530/41/97 532/41/97
f 530/41/97 542/41/101 543/41/31
f 543/41/31 542/41/101 544/41/31
f 544/41/31 542/41/101 545/41/31
f 545/41/31 542/41/101 546/41/31
f 546/41/31 542/41/101 547/41/31
f 547/41/31 542/41/101 548/41/31
f 548/41/31 542/41/101 541/41/101
f 540/40/30 549/42/30 541/41/30
f 541/41/30 549/42/30 548/41/30
f 540/40/30 550/20/30 549/42/30
f 550/20/30 540/40/30 551/20/30
f 529/40/30 551/20/30 540/40/30
f 529/40/30 540/40/30 539/40/30
f 551/20/30 529/40/30 552/42/30
f 548/41/30 538/40/30 539/40/30
f 529/40/30 539/40/30 538/40/30
f 538/40/30 548/41/30 547/41/30
f 548/41/30 549/42/30 547/41/30
f 529/40/30 538/40/30 537/40/30
f 547/41/30 549/42/30 546/41/30
f 552/42/30 529/40/30 530/41/30
f 552/42/30 530/41/30 549/42/30
f 543/41/30 549/42/30 530/41/30
f 529/40/30 537/40/30 536/40/30
f 546/41/30 536/40/30 537/40/30
f 529/40/30 536/40/30 535/40/30
f 536/40/30 546/41/30 545/41/30
f 546/41/30 549/42/30 545/41/30
f 529/40/30 535/40/30 533/40/30
f 545/41/30 549/42/30 544/41/30
f 544/41/30 549/42/30 543/41/30
f 544/41/30 533/40/30 535/40/30
f 533/40/30 544/41/30 543/41/30
f 555/21/105 554/35/106 553/21/105
f 554/35/106 555/21/105 556/35/106
f 553/21/23 557/21/23 555/21/23
f 557/21/23 553/21/23 558/21/23
f 561/21/23 560/21/23 559/21/23
f 560/21/23 561/21/23 562/21/23
f 565/20/31 564/20/31 563/20/31
f 564/20/31 565/20/31 151/20/31
f 566/20/31 564/20/31 151/20/31
f 151/20/31 565/20/31 150/20/31
f 150/20/31 565/20/31 567/20/31
f 567/20/31 565/20/31 568/20/31
f 571/32/107 570/32/108 569/32/107
f 570/32/108 571/32/107 572/32/108
f 574/35/109 562/21/110 573/35/109
f 562/21/110 574/35/109 560/21/110
f 556/35/106 572/32/108 554/35/106
f 572/32/108 556/35/106 570/32/108
f 569/32/107 573/35/109 571/32/107
f 573/35/109 569/32/107 574/35/109
f 558/21/24 567/20/24 568/20/24
f 567/20/24 558/21/24 553/21/24
f 567/20/24 553/21/24 575/39/24
f 575/39/24 553/21/24 554/35/24
f 575/39/24 554/35/24 576/39/24
f 573/35/24 576/39/24 554/35/24
f 573/35/24 554/35/24 572/32/24
f 573/35/24 572/32/24 571/32/24
f 562/21/24 576/39/24 573/35/24
f 576/39/24 562/21/24 566/20/24
f 561/21/24 566/20/24 562/21/24
f 566/20/24 561/21/24 564/20/24
f 152/39/31 576/39/31 153/39/31
f 576/39/31 152/39/31 575/39/31
f 151/20/105 576/39/105 566/20/105
f 576/39/105 151/20/105 153/39/105
f 152/39/110 567/20/110 575/39/110
f 567/20/110 152/39/110 150/20/110
f 579/20/112 578/20/111 577/20/111
f 578/20/111 579/20/112 580/20/112
f 582/22/113 578/20/111 581/22/113
f 578/20/111 582/22/113 577/20/111
f 579/20/112 583/22/114 580/20/112
f 583/22/114 579/20/112 584/22/114
f 583/22/114 582/22/113 581/22/113
f 582/22/113 583/22/114 584/22/114
f 583/22/24 578/20/24 580/20/24
f 578/20/24 583/22/24 581/22/24
f 587/37/115 586/32/115 585/37/115
f 586/32/115 587/37/115 588/32/115
f 591/32/74 590/37/77 589/37/74
f 590/37/77 591/32/74 592/32/77
f 585/37/105 591/32/74 589/37/74
f 591/32/74 585/37/105 586/32/105
f 591/32/23 588/32/23 592/32/23
f 588/32/23 591/32/23 586/32/23
f 585/37/31 590/37/31 587/37/31
f 590/37/31 585/37/31 589/37/31
f 588/32/110 590/37/77 592/32/77
f 590/37/77 588/32/110 587/37/110
f 162/35/116 594/36/117 593/35/116
f 594/36/117 162/35/116 163/36/117
f 163/36/117 595/37/118 594/36/117
f 595/37/118 163/36/117 165/37/118
f 598/38/119 597/39/120 596/38/119
f 597/39/120 598/38/119 599/39/120
f 164/32/121 593/35/116 600/32/121
f 593/35/116 164/32/121 162/35/116
f 169/35/122 602/32/123 601/35/122
f 602/32/123 169/35/122 168/32/123
f 605/39/124 604/38/125 603/39/124
f 604/38/125 605/39/124 606/38/125
f 166/37/126 595/37/118 165/37/118
f 595/37/118 166/37/126 607/37/126
f 167/36/127 601/35/122 608/36/127
f 601/35/122 167/36/127 169/35/122
f 608/36/27 595/37/27 607/37/27
f 595/37/27 608/36/27 594/36/27
f 594/36/27 608/36/27 604/38/27
f 604/38/27 608/36/27 601/35/27
f 596/38/27 594/36/27 604/38/27
f 604/38/27 601/35/27 603/39/27
f 594/36/27 596/38/27 593/35/27
f 603/39/27 601/35/27 597/39/27
f 593/35/27 596/38/27 597/39/27
f 593/35/27 597/39/27 601/35/27
f 593/35/27 601/35/27 602/32/27
f 593/35/27 602/32/27 600/32/27
f 604/38/125 598/38/119 596/38/119
f 598/38/119 604/38/125 606/38/125
f 605/39/124 597/39/120 599/39/120
f 597/39/120 605/39/124 603/39/124
f 602/32/123 164/32/121 600/32/121
f 164/32/121 602/32/123 168/32/123
f 166/37/126 608/36/127 607/37/126
f 608/36/127 166/37/126 167/36/127
f 611/20/25 610/21/128 609/20/128
f 610/21/128 611/20/25 612/21/25
f 615/21/26 614/20/129 613/21/129
f 614/20/129 615/21/26 616/20/26
f 619/21/130 618/20/131 617/20/130
f 618/20/131 619/21/130 620/21/131
f 609/20/128 619/21/130 617/20/130
f 619/21/130 609/20/128 610/21/128
f 613/21/129 618/20/131 620/21/131
f 618/20/131 613/21/129 614/20/129
f 611/20/31 622/20/31 621/20/31
f 622/20/31 611/20/31 617/20/31
f 617/20/31 611/20/31 609/20/31
f 618/20/31 622/20/31 617/20/31
f 618/20/31 623/20/31 622/20/31
f 618/20/31 624/20/31 623/20/31
f 614/20/31 624/20/31 618/20/31
f 624/20/31 614/20/31 616/20/31
f 156/21/23 610/21/23 612/21/23
f 154/21/23 610/21/23 156/21/23
f 154/21/23 619/21/23 610/21/23
f 159/21/23 619/21/23 154/21/23
f 619/21/23 159/21/23 620/21/23
f 161/21/23 620/21/23 159/21/23
f 615/21/23 620/21/23 161/21/23
f 620/21/23 615/21/23 613/21/23
f 627/40/119 626/41/120 625/40/119
f 626/41/120 627/40/119 628/41/120
f 629/40/23 627/40/119 625/40/119
f 627/40/119 629/40/23 630/40/125
f 630/40/125 629/40/23 631/40/23
f 630/40/125 631/40/23 632/40/23
f 630/40/125 632/40/23 633/40/23
f 630/40/125 633/40/23 634/40/23
f 630/40/125 634/40/23 635/40/23
f 630/40/125 635/40/23 636/40/125
f 638/41/124 636/40/125 637/41/124
f 636/40/125 638/41/124 630/40/125
f 638/41/124 626/41/120 628/41/120
f 626/41/120 638/41/124 639/41/31
f 639/41/31 638/41/124 640/41/31
f 640/41/31 638/41/124 641/41/31
f 641/41/31 638/41/124 642/41/31
f 642/41/31 638/41/124 643/41/31
f 643/41/31 638/41/124 644/41/31
f 644/41/31 638/41/124 637/41/124
f 636/40/27 645/42/27 637/41/27
f 637/41/27 645/42/27 644/41/27
f 636/40/27 646/20/27 645/42/27
f 646/20/27 636/40/27 647/20/27
f 625/40/27 647/20/27 636/40/27
f 625/40/27 636/40/27 635/40/27
f 647/20/27 625/40/27 648/42/27
f 644/41/27 634/40/27 635/40/27
f 625/40/27 635/40/27 634/40/27
f 634/40/27 644/41/27 643/41/27
f 644/41/27 645/42/27 643/41/27
f 625/40/27 634/40/27 633/40/27
f 643/41/27 645/42/27 642/41/27
f 648/42/27 625/40/27 626/41/27
f 648/42/27 626/41/27 645/42/27
f 639/41/27 645/42/27 626/41/27
f 625/40/27 633/40/27 632/40/27
f 642/41/27 632/40/27 633/40/27
f 625/40/27 632/40/27 631/40/27
f 632/40/27 642/41/27 641/41/27
f 642/41/27 645/42/27 641/41/27
f 625/40/27 631/40/27 629/40/27
f 641/41/27 645/42/27 640/41/27
f 640/41/27 645/42/27 639/41/27
f 640/41/27 629/40/27 631/40/27
f 629/40/27 640/41/27 639/41/27
f 178/35/93 650/36/94 649/35/93
f 650/36/94 178/35/93 179/36/94
f 179/36/94 651/37/95 650/36/94
f 651/37/95 179/36/94 181/37/95
f 654/38/96 653/39/97 652/38/96
f 653/39/97 654/38/96 655/39/97
f 180/32/98 649/35/93 656/32/98
f 649/35/93 180/32/98 178/35/93
f 185/35/99 658/32/100 657/35/99
f 658/32/100 185/35/99 184/32/100
f 661/39/101 660/38/102 659/39/101
f 660/38/102 661/39/101 662/38/102
f 182/37/103 651/37/95 181/37/95
f 651/37/95 182/37/103 663/37/103
f 183/36/104 657/35/99 664/36/104
f 657/35/99 183/36/104 185/35/99
f 664/36/30 651/37/30 663/37/30
f 651/37/30 664/36/30 650/36/30
f 650/36/30 664/36/30 660/38/30
f 660/38/30 664/36/30 657/35/30
f 652/38/30 650/36/30 660/38/30
f 660/38/30 657/35/30 659/39/30
f 650/36/30 652/38/30 649/35/30
f 659/39/30 657/35/30 653/39/30
f 649/35/30 652/38/30 653/39/30
f 649/35/30 653/39/30 657/35/30
f 649/35/30 657/35/30 658/32/30
f 649/35/30 658/32/30 656/32/30
f 660/38/102 654/38/96 652/38/96
f 654/38/96 660/38/102 662/38/102
f 661/39/101 653/39/97 655/39/97
f 653/39/97 661/39/101 659/39/101
f 658/32/100 180/32/98 656/32/98
f 180/32/98 658/32/100 184/32/100
f 182/37/103 664/36/104 663/37/103
f 664/36/104 182/37/103 183/36/104
f 667/20/28 666/21/32 665/20/32
f 666/21/32 667/20/28 668/21/28
f 671/21/29 670/20/38 669/21/38
f 670/20/38 671/21/29 672/20/29
f 675/21/34 674/20/35 673/20/34
f 674/20/35 675/21/34 676/21/35
f 665/20/32 675/21/34 673/20/34
f 675/21/34 665/20/32 666/21/32
f 669/21/38 674/20/35 676/21/35
f 674/20/35 669/21/38 670/20/38
f 667/20/31 678/20/31 677/20/31
f 678/20/31 667/20/31 673/20/31
f 673/20/31 667/20/31 665/20/31
f 674/20/31 678/20/31 673/20/31
f 674/20/31 679/20/31 678/20/31
f 674/20/31 680/20/31 679/20/31
f 670/20/31 680/20/31 674/20/31
f 680/20/31 670/20/31 672/20/31
f 172/21/23 666/21/23 668/21/23
f 170/21/23 666/21/23 172/21/23
f 170/21/23 675/21/23 666/21/23
f 175/21/23 675/21/23 170/21/23
f 675/21/23 175/21/23 676/21/23
f 177/21/23 676/21/23 175/21/23
f 671/21/23 676/21/23 177/21/23
f 676/21/23 671/21/23 669/21/23
f 683/40/96 682/41/97 681/40/96
f 682/41/97 683/40/96 684/41/97
f 685/40/23 683/40/96 681/40/96
f 683/40/96 685/40/23 686/40/102
f 686/40/102 685/40/23 687/40/23
f 686/40/102 687/40/23 688/40/23
f 686/40/102 688/40/23 689/40/23
f 686/40/102 689/40/23 690/40/23
f 686/40/102 690/40/23 691/40/23
f 686/40/102 691/40/23 692/40/102
f 694/41/101 692/40/102 693/41/101
f 692/40/102 694/41/101 686/40/102
f 694/41/101 682/41/97 684/41/97
f 682/41/97 694/41/101 695/41/31
f 695/41/31 694/41/101 696/41/31
f 696/41/31 694/41/101 697/41/31
f 697/41/31 694/41/101 698/41/31
f 698/41/31 694/41/101 699/41/31
f 699/41/31 694/41/101 700/41/31
f 700/41/31 694/41/101 693/41/101
f 692/40/30 701/42/30 693/41/30
f 693/41/30 701/42/30 700/41/30
f 692/40/30 702/20/30 701/42/30
f 702/20/30 692/40/30 703/20/30
f 681/40/30 703/20/30 692/40/30
f 681/40/30 692/40/30 691/40/30
f 703/20/30 681/40/30 704/42/30
f 700/41/30 690/40/30 691/40/30
f 681/40/30 691/40/30 690/40/30
f 690/40/30 700/41/30 699/41/30
f 700/41/30 701/42/30 699/41/30
f 681/40/30 690/40/30 689/40/30
f 699/41/30 701/42/30 698/41/30
f 704/42/30 681/40/30 682/41/30
f 704/42/30 682/41/30 701/42/30
f 695/41/30 701/42/30 682/41/30
f 681/40/30 689/40/30 688/40/30
f 698/41/30 688/40/30 689/40/30
f 681/40/30 688/40/30 687/40/30
f 688/40/30 698/41/30 697/41/30
f 698/41/30 701/42/30 697/41/30
f 681/40/30 687/40/30 685/40/30
f 697/41/30 701/42/30 696/41/30
f 696/41/30 701/42/30 695/41/30
f 696/41/30 685/40/30 687/40/30
f 685/40/30 696/41/30 695/41/30
f 707/37/132 706/32/20 705/32/132
f 706/32/20 707/37/132 708/37/20
f 711/37/133 710/32/2 709/37/2
f 710/32/2 711/37/133 712/32/133
f 708/37/20 713/32/134 706/32/20
f 713/32/134 708/37/20 714/37/134
f 709/37/2 713/32/134 714/37/134
f 713/32/134 709/37/2 710/32/2
f 711/37/133 715/32/8 712/32/133
f 715/32/8 711/37/133 716/37/8
f 716/37/8 717/32/135 715/32/8
f 717/32/135 716/37/8 718/37/135
f 717/32/135 720/37/11 719/32/11
f 720/37/11 717/32/135 718/37/135
f 719/32/11 707/37/132 705/32/132
f 707/37/132 719/32/11 720/37/11
f 712/32/31 713/32/31 710/32/31
f 713/32/31 712/32/31 715/32/31
f 713/32/31 715/32/31 706/32/31
f 706/32/31 715/32/31 717/32/31
f 706/32/31 717/32/31 705/32/31
f 705/32/31 717/32/31 719/32/31
f 723/37/31 722/37/31 721/37/31
f 722/37/31 723/37/31 724/37/31
f 727/32/136 726/32/23 725/32/23
f 726/32/23 727/32/136 728/32/136
f 726/32/8 723/37/8 721/37/8
f 723/37/8 726/32/8 729/43/8
f 729/43/8 726/32/8 728/32/8
f 726/32/2 722/37/2 725/32/2
f 722/37/2 726/32/2 721/37/2
f 730/43/20 722/37/20 724/37/20
f 722/37/20 730/43/20 725/32/20
f 725/32/20 730/43/20 727/32/20
f 723/37/11 730/43/137 724/37/11
f 730/43/137 723/37/11 729/43/137
f 729/43/137 727/32/136 730/43/137
f 727/32/136 729/43/137 728/32/136
f 733/37/139 732/32/138 731/37/138
f 732/32/138 733/37/139 734/32/139
f 732/32/138 735/37/140 731/37/138
f 735/37/140 732/32/138 736/32/140
f 739/32/142 738/37/141 737/32/141
f 738/37/141 739/32/142 740/37/142
f 737/32/141 742/37/143 741/32/143
f 742/37/143 737/32/141 738/37/141
f 743/37/144 734/32/139 733/37/139
f 734/32/139 743/37/144 744/32/144
f 746/32/145 743/37/144 745/37/145
f 743/37/144 746/32/145 744/32/144
f 736/32/140 742/37/143 735/37/140
f 742/37/143 736/32/140 741/32/143
f 739/32/142 745/37/145 740/37/142
f 745/37/145 739/32/142 746/32/145
f 741/32/23 739/32/23 737/32/23
f 739/32/23 741/32/23 736/32/23
f 739/32/23 736/32/23 746/32/23
f 746/32/23 736/32/23 732/32/23
f 746/32/23 732/32/23 744/32/23
f 744/32/23 732/32/23 734/32/23
f 740/37/31 742/37/31 738/37/31
f 742/37/31 740/37/31 745/37/31
f 742/37/31 745/37/31 735/37/31
f 735/37/31 745/37/31 743/37/31
f 735/37/31 743/37/31 731/37/31
f 731/37/31 743/37/31 733/37/31
f 749/37/139 748/32/138 747/37/138
f 748/32/138 749/37/139 750/32/139
f 748/32/138 751/37/140 747/37/138
f 751/37/140 748/32/138 752/32/140
f 755/32/142 754/37/141 753/32/141
f 754/37/141 755/32/142 756/37/142
f 753/32/141 758/37/143 757/32/143
f 758/37/143 753/32/141 754/37/141
f 759/37/144 750/32/139 749/37/139
f 750/32/139 759/37/144 760/32/144
f 762/32/145 759/37/144 761/37/145
f 759/37/144 762/32/145 760/32/144
f 752/32/140 758/37/143 751/37/140
f 758/37/143 752/32/140 757/32/143
f 755/32/142 761/37/145 756/37/142
f 761/37/145 755/32/142 762/32/145
f 757/32/23 755/32/23 753/32/23
f 755/32/23 757/32/23 752/32/23
f 755/32/23 752/32/23 762/32/23
f 762/32/23 752/32/23 748/32/23
f 762/32/23 748/32/23 760/32/23
f 760/32/23 748/32/23 750/32/23
f 756/37/31 758/37/31 754/37/31
f 758/37/31 756/37/31 761/37/31
f 758/37/31 761/37/31 751/37/31
f 751/37/31 761/37/31 759/37/31
f 751/37/31 759/37/31 747/37/31
f 747/37/31 759/37/31 749/37/31
f 801/37/25 802/32/25 804/37/148
f 806/32/148 804/37/148 802/32/25
f 803/37/31 799/37/31 804/37/31
f 801/37/31 804/37/31 799/37/31
f 800/32/23 805/32/23 802/32/23
f 806/32/23 802/32/23 805/32/23
f 800/32/26 799/37/26 805/32/147
f 803/37/147 805/32/147 799/37/26
f 806/32/148 805/32/147 804/37/148
f 803/37/147 804/37/148 805/32/147
f 802/32/146 801/37/146 800/32/146
f 799/37/146 800/32/146 801/37/146
f 780/20/31 781/20/31 782/20/31
f 782/20/31 781/20/31 768/20/31
f 768/20/31 781/20/31 770/20/31
f 770/20/31 781/20/31 765/20/31
f 765/20/31 792/20/31 763/20/31
f 765/20/31 781/20/31 792/20/31
f 792/20/31 781/20/31 794/20/31
f 796/20/31 794/20/31 781/20/31
f 793/21/23 795/21/23 791/21/23
f 798/21/23 791/21/23 795/21/23
f 797/21/23 791/21/23 798/21/23
f 791/21/23 797/21/23 784/21/23
f 786/21/23 784/21/23 797/21/23
f 794/20/128 793/21/128 792/20/130
f 791/21/130 792/20/130 793/21/128
f 796/20/25 795/21/25 794/20/128
f 793/21/128 794/20/128 795/21/25
f 792/20/130 791/21/130 763/20/27
f 784/21/27 763/20/27 791/21/130
f 763/20/27 784/21/27 764/39/27
f 783/35/27 764/39/27 784/21/27
f 787/32/27 789/32/27 783/35/27
f 789/32/27 778/35/27 783/35/27
f 778/35/27 764/39/27 783/35/27
f 764/39/27 778/35/27 767/39/27
f 778/35/27 771/21/27 767/39/27
f 767/39/27 771/21/27 768/20/27
f 771/21/27 773/21/131 768/20/27
f 782/20/131 768/20/27 773/21/131
f 790/32/121 779/35/116 789/32/121
f 778/35/116 789/32/121 779/35/116
f 785/35/122 788/32/123 783/35/122
f 787/32/123 783/35/122 788/32/123
f 790/32/121 789/32/121 788/32/123
f 787/32/123 788/32/123 789/32/121
f 786/21/25 785/35/122 784/21/25
f 783/35/122 784/21/25 785/35/122
f 777/21/129 780/20/129 773/21/131
f 782/20/131 773/21/131 780/20/129
f 776/21/26 781/20/26 777/21/129
f 780/20/129 777/21/129 781/20/26
f 779/35/116 772/21/26 778/35/116
f 771/21/26 778/35/116 772/21/26
f 777/21/23 773/21/23 776/21/23
f 776/21/23 773/21/23 775/21/23
f 775/21/23 773/21/23 774/21/23
f 774/21/23 773/21/23 772/21/23
f 771/21/23 772/21/23 773/21/23
f 767/39/31 769/39/31 764/39/31
f 766/39/31 764/39/31 769/39/31
f 770/20/25 769/39/25 768/20/25
f 767/39/25 768/20/25 769/39/25
f 766/39/26 765/20/26 764/39/26
f 763/20/26 764/39/26 765/20/26
f 231/44/31 233/44/31 229/44/31
f 233/44/31 231/44/31 238/44/31
f 233/44/31 238/44/31 236/44/31
f 233/44/31 236/44/31 232/44/31
f 232/44/31 236/44/31 243/44/31
f 232/44/31 243/44/31 242/44/31
f 809/46/2 255/45/2 807/46/2
f 254/45/2 807/46/2 255/45/2
f 808/46/20 807/46/20 253/45/20
f 254/45/20 253/45/20 807/46/20
f 275/44/31 277/44/31 273/44/31
f 277/44/31 275/44/31 282/44/31
f 277/44/31 282/44/31 280/44/31
f 277/44/31 280/44/31 276/44/31
f 276/44/31 280/44/31 287/44/31
f 276/44/31 287/44/31 286/44/31
f 812/46/2 299/45/2 810/46/2
f 298/45/2 810/46/2 299/45/2
f 811/46/20 810/46/20 297/45/20
f 298/45/20 297/45/20 810/46/20
f 815/46/23 814/46/23 813/46/23
f 814/46/23 815/46/23 816/46/23
f 819/46/64 353/45/64 817/46/64
f 352/45/64 817/46/64 353/45/64
f 818/46/18 817/46/18 351/45/18
f 352/45/18 351/45/18 817/46/18
f 821/46/29 527/45/29 820/46/29
f 527/45/29 821/46/29 528/45/29
f 820/46/30 496/48/30 495/47/30
f 820/46/30 495/47/30 504/49/30
f 527/45/30 496/48/30 820/46/30
f 496/48/30 527/45/30 498/50/30
f 498/50/30 527/45/30 513/50/30
f 526/45/30 513/50/30 527/45/30
f 513/50/30 526/45/30 516/48/30
f 820/46/30 504/49/30 822/46/30
f 516/48/30 526/45/30 822/46/30
f 508/49/30 822/46/30 504/49/30
f 516/48/30 822/46/30 507/47/30
f 507/47/30 822/46/30 508/49/30
f 823/46/24 555/45/24 557/45/24
f 555/45/24 823/46/24 556/47/24
f 556/47/24 823/46/24 824/49/24
f 570/49/24 556/47/24 824/49/24
f 824/49/24 823/46/24 570/49/24
f 570/49/24 823/46/24 569/49/24
f 569/49/24 823/46/24 825/49/24
f 826/46/24 825/49/24 823/46/24
f 825/49/24 574/47/24 569/49/24
f 826/46/24 574/47/24 825/49/24
f 559/45/24 574/47/24 826/46/24
f 574/47/24 559/45/24 560/45/24
f 798/45/25 830/46/25 797/45/25
f 829/46/25 797/45/25 830/46/25
f 786/45/27 797/45/27 785/47/27
f 829/46/27 785/47/27 797/45/27
f 788/49/27 785/47/27 829/46/27
f 827/46/27 788/49/27 829/46/27
f 788/49/27 827/46/27 790/49/27
f 790/49/27 827/46/27 779/47/27
f 779/47/27 827/46/27 772/45/27
f 774/45/27 772/45/27 827/46/27
f 828/46/26 775/45/26 827/46/26
f 774/45/26 827/46/26 775/45/26

usemtl colormap-specular

f 542/52/30 531/51/30 534/51/30
f 531/51/30 542/52/30 532/52/30
f 638/52/27 627/51/27 630/51/27
f 627/51/27 638/52/27 628/52/27
f 694/52/30 683/51/30 686/51/30
f 683/51/30 694/52/30 684/52/30

g building-g




usemtl colormap

f 3/2/1 2/1/1 1/1/1
f 2/1/1 3/2/1 4/2/1
f 19/10/9 20/11/12 22/2/9
f 25/13/12 22/2/9 20/11/12
f 20/11/12 13/3/5 25/13/12
f 12/9/5 25/13/12 13/3/5
f 18/10/11 23/2/11 17/4/11
f 24/12/11 17/4/11 23/2/11
f 23/2/10 18/10/10 22/2/9
f 19/10/9 22/2/9 18/10/10
f 7/4/8 17/4/8 5/3/8
f 21/3/8 5/3/8 17/4/8
f 13/3/7 20/11/7 10/7/7
f 20/11/7 19/10/7 10/7/7
f 10/7/7 19/10/7 8/5/7
f 8/5/7 19/10/7 14/5/7
f 19/10/7 18/10/7 14/5/7
f 18/10/7 17/4/7 14/5/7
f 16/3/7 14/5/7 17/4/7
f 9/6/3 8/5/3 15/6/6
f 14/5/6 15/6/6 8/5/3
f 13/3/5 10/7/4 12/9/5
f 11/8/4 12/9/5 10/7/4
f 11/8/4 10/7/4 9/6/3
f 8/5/3 9/6/3 10/7/4
f 5/3/2 6/3/2 7/4/2
f 28/4/11 27/3/11 26/3/11
f 31/7/14 30/6/13 29/5/13
f 30/6/13 31/7/14 32/8/14
f 31/7/14 33/9/15 32/8/14
f 33/9/15 31/7/14 34/3/15
f 29/5/13 36/6/6 35/5/6
f 36/6/6 29/5/13 30/6/13
f 38/4/7 35/5/7 37/3/7
f 35/5/7 38/4/7 39/10/7
f 35/5/7 39/10/7 40/10/7
f 35/5/7 40/10/7 29/5/7
f 29/5/7 40/10/7 31/7/7
f 31/7/7 40/10/7 41/11/7
f 31/7/7 41/11/7 34/3/7
f 38/4/8 26/3/8 42/3/8
f 26/3/8 38/4/8 28/4/8
f 39/10/10 43/2/16 40/10/16
f 43/2/16 39/10/10 44/2/10
f 44/2/2 38/4/2 45/12/2
f 38/4/2 44/2/2 39/10/2
f 34/3/15 46/13/17 33/9/15
f 46/13/17 34/3/15 41/11/17
f 41/11/17 43/2/16 46/13/17
f 43/2/16 41/11/17 40/10/16
f 49/4/11 48/3/11 47/3/11
f 52/7/14 51/6/13 50/5/13
f 51/6/13 52/7/14 53/8/14
f 52/7/14 54/9/15 53/8/14
f 54/9/15 52/7/14 55/3/15
f 50/5/13 57/6/6 56/5/6
f 57/6/6 50/5/13 51/6/13
f 59/4/7 56/5/7 58/3/7
f 56/5/7 59/4/7 60/10/7
f 56/5/7 60/10/7 61/10/7
f 56/5/7 61/10/7 50/5/7
f 50/5/7 61/10/7 52/7/7
f 52/7/7 61/10/7 62/11/7
f 52/7/7 62/11/7 55/3/7
f 59/4/8 47/3/8 63/3/8
f 47/3/8 59/4/8 49/4/8
f 60/10/10 64/2/16 61/10/16
f 64/2/16 60/10/10 65/2/10
f 65/2/2 59/4/2 66/12/2
f 59/4/2 65/2/2 60/10/2
f 55/3/15 67/13/17 54/9/15
f 67/13/17 55/3/15 62/11/17
f 62/11/17 64/2/16 67/13/17
f 64/2/16 62/11/17 61/10/16
f 82/10/9 83/11/12 85/2/9
f 88/13/12 85/2/9 83/11/12
f 83/11/12 76/3/5 88/13/12
f 75/9/5 88/13/12 76/3/5
f 81/10/11 86/2/11 80/4/11
f 87/12/11 80/4/11 86/2/11
f 86/2/10 81/10/10 85/2/9
f 82/10/9 85/2/9 81/10/10
f 70/4/8 80/4/8 68/3/8
f 84/3/8 68/3/8 80/4/8
f 76/3/7 83/11/7 73/7/7
f 83/11/7 82/10/7 73/7/7
f 73/7/7 82/10/7 71/5/7
f 71/5/7 82/10/7 77/5/7
f 82/10/7 81/10/7 77/5/7
f 81/10/7 80/4/7 77/5/7
f 79/3/7 77/5/7 80/4/7
f 72/6/3 71/5/3 78/6/6
f 77/5/6 78/6/6 71/5/3
f 76/3/5 73/7/4 75/9/5
f 74/8/4 75/9/5 73/7/4
f 74/8/4 73/7/4 72/6/3
f 71/5/3 72/6/3 73/7/4
f 68/3/2 69/3/2 70/4/2
f 91/4/11 90/3/11 89/3/11
f 94/7/14 93/6/13 92/5/13
f 93/6/13 94/7/14 95/8/14
f 94/7/14 96/9/15 95/8/14
f 96/9/15 94/7/14 97/3/15
f 92/5/13 99/6/6 98/5/6
f 99/6/6 92/5/13 93/6/13
f 101/4/7 98/5/7 100/3/7
f 98/5/7 101/4/7 102/10/7
f 98/5/7 102/10/7 103/10/7
f 98/5/7 103/10/7 92/5/7
f 92/5/7 103/10/7 94/7/7
f 94/7/7 103/10/7 104/11/7
f 94/7/7 104/11/7 97/3/7
f 101/4/8 89/3/8 105/3/8
f 89/3/8 101/4/8 91/4/8
f 102/10/10 106/2/16 103/10/16
f 106/2/16 102/10/10 107/2/10
f 107/2/2 101/4/2 108/12/2
f 101/4/2 107/2/2 102/10/2
f 97/3/15 109/13/17 96/9/15
f 109/13/17 97/3/15 104/11/17
f 104/11/17 106/2/16 109/13/17
f 106/2/16 104/11/17 103/10/16
f 4/2/18 110/1/18 2/1/18
f 110/1/18 4/2/18 111/2/18
f 112/1/19 4/2/19 2/1/19
f 4/2/19 112/1/19 113/2/19
f 119/2/2 118/1/2 116/2/2
f 114/1/2 116/2/2 118/1/2
f 117/2/20 116/2/20 115/1/20
f 114/1/20 115/1/20 116/2/20
f 122/2/1 121/1/1 120/1/1
f 121/1/1 122/2/1 123/2/1
f 113/2/2 112/1/2 126/2/2
f 124/1/2 126/2/2 112/1/2
f 127/2/20 126/2/20 125/1/20
f 124/1/20 125/1/20 126/2/20
f 133/2/22 132/1/22 130/2/22
f 128/1/22 130/2/22 132/1/22
f 131/2/21 130/2/21 129/1/21
f 128/1/21 129/1/21 130/2/21
f 136/14/23 135/14/23 134/14/23
f 135/14/23 136/14/23 137/14/23
f 140/14/23 139/14/23 138/14/23
f 139/14/23 140/14/23 141/14/23
f 144/14/23 143/14/23 142/14/23
f 143/14/23 144/14/23 145/14/23
f 148/14/23 147/14/23 146/14/23
f 147/14/23 148/14/23 149/14/23
f 152/15/24 151/5/24 150/5/24
f 151/5/24 152/15/24 153/15/24
f 156/1/25 155/2/25 154/1/25
f 155/2/25 156/1/25 157/2/25
f 160/2/26 159/1/26 158/2/26
f 159/1/26 160/2/26 161/1/26
f 158/2/27 163/17/27 162/16/27
f 158/2/27 162/16/27 164/18/27
f 159/1/27 163/17/27 158/2/27
f 163/17/27 159/1/27 165/19/27
f 165/19/27 159/1/27 166/19/27
f 154/1/27 166/19/27 159/1/27
f 166/19/27 154/1/27 167/17/27
f 158/2/27 164/18/27 155/2/27
f 167/17/27 154/1/27 155/2/27
f 168/18/27 155/2/27 164/18/27
f 167/17/27 155/2/27 169/16/27
f 169/16/27 155/2/27 168/18/27
f 172/1/28 171/2/28 170/1/28
f 171/2/28 172/1/28 173/2/28
f 176/2/29 175/1/29 174/2/29
f 175/1/29 176/2/29 177/1/29
f 174/2/30 179/17/30 178/16/30
f 174/2/30 178/16/30 180/18/30
f 175/1/30 179/17/30 174/2/30
f 179/17/30 175/1/30 181/19/30
f 181/19/30 175/1/30 182/19/30
f 170/1/30 182/19/30 175/1/30
f 182/19/30 170/1/30 183/17/30
f 174/2/30 180/18/30 171/2/30
f 183/17/30 170/1/30 171/2/30
f 184/18/30 171/2/30 180/18/30
f 183/17/30 171/2/30 185/16/30
f 185/16/30 171/2/30 184/18/30
f 189/5/27 188/5/27 187/2/27
f 186/2/27 187/2/27 188/5/27
f 192/20/31 191/20/31 190/20/31
f 191/20/31 192/20/31 193/20/31
f 194/21/1 190/20/1 191/20/1
f 190/20/1 194/21/1 195/21/1
f 194/21/23 2/21/23 195/21/23
f 2/21/23 194/21/23 1/21/23
f 198/20/33 197/22/32 196/20/32
f 197/22/32 198/20/33 199/22/33
f 202/22/34 201/20/35 200/20/34
f 201/20/35 202/22/34 203/22/35
f 206/22/36 205/20/37 204/20/36
f 205/20/37 206/22/36 207/22/37
f 210/22/39 209/20/38 208/22/38
f 209/20/38 210/22/39 211/20/39
f 196/20/32 202/22/34 200/20/34
f 202/22/34 196/20/32 197/22/32
f 205/20/37 199/22/33 198/20/33
f 199/22/33 205/20/37 207/22/37
f 206/22/36 211/20/39 210/22/39
f 211/20/39 206/22/36 204/20/36
f 208/22/38 201/20/35 203/22/35
f 201/20/35 208/22/38 209/20/38
f 203/22/23 210/22/23 208/22/23
f 210/22/23 203/22/23 206/22/23
f 206/22/23 203/22/23 202/22/23
f 206/22/23 202/22/23 207/22/23
f 207/22/23 202/22/23 197/22/23
f 207/22/23 197/22/23 199/22/23
f 214/23/29 213/22/29 212/23/29
f 213/22/29 214/23/29 215/22/29
f 216/24/29 215/22/29 214/23/29
f 216/24/29 217/25/29 215/22/29
f 216/24/29 218/23/29 217/25/29
f 218/23/29 216/24/29 219/24/29
f 221/25/41 218/23/40 220/23/40
f 218/23/40 221/25/41 217/25/41
f 222/23/31 214/23/31 212/23/31
f 214/23/31 222/23/31 223/23/31
f 225/24/28 220/23/28 224/24/28
f 220/23/28 225/24/28 221/25/28
f 221/25/28 225/24/28 226/22/28
f 226/22/28 225/24/28 223/23/28
f 226/22/28 223/23/28 222/23/28
f 226/22/28 222/23/28 227/22/28
f 220/23/40 219/24/30 224/24/30
f 219/24/30 220/23/40 218/23/40
f 214/23/42 225/24/42 216/24/42
f 225/24/42 214/23/42 223/23/42
f 226/22/43 213/22/23 215/22/43
f 213/22/23 226/22/43 227/22/23
f 217/25/41 226/22/43 215/22/43
f 226/22/43 217/25/41 221/25/41
f 230/24/46 229/20/45 228/24/44
f 229/20/45 230/24/46 231/20/47
f 234/24/50 233/20/49 232/20/48
f 233/20/49 234/24/50 235/24/51
f 238/20/36 237/24/52 236/20/37
f 237/24/52 238/20/36 239/24/53
f 242/20/55 241/24/33 240/24/54
f 241/24/33 242/20/55 243/20/56
f 232/20/48 240/24/54 234/24/50
f 240/24/54 232/20/48 242/20/55
f 235/24/51 229/20/45 233/20/49
f 229/20/45 235/24/51 228/24/44
f 239/24/53 231/20/47 230/24/46
f 231/20/47 239/24/53 238/20/36
f 236/20/37 241/24/33 243/20/56
f 241/24/33 236/20/37 237/24/52
f 237/24/23 240/24/23 241/24/23
f 225/24/23 240/24/23 237/24/23
f 239/24/23 225/24/23 237/24/23
f 224/24/23 240/24/23 225/24/23
f 224/24/23 234/24/23 240/24/23
f 224/24/23 235/24/23 234/24/23
f 219/24/23 235/24/23 224/24/23
f 216/24/23 235/24/23 219/24/23
f 239/24/23 216/24/23 225/24/23
f 235/24/23 216/24/23 228/24/23
f 239/24/23 228/24/23 216/24/23
f 228/24/23 239/24/23 230/24/23
f 251/21/23 249/21/23 255/21/23
f 255/21/23 249/21/23 254/21/23
f 249/21/23 246/21/23 254/21/23
f 254/21/23 246/21/23 253/21/23
f 247/21/23 253/21/23 246/21/23
f 248/20/31 250/20/31 244/20/31
f 244/20/31 250/20/31 245/20/31
f 252/20/31 245/20/31 250/20/31
f 246/21/57 249/21/58 244/20/57
f 248/20/58 244/20/57 249/21/58
f 251/21/2 250/20/2 249/21/58
f 248/20/58 249/21/58 250/20/2
f 247/21/20 246/21/57 245/20/20
f 244/20/57 245/20/20 246/21/57
f 12/30/59 11/28/59 25/29/59
f 25/29/59 11/28/59 22/22/59
f 11/28/59 9/26/59 22/22/59
f 22/22/59 9/26/59 23/22/59
f 23/22/59 9/26/59 24/27/59
f 15/26/59 24/27/59 9/26/59
f 30/26/59 45/27/59 36/26/59
f 45/27/59 30/26/59 44/22/59
f 44/22/59 30/26/59 43/22/59
f 43/22/59 30/26/59 32/28/59
f 43/22/59 32/28/59 46/29/59
f 46/29/59 32/28/59 33/30/59
f 51/26/59 66/27/59 57/26/59
f 66/27/59 51/26/59 65/22/59
f 65/22/59 51/26/59 64/22/59
f 64/22/59 51/26/59 53/28/59
f 64/22/59 53/28/59 67/29/59
f 67/29/59 53/28/59 54/30/59
f 75/30/59 74/28/59 88/29/59
f 88/29/59 74/28/59 85/22/59
f 74/28/59 72/26/59 85/22/59
f 85/22/59 72/26/59 86/22/59
f 86/22/59 72/26/59 87/27/59
f 78/26/59 87/27/59 72/26/59
f 93/26/59 108/27/59 99/26/59
f 108/27/59 93/26/59 107/22/59
f 107/22/59 93/26/59 106/22/59
f 106/22/59 93/26/59 95/28/59
f 106/22/59 95/28/59 109/29/59
f 109/29/59 95/28/59 96/30/59
f 258/23/29 257/22/29 256/23/29
f 257/22/29 258/23/29 259/22/29
f 260/24/29 259/22/29 258/23/29
f 260/24/29 261/25/29 259/22/29
f 260/24/29 262/23/29 261/25/29
f 262/23/29 260/24/29 263/24/29
f 265/25/41 262/23/40 264/23/40
f 262/23/40 265/25/41 261/25/41
f 266/23/31 258/23/31 256/23/31
f 258/23/31 266/23/31 267/23/31
f 269/24/28 264/23/28 268/24/28
f 264/23/28 269/24/28 265/25/28
f 265/25/28 269/24/28 270/22/28
f 270/22/28 269/24/28 267/23/28
f 270/22/28 267/23/28 266/23/28
f 270/22/28 266/23/28 271/22/28
f 264/23/40 263/24/30 268/24/30
f 263/24/30 264/23/40 262/23/40
f 258/23/42 269/24/42 260/24/42
f 269/24/42 258/23/42 267/23/42
f 270/22/43 257/22/23 259/22/43
f 257/22/23 270/22/43 271/22/23
f 261/25/41 270/22/43 259/22/43
f 270/22/43 261/25/41 265/25/41
f 274/24/46 273/20/45 272/24/44
f 273/20/45 274/24/46 275/20/47
f 278/24/50 277/20/49 276/20/48
f 277/20/49 278/24/50 279/24/51
f 282/20/36 281/24/52 280/20/37
f 281/24/52 282/20/36 283/24/53
f 286/20/55 285/24/33 284/24/54
f 285/24/33 286/20/55 287/20/56
f 276/20/48 284/24/54 278/24/50
f 284/24/54 276/20/48 286/20/55
f 279/24/51 273/20/45 277/20/49
f 273/20/45 279/24/51 272/24/44
f 283/24/53 275/20/47 274/24/46
f 275/20/47 283/24/53 282/20/36
f 280/20/37 285/24/33 287/20/56
f 285/24/33 280/20/37 281/24/52
f 281/24/23 284/24/23 285/24/23
f 269/24/23 284/24/23 281/24/23
f 283/24/23 269/24/23 281/24/23
f 268/24/23 284/24/23 269/24/23
f 268/24/23 278/24/23 284/24/23
f 268/24/23 279/24/23 278/24/23
f 263/24/23 279/24/23 268/24/23
f 260/24/23 279/24/23 263/24/23
f 283/24/23 260/24/23 269/24/23
f 279/24/23 260/24/23 272/24/23
f 283/24/23 272/24/23 260/24/23
f 272/24/23 283/24/23 274/24/23
f 298/21/23 299/21/23 295/21/23
f 295/21/23 293/21/23 298/21/23
f 293/21/23 290/21/23 298/21/23
f 298/21/23 290/21/23 297/21/23
f 291/21/23 297/21/23 290/21/23
f 292/20/31 294/20/31 288/20/31
f 288/20/31 294/20/31 289/20/31
f 296/20/31 289/20/31 294/20/31
f 290/21/57 293/21/58 288/20/57
f 292/20/58 288/20/57 293/21/58
f 295/21/2 294/20/2 293/21/58
f 292/20/58 293/21/58 294/20/2
f 291/21/20 290/21/57 289/20/20
f 288/20/57 289/20/20 290/21/57
f 302/21/60 301/20/18 300/20/60
f 301/20/18 302/21/60 303/21/18
f 304/20/19 195/21/61 190/20/61
f 195/21/61 304/20/19 305/21/19
f 195/21/61 300/20/60 190/20/61
f 300/20/60 195/21/61 302/21/60
f 304/20/31 301/20/31 306/20/31
f 301/20/31 304/20/31 300/20/31
f 300/20/31 304/20/31 190/20/31
f 303/21/23 2/21/23 110/21/23
f 2/21/23 303/21/23 302/21/23
f 2/21/23 302/21/23 195/21/23
f 2/21/23 195/21/23 112/21/23
f 112/21/23 195/21/23 305/21/23
f 114/21/23 118/21/23 314/21/23
f 314/21/23 312/21/23 114/21/23
f 312/21/23 309/21/23 114/21/23
f 114/21/23 309/21/23 115/21/23
f 310/21/23 115/21/23 309/21/23
f 311/20/31 313/20/31 307/20/31
f 307/20/31 313/20/31 308/20/31
f 315/20/31 308/20/31 313/20/31
f 309/21/57 312/21/58 307/20/57
f 311/20/58 307/20/57 312/21/58
f 314/21/2 313/20/2 312/21/58
f 311/20/58 312/21/58 313/20/2
f 310/21/20 309/21/57 308/20/20
f 307/20/57 308/20/20 309/21/57
f 318/20/31 317/20/31 316/20/31
f 317/20/31 318/20/31 319/20/31
f 322/20/31 321/20/31 320/20/31
f 321/20/31 322/20/31 323/20/31
f 324/21/1 320/20/1 321/20/1
f 320/20/1 324/21/1 325/21/1
f 324/21/23 121/21/23 325/21/23
f 121/21/23 324/21/23 120/21/23
f 124/21/23 112/21/23 305/21/23
f 305/21/23 331/21/23 124/21/23
f 331/21/23 328/21/23 124/21/23
f 124/21/23 328/21/23 125/21/23
f 329/21/23 125/21/23 328/21/23
f 330/20/31 304/20/31 326/20/31
f 326/20/31 304/20/31 327/20/31
f 332/20/31 327/20/31 304/20/31
f 328/21/57 331/21/58 326/20/57
f 330/20/58 326/20/57 331/21/58
f 305/21/2 304/20/2 331/21/58
f 330/20/58 331/21/58 304/20/2
f 329/21/20 328/21/57 327/20/20
f 326/20/57 327/20/20 328/21/57
f 128/21/23 132/21/23 340/21/23
f 340/21/23 338/21/23 128/21/23
f 338/21/23 335/21/23 128/21/23
f 128/21/23 335/21/23 129/21/23
f 336/21/23 129/21/23 335/21/23
f 337/20/31 339/20/31 333/20/31
f 333/20/31 339/20/31 334/20/31
f 341/20/31 334/20/31 339/20/31
f 335/21/35 338/21/38 333/20/35
f 337/20/38 333/20/35 338/21/38
f 340/21/22 339/20/22 338/21/38
f 337/20/38 338/21/38 339/20/22
f 336/21/21 335/21/35 334/20/21
f 333/20/35 334/20/21 335/21/35
f 352/21/23 353/21/23 349/21/23
f 349/21/23 347/21/23 352/21/23
f 347/21/23 344/21/23 352/21/23
f 352/21/23 344/21/23 351/21/23
f 345/21/23 351/21/23 344/21/23
f 346/20/31 348/20/31 342/20/31
f 342/20/31 348/20/31 343/20/31
f 350/20/31 343/20/31 348/20/31
f 344/21/62 347/21/63 342/20/62
f 346/20/63 342/20/62 347/21/63
f 349/21/64 348/20/64 347/21/63
f 346/20/63 347/21/63 348/20/64
f 345/21/18 344/21/62 343/20/18
f 342/20/62 343/20/18 344/21/62
f 356/20/33 355/22/32 354/20/32
f 355/22/32 356/20/33 357/22/33
f 360/22/34 359/20/35 358/20/34
f 359/20/35 360/22/34 361/22/35
f 364/22/36 363/20/37 362/20/36
f 363/20/37 364/22/36 365/22/37
f 368/22/39 367/20/38 366/22/38
f 367/20/38 368/22/39 369/20/39
f 354/20/32 360/22/34 358/20/34
f 360/22/34 354/20/32 355/22/32
f 363/20/37 357/22/33 356/20/33
f 357/22/33 363/20/37 365/22/37
f 364/22/36 369/20/39 368/22/39
f 369/20/39 364/22/36 362/20/36
f 366/22/38 359/20/35 361/22/35
f 359/20/35 366/22/38 367/20/38
f 361/22/23 368/22/23 366/22/23
f 368/22/23 361/22/23 364/22/23
f 364/22/23 361/22/23 360/22/23
f 364/22/23 360/22/23 365/22/23
f 365/22/23 360/22/23 355/22/23
f 365/22/23 355/22/23 357/22/23
f 372/31/11 371/32/11 370/31/11
f 371/32/11 372/31/11 373/32/11
f 371/32/20 374/31/20 370/31/20
f 374/31/20 371/32/20 375/32/20
f 377/22/2 136/31/2 376/22/2
f 136/31/2 377/22/2 137/31/2
f 380/22/65 379/32/20 378/32/65
f 379/32/20 380/22/65 381/22/20
f 382/32/31 371/32/31 373/32/31
f 371/32/31 382/32/31 378/32/31
f 378/32/31 382/32/31 383/32/31
f 379/32/31 371/32/31 378/32/31
f 371/32/31 379/32/31 375/32/31
f 380/22/23 384/22/23 381/22/23
f 384/22/23 380/22/23 376/22/23
f 376/22/23 380/22/23 377/22/23
f 377/22/23 380/22/23 385/22/23
f 385/22/23 380/22/23 386/22/23
f 382/32/11 386/22/66 383/32/66
f 386/22/66 382/32/11 385/22/11
f 383/32/66 380/22/65 378/32/65
f 380/22/65 383/32/66 386/22/66
f 384/22/8 136/31/8 134/31/8
f 136/31/8 384/22/8 376/22/8
f 389/31/67 388/32/67 387/31/67
f 388/32/67 389/31/67 390/32/67
f 388/32/68 391/31/68 387/31/68
f 391/31/68 388/32/68 392/32/68
f 394/22/69 140/31/69 393/22/69
f 140/31/69 394/22/69 141/31/69
f 397/22/36 396/32/68 395/32/36
f 396/32/68 397/22/36 398/22/68
f 399/32/31 388/32/31 390/32/31
f 388/32/31 399/32/31 395/32/31
f 395/32/31 399/32/31 400/32/31
f 396/32/31 388/32/31 395/32/31
f 388/32/31 396/32/31 392/32/31
f 397/22/23 401/22/23 398/22/23
f 401/22/23 397/22/23 393/22/23
f 393/22/23 397/22/23 394/22/23
f 394/22/23 397/22/23 402/22/23
f 402/22/23 397/22/23 403/22/23
f 399/32/67 403/22/39 400/32/39
f 403/22/39 399/32/67 402/22/67
f 400/32/39 397/22/36 395/32/36
f 397/22/36 400/32/39 403/22/39
f 401/22/70 140/31/70 138/31/70
f 140/31/70 401/22/70 393/22/70
f 113/31/19 404/32/19 4/31/19
f 404/32/19 113/31/19 405/32/19
f 404/32/18 111/31/18 4/31/18
f 111/31/18 404/32/18 406/32/18
f 408/22/64 144/31/64 407/22/64
f 144/31/64 408/22/64 145/31/64
f 411/22/60 410/32/18 409/32/60
f 410/32/18 411/22/60 412/22/18
f 413/32/31 404/32/31 405/32/31
f 404/32/31 413/32/31 409/32/31
f 409/32/31 413/32/31 414/32/31
f 410/32/31 404/32/31 409/32/31
f 404/32/31 410/32/31 406/32/31
f 411/22/23 415/22/23 412/22/23
f 415/22/23 411/22/23 407/22/23
f 407/22/23 411/22/23 408/22/23
f 408/22/23 411/22/23 416/22/23
f 416/22/23 411/22/23 417/22/23
f 413/32/19 417/22/61 414/32/61
f 417/22/61 413/32/19 416/22/19
f 414/32/61 411/22/60 409/32/60
f 411/22/60 414/32/61 417/22/61
f 415/22/71 144/31/71 142/31/71
f 144/31/71 415/22/71 407/22/71
f 420/31/28 419/32/28 418/31/28
f 419/32/28 420/31/28 421/32/28
f 419/32/30 422/31/30 418/31/30
f 422/31/30 419/32/30 423/32/30
f 425/22/29 148/31/29 424/22/29
f 148/31/29 425/22/29 149/31/29
f 428/22/34 427/32/30 426/32/34
f 427/32/30 428/22/34 429/22/30
f 430/32/31 419/32/31 421/32/31
f 419/32/31 430/32/31 426/32/31
f 426/32/31 430/32/31 431/32/31
f 427/32/31 419/32/31 426/32/31
f 419/32/31 427/32/31 423/32/31
f 428/22/23 432/22/23 429/22/23
f 432/22/23 428/22/23 424/22/23
f 424/22/23 428/22/23 425/22/23
f 425/22/23 428/22/23 433/22/23
f 433/22/23 428/22/23 434/22/23
f 430/32/28 434/22/32 431/32/32
f 434/22/32 430/32/28 433/22/28
f 431/32/32 428/22/34 426/32/34
f 428/22/34 431/32/32 434/22/32
f 432/22/42 148/31/42 146/31/42
f 148/31/42 432/22/42 424/22/42
f 437/34/29 436/33/73 435/33/72
f 436/33/73 437/34/29 438/34/74
f 441/33/76 440/34/28 439/33/75
f 440/34/28 441/33/76 442/34/77
f 436/33/74 444/31/42 443/31/74
f 444/31/42 436/33/74 445/33/42
f 437/34/29 447/33/79 446/34/78
f 447/33/79 437/34/29 435/33/72
f 448/34/42 441/33/76 445/33/80
f 441/33/76 448/34/42 442/34/77
f 450/34/30 447/33/79 449/33/81
f 447/33/79 450/34/30 446/34/78
f 452/34/83 449/33/81 451/33/82
f 449/33/81 452/34/83 450/34/30
f 454/22/85 437/34/29 453/22/84
f 437/34/29 454/22/85 438/34/74
f 445/33/42 455/31/77 444/31/42
f 455/31/77 445/33/42 441/33/77
f 451/33/83 457/31/30 456/31/83
f 457/31/30 451/33/83 449/33/30
f 458/31/28 451/33/83 456/31/83
f 451/33/83 458/31/28 439/33/28
f 438/34/74 445/33/80 436/33/73
f 445/33/80 438/34/74 448/34/42
f 459/22/86 450/34/30 452/34/83
f 450/34/30 459/22/86 460/22/87
f 461/22/88 437/34/29 446/34/78
f 437/34/29 461/22/88 453/22/84
f 460/22/87 446/34/78 450/34/30
f 446/34/78 460/22/87 461/22/88
f 451/33/82 440/34/28 452/34/83
f 440/34/28 451/33/82 439/33/75
f 462/22/89 442/34/77 448/34/42
f 442/34/77 462/22/89 463/22/90
f 440/34/28 459/22/86 452/34/83
f 459/22/86 440/34/28 464/22/91
f 461/22/23 454/22/23 453/22/23
f 454/22/23 461/22/23 460/22/23
f 454/22/23 460/22/23 462/22/23
f 462/22/23 460/22/23 459/22/23
f 462/22/23 459/22/23 463/22/23
f 463/22/23 459/22/23 464/22/23
f 435/33/29 465/31/78 447/33/78
f 465/31/78 435/33/29 466/31/29
f 449/33/30 465/31/78 457/31/30
f 465/31/78 449/33/30 447/33/78
f 440/34/28 463/22/90 464/22/91
f 463/22/90 440/34/28 442/34/77
f 436/33/74 466/31/29 435/33/29
f 466/31/29 436/33/74 443/31/74
f 454/22/85 448/34/42 438/34/74
f 448/34/42 454/22/85 462/22/89
f 455/31/77 439/33/28 458/31/28
f 439/33/28 455/31/77 441/33/77
f 469/20/30 468/22/30 467/22/30
f 468/22/30 469/20/30 470/20/30
f 473/20/29 472/22/29 471/20/29
f 472/22/29 473/20/29 474/22/29
f 476/20/30 472/22/30 475/22/30
f 472/22/30 476/20/30 471/20/30
f 480/20/1 479/20/1 478/22/1
f 477/22/1 478/22/1 479/20/1
f 481/20/30 486/20/30 482/22/30
f 485/22/30 482/22/30 486/20/30
f 484/22/28 483/20/28 482/22/28
f 481/20/28 482/22/28 483/20/28
f 487/20/1 492/20/1 488/22/1
f 491/22/1 488/22/1 492/20/1
f 490/22/92 489/20/92 488/22/92
f 487/20/92 488/22/92 489/20/92
f 495/35/93 494/36/94 493/35/93
f 494/36/94 495/35/93 496/36/94
f 496/36/94 497/37/95 494/36/94
f 497/37/95 496/36/94 498/37/95
f 501/38/96 500/39/97 499/38/96
f 500/39/97 501/38/96 502/39/97
f 504/32/98 493/35/93 503/32/98
f 493/35/93 504/32/98 495/35/93
f 507/35/99 506/32/100 505/35/99
f 506/32/100 507/35/99 508/32/100
f 511/39/101 510/38/102 509/39/101
f 510/38/102 511/39/101 512/38/102
f 513/37/103 497/37/95 498/37/95
f 497/37/95 513/37/103 514/37/103
f 516/36/104 505/35/99 515/36/104
f 505/35/99 516/36/104 507/35/99
f 515/36/30 497/37/30 514/37/30
f 497/37/30 515/36/30 494/36/30
f 494/36/30 515/36/30 510/38/30
f 510/38/30 515/36/30 505/35/30
f 499/38/30 494/36/30 510/38/30
f 510/38/30 505/35/30 509/39/30
f 494/36/30 499/38/30 493/35/30
f 509/39/30 505/35/30 500/39/30
f 493/35/30 499/38/30 500/39/30
f 493/35/30 500/39/30 505/35/30
f 493/35/30 505/35/30 506/32/30
f 493/35/30 506/32/30 503/32/30
f 510/38/102 501/38/96 499/38/96
f 501/38/96 510/38/102 512/38/102
f 511/39/101 500/39/97 502/39/97
f 500/39/97 511/39/101 509/39/101
f 506/32/100 504/32/98 503/32/98
f 504/32/98 506/32/100 508/32/100
f 513/37/103 515/36/104 514/37/103
f 515/36/104 513/37/103 516/36/104
f 519/21/29 518/20/38 517/21/38
f 518/20/38 519/21/29 520/20/29
f 523/21/30 522/20/35 521/20/30
f 522/20/35 523/21/30 524/21/35
f 517/21/38 522/20/35 524/21/35
f 522/20/35 517/21/38 518/20/38
f 525/20/31 518/20/31 520/20/31
f 518/20/31 525/20/31 522/20/31
f 522/20/31 525/20/31 521/20/31
f 527/21/23 523/21/23 526/21/23
f 523/21/23 527/21/23 524/21/23
f 528/21/23 524/21/23 527/21/23
f 519/21/23 524/21/23 528/21/23
f 524/21/23 519/21/23 517/21/23
f 531/40/96 530/41/97 529/40/96
f 530/41/97 531/40/96 532/41/97
f 533/40/23 531/40/96 529/40/96
f 531/40/96 533/40/23 534/40/102
f 534/40/102 533/40/23 535/40/23
f 534/40/102 535/40/23 536/40/23
f 534/40/102 536/40/23 537/40/23
f 534/40/102 537/40/23 538/40/23
f 534/40/102 538/40/23 539/40/23
f 534/40/102 539/40/23 540/40/102
f 542/41/101 540/40/102 541/41/101
f 540/40/102 542/41/101 534/40/102
f 542/41/101 530/41/97 532/41/97
f 530/41/97 542/41/101 543/41/31
f 543/41/31 542/41/101 544/41/31
f 544/41/31 542/41/101 545/41/31
f 545/41/31 542/41/101 546/41/31
f 546/41/31 542/41/101 547/41/31
f 547/41/31 542/41/101 548/41/31
f 548/41/31 542/41/101 541/41/101
f 540/40/30 549/42/30 541/41/30
f 541/41/30 549/42/30 548/41/30
f 540/40/30 550/20/30 549/42/30
f 550/20/30 540/40/30 551/20/30
f 529/40/30 551/20/30 540/40/30
f 529/40/30 540/40/30 539/40/30
f 551/20/30 529/40/30 552/42/30
f 548/41/30 538/40/30 539/40/30
f 529/40/30 539/40/30 538/40/30
f 538/40/30 548/41/30 547/41/30
f 548/41/30 549/42/30 547/41/30
f 529/40/30 538/40/30 537/40/30
f 547/41/30 549/42/30 546/41/30
f 552/42/30 529/40/30 530/41/30
f 552/42/30 530/41/30 549/42/30
f 543/41/30 549/42/30 530/41/30
f 529/40/30 537/40/30 536/40/30
f 546/41/30 536/40/30 537/40/30
f 529/40/30 536/40/30 535/40/30
f 536/40/30 546/41/30 545/41/30
f 546/41/30 549/42/30 545/41/30
f 529/40/30 535/40/30 533/40/30
f 545/41/30 549/42/30 544/41/30
f 544/41/30 549/42/30 543/41/30
f 544/41/30 533/40/30 535/40/30
f 533/40/30 544/41/30 543/41/30
f 555/21/105 554/35/106 553/21/105
f 554/35/106 555/21/105 556/35/106
f 553/21/23 557/21/23 555/21/23
f 557/21/23 553/21/23 558/21/23
f 561/21/23 560/21/23 559/21/23
f 560/21/23 561/21/23 562/21/23
f 565/20/31 564/20/31 563/20/31
f 564/20/31 565/20/31 151/20/31
f 566/20/31 564/20/31 151/20/31
f 151/20/31 565/20/31 150/20/31
f 150/20/31 565/20/31 567/20/31
f 567/20/31 565/20/31 568/20/31
f 571/32/107 570/32/108 569/32/107
f 570/32/108 571/32/107 572/32/108
f 574/35/109 562/21/110 573/35/109
f 562/21/110 574/35/109 560/21/110
f 556/35/106 572/32/108 554/35/106
f 572/32/108 556/35/106 570/32/108
f 569/32/107 573/35/109 571/32/107
f 573/35/109 569/32/107 574/35/109
f 558/21/24 567/20/24 568/20/24
f 567/20/24 558/21/24 553/21/24
f 567/20/24 553/21/24 575/39/24
f 575/39/24 553/21/24 554/35/24
f 575/39/24 554/35/24 576/39/24
f 573/35/24 576/39/24 554/35/24
f 573/35/24 554/35/24 572/32/24
f 573/35/24 572/32/24 571/32/24
f 562/21/24 576/39/24 573/35/24
f 576/39/24 562/21/24 566/20/24
f 561/21/24 566/20/24 562/21/24
f 566/20/24 561/21/24 564/20/24
f 152/39/31 576/39/31 153/39/31
f 576/39/31 152/39/31 575/39/31
f 151/20/105 576/39/105 566/20/105
f 576/39/105 151/20/105 153/39/105
f 152/39/110 567/20/110 575/39/110
f 567/20/110 152/39/110 150/20/110
f 579/20/112 578/20/111 577/20/111
f 578/20/111 579/20/112 580/20/112
f 582/22/113 578/20/111 581/22/113
f 578/20/111 582/22/113 577/20/111
f 579/20/112 583/22/114 580/20/112
f 583/22/114 579/20/112 584/22/114
f 583/22/114 582/22/113 581/22/113
f 582/22/113 583/22/114 584/22/114
f 583/22/24 578/20/24 580/20/24
f 578/20/24 583/22/24 581/22/24
f 587/37/115 586/32/115 585/37/115
f 586/32/115 587/37/115 588/32/115
f 591/32/74 590/37/77 589/37/74
f 590/37/77 591/32/74 592/32/77
f 585/37/105 591/32/74 589/37/74
f 591/32/74 585/37/105 586/32/105
f 591/32/23 588/32/23 592/32/23
f 588/32/23 591/32/23 586/32/23
f 585/37/31 590/37/31 587/37/31
f 590/37/31 585/37/31 589/37/31
f 588/32/110 590/37/77 592/32/77
f 590/37/77 588/32/110 587/37/110
f 162/35/116 594/36/117 593/35/116
f 594/36/117 162/35/116 163/36/117
f 163/36/117 595/37/118 594/36/117
f 595/37/118 163/36/117 165/37/118
f 598/38/119 597/39/120 596/38/119
f 597/39/120 598/38/119 599/39/120
f 164/32/121 593/35/116 600/32/121
f 593/35/116 164/32/121 162/35/116
f 169/35/122 602/32/123 601/35/122
f 602/32/123 169/35/122 168/32/123
f 605/39/124 604/38/125 603/39/124
f 604/38/125 605/39/124 606/38/125
f 166/37/126 595/37/118 165/37/118
f 595/37/118 166/37/126 607/37/126
f 167/36/127 601/35/122 608/36/127
f 601/35/122 167/36/127 169/35/122
f 608/36/27 595/37/27 607/37/27
f 595/37/27 608/36/27 594/36/27
f 594/36/27 608/36/27 604/38/27
f 604/38/27 608/36/27 601/35/27
f 596/38/27 594/36/27 604/38/27
f 604/38/27 601/35/27 603/39/27
f 594/36/27 596/38/27 593/35/27
f 603/39/27 601/35/27 597/39/27
f 593/35/27 596/38/27 597/39/27
f 593/35/27 597/39/27 601/35/27
f 593/35/27 601/35/27 602/32/27
f 593/35/27 602/32/27 600/32/27
f 604/38/125 598/38/119 596/38/119
f 598/38/119 604/38/125 606/38/125
f 605/39/124 597/39/120 599/39/120
f 597/39/120 605/39/124 603/39/124
f 602/32/123 164/32/121 600/32/121
f 164/32/121 602/32/123 168/32/123
f 166/37/126 608/36/127 607/37/126
f 608/36/127 166/37/126 167/36/127
f 611/20/25 610/21/128 609/20/128
f 610/21/128 611/20/25 612/21/25
f 615/21/26 614/20/129 613/21/129
f 614/20/129 615/21/26 616/20/26
f 619/21/130 618/20/131 617/20/130
f 618/20/131 619/21/130 620/21/131
f 609/20/128 619/21/130 617/20/130
f 619/21/130 609/20/128 610/21/128
f 613/21/129 618/20/131 620/21/131
f 618/20/131 613/21/129 614/20/129
f 611/20/31 622/20/31 621/20/31
f 622/20/31 611/20/31 617/20/31
f 617/20/31 611/20/31 609/20/31
f 618/20/31 622/20/31 617/20/31
f 618/20/31 623/20/31 622/20/31
f 618/20/31 624/20/31 623/20/31
f 614/20/31 624/20/31 618/20/31
f 624/20/31 614/20/31 616/20/31
f 156/21/23 610/21/23 612/21/23
f 154/21/23 610/21/23 156/21/23
f 154/21/23 619/21/23 610/21/23
f 159/21/23 619/21/23 154/21/23
f 619/21/23 159/21/23 620/21/23
f 161/21/23 620/21/23 159/21/23
f 615/21/23 620/21/23 161/21/23
f 620/21/23 615/21/23 613/21/23
f 627/40/119 626/41/120 625/40/119
f 626/41/120 627/40/119 628/41/120
f 629/40/23 627/40/119 625/40/119
f 627/40/119 629/40/23 630/40/125
f 630/40/125 629/40/23 631/40/23
f 630/40/125 631/40/23 632/40/23
f 630/40/125 632/40/23 633/40/23
f 630/40/125 633/40/23 634/40/23
f 630/40/125 634/40/23 635/40/23
f 630/40/125 635/40/23 636/40/125
f 638/41/124 636/40/125 637/41/124
f 636/40/125 638/41/124 630/40/125
f 638/41/124 626/41/120 628/41/120
f 626/41/120 638/41/124 639/41/31
f 639/41/31 638/41/124 640/41/31
f 640/41/31 638/41/124 641/41/31
f 641/41/31 638/41/124 642/41/31
f 642/41/31 638/41/124 643/41/31
f 643/41/31 638/41/124 644/41/31
f 644/41/31 638/41/124 637/41/124
f 636/40/27 645/42/27 637/41/27
f 637/41/27 645/42/27 644/41/27
f 636/40/27 646/20/27 645/42/27
f 646/20/27 636/40/27 647/20/27
f 625/40/27 647/20/27 636/40/27
f 625/40/27 636/40/27 635/40/27
f 647/20/27 625/40/27 648/42/27
f 644/41/27 634/40/27 635/40/27
f 625/40/27 635/40/27 634/40/27
f 634/40/27 644/41/27 643/41/27
f 644/41/27 645/42/27 643/41/27
f 625/40/27 634/40/27 633/40/27
f 643/41/27 645/42/27 642/41/27
f 648/42/27 625/40/27 626/41/27
f 648/42/27 626/41/27 645/42/27
f 639/41/27 645/42/27 626/41/27
f 625/40/27 633/40/27 632/40/27
f 642/41/27 632/40/27 633/40/27
f 625/40/27 632/40/27 631/40/27
f 632/40/27 642/41/27 641/41/27
f 642/41/27 645/42/27 641/41/27
f 625/40/27 631/40/27 629/40/27
f 641/41/27 645/42/27 640/41/27
f 640/41/27 645/42/27 639/41/27
f 640/41/27 629/40/27 631/40/27
f 629/40/27 640/41/27 639/41/27
f 178/35/93 650/36/94 649/35/93
f 650/36/94 178/35/93 179/36/94
f 179/36/94 651/37/95 650/36/94
f 651/37/95 179/36/94 181/37/95
f 654/38/96 653/39/97 652/38/96
f 653/39/97 654/38/96 655/39/97
f 180/32/98 649/35/93 656/32/98
f 649/35/93 180/32/98 178/35/93
f 185/35/99 658/32/100 657/35/99
f 658/32/100 185/35/99 184/32/100
f 661/39/101 660/38/102 659/39/101
f 660/38/102 661/39/101 662/38/102
f 182/37/103 651/37/95 181/37/95
f 651/37/95 182/37/103 663/37/103
f 183/36/104 657/35/99 664/36/104
f 657/35/99 183/36/104 185/35/99
f 664/36/30 651/37/30 663/37/30
f 651/37/30 664/36/30 650/36/30
f 650/36/30 664/36/30 660/38/30
f 660/38/30 664/36/30 657/35/30
f 652/38/30 650/36/30 660/38/30
f 660/38/30 657/35/30 659/39/30
f 650/36/30 652/38/30 649/35/30
f 659/39/30 657/35/30 653/39/30
f 649/35/30 652/38/30 653/39/30
f 649/35/30 653/39/30 657/35/30
f 649/35/30 657/35/30 658/32/30
f 649/35/30 658/32/30 656/32/30
f 660/38/102 654/38/96 652/38/96
f 654/38/96 660/38/102 662/38/102
f 661/39/101 653/39/97 655/39/97
f 653/39/97 661/39/101 659/39/101
f 658/32/100 180/32/98 656/32/98
f 180/32/98 658/32/100 184/32/100
f 182/37/103 664/36/104 663/37/103
f 664/36/104 182/37/103 183/36/104
f 667/20/28 666/21/32 665/20/32
f 666/21/32 667/20/28 668/21/28
f 671/21/29 670/20/38 669/21/38
f 670/20/38 671/21/29 672/20/29
f 675/21/34 674/20/35 673/20/34
f 674/20/35 675/21/34 676/21/35
f 665/20/32 675/21/34 673/20/34
f 675/21/34 665/20/32 666/21/32
f 669/21/38 674/20/35 676/21/35
f 674/20/35 669/21/38 670/20/38
f 667/20/31 678/20/31 677/20/31
f 678/20/31 667/20/31 673/20/31
f 673/20/31 667/20/31 665/20/31
f 674/20/31 678/20/31 673/20/31
f 674/20/31 679/20/31 678/20/31
f 674/20/31 680/20/31 679/20/31
f 670/20/31 680/20/31 674/20/31
f 680/20/31 670/20/31 672/20/31
f 172/21/23 666/21/23 668/21/23
f 170/21/23 666/21/23 172/21/23
f 170/21/23 675/21/23 666/21/23
f 175/21/23 675/21/23 170/21/23
f 675/21/23 175/21/23 676/21/23
f 177/21/23 676/21/23 175/21/23
f 671/21/23 676/21/23 177/21/23
f 676/21/23 671/21/23 669/21/23
f 683/40/96 682/41/97 681/40/96
f 682/41/97 683/40/96 684/41/97
f 685/40/23 683/40/96 681/40/96
f 683/40/96 685/40/23 686/40/102
f 686/40/102 685/40/23 687/40/23
f 686/40/102 687/40/23 688/40/23
f 686/40/102 688/40/23 689/40/23
f 686/40/102 689/40/23 690/40/23
f 686/40/102 690/40/23 691/40/23
f 686/40/102 691/40/23 692/40/102
f 694/41/101 692/40/102 693/41/101
f 692/40/102 694/41/101 686/40/102
f 694/41/101 682/41/97 684/41/97
f 682/41/97 694/41/101 695/41/31
f 695/41/31 694/41/101 696/41/31
f 696/41/31 694/41/101 697/41/31
f 697/41/31 694/41/101 698/41/31
f 698/41/31 694/41/101 699/41/31
f 699/41/31 694/41/101 700/41/31
f 700/41/31 694/41/101 693/41/101
f 692/40/30 701/42/30 693/41/30
f 693/41/30 701/42/30 700/41/30
f 692/40/30 702/20/30 701/42/30
f 702/20/30 692/40/30 703/20/30
f 681/40/30 703/20/30 692/40/30
f 681/40/30 692/40/30 691/40/30
f 703/20/30 681/40/30 704/42/30
f 700/41/30 690/40/30 691/40/30
f 681/40/30 691/40/30 690/40/30
f 690/40/30 700/41/30 699/41/30
f 700/41/30 701/42/30 699/41/30
f 681/40/30 690/40/30 689/40/30
f 699/41/30 701/42/30 698/41/30
f 704/42/30 681/40/30 682/41/30
f 704/42/30 682/41/30 701/42/30
f 695/41/30 701/42/30 682/41/30
f 681/40/30 689/40/30 688/40/30
f 698/41/30 688/40/30 689/40/30
f 681/40/30 688/40/30 687/40/30
f 688/40/30 698/41/30 697/41/30
f 698/41/30 701/42/30 697/41/30
f 681/40/30 687/40/30 685/40/30
f 697/41/30 701/42/30 696/41/30
f 696/41/30 701/42/30 695/41/30
f 696/41/30 685/40/30 687/40/30
f 685/40/30 696/41/30 695/41/30
f 707/37/132 706/32/20 705/32/132
f 706/32/20 707/37/132 708/37/20
f 711/37/133 710/32/2 709/37/2
f 710/32/2 711/37/133 712/32/133
f 708/37/20 713/32/134 706/32/20
f 713/32/134 708/37/20 714/37/134
f 709/37/2 713/32/134 714/37/134
f 713/32/134 709/37/2 710/32/2
f 711/37/133 715/32/8 712/32/133
f 715/32/8 711/37/133 716/37/8
f 716/37/8 717/32/135 715/32/8
f 717/32/135 716/37/8 718/37/135
f 717/32/135 720/37/11 719/32/11
f 720/37/11 717/32/135 718/37/135
f 719/32/11 707/37/132 705/32/132
f 707/37/132 719/32/11 720/37/11
f 712/32/31 713/32/31 710/32/31
f 713/32/31 712/32/31 715/32/31
f 713/32/31 715/32/31 706/32/31
f 706/32/31 715/32/31 717/32/31
f 706/32/31 717/32/31 705/32/31
f 705/32/31 717/32/31 719/32/31
f 723/37/31 722/37/31 721/37/31
f 722/37/31 723/37/31 724/37/31
f 727/32/136 726/32/23 725/32/23
f 726/32/23 727/32/136 728/32/136
f 726/32/8 723/37/8 721/37/8
f 723/37/8 726/32/8 729/43/8
f 729/43/8 726/32/8 728/32/8
f 726/32/2 722/37/2 725/32/2
f 722/37/2 726/32/2 721/37/2
f 730/43/20 722/37/20 724/37/20
f 722/37/20 730/43/20 725/32/20
f 725/32/20 730/43/20 727/32/20
f 723/37/11 730/43/137 724/37/11
f 730/43/137 723/37/11 729/43/137
f 729/43/137 727/32/136 730/43/137
f 727/32/136 729/43/137 728/32/136
f 733/37/139 732/32/138 731/37/138
f 732/32/138 733/37/139 734/32/139
f 732/32/138 735/37/140 731/37/138
f 735/37/140 732/32/138 736/32/140
f 739/32/142 738/37/141 737/32/141
f 738/37/141 739/32/142 740/37/142
f 737/32/141 742/37/143 741/32/143
f 742/37/143 737/32/141 738/37/141
f 743/37/144 734/32/139 733/37/139
f 734/32/139 743/37/144 744/32/144
f 746/32/145 743/37/144 745/37/145
f 743/37/144 746/32/145 744/32/144
f 736/32/140 742/37/143 735/37/140
f 742/37/143 736/32/140 741/32/143
f 739/32/142 745/37/145 740/37/142
f 745/37/145 739/32/142 746/32/145
f 741/32/23 739/32/23 737/32/23
f 739/32/23 741/32/23 736/32/23
f 739/32/23 736/32/23 746/32/23
f 746/32/23 736/32/23 732/32/23
f 746/32/23 732/32/23 744/32/23
f 744/32/23 732/32/23 734/32/23
f 740/37/31 742/37/31 738/37/31
f 742/37/31 740/37/31 745/37/31
f 742/37/31 745/37/31 735/37/31
f 735/37/31 745/37/31 743/37/31
f 735/37/31 743/37/31 731/37/31
f 731/37/31 743/37/31 733/37/31
f 749/37/139 748/32/138 747/37/138
f 748/32/138 749/37/139 750/32/139
f 748/32/138 751/37/140 747/37/138
f 751/37/140 748/32/138 752/32/140
f 755/32/142 754/37/141 753/32/141
f 754/37/141 755/32/142 756/37/142
f 753/32/141 758/37/143 757/32/143
f 758/37/143 753/32/141 754/37/141
f 759/37/144 750/32/139 749/37/139
f 750/32/139 759/37/144 760/32/144
f 762/32/145 759/37/144 761/37/145
f 759/37/144 762/32/145 760/32/144
f 752/32/140 758/37/143 751/37/140
f 758/37/143 752/32/140 757/32/143
f 755/32/142 761/37/145 756/37/142
f 761/37/145 755/32/142 762/32/145
f 757/32/23 755/32/23 753/32/23
f 755/32/23 757/32/23 752/32/23
f 755/32/23 752/32/23 762/32/23
f 762/32/23 752/32/23 748/32/23
f 762/32/23 748/32/23 760/32/23
f 760/32/23 748/32/23 750/32/23
f 756/37/31 758/37/31 754/37/31
f 758/37/31 756/37/31 761/37/31
f 758/37/31 761/37/31 751/37/31
f 751/37/31 761/37/31 759/37/31
f 751/37/31 759/37/31 747/37/31
f 747/37/31 759/37/31 749/37/31
f 801/37/25 802/32/25 804/37/148
f 806/32/148 804/37/148 802/32/25
f 803/37/31 799/37/31 804/37/31
f 801/37/31 804/37/31 799/37/31
f 800/32/23 805/32/23 802/32/23
f 806/32/23 802/32/23 805/32/23
f 800/32/26 799/37/26 805/32/147
f 803/37/147 805/32/147 799/37/26
f 806/32/148 805/32/147 804/37/148
f 803/37/147 804/37/148 805/32/147
f 802/32/146 801/37/146 800/32/146
f 799/37/146 800/32/146 801/37/146
f 780/20/31 781/20/31 782/20/31
f 782/20/31 781/20/31 768/20/31
f 768/20/31 781/20/31 770/20/31
f 770/20/31 781/20/31 765/20/31
f 765/20/31 792/20/31 763/20/31
f 765/20/31 781/20/31 792/20/31
f 792/20/31 781/20/31 794/20/31
f 796/20/31 794/20/31 781/20/31
f 793/21/23 795/21/23 791/21/23
f 798/21/23 791/21/23 795/21/23
f 797/21/23 791/21/23 798/21/23
f 791/21/23 797/21/23 784/21/23
f 786/21/23 784/21/23 797/21/23
f 794/20/128 793/21/128 792/20/130
f 791/21/130 792/20/130 793/21/128
f 796/20/25 795/21/25 794/20/128
f 793/21/128 794/20/128 795/21/25
f 792/20/130 791/21/130 763/20/27
f 784/21/27 763/20/27 791/21/130
f 763/20/27 784/21/27 764/39/27
f 783/35/27 764/39/27 784/21/27
f 787/32/27 789/32/27 783/35/27
f 789/32/27 778/35/27 783/35/27
f 778/35/27 764/39/27 783/35/27
f 764/39/27 778/35/27 767/39/27
f 778/35/27 771/21/27 767/39/27
f 767/39/27 771/21/27 768/20/27
f 771/21/27 773/21/131 768/20/27
f 782/20/131 768/20/27 773/21/131
f 790/32/121 779/35/116 789/32/121
f 778/35/116 789/32/121 779/35/116
f 785/35/122 788/32/123 783/35/122
f 787/32/123 783/35/122 788/32/123
f 790/32/121 789/32/121 788/32/123
f 787/32/123 788/32/123 789/32/121
f 786/21/25 785/35/122 784/21/25
f 783/35/122 784/21/25 785/35/122
f 777/21/129 780/20/129 773/21/131
f 782/20/131 773/21/131 780/20/129
f 776/21/26 781/20/26 777/21/129
f 780/20/129 777/21/129 781/20/26
f 779/35/116 772/21/26 778/35/116
f 771/21/26 778/35/116 772/21/26
f 777/21/23 773/21/23 776/21/23
f 776/21/23 773/21/23 775/21/23
f 775/21/23 773/21/23 774/21/23
f 774/21/23 773/21/23 772/21/23
f 771/21/23 772/21/23 773/21/23
f 767/39/31 769/39/31 764/39/31
f 766/39/31 764/39/31 769/39/31
f 770/20/25 769/39/25 768/20/25
f 767/39/25 768/20/25 769/39/25
f 766/39/26 765/20/26 764/39/26
f 763/20/26 764/39/26 765/20/26
f 231/44/31 233/44/31 229/44/31
f 233/44/31 231/44/31 238/44/31
f 233/44/31 238/44/31 236/44/31
f 233/44/31 236/44/31 232/44/31
f 232/44/31 236/44/31 243/44/31
f 232/44/31 243/44/31 242/44/31
f 809/46/2 255/45/2 807/46/2
f 254/45/2 807/46/2 255/45/2
f 808/46/20 807/46/20 253/45/20
f 254/45/20 253/45/20 807/46/20
f 275/44/31 277/44/31 273/44/31
f 277/44/31 275/44/31 282/44/31
f 277/44/31 282/44/31 280/44/31
f 277/44/31 280/44/31 276/44/31
f 276/44/31 280/44/31 287/44/31
f 276/44/31 287/44/31 286/44/31
f 812/46/2 299/45/2 810/46/2
f 298/45/2 810/46/2 299/45/2
f 811/46/20 810/46/20 297/45/20
f 298/45/20 297/45/20 810/46/20
f 815/46/23 814/46/23 813/46/23
f 814/46/23 815/46/23 816/46/23
f 819/46/64 353/45/64 817/46/64
f 352/45/64 817/46/64 353/45/64
f 818/46/18 817/46/18 351/45/18
f 352/45/18 351/45/18 817/46/18
f 821/46/29 527/45/29 820/46/29
f 527/45/29 821/46/29 528/45/29
f 820/46/30 496/48/30 495/47/30
f 820/46/30 495/47/30 504/49/30
f 527/45/30 496/48/30 820/46/30
f 496/48/30 527/45/30 498/50/30
f 498/50/30 527/45/30 513/50/30
f 526/45/30 513/50/30 527/45/30
f 513/50/30 526/45/30 516/48/30
f 820/46/30 504/49/30 822/46/30
f 516/48/30 526/45/30 822/46/30
f 508/49/30 822/46/30 504/49/30
f 516/48/30 822/46/30 507/47/30
f 507/47/30 822/46/30 508/49/30
f 823/46/24 555/45/24 557/45/24
f 555/45/24 823/46/24 556/47/24
f 556/47/24 823/46/24 824/49/24
f 570/49/24 556/47/24 824/49/24
f 824/49/24 823/46/24 570/49/24
f 570/49/24 823/46/24 569/49/24
f 569/49/24 823/46/24 825/49/24
f 826/46/24 825/49/24 823/46/24
f 825/49/24 574/47/24 569/49/24
f 826/46/24 574/47/24 825/49/24
f 559/45/24 574/47/24 826/46/24
f 574/47/24 559/45/24 560/45/24
f 798/45/25 830/46/25 797/45/25
f 829/46/25 797/45/25 830/46/25
f 786/45/27 797/45/27 785/47/27
f 829/46/27 785/47/27 797/45/27
f 788/49/27 785/47/27 829/46/27
f 827/46/27 788/49/27 829/46/27
f 788/49/27 827/46/27 790/49/27
f 790/49/27 827/46/27 779/47/27
f 779/47/27 827/46/27 772/45/27
f 774/45/27 772/45/27 827/46/27
f 828/46/26 775/45/26 827/46/26
f 774/45/26 827/46/26 775/45/26

usemtl colormap-specular

f 542/52/30 531/51/30 534/51/30
f 531/51/30 542/52/30 532/52/30
f 638/52/27 627/51/27 630/51/27
f 627/51/27 638/52/27 628/52/27
f 694/52/30 683/51/30 686/51/30
f 683/51/30 694/52/30 684/52/30

