# Created by Kenney (www.kenney.nl)

mtllib building-e.mtl

g building-e

v -0.1782061 2.707168E-16 -0.376 1 1 1
v -0.1782061 0.18 -0.376 1 1 1
v -0.1782061 2.707168E-16 -0.216 1 1 1
v -0.1782061 0.18 -0.216 1 1 1
v -0.1982061 2.707168E-16 -0.396 1 1 1
v -0.3582061 2.707168E-16 -0.396 1 1 1
v -0.1982061 0.18 -0.396 1 1 1
v -0.3582061 0.18 -0.396 1 1 1
v -0.3582061 2.707168E-16 -0.196 1 1 1
v -0.1982061 2.707168E-16 -0.196 1 1 1
v -0.3582061 0.18 -0.196 1 1 1
v -0.1982061 0.18 -0.196 1 1 1
v -0.3782061 0.18 -0.376 1 1 1
v -0.3782061 2.707168E-16 -0.376 1 1 1
v -0.3782061 0.18 -0.216 1 1 1
v -0.3782061 2.707168E-16 -0.216 1 1 1
v 0.02179404 2.707168E-16 0.4739999 1 1 1
v 0.02179404 2.707168E-16 0.07399993 1 1 1
v -0.378206 2.707168E-16 0.4739999 1 1 1
v -0.378206 2.707168E-16 0.07399993 1 1 1
v -0.6269137 0.65 0.07400008 1 1 1
v -0.6269137 0.725 0.07400008 1 1 1
v -0.6269137 0.65 -0.0009999275 1 1 1
v -0.6269137 0.725 -0.0009999275 1 1 1
v -0.6269137 0.5 -0.0009999275 1 1 1
v -0.6269137 0.70625 -0.05724993 1 1 1
v -0.6269137 0.5 -0.07599993 1 1 1
v -0.6269137 0.65 -0.07599993 1 1 1
v -0.7019137 0.65 -0.07599993 1 1 1
v -0.7019137 0.70625 -0.05724993 1 1 1
v -0.7019137 0.65 0.07400008 1 1 1
v -0.7019137 0.65 -0.0009999275 1 1 1
v -0.7019137 0.5 -0.07599993 1 1 1
v -0.7019137 0.5 -0.0009999275 1 1 1
v -0.7019137 0.725 -0.0009999275 1 1 1
v -0.7019137 0.725 0.07400008 1 1 1
v -0.5144137 0.65 0.07400008 1 1 1
v -0.5144137 0.725 0.07400008 1 1 1
v -0.5144137 0.65 -0.0009999275 1 1 1
v -0.5144137 0.725 -0.0009999275 1 1 1
v -0.5144137 0.5 -0.0009999275 1 1 1
v -0.5144137 0.70625 -0.05724993 1 1 1
v -0.5144137 0.5 -0.07599993 1 1 1
v -0.5144137 0.65 -0.07599993 1 1 1
v -0.5894138 0.65 -0.07599993 1 1 1
v -0.5894138 0.70625 -0.05724993 1 1 1
v -0.5894138 0.65 0.07400008 1 1 1
v -0.5894138 0.65 -0.0009999275 1 1 1
v -0.5894138 0.5 -0.07599993 1 1 1
v -0.5894138 0.5 -0.0009999275 1 1 1
v -0.5894138 0.725 -0.0009999275 1 1 1
v -0.5894138 0.725 0.07400008 1 1 1
v 0.201794 0.55 0.2739999 1 1 1
v 0.201794 0.55 -0.1260001 1 1 1
v 0.2217939 0.55 0.2939999 1 1 1
v 0.2217939 0.55 -0.1460001 1 1 1
v 0.2217939 0.55 0.2739999 1 1 1
v 0.6217939 0.55 0.2939999 1 1 1
v 0.2217939 0.55 -0.1260001 1 1 1
v 0.6217939 0.55 0.2739999 1 1 1
v 0.6217939 0.55 -0.1260001 1 1 1
v 0.6217939 0.55 -0.1460001 1 1 1
v 0.6417939 0.55 -0.1260001 1 1 1
v 0.6417939 0.55 0.2739999 1 1 1
v 0.6417939 0.5 0.2739999 1 1 1
v 0.6417939 0.5 -0.1260001 1 1 1
v 0.6217939 0.5 0.2939999 1 1 1
v 0.2217939 0.5 0.2939999 1 1 1
v 0.6217939 0.5 -0.1460001 1 1 1
v 0.2217939 0.5 -0.1460001 1 1 1
v 0.201794 0.5 0.2739999 1 1 1
v 0.201794 0.5 -0.1260001 1 1 1
v 0.2605996 0.6097014 0.2339999 1 1 1
v 0.5829883 0.6902986 0.2339999 1 1 1
v 0.2557489 0.6291043 0.2339999 1 1 1
v 0.5781375 0.7097014 0.2339999 1 1 1
v 0.2605996 0.6097014 -0.08600011 1 1 1
v 0.2557489 0.6291043 -0.08600011 1 1 1
v 0.5829883 0.6902986 -0.08600011 1 1 1
v 0.5781375 0.7097014 -0.08600011 1 1 1
v 0.2363461 0.6242536 0.2339999 1 1 1
v 0.2411968 0.6048507 0.2339999 1 1 1
v 0.2363461 0.6242536 -0.08600011 1 1 1
v 0.2411968 0.6048507 -0.08600011 1 1 1
v 0.2605996 0.6097014 0.2539999 1 1 1
v 0.2557489 0.6291043 0.2539999 1 1 1
v 0.5829883 0.6902986 0.2539999 1 1 1
v 0.5781375 0.7097014 0.2539999 1 1 1
v 0.5975404 0.7145522 0.2339999 1 1 1
v 0.5975404 0.7145522 -0.08600011 1 1 1
v 0.6023911 0.6951493 0.2339999 1 1 1
v 0.6023911 0.6951493 -0.08600011 1 1 1
v 0.2605996 0.6097014 -0.1060001 1 1 1
v 0.5829883 0.6902986 -0.1060001 1 1 1
v 0.2557489 0.6291043 -0.1060001 1 1 1
v 0.5781375 0.7097014 -0.1060001 1 1 1
v 0.02179404 2.707168E-16 -0.3459999 1 1 1
v -0.378206 2.707168E-16 -0.3459999 1 1 1
v 0.02179404 2.707168E-16 0.07400008 1 1 1
v -0.378206 2.707168E-16 0.07400008 1 1 1
v -0.378206 0.05 -0.3459999 1 1 1
v 0.02179404 0.05 -0.3459999 1 1 1
v 0.02179404 0.05 -0.3259999 1 1 1
v -0.378206 0.05 -0.3259999 1 1 1
v -0.728206 0.9 0.674 1 1 1
v -0.728206 0.975 0.674 1 1 1
v -0.6842721 0.9 0.780066 1 1 1
v -0.6842721 0.975 0.780066 1 1 1
v -0.6842721 0.9 0.567934 1 1 1
v -0.6842721 0.975 0.567934 1 1 1
v -0.5782061 0.9 0.524 1 1 1
v -0.5782061 0.975 0.524 1 1 1
v -0.47214 0.9 0.567934 1 1 1
v -0.47214 0.975 0.567934 1 1 1
v -0.4282061 0.975 0.674 1 1 1
v -0.4282061 0.9 0.674 1 1 1
v -0.47214 0.975 0.780066 1 1 1
v -0.47214 0.9 0.780066 1 1 1
v -0.5782061 0.9 0.824 1 1 1
v -0.5782061 0.975 0.824 1 1 1
v -0.4957864 1.65 0.5915804 1 1 1
v -0.4957864 1.575 0.5915804 1 1 1
v -0.4616471 1.65 0.674 1 1 1
v -0.4616471 1.575 0.674 1 1 1
v -0.5782061 1.575 0.5574411 1 1 1
v -0.5782061 1.65 0.5574411 1 1 1
v -0.6606257 1.575 0.5915804 1 1 1
v -0.6606257 1.65 0.5915804 1 1 1
v -0.694765 1.575 0.674 1 1 1
v -0.694765 1.65 0.674 1 1 1
v -0.6606257 1.575 0.7564197 1 1 1
v -0.6606257 1.65 0.7564197 1 1 1
v -0.5782061 1.575 0.790559 1 1 1
v -0.5782061 1.65 0.790559 1 1 1
v -0.4957864 1.575 0.7564197 1 1 1
v -0.4957864 1.65 0.7564197 1 1 1
v -0.5782061 1.575 0.5736769 1 1 1
v -0.5072669 1.575 0.6030609 1 1 1
v -0.6491452 1.575 0.6030609 1 1 1
v -0.477883 1.575 0.674 1 1 1
v -0.5072669 1.575 0.7449391 1 1 1
v -0.5782061 1.575 0.7743231 1 1 1
v -0.6785291 1.575 0.674 1 1 1
v -0.6491452 1.575 0.7449391 1 1 1
v -0.5782061 1.65 0.7580872 1 1 1
v -0.5187474 1.65 0.7334586 1 1 1
v -0.6376647 1.65 0.7334586 1 1 1
v -0.4941189 1.65 0.674 1 1 1
v -0.5187474 1.65 0.6145414 1 1 1
v -0.5782061 1.65 0.5899128 1 1 1
v -0.6622933 1.65 0.674 1 1 1
v -0.6376647 1.65 0.6145414 1 1 1
v -0.5782061 0.975 0.8077642 1 1 1
v -0.4836206 0.975 0.7685856 1 1 1
v -0.6727916 0.975 0.7685856 1 1 1
v -0.4444419 0.975 0.674 1 1 1
v -0.4836206 0.975 0.5794145 1 1 1
v -0.5782061 0.975 0.5402359 1 1 1
v -0.7119702 0.975 0.674 1 1 1
v -0.6727916 0.975 0.5794145 1 1 1
v -0.2531768 0.9 0.1977057 1 1 1
v -0.2531768 0.94 0.1977057 1 1 1
v -0.2531768 0.9 0.3577057 1 1 1
v -0.2531768 0.94 0.3577057 1 1 1
v -0.2331768 0.9 0.1777057 1 1 1
v -0.07317679 0.9 0.1777057 1 1 1
v -0.2331768 0.94 0.1777057 1 1 1
v -0.07317679 0.94 0.1777057 1 1 1
v -0.07317679 0.9 0.3777057 1 1 1
v -0.2331768 0.9 0.3777057 1 1 1
v -0.07317679 0.94 0.3777057 1 1 1
v -0.2331768 0.94 0.3777057 1 1 1
v -0.05317678 0.94 0.1977057 1 1 1
v -0.05317678 0.9 0.1977057 1 1 1
v -0.05317678 0.94 0.3577057 1 1 1
v -0.05317678 0.9 0.3577057 1 1 1
v 0.04179402 0.5 0.8740001 1 1 1
v 0.04179408 0.5 0.474 1 1 1
v 0.04179402 0.55 0.8740001 1 1 1
v 0.04179408 0.55 0.474 1 1 1
v 0.02179402 0.5 0.8940001 1 1 1
v 0.02179402 0.55 0.8940001 1 1 1
v -0.378206 0.5 0.894 1 1 1
v -0.378206 0.55 0.894 1 1 1
v -0.378206 0.5 0.474 1 1 1
v 0.02179408 0.55 0.474 1 1 1
v 0.02179402 0.55 0.8740001 1 1 1
v -0.378206 0.55 0.874 1 1 1
v -0.7782061 0.5 0.894 1 1 1
v -0.3782061 0.5 0.894 1 1 1
v -0.7782061 0.55 0.894 1 1 1
v -0.3782061 0.55 0.894 1 1 1
v -0.798206 0.5 0.874 1 1 1
v -0.798206 0.55 0.874 1 1 1
v -0.798206 0.5 0.474 1 1 1
v -0.798206 0.55 0.474 1 1 1
v -0.3782061 0.5 0.474 1 1 1
v -0.3782061 0.55 0.874 1 1 1
v -0.7782061 0.55 0.874 1 1 1
v -0.7782061 0.55 0.474 1 1 1
v 0.04179402 3.609557E-16 0.8740001 1 1 1
v 0.04179408 3.609557E-16 0.474 1 1 1
v 0.04179402 0.05 0.8740001 1 1 1
v 0.04179408 0.05 0.474 1 1 1
v 0.02179402 3.609557E-16 0.8940001 1 1 1
v 0.02179402 0.05 0.8940001 1 1 1
v -0.378206 3.609557E-16 0.894 1 1 1
v -0.378206 0.05 0.894 1 1 1
v -0.378206 3.609557E-16 0.474 1 1 1
v 0.02179408 0.05 0.474 1 1 1
v 0.02179402 0.05 0.8740001 1 1 1
v -0.378206 0.05 0.874 1 1 1
v -0.328206 0.9 0.674 1 1 1
v -0.328206 0.975 0.674 1 1 1
v -0.284272 0.9 0.780066 1 1 1
v -0.284272 0.975 0.780066 1 1 1
v -0.284272 0.9 0.567934 1 1 1
v -0.284272 0.975 0.567934 1 1 1
v -0.178206 0.9 0.524 1 1 1
v -0.178206 0.975 0.524 1 1 1
v -0.07213995 0.9 0.567934 1 1 1
v -0.07213995 0.975 0.567934 1 1 1
v -0.02820596 0.975 0.674 1 1 1
v -0.02820596 0.9 0.674 1 1 1
v -0.07213995 0.975 0.780066 1 1 1
v -0.07213995 0.9 0.780066 1 1 1
v -0.178206 0.9 0.824 1 1 1
v -0.178206 0.975 0.824 1 1 1
v -0.09578633 1.65 0.5915804 1 1 1
v -0.09578633 1.575 0.5915804 1 1 1
v -0.061647 1.65 0.674 1 1 1
v -0.061647 1.575 0.674 1 1 1
v -0.178206 1.575 0.5574411 1 1 1
v -0.178206 1.65 0.5574411 1 1 1
v -0.2606256 1.575 0.5915804 1 1 1
v -0.2606256 1.65 0.5915804 1 1 1
v -0.2947649 1.575 0.674 1 1 1
v -0.2947649 1.65 0.674 1 1 1
v -0.2606256 1.575 0.7564197 1 1 1
v -0.2606256 1.65 0.7564197 1 1 1
v -0.178206 1.575 0.790559 1 1 1
v -0.178206 1.65 0.790559 1 1 1
v -0.09578633 1.575 0.7564197 1 1 1
v -0.09578633 1.65 0.7564197 1 1 1
v -0.178206 1.575 0.5736769 1 1 1
v -0.1072668 1.575 0.6030609 1 1 1
v -0.2491451 1.575 0.6030609 1 1 1
v -0.07788288 1.575 0.674 1 1 1
v -0.1072668 1.575 0.7449391 1 1 1
v -0.178206 1.575 0.7743231 1 1 1
v -0.278529 1.575 0.674 1 1 1
v -0.2491451 1.575 0.7449391 1 1 1
v -0.178206 1.65 0.7580872 1 1 1
v -0.1187473 1.65 0.7334586 1 1 1
v -0.2376646 1.65 0.7334586 1 1 1
v -0.09411877 1.65 0.674 1 1 1
v -0.1187473 1.65 0.6145414 1 1 1
v -0.178206 1.65 0.5899128 1 1 1
v -0.2622932 1.65 0.674 1 1 1
v -0.2376646 1.65 0.6145414 1 1 1
v -0.178206 0.975 0.8077642 1 1 1
v -0.08362046 0.975 0.7685856 1 1 1
v -0.2727915 0.975 0.7685856 1 1 1
v -0.04444185 0.975 0.674 1 1 1
v -0.08362046 0.975 0.5794145 1 1 1
v -0.178206 0.975 0.5402359 1 1 1
v -0.3119701 0.975 0.674 1 1 1
v -0.2727915 0.975 0.5794145 1 1 1
v -0.7982061 2.707168E-16 0.07399993 1 1 1
v -0.798206 2.707168E-16 0.474 1 1 1
v -0.3782061 2.707168E-16 0.07399987 1 1 1
v -0.378206 2.707168E-16 0.4739999 1 1 1
v -0.798206 0.05 0.474 1 1 1
v -0.7982061 0.05 0.07399993 1 1 1
v -0.7782061 0.05 0.07399993 1 1 1
v -0.7782061 0.05 0.474 1 1 1
v 0.841794 3.158362E-16 0.474 1 1 1
v 0.841794 3.158362E-16 0.07399993 1 1 1
v 0.841794 0.05 0.474 1 1 1
v 0.841794 0.05 0.07399993 1 1 1
v 0.821794 3.158362E-16 0.494 1 1 1
v 0.821794 0.05 0.494 1 1 1
v 0.4217939 3.158362E-16 0.4939999 1 1 1
v 0.4217939 0.05 0.4939999 1 1 1
v 0.421794 3.158362E-16 0.07399987 1 1 1
v 0.821794 0.05 0.07399993 1 1 1
v 0.821794 0.05 0.474 1 1 1
v 0.4217939 0.05 0.4739999 1 1 1
v -0.7782061 0.5 -0.3259999 1 1 1
v -0.7782061 0.53 -0.3259999 1 1 1
v -0.7782061 0.5 0.07400008 1 1 1
v -0.7782061 0.53 0.07400008 1 1 1
v -0.3782061 0.5 -0.3259999 1 1 1
v -0.3782061 0.53 -0.3259999 1 1 1
v -0.728206 0.58 -0.2759999 1 1 1
v -0.728206 0.5 -0.2759999 1 1 1
v -0.728206 0.58 0.07400008 1 1 1
v -0.728206 0.5 0.07400008 1 1 1
v -0.7782061 0.53 -0.3459999 1 1 1
v -0.3782061 0.53 -0.3459999 1 1 1
v -0.7782061 0.58 -0.3459999 1 1 1
v -0.3782061 0.58 -0.3459999 1 1 1
v -0.798206 0.53 0.07400008 1 1 1
v -0.798206 0.53 -0.3259999 1 1 1
v -0.3782061 0.58 -0.2759999 1 1 1
v -0.798206 0.58 0.07400008 1 1 1
v -0.798206 0.58 -0.3259999 1 1 1
v -0.3782061 0.5 -0.2759999 1 1 1
v 0.02179389 0.53 -0.326 1 1 1
v 0.4217939 0.53 -0.3259999 1 1 1
v 0.02179389 0.53 -0.346 1 1 1
v 0.4217939 0.53 -0.3459999 1 1 1
v 0.4217939 0.5 -0.3259999 1 1 1
v 0.02179389 0.5 -0.326 1 1 1
v 0.4217939 0.58 -0.2759999 1 1 1
v 0.4217939 0.5 -0.2759999 1 1 1
v 0.02179387 0.58 -0.276 1 1 1
v 0.02179387 0.5 -0.276 1 1 1
v 0.02179389 0.58 -0.346 1 1 1
v 0.4217939 0.58 -0.3459999 1 1 1
v -0.378206 0.53 -0.326 1 1 1
v 0.0217941 0.53 -0.3259999 1 1 1
v -0.378206 0.53 -0.346 1 1 1
v 0.0217941 0.53 -0.3459999 1 1 1
v 0.0217941 0.5 -0.3259999 1 1 1
v -0.378206 0.5 -0.326 1 1 1
v 0.02179408 0.58 -0.2759999 1 1 1
v 0.02179408 0.5 -0.2759999 1 1 1
v -0.378206 0.58 -0.276 1 1 1
v -0.378206 0.5 -0.276 1 1 1
v -0.378206 0.58 -0.346 1 1 1
v 0.0217941 0.58 -0.3459999 1 1 1
v 0.821794 0.5 -0.3259999 1 1 1
v 0.821794 0.53 -0.3259999 1 1 1
v 0.421794 0.5 -0.326 1 1 1
v 0.421794 0.53 -0.326 1 1 1
v 0.821794 0.5 0.07400014 1 1 1
v 0.821794 0.53 0.07400014 1 1 1
v 0.771794 0.58 -0.2759999 1 1 1
v 0.771794 0.5 -0.2759999 1 1 1
v 0.421794 0.58 -0.276 1 1 1
v 0.421794 0.5 -0.276 1 1 1
v 0.841794 0.53 -0.3259999 1 1 1
v 0.841794 0.53 0.07400014 1 1 1
v 0.841794 0.58 -0.3259999 1 1 1
v 0.841794 0.58 0.07400014 1 1 1
v 0.421794 0.53 -0.346 1 1 1
v 0.821794 0.53 -0.3459999 1 1 1
v 0.771794 0.58 0.07400012 1 1 1
v 0.421794 0.58 -0.346 1 1 1
v 0.821794 0.58 -0.3459999 1 1 1
v 0.771794 0.5 0.07400012 1 1 1
v 0.02179383 0.53 0.4739999 1 1 1
v 0.4217939 0.53 0.474 1 1 1
v 0.02179383 0.53 0.4939999 1 1 1
v 0.4217939 0.53 0.494 1 1 1
v 0.4217939 0.5 0.474 1 1 1
v 0.02179383 0.5 0.4739999 1 1 1
v 0.4217939 0.58 0.424 1 1 1
v 0.4217939 0.5 0.424 1 1 1
v 0.02179384 0.58 0.4239999 1 1 1
v 0.02179384 0.5 0.4239999 1 1 1
v 0.02179383 0.58 0.4939999 1 1 1
v 0.4217939 0.58 0.494 1 1 1
v 0.821794 0.5 0.474 1 1 1
v 0.821794 0.53 0.474 1 1 1
v 0.4217939 0.5 0.4739999 1 1 1
v 0.4217939 0.53 0.4739999 1 1 1
v 0.821794 0.5 0.07399993 1 1 1
v 0.821794 0.53 0.07399993 1 1 1
v 0.771794 0.58 0.424 1 1 1
v 0.771794 0.5 0.424 1 1 1
v 0.4217939 0.58 0.4239999 1 1 1
v 0.4217939 0.5 0.4239999 1 1 1
v 0.841794 0.53 0.474 1 1 1
v 0.841794 0.53 0.07399993 1 1 1
v 0.841794 0.58 0.474 1 1 1
v 0.841794 0.58 0.07399993 1 1 1
v 0.4217939 0.53 0.4939999 1 1 1
v 0.821794 0.53 0.494 1 1 1
v 0.771794 0.58 0.07399991 1 1 1
v 0.4217939 0.58 0.4939999 1 1 1
v 0.821794 0.58 0.494 1 1 1
v 0.771794 0.5 0.07399991 1 1 1
v -0.7782061 0.9 0.8740001 1 1 1
v -0.7782061 0.9299999 0.8740001 1 1 1
v -0.378206 0.9 0.874 1 1 1
v -0.378206 0.9299999 0.874 1 1 1
v -0.7782061 0.9 0.474 1 1 1
v -0.7782061 0.9299999 0.474 1 1 1
v -0.728206 0.98 0.8240001 1 1 1
v -0.728206 0.9 0.8240001 1 1 1
v -0.378206 0.98 0.824 1 1 1
v -0.378206 0.9 0.824 1 1 1
v -0.798206 0.9299999 0.8740001 1 1 1
v -0.7982061 0.9299999 0.474 1 1 1
v -0.798206 0.98 0.8740001 1 1 1
v -0.7982061 0.98 0.474 1 1 1
v -0.378206 0.9299999 0.894 1 1 1
v -0.7782061 0.9299999 0.8940001 1 1 1
v -0.7282061 0.98 0.474 1 1 1
v -0.378206 0.98 0.894 1 1 1
v -0.7782061 0.98 0.8940001 1 1 1
v -0.7282061 0.9 0.474 1 1 1
v -0.7782061 0.9 0.07399994 1 1 1
v -0.7782061 0.9299999 0.07399994 1 1 1
v -0.7782061 0.9 0.4739999 1 1 1
v -0.7782061 0.9299999 0.4739999 1 1 1
v -0.3782061 0.9 0.07399994 1 1 1
v -0.3782061 0.9299999 0.07399994 1 1 1
v -0.728206 0.98 0.1239999 1 1 1
v -0.728206 0.9 0.1239999 1 1 1
v -0.728206 0.98 0.4739999 1 1 1
v -0.728206 0.9 0.4739999 1 1 1
v -0.7782061 0.9299999 0.05399995 1 1 1
v -0.3782061 0.9299999 0.05399995 1 1 1
v -0.7782061 0.98 0.05399995 1 1 1
v -0.3782061 0.98 0.05399995 1 1 1
v -0.798206 0.9299999 0.4739999 1 1 1
v -0.798206 0.9299999 0.07399994 1 1 1
v -0.3782061 0.98 0.1239999 1 1 1
v -0.798206 0.98 0.4739999 1 1 1
v -0.798206 0.98 0.07399994 1 1 1
v -0.3782061 0.9 0.1239999 1 1 1
v 0.02179402 0.9 0.874 1 1 1
v 0.02179402 0.9299999 0.874 1 1 1
v 0.02179402 0.9 0.474 1 1 1
v 0.02179402 0.9299999 0.474 1 1 1
v -0.378206 0.9 0.874 1 1 1
v -0.378206 0.9299999 0.874 1 1 1
v -0.02820598 0.98 0.824 1 1 1
v -0.02820598 0.9 0.824 1 1 1
v -0.02820598 0.98 0.474 1 1 1
v -0.02820598 0.9 0.474 1 1 1
v 0.02179402 0.9299999 0.894 1 1 1
v -0.378206 0.9299999 0.894 1 1 1
v 0.02179402 0.98 0.894 1 1 1
v -0.378206 0.98 0.894 1 1 1
v 0.04179402 0.9299999 0.474 1 1 1
v 0.04179402 0.9299999 0.874 1 1 1
v -0.378206 0.98 0.824 1 1 1
v 0.04179402 0.98 0.474 1 1 1
v 0.04179402 0.98 0.874 1 1 1
v -0.378206 0.9 0.824 1 1 1
v 0.7590036 0.559 -0.1930161 1 1 1
v 0.7503633 0.559 -0.1721564 1 1 1
v 0.7737536 0.5885 -0.1930161 1 1 1
v 0.7607931 0.5885 -0.1617266 1 1 1
v 0.7000036 0.559 -0.1930161 1 1 1
v 0.6852536 0.5885 -0.1930161 1 1 1
v 0.708644 0.559 -0.1721564 1 1 1
v 0.6982142 0.5885 -0.1617266 1 1 1
v 0.7503633 0.5 -0.1721564 1 1 1
v 0.7295036 0.5 -0.163516 1 1 1
v 0.7295036 0.559 -0.163516 1 1 1
v 0.7607931 0.5885 -0.2243055 1 1 1
v 0.7503633 0.559 -0.2138757 1 1 1
v 0.7295036 0.5885 -0.1487661 1 1 1
v 0.7295036 0.559 -0.2225161 1 1 1
v 0.7295036 0.5885 -0.237266 1 1 1
v 0.708644 0.559 -0.2138757 1 1 1
v 0.6982142 0.5885 -0.2243055 1 1 1
v 0.7590036 0.618 -0.1930161 1 1 1
v 0.7503633 0.618 -0.1721564 1 1 1
v 0.708644 0.5 -0.1721564 1 1 1
v 0.708644 0.5 -0.2138757 1 1 1
v 0.7295036 0.5 -0.2225161 1 1 1
v 0.7000036 0.5 -0.1930161 1 1 1
v 0.708644 0.618 -0.2138757 1 1 1
v 0.7295036 0.618 -0.2225161 1 1 1
v 0.7503633 0.618 -0.2138757 1 1 1
v 0.7295036 0.618 -0.163516 1 1 1
v 0.708644 0.618 -0.1721564 1 1 1
v 0.7000036 0.618 -0.1930161 1 1 1
v 0.7503633 0.5 -0.2138757 1 1 1
v 0.7590036 0.5 -0.1930161 1 1 1
v 0.6590037 0.559 -0.1930161 1 1 1
v 0.6503634 0.559 -0.1721564 1 1 1
v 0.6737537 0.5885 -0.1930161 1 1 1
v 0.6607932 0.5885 -0.1617266 1 1 1
v 0.6000037 0.559 -0.1930161 1 1 1
v 0.5852537 0.5885 -0.1930161 1 1 1
v 0.6086441 0.559 -0.1721564 1 1 1
v 0.5982143 0.5885 -0.1617266 1 1 1
v 0.6503634 0.5 -0.1721564 1 1 1
v 0.6295037 0.5 -0.163516 1 1 1
v 0.6295037 0.559 -0.163516 1 1 1
v 0.6607932 0.5885 -0.2243055 1 1 1
v 0.6503634 0.559 -0.2138757 1 1 1
v 0.6295037 0.5885 -0.1487661 1 1 1
v 0.6295037 0.559 -0.2225161 1 1 1
v 0.6295037 0.5885 -0.237266 1 1 1
v 0.6086441 0.559 -0.2138757 1 1 1
v 0.5982143 0.5885 -0.2243055 1 1 1
v 0.6590037 0.618 -0.1930161 1 1 1
v 0.6503634 0.618 -0.1721564 1 1 1
v 0.6086441 0.5 -0.1721564 1 1 1
v 0.6086441 0.5 -0.2138757 1 1 1
v 0.6295037 0.5 -0.2225161 1 1 1
v 0.6000037 0.5 -0.1930161 1 1 1
v 0.6086441 0.618 -0.2138757 1 1 1
v 0.6295037 0.618 -0.2225161 1 1 1
v 0.6503634 0.618 -0.2138757 1 1 1
v 0.6295037 0.618 -0.163516 1 1 1
v 0.6086441 0.618 -0.1721564 1 1 1
v 0.6000037 0.618 -0.1930161 1 1 1
v 0.6503634 0.5 -0.2138757 1 1 1
v 0.6590037 0.5 -0.1930161 1 1 1
v 0.02179408 0.9 0.07399994 1 1 1
v 0.02179408 0.9299999 0.07399994 1 1 1
v -0.378206 0.9 0.07399988 1 1 1
v -0.378206 0.9299999 0.07399988 1 1 1
v 0.02179402 0.9 0.474 1 1 1
v 0.02179402 0.9299999 0.474 1 1 1
v -0.02820595 0.98 0.1239999 1 1 1
v -0.02820595 0.9 0.1239999 1 1 1
v -0.378206 0.98 0.1239999 1 1 1
v -0.378206 0.9 0.1239999 1 1 1
v 0.04179408 0.9299999 0.07399994 1 1 1
v 0.04179402 0.9299999 0.474 1 1 1
v 0.04179408 0.98 0.07399994 1 1 1
v 0.04179402 0.98 0.474 1 1 1
v -0.378206 0.9299999 0.05399989 1 1 1
v 0.02179408 0.9299999 0.05399995 1 1 1
v -0.02820599 0.98 0.474 1 1 1
v -0.378206 0.98 0.05399989 1 1 1
v 0.02179408 0.98 0.05399995 1 1 1
v -0.02820599 0.9 0.474 1 1 1
v 0.02179389 0.4 -0.326 1 1 1
v 0.4217939 0.4 -0.326 1 1 1
v 0.4217939 0.5 -0.326 1 1 1
v 0.02179389 0.4 0.474 1 1 1
v 0.4217939 0.4 0.474 1 1 1
v 0.02179389 0.5 0.474 1 1 1
v 0.02179404 0.5 0.874 1 1 1
v 0.02179404 0.4 0.874 1 1 1
v 0.02179404 0.5 0.474 1 1 1
v 0.02179404 0.4 0.474 1 1 1
v -0.378206 0.4 0.874 1 1 1
v -0.378206 0.5 0.874 1 1 1
v -0.7782061 0.4 -0.3259999 1 1 1
v -0.7782061 0.4 0.07400008 1 1 1
v -0.3782061 0.4 -0.3259999 1 1 1
v -0.7782061 0.5 0.8740001 1 1 1
v -0.7782061 0.4 0.8740001 1 1 1
v -0.378206 0.5 0.874 1 1 1
v -0.378206 0.4 0.874 1 1 1
v -0.7782061 0.4 0.474 1 1 1
v -0.7782061 0.5 0.474 1 1 1
v 0.02179404 0.4 -0.326 1 1 1
v -0.378206 0.4 -0.326 1 1 1
v 0.02179404 0.5 -0.326 1 1 1
v -0.7782061 0.4 0.474 1 1 1
v -0.7782061 0.4 0.0739999 1 1 1
v -0.7782061 0.5 0.474 1 1 1
v -0.7782061 0.5 0.0739999 1 1 1
v 0.821794 0.5 0.4739999 1 1 1
v 0.821794 0.4 0.4739999 1 1 1
v 0.821794 0.5 0.07399993 1 1 1
v 0.821794 0.4 0.07399993 1 1 1
v 0.421794 0.4 0.4739999 1 1 1
v 0.421794 0.5 0.4739999 1 1 1
v 0.821794 0.5 -0.3259999 1 1 1
v 0.821794 0.4 -0.3259999 1 1 1
v 0.821794 0.5 0.07400008 1 1 1
v 0.821794 0.4 0.07400008 1 1 1
v 0.421794 0.4 -0.3259999 1 1 1
v 0.421794 0.5 -0.3259999 1 1 1
v 0.191794 4.511947E-16 -0.3459999 1 1 1
v 0.191794 0.27 -0.3459999 1 1 1
v 0.191794 4.511947E-16 -0.3259999 1 1 1
v 0.191794 0.27 -0.3259999 1 1 1
v 0.651794 0.27 -0.3459999 1 1 1
v 0.651794 4.511947E-16 -0.3459999 1 1 1
v 0.651794 0.27 -0.3259999 1 1 1
v 0.651794 4.511947E-16 -0.3259999 1 1 1
v 0.02179396 2.707168E-16 0.07400008 1 1 1
v 0.02179396 2.707168E-16 -0.3459999 1 1 1
v 0.841794 2.707168E-16 0.07400008 1 1 1
v 0.821794 3.105097E-16 -0.3459999 1 1 1
v 0.841794 2.707168E-16 -0.3259999 1 1 1
v 0.681794 0.05 -0.3459999 1 1 1
v 0.681794 0.05 -0.3259999 1 1 1
v 0.821794 0.05 -0.3459999 1 1 1
v 0.821794 0.05 -0.3259999 1 1 1
v 0.821794 0.05 0.07400008 1 1 1
v 0.841794 0.05 0.07400008 1 1 1
v 0.841794 0.05 -0.3259999 1 1 1
v 0.681794 0.28 -0.3459999 1 1 1
v 0.681794 0.28 -0.3259999 1 1 1
v 0.02179396 0.05 -0.3459999 1 1 1
v 0.02179396 0.05 -0.3259999 1 1 1
v 0.161794 0.05 -0.3459999 1 1 1
v 0.161794 0.05 -0.3259999 1 1 1
v 0.161794 0.28 -0.3459999 1 1 1
v 0.161794 0.28 -0.3259999 1 1 1
v 0.181794 0.3 -0.3459999 1 1 1
v 0.181794 0.3 -0.3259999 1 1 1
v 0.6617939 0.3 -0.3459999 1 1 1
v 0.6617939 0.3 -0.3259999 1 1 1
v 0.4437425 0.03688905 -0.326 1 1 1
v 0.4437425 0.05 -0.326 1 1 1
v 0.3998453 0.03688905 -0.326 1 1 1
v 0.3998453 0.05 -0.326 1 1 1
v 0.4437425 0.03688905 -0.3370001 1 1 1
v 0.3998453 0.03688905 -0.3370001 1 1 1
v 0.4437425 0.05 -0.3370001 1 1 1
v 0.3998453 0.05 -0.3370001 1 1 1
v 0.3217939 0.05 0.4940001 1 1 1
v 0.3217939 0.28 0.4940001 1 1 1
v 0.3217939 0.05 0.4740001 1 1 1
v 0.3217939 0.28 0.4740001 1 1 1
v 0.4217939 0.05 0.4740001 1 1 1
v 0.4217939 0.05 0.4940001 1 1 1
v 0.02179389 0.05 0.4740001 1 1 1
v 0.1217939 0.05 0.4740001 1 1 1
v 0.02179389 0.05 0.4940001 1 1 1
v 0.1217939 0.05 0.4940001 1 1 1
v 0.02179389 3.138623E-16 0.07400008 1 1 1
v 0.02179389 3.101963E-16 0.4940001 1 1 1
v 0.4217939 3.138623E-16 0.07400008 1 1 1
v 0.1517939 4.943401E-16 0.4740001 1 1 1
v 0.1517939 4.943401E-16 0.4940001 1 1 1
v 0.2917939 4.943401E-16 0.4740001 1 1 1
v 0.2917939 4.943401E-16 0.4940001 1 1 1
v 0.4217939 3.138623E-16 0.4940001 1 1 1
v 0.1417939 0.3 0.4740001 1 1 1
v 0.3017939 0.3 0.4740001 1 1 1
v 0.1417939 0.3 0.4940001 1 1 1
v 0.3017939 0.3 0.4940001 1 1 1
v 0.1217939 0.28 0.4940001 1 1 1
v 0.1217939 0.28 0.4740001 1 1 1
v 0.2917939 0.27 0.4940001 1 1 1
v 0.1517939 0.27 0.4940001 1 1 1
v 0.1517939 0.27 0.4740001 1 1 1
v 0.2917939 0.27 0.4740001 1 1 1
v 0.2550058 0.09534679 0.474 1 1 1
v 0.2550058 0.09534679 0.4850001 1 1 1
v 0.2742758 0.09534679 0.474 1 1 1
v 0.2742758 0.09534679 0.4850001 1 1 1
v 0.2550058 0.136817 0.4850001 1 1 1
v 0.2550058 0.136817 0.474 1 1 1
v 0.2742758 0.136817 0.4850001 1 1 1
v 0.2742758 0.136817 0.474 1 1 1
v 0.2676898 0.1142863 0.485 1 1 1
v 0.2676898 0.1273973 0.485 1 1 1
v 0.2367763 0.1142863 0.485 1 1 1
v 0.2367763 0.1273973 0.485 1 1 1
v 0.2676898 0.1142863 0.496 1 1 1
v 0.2367763 0.1142863 0.496 1 1 1
v 0.2676898 0.1273973 0.496 1 1 1
v 0.2367763 0.1273973 0.496 1 1 1
v -0.108206 0.5 0.05400001 1 1 1
v -0.108206 0.77 0.05400001 1 1 1
v -0.108206 0.5 0.07400002 1 1 1
v -0.108206 0.77 0.07400002 1 1 1
v -0.248206 0.77 0.05400001 1 1 1
v -0.248206 0.5 0.05400001 1 1 1
v -0.248206 0.77 0.07400002 1 1 1
v -0.248206 0.5 0.07400002 1 1 1
v 0.04179402 0.55 0.07400002 1 1 1
v 0.04179402 0.5 0.07400002 1 1 1
v 0.04179402 0.55 0.474 1 1 1
v 0.04179402 0.5 0.474 1 1 1
v -0.278206 0.55 0.05400001 1 1 1
v -0.278206 0.55 0.07400002 1 1 1
v -0.378206 0.55 0.05400001 1 1 1
v -0.378206 0.55 0.07400002 1 1 1
v -0.278206 0.78 0.05400001 1 1 1
v -0.278206 0.78 0.07400002 1 1 1
v -0.378206 0.5 0.05400001 1 1 1
v -0.07820598 0.78 0.05400001 1 1 1
v -0.258206 0.8 0.05400001 1 1 1
v -0.09820598 0.8 0.05400001 1 1 1
v -0.07820598 0.55 0.05400001 1 1 1
v 0.02179402 0.55 0.05400001 1 1 1
v 0.02179402 0.5 0.05400001 1 1 1
v 0.02179402 0.55 0.474 1 1 1
v 0.02179402 0.55 0.07400002 1 1 1
v -0.07820598 0.55 0.07400002 1 1 1
v -0.378206 0.5 0.474 1 1 1
v -0.09820598 0.8 0.07400002 1 1 1
v -0.258206 0.8 0.07400002 1 1 1
v -0.07820598 0.78 0.07400002 1 1 1
v -0.2114179 0.5953468 0.07400005 1 1 1
v -0.2114179 0.5953468 0.06300004 1 1 1
v -0.2306879 0.5953468 0.07400005 1 1 1
v -0.2306879 0.5953468 0.06300004 1 1 1
v -0.2114179 0.6368171 0.06300004 1 1 1
v -0.2114179 0.6368171 0.07400005 1 1 1
v -0.2306879 0.6368171 0.06300004 1 1 1
v -0.2306879 0.6368171 0.07400005 1 1 1
v -0.2241019 0.6142863 0.06299989 1 1 1
v -0.2241019 0.6273972 0.06299989 1 1 1
v -0.1931883 0.6142863 0.06299989 1 1 1
v -0.1931883 0.6273972 0.06299989 1 1 1
v -0.2241019 0.6142863 0.05199988 1 1 1
v -0.1931883 0.6142863 0.05199988 1 1 1
v -0.2241019 0.6273972 0.05199988 1 1 1
v -0.1931883 0.6273972 0.05199988 1 1 1
v -0.7982062 0.27 0.7440002 1 1 1
v -0.7982062 0.27 0.6040002 1 1 1
v -0.7782062 0.27 0.7440002 1 1 1
v -0.7782062 0.27 0.6040002 1 1 1
v -0.7982062 0.18 0.7440002 1 1 1
v -0.7782062 0.18 0.7440002 1 1 1
v -0.7982062 0.18 0.6040002 1 1 1
v -0.7782062 0.18 0.6040002 1 1 1
v -0.7782062 0.3 0.7540002 1 1 1
v -0.7782062 0.3 0.5940002 1 1 1
v -0.7982062 0.3 0.7540002 1 1 1
v -0.7982062 0.3 0.5940002 1 1 1
v -0.7782062 0.15 0.7540002 1 1 1
v -0.7982062 0.15 0.7540002 1 1 1
v -0.7782062 0.15 0.5940002 1 1 1
v -0.7982062 0.15 0.5940002 1 1 1
v -0.7982062 0.28 0.5740002 1 1 1
v -0.7782062 0.28 0.5740002 1 1 1
v -0.7982062 0.17 0.5740002 1 1 1
v -0.7782062 0.17 0.5740002 1 1 1
v -0.7982062 0.17 0.7740002 1 1 1
v -0.7782062 0.17 0.7740002 1 1 1
v -0.7982062 0.28 0.7740002 1 1 1
v -0.7782062 0.28 0.7740002 1 1 1
v -0.7982062 0 0.8740003 1 1 1
v -0.7982062 0.05 0.8740003 1 1 1
v -0.7982062 3.609557E-16 0.4740002 1 1 1
v -0.7982062 0.05 0.4740002 1 1 1
v -0.7782062 0.05 0.8940003 1 1 1
v -0.7782062 0 0.8940003 1 1 1
v -0.378206 0 0.8940002 1 1 1
v -0.3782061 3.045564E-16 0.4740001 1 1 1
v -0.7782062 0.05 0.4740002 1 1 1
v -0.7782062 0.05 0.8740003 1 1 1
v -0.378206 0.05 0.8740003 1 1 1
v -0.378206 0.05 0.8940002 1 1 1
v -0.7782062 0.2 0.7240002 1 1 1
v -0.7782062 0.25 0.7240002 1 1 1
v -0.7582062 0.2 0.7240002 1 1 1
v -0.7582062 0.25 0.7240002 1 1 1
v -0.7582062 0.25 0.6240002 1 1 1
v -0.7782062 0.25 0.6240002 1 1 1
v -0.7582062 0.2 0.6240002 1 1 1
v -0.7782062 0.2 0.6240002 1 1 1
v -0.7782062 0.27 0.6040002 1 1 1
v -0.7782062 0.18 0.6040002 1 1 1
v -0.7782062 0.27 0.7440002 1 1 1
v -0.7782062 0.18 0.7440002 1 1 1
v -0.6482061 4.513206E-16 -0.3460001 1 1 1
v -0.6482061 0.27 -0.3460001 1 1 1
v -0.6482061 4.618473E-16 -0.3260001 1 1 1
v -0.6482061 0.27 -0.3260001 1 1 1
v -0.5082061 0.27 -0.3460001 1 1 1
v -0.5082061 4.513206E-16 -0.3460001 1 1 1
v -0.5082061 0.27 -0.3260001 1 1 1
v -0.5082061 4.618473E-16 -0.3260001 1 1 1
v -0.798206 0.05 -0.3260001 1 1 1
v -0.798206 2.707168E-16 -0.3260001 1 1 1
v -0.798206 0.05 0.07399993 1 1 1
v -0.798206 2.813694E-16 0.07399993 1 1 1
v -0.4782061 0.05 -0.3460001 1 1 1
v -0.4782061 0.05 -0.3260001 1 1 1
v -0.3782061 0.05 -0.3460001 1 1 1
v -0.3782061 0.05 -0.3260001 1 1 1
v -0.4782061 0.28 -0.3460001 1 1 1
v -0.4782061 0.28 -0.3260001 1 1 1
v -0.3782061 2.708428E-16 -0.3460001 1 1 1
v -0.678206 0.28 -0.3460001 1 1 1
v -0.498206 0.3 -0.3460001 1 1 1
v -0.658206 0.3 -0.3460001 1 1 1
v -0.678206 0.05 -0.3460001 1 1 1
v -0.7782061 0.05 -0.3460001 1 1 1
v -0.7782061 2.951879E-16 -0.3460001 1 1 1
v -0.7782061 0.05 0.07399993 1 1 1
v -0.7782061 0.05 -0.3260001 1 1 1
v -0.678206 0.05 -0.3260001 1 1 1
v -0.658206 0.3 -0.3260001 1 1 1
v -0.498206 0.3 -0.3260001 1 1 1
v -0.678206 0.28 -0.3260001 1 1 1
v -0.3782061 2.813694E-16 0.07399993 1 1 1
v -0.618206 0.03 -0.3260001 1 1 1
v -0.618206 0.03 -0.3060001 1 1 1
v -0.538206 0.03 -0.3260001 1 1 1
v -0.538206 0.03 -0.3060001 1 1 1
v -0.538206 0.24 -0.3260001 1 1 1
v -0.538206 0.15 -0.3260001 1 1 1
v -0.538206 0.24 -0.3060001 1 1 1
v -0.538206 0.12 -0.3260001 1 1 1
v -0.618206 0.24 -0.3060001 1 1 1
v -0.618206 0.24 -0.3260001 1 1 1
v -0.618206 0.12 -0.3260001 1 1 1
v -0.618206 0.15 -0.3260001 1 1 1
v -0.5382062 0.1142649 -0.326 1 1 1
v -0.5382062 0.1142649 -0.3370001 1 1 1
v -0.5189361 0.1142649 -0.326 1 1 1
v -0.5189361 0.1142649 -0.3370001 1 1 1
v -0.5382062 0.1557351 -0.3370001 1 1 1
v -0.5382062 0.1557351 -0.326 1 1 1
v -0.5189361 0.1557351 -0.3370001 1 1 1
v -0.5189361 0.1557351 -0.326 1 1 1
v -0.5255219 0.1332044 -0.337 1 1 1
v -0.5255219 0.1463153 -0.337 1 1 1
v -0.5564354 0.1332044 -0.337 1 1 1
v -0.5564354 0.1463153 -0.337 1 1 1
v -0.5255219 0.1332044 -0.348 1 1 1
v -0.5564354 0.1332044 -0.348 1 1 1
v -0.5255219 0.1463153 -0.348 1 1 1
v -0.5564354 0.1463153 -0.348 1 1 1
v -0.8289339 0.04999998 -0.284728 1 1 1
v -0.816206 0.04999998 -0.2900001 1 1 1
v -0.8289339 0.45 -0.284728 1 1 1
v -0.816206 0.45 -0.2900001 1 1 1
v -0.798206 0.45 -0.2720001 1 1 1
v -0.798206 0.04999998 -0.2720001 1 1 1
v -0.8034781 0.45 -0.2592722 1 1 1
v -0.8034781 0.04999998 -0.2592722 1 1 1
v -0.8034781 0.04999998 -0.284728 1 1 1
v -0.8034781 0.45 -0.284728 1 1 1
v -0.816206 0.04999998 -0.2540001 1 1 1
v -0.816206 0.45 -0.2540001 1 1 1
v -0.8289339 0.04999998 -0.2592722 1 1 1
v -0.8289339 0.45 -0.2592722 1 1 1
v -0.834206 0.04999998 -0.2720001 1 1 1
v -0.834206 0.45 -0.2720001 1 1 1
v -0.778206 0.45 -0.2540001 1 1 1
v -0.778206 0.45 -0.2900001 1 1 1
v -0.834206 0.45 -0.2540001 1 1 1
v -0.834206 0.45 -0.2900001 1 1 1
v -0.778206 0.486 -0.2900001 1 1 1
v -0.778206 0.486 -0.2540001 1 1 1
v -0.824206 0.486 -0.2900001 1 1 1
v -0.824206 0.486 -0.2540001 1 1 1
v -0.834206 0.476 -0.2540001 1 1 1
v -0.834206 0.476 -0.2900001 1 1 1
v -0.8342993 0.1107845 -0.2900935 1 1 1
v -0.8342993 0.1392155 -0.2900935 1 1 1
v -0.8417939 0.1107845 -0.2720001 1 1 1
v -0.8417939 0.1392155 -0.2720001 1 1 1
v -0.816206 0.1107845 -0.297588 1 1 1
v -0.816206 0.1392155 -0.297588 1 1 1
v -0.7906181 0.1392155 -0.2720001 1 1 1
v -0.7906181 0.1107845 -0.2720001 1 1 1
v -0.7981126 0.1392155 -0.2539067 1 1 1
v -0.7981126 0.1107845 -0.2539067 1 1 1
v -0.7981126 0.1392155 -0.2900935 1 1 1
v -0.7981126 0.1107845 -0.2900935 1 1 1
v -0.8342993 0.1107845 -0.2539067 1 1 1
v -0.8342993 0.1392155 -0.2539067 1 1 1
v -0.816206 0.1107845 -0.2464122 1 1 1
v -0.816206 0.1392155 -0.2464122 1 1 1
v -0.8342993 0.364707 -0.2900935 1 1 1
v -0.8342993 0.393138 -0.2900935 1 1 1
v -0.8417939 0.364707 -0.2720001 1 1 1
v -0.8417939 0.393138 -0.2720001 1 1 1
v -0.816206 0.364707 -0.297588 1 1 1
v -0.816206 0.393138 -0.297588 1 1 1
v -0.7906181 0.393138 -0.2720001 1 1 1
v -0.7906181 0.364707 -0.2720001 1 1 1
v -0.7981126 0.393138 -0.2539067 1 1 1
v -0.7981126 0.364707 -0.2539067 1 1 1
v -0.7981126 0.393138 -0.2900935 1 1 1
v -0.7981126 0.364707 -0.2900935 1 1 1
v -0.8342993 0.364707 -0.2539067 1 1 1
v -0.8342993 0.393138 -0.2539067 1 1 1
v -0.816206 0.364707 -0.2464122 1 1 1
v -0.816206 0.393138 -0.2464122 1 1 1
v -0.7982062 0.77 0.204 1 1 1
v -0.7982062 0.77 0.3440001 1 1 1
v -0.7782062 0.77 0.204 1 1 1
v -0.7782061 0.77 0.3440001 1 1 1
v -0.7982062 0.68 0.204 1 1 1
v -0.7782062 0.68 0.204 1 1 1
v -0.7982062 0.68 0.3440001 1 1 1
v -0.7782061 0.68 0.3440001 1 1 1
v -0.7782062 0.8 0.194 1 1 1
v -0.7782061 0.8 0.3540001 1 1 1
v -0.7982062 0.8 0.194 1 1 1
v -0.7982062 0.8 0.3540001 1 1 1
v -0.7782062 0.65 0.194 1 1 1
v -0.7982062 0.65 0.194 1 1 1
v -0.7782061 0.65 0.3540001 1 1 1
v -0.7982062 0.65 0.3540001 1 1 1
v -0.7982062 0.78 0.3740001 1 1 1
v -0.7782061 0.78 0.3740001 1 1 1
v -0.7982062 0.67 0.3740001 1 1 1
v -0.7782061 0.67 0.3740001 1 1 1
v -0.7982062 0.67 0.174 1 1 1
v -0.7782062 0.67 0.174 1 1 1
v -0.7982062 0.78 0.174 1 1 1
v -0.7782062 0.78 0.174 1 1 1
v -0.7982062 0.5 0.07399999 1 1 1
v -0.7982062 0.55 0.07399999 1 1 1
v -0.7982061 0.5 0.4740002 1 1 1
v -0.7982061 0.55 0.4740002 1 1 1
v -0.7782062 0.55 0.05399999 1 1 1
v -0.7782062 0.5 0.05399999 1 1 1
v -0.378206 0.5 0.05399993 1 1 1
v -0.378206 0.5 0.4740001 1 1 1
v -0.7782061 0.55 0.4740002 1 1 1
v -0.7782062 0.55 0.07399999 1 1 1
v -0.378206 0.55 0.07399993 1 1 1
v -0.378206 0.55 0.05399993 1 1 1
v -0.7782062 0.7 0.224 1 1 1
v -0.7782062 0.75 0.224 1 1 1
v -0.7582062 0.7 0.224 1 1 1
v -0.7582062 0.75 0.224 1 1 1
v -0.7582062 0.75 0.3240001 1 1 1
v -0.7782062 0.75 0.3240001 1 1 1
v -0.7582062 0.7 0.3240001 1 1 1
v -0.7782062 0.7 0.3240001 1 1 1
v -0.7782062 0.77 0.3440001 1 1 1
v -0.7782062 0.68 0.3440001 1 1 1
v -0.7782062 0.77 0.204 1 1 1
v -0.7782062 0.68 0.204 1 1 1
v 0.02179404 0.4 0.07399993 1 1 1
v 0.02179404 0.4 0.4739999 1 1 1
v -0.378206 0.4 0.07399993 1 1 1
v -0.378206 0.4 0.4739999 1 1 1
v -0.378206 0.4 -0.3259999 1 1 1
v 0.02179404 0.4 -0.3259999 1 1 1
v 0.02179402 0.4 0.8740001 1 1 1
v 0.02179408 0.4 0.474 1 1 1
v -0.7782061 0.4 0.474 1 1 1
v -0.7782061 0.4 0.07399993 1 1 1
v 0.821794 0.4 0.474 1 1 1
v 0.821794 0.4 0.07399993 1 1 1
v 0.4217939 0.4 0.4739999 1 1 1
v 0.02179396 0.4 -0.3259999 1 1 1
v 0.4217939 0.4 0.4740001 1 1 1
v 0.3217939 0.3 0.4740001 1 1 1
v 0.1217939 0.3 0.4740001 1 1 1
v 0.02179389 0.4 0.4740001 1 1 1
v -0.7782062 0.4 0.8740003 1 1 1
v -0.378206 0.4 0.8740003 1 1 1
v -0.7782062 0.4 0.4740002 1 1 1
v -0.7782061 0.4 -0.3260001 1 1 1
v -0.7782061 0.4 0.07399993 1 1 1
v -0.3782061 0.4 -0.3260001 1 1 1
v 0.2217939 0.6 0.2739999 1 1 1
v 0.2217939 0.6 -0.1260001 1 1 1
v 0.6217939 0.7 0.2739999 1 1 1
v 0.6217939 0.7 -0.1260001 1 1 1
v 0.5635854 0.6854479 0.2139999 1 1 1
v 0.5684361 0.666045 0.2139999 1 1 1
v 0.5635854 0.6854479 -0.06600012 1 1 1
v 0.5684361 0.666045 -0.06600012 1 1 1
v 0.2848532 0.5951493 -0.06600012 1 1 1
v 0.2800025 0.6145521 -0.06600012 1 1 1
v 0.3411968 0.6298507 -0.06600012 1 1 1
v 0.3605996 0.6347014 -0.06600012 1 1 1
v 0.4829882 0.6652986 -0.06600012 1 1 1
v 0.5023911 0.6701493 -0.06600012 1 1 1
v 0.2848532 0.5951493 0.2139999 1 1 1
v 0.2800025 0.6145521 0.2139999 1 1 1
v 0.3411968 0.6298507 0.2139999 1 1 1
v 0.3605996 0.6347014 0.2139999 1 1 1
v 0.4829882 0.6652986 0.2139999 1 1 1
v 0.5023911 0.6701493 0.2139999 1 1 1
v -0.4941189 1.575 0.674 1 1 1
v -0.5187474 1.575 0.7334586 1 1 1
v -0.5187474 1.575 0.6145414 1 1 1
v -0.5782061 1.575 0.5899128 1 1 1
v -0.5782061 1.575 0.7580872 1 1 1
v -0.6376647 1.575 0.7334586 1 1 1
v -0.6376647 1.575 0.6145414 1 1 1
v -0.6622933 1.575 0.674 1 1 1
v 0.02179402 0.9 0.8740001 1 1 1
v 0.02179408 0.9 0.474 1 1 1
v -0.7782061 0.9 0.874 1 1 1
v -0.3782061 0.9 0.874 1 1 1
v -0.7782061 0.9 0.474 1 1 1
v -0.09411877 1.575 0.674 1 1 1
v -0.1187473 1.575 0.7334586 1 1 1
v -0.1187473 1.575 0.6145414 1 1 1
v -0.178206 1.575 0.5899128 1 1 1
v -0.178206 1.575 0.7580872 1 1 1
v -0.2376646 1.575 0.7334586 1 1 1
v -0.2376646 1.575 0.6145414 1 1 1
v -0.2622932 1.575 0.674 1 1 1
v -0.3782061 0.5 0.07400008 1 1 1
v 0.02179383 0.5 0.07400008 1 1 1
v 0.4217939 0.5 0.07400014 1 1 1
v -0.378206 0.5 0.07400008 1 1 1
v 0.02179404 0.5 0.07400014 1 1 1
v 0.4217939 0.5 0.07400008 1 1 1
v 0.02179389 0.5 0.07399987 1 1 1
v 0.4217939 0.5 0.07399993 1 1 1
v 0.421794 0.5 0.07399987 1 1 1
v -0.3782061 0.9 0.474 1 1 1
v -0.3782061 0.9 0.4739999 1 1 1
v -0.378206 0.9 0.474 1 1 1
v -0.378206 0.9 0.4739999 1 1 1
v 0.651794 4.511947E-16 -0.326 1 1 1
v 0.1917939 4.511947E-16 -0.326 1 1 1
v 0.651794 0.27 -0.326 1 1 1
v 0.1917939 0.27 -0.326 1 1 1
v 0.02179402 0.9 0.07400002 1 1 1
v -0.378206 0.9 0.07400002 1 1 1
v -0.7782062 0.9 0.07399999 1 1 1
v -0.378206 0.9 0.07399993 1 1 1
v -0.7782061 0.9 0.4740002 1 1 1

vn 0.9238795 0 -0.3826834
vn 0.9238795 0 0.3826834
vn 0.3826834 0 -0.9238795
vn -0.3826834 0 -0.9238795
vn -0.3826834 0 0.9238795
vn 0.3826834 0 0.9238795
vn -0.9238795 0 -0.3826834
vn -0.9238795 0 0.3826834
vn 0 1 0
vn 0 -1 0
vn 1 0 0
vn 0 0.1601822 -0.9870875
vn 0 0.7071068 -0.7071068
vn -1 0 0
vn 0 0 -1
vn 0 0 1
vn 0 0.9870875 -0.1601822
vn -1.490017E-08 0 -1
vn 0.9701425 0.2425356 -1.445528E-08
vn 1.490017E-08 0 1
vn -0.9701425 -0.2425356 1.445528E-08
vn -0.8962948 -0.2240737 0.3826835
vn -0.8962948 -0.2240737 -0.3826835
vn -0.3712575 -0.09281436 0.9238795
vn 0.3712575 0.09281436 0.9238795
vn 0.8962948 0.2240737 0.3826835
vn 0.8962948 0.2240737 -0.3826835
vn -0.3712575 -0.09281436 -0.9238795
vn 0.3712575 0.09281436 -0.9238795
vn -0.2425356 0.9701425 3.613821E-09
vn -0.7071068 0 0.7071068
vn -0.7071068 0 -0.7071068
vn 0.7071068 0 -0.7071068
vn 0.7071068 0 0.7071068
vn 0.9238796 0 0.3826836
vn 1 0 1.192093E-07
vn 0.3826834 0 0.9238797
vn -1.192093E-07 0 1
vn -1.49008E-08 0 1
vn -1 0 -1.49008E-08
vn -1 0 1.192093E-07
vn 1.192093E-07 0 -1
vn 0.9238797 0 -0.3826834
vn 0.3826836 0 -0.9238796
vn -1 0 -1.192093E-07
vn 1.192093E-07 0 1
vn -1.192093E-07 0 -1
vn -0.9238796 0 0.3826836
vn -0.3826834 0 0.9238797
vn 1 0 -1.192093E-07
vn 1 0 -1.047495E-13
vn 1.047495E-13 0 1
vn -1 0 1.047495E-13
vn -1.047495E-13 0 -1
vn 0.8944272 -0.4472136 0
vn 0.6324555 -0.4472136 0.6324555
vn -0.8944272 -0.4472136 0
vn -0.6324555 -0.4472136 0.6324555
vn 0.6324555 -0.4472136 -0.6324555
vn 0 -0.4472136 0.8944272
vn 0 -0.4472136 -0.8944272
vn -0.6324555 -0.4472136 -0.6324555
vn 0.8944272 0.4472136 0
vn 0.6324555 0.4472136 0.6324555
vn -0.6324555 0.4472136 -0.6324555
vn 0 0.4472136 -0.8944272
vn 0.6324555 0.4472136 -0.6324555
vn 0 0.4472136 0.8944272
vn -0.6324555 0.4472136 0.6324555
vn -0.8944272 0.4472136 0
vn 2.137179E-14 0 1
vn 1 0 -1.490028E-08
vn 1.490028E-08 0 1
vn 1 0 -2.137179E-14
vn 0.9238795 0.3826834 0
vn -0.9238795 0.3826834 0
vn -0.3826834 0.9238795 0
vn 0.3826834 0.9238795 0
vn 1 0 -7.729928E-14
vn 0.9238795 0.3826834 -7.141522E-14
vn -0.3826834 0.9238795 2.958115E-14
vn 0.3826834 0.9238795 -2.958115E-14
vn -0.9238795 0.3826834 7.141522E-14
vn -1 0 7.729928E-14
vn 7.729928E-14 0 1
vn -0.7071068 -0.7071068 5.465884E-14
vn 0.7071068 -0.7071068 -5.465884E-14
vn -0.7071068 0.7071068 5.465884E-14
vn 0.7071068 0.7071068 -5.465884E-14
vn -7.729928E-14 0 -1
vn 0.7071068 -0.7071068 0
vn -0.7071068 -0.7071068 0
vn 0.7071068 0.7071068 0
vn -0.7071068 0.7071068 0
vn -8.429372E-08 -0.7071068 -0.707107
vn 8.429372E-08 -0.7071068 0.707107
vn -8.429372E-08 0.7071068 -0.707107
vn 8.429372E-08 0.7071068 0.707107
vn 4.561943E-08 0.9238795 0.3826836
vn -4.561943E-08 0.9238795 -0.3826836
vn 4.561943E-08 -0.9238795 0.3826836
vn -4.561943E-08 -0.9238795 -0.3826836
vn -1.10135E-07 0.3826834 -0.9238799
vn -1.10135E-07 -0.3826834 -0.9238799
vn 1.10135E-07 -0.3826834 0.9238799
vn 1.10135E-07 0.3826834 0.9238799
vn -0.9238798 0 0.3826837
vn -1 0 1.192093E-07
vn -0.3826835 0 0.9238799
vn 1.192093E-07 0 1
vn -0.7071068 0 -0.7071068
vn 0.7071068 0 0.7071068
vn 0.7071068 0 -0.7071068
vn -0.7071068 0 0.7071068
vn -0.3662924 0.9304998 0
vn -0.9179972 0.3965869 0
vn -0.9238799 0 -0.3826835
vn -0.3826837 0 -0.9238798
vn -1.192093E-07 0 -1
vn -0.7060111 0.05564868 -0.7060111
vn -0.9984504 0.05564868 0
vn 0 0.05564868 -0.9984504
vn 0.7060111 0.05564868 -0.7060111
vn -0.7060111 0.05564868 0.7060111
vn 0 0.05564868 0.9984504
vn 0.9984504 0.05564868 0
vn 0.7060111 0.05564868 0.7060111
vn -1 0 1.490017E-08
vn 1 0 -1.490017E-08

vt 0.59375 0.275
vt 0.59375 0.475
vt 0.59375 0.4083334
vt 0.59375 0.4583333
vt 0.59375 0.3216087
vt 0.59375 0.3772609
vt 0.59375 0.4523914
vt 0.59375 0.3953477
vt 0.59375 0.4704783
vt 0.59375 0.390826
vt 0.59375 0.3727391
vt 0.59375 0.4569132
vt 0.59375 0.3
vt 0.59375 0.295
vt 0.59375 0.455
vt 0.59375 0.395
vt 0.59375 0.425
vt 0.59375 0.435
vt 0.59375 0.41
vt 0.59375 0.415
vt 0.59375 0.325
vt 0.59375 0.365
vt 0.59375 0.35
vt 0.59375 0.36
vt 0.59375 0.315
vt 0.59375 0.3435714
vt 0.59375 0.355
vt 0.59375 0.3035714
vt 0.59375 0.29
vt 0.59375 0.335
vt 0.59375 0.3972222
vt 0.96875 0.475
vt 0.96875 0.3
vt 0.96875 0.295
vt 0.96875 0.455
vt 0.96875 0.415
vt 0.96875 0.425
vt 0.96875 0.36
vt 0.96875 0.35
vt 0.71875 0.3682174
vt 0.71875 0.3216087
vt 0.71875 0.4614349
vt 0.71875 0.4478697
vt 0.71875 0.4297829
vt 0.71875 0.3636957
vt 0.71875 0.3817826
vt 0.71875 0.3960435
vt 0.71875 0.4005652
vt 0.71875 0.4290871
vt 0.71875 0.4336088
vt 0.71875 0.4523914
vt 0.71875 0.3772609
vt 0.71875 0.4569132
vt 0.71875 0.3727391
vt 0.71875 0.455
vt 0.71875 0.475
vt 0.71875 0.3
vt 0.71875 0.395
vt 0.71875 0.275
vt 0.71875 0.41
vt 0.71875 0.415
vt 0.71875 0.425
vt 0.71875 0.29
vt 0.71875 0.335
vt 0.71875 0.35
vt 0.71875 0.36
vt 0.59375 0.1136957
vt 0.59375 0.1797829
vt 0.59375 0.065
vt 0.59375 0.09357143
vt 0.59375 0.04
vt 0.59375 0.145

usemtl colormap

f 4/2/9 2/2/9 12/2/9
f 2/2/9 7/2/9 12/2/9
f 12/2/9 7/2/9 11/2/9
f 7/2/9 8/2/9 11/2/9
f 11/2/9 8/2/9 15/2/9
f 13/2/9 15/2/9 8/2/9
f 14/1/7 13/2/7 6/1/4
f 8/2/4 6/1/4 13/2/7
f 9/1/5 11/2/5 16/1/8
f 15/2/8 16/1/8 11/2/5
f 12/2/6 10/1/6 4/2/2
f 3/1/2 4/2/2 10/1/6
f 2/2/1 1/1/1 7/2/3
f 5/1/3 7/2/3 1/1/1
f 16/1/8 15/2/8 14/1/7
f 13/2/7 14/1/7 15/2/8
f 12/2/6 11/2/5 10/1/6
f 9/1/5 10/1/6 11/2/5
f 8/2/4 7/2/3 6/1/4
f 5/1/3 6/1/4 7/2/3
f 4/2/2 3/1/2 2/2/1
f 1/1/1 2/2/1 3/1/2
f 19/1/10 18/1/10 17/1/10
f 18/1/10 19/1/10 20/1/10
f 23/3/11 22/2/11 21/3/11
f 22/2/11 23/3/11 24/2/11
f 25/1/11 24/2/11 23/3/11
f 25/1/11 26/4/11 24/2/11
f 27/1/11 26/4/11 25/1/11
f 26/4/11 27/1/11 28/3/11
f 30/4/13 28/3/12 29/3/12
f 28/3/12 30/4/13 26/4/13
f 31/3/10 23/3/10 21/3/10
f 23/3/10 31/3/10 32/3/10
f 34/1/14 29/3/14 33/1/14
f 29/3/14 34/1/14 30/4/14
f 30/4/14 34/1/14 35/2/14
f 35/2/14 34/1/14 32/3/14
f 35/2/14 32/3/14 31/3/14
f 35/2/14 31/3/14 36/2/14
f 29/3/12 27/1/15 33/1/15
f 27/1/15 29/3/12 28/3/12
f 23/3/16 34/1/16 25/1/16
f 34/1/16 23/3/16 32/3/16
f 35/2/17 22/2/9 24/2/17
f 22/2/9 35/2/17 36/2/9
f 26/4/13 35/2/17 24/2/17
f 35/2/17 26/4/13 30/4/13
f 39/3/11 38/2/11 37/3/11
f 38/2/11 39/3/11 40/2/11
f 41/1/11 40/2/11 39/3/11
f 41/1/11 42/4/11 40/2/11
f 43/1/11 42/4/11 41/1/11
f 42/4/11 43/1/11 44/3/11
f 46/4/13 44/3/12 45/3/12
f 44/3/12 46/4/13 42/4/13
f 47/3/10 39/3/10 37/3/10
f 39/3/10 47/3/10 48/3/10
f 50/1/14 45/3/14 49/1/14
f 45/3/14 50/1/14 46/4/14
f 46/4/14 50/1/14 51/2/14
f 51/2/14 50/1/14 48/3/14
f 51/2/14 48/3/14 47/3/14
f 51/2/14 47/3/14 52/2/14
f 45/3/12 43/1/15 49/1/15
f 43/1/15 45/3/12 44/3/12
f 39/3/16 50/1/16 41/1/16
f 50/1/16 39/3/16 48/3/16
f 51/2/17 38/2/9 40/2/17
f 38/2/9 51/2/17 52/2/9
f 42/4/13 51/2/17 40/2/17
f 51/2/17 42/4/13 46/4/13
f 55/5/9 54/5/9 53/5/9
f 54/5/9 55/5/9 56/5/9
f 56/5/9 55/5/9 57/5/9
f 58/5/9 57/5/9 55/5/9
f 56/5/9 57/5/9 59/5/9
f 57/5/9 58/5/9 60/5/9
f 56/5/9 59/5/9 61/5/9
f 60/5/9 58/5/9 61/5/9
f 56/5/9 61/5/9 62/5/9
f 62/5/9 61/5/9 63/5/9
f 63/5/9 61/5/9 58/5/9
f 63/5/9 58/5/9 64/5/9
f 66/1/1 64/5/2 65/1/2
f 64/5/2 66/1/1 63/5/1
f 64/5/2 67/1/6 65/1/2
f 67/1/6 64/5/2 58/5/6
f 58/5/6 68/1/5 67/1/6
f 68/1/5 58/5/6 55/5/5
f 70/1/4 62/5/3 69/1/3
f 62/5/3 70/1/4 56/5/4
f 69/1/3 63/5/1 66/1/1
f 63/5/1 69/1/3 62/5/3
f 54/5/7 71/1/8 53/5/8
f 71/1/8 54/5/7 72/1/7
f 56/5/4 72/1/7 54/5/7
f 72/1/7 56/5/4 70/1/4
f 55/5/5 71/1/8 68/1/5
f 71/1/8 55/5/5 53/5/8
f 75/8/18 74/7/18 73/6/18
f 74/7/18 75/8/18 76/9/18
f 77/6/19 75/8/19 73/6/19
f 75/8/19 77/6/19 78/8/19
f 79/7/20 78/8/20 77/6/20
f 78/8/20 79/7/20 80/9/20
f 80/9/21 74/7/21 76/9/21
f 74/7/21 80/9/21 79/7/21
f 83/10/23 82/11/22 81/10/22
f 82/11/22 83/10/23 84/11/23
f 87/7/25 86/8/24 85/6/24
f 86/8/24 87/7/25 88/9/25
f 91/12/26 90/2/27 89/2/26
f 90/2/27 91/12/26 92/12/27
f 95/8/28 94/7/29 93/6/28
f 94/7/29 95/8/28 96/9/29
f 85/6/24 81/10/22 82/11/22
f 81/10/22 85/6/24 86/8/24
f 96/9/29 92/12/27 94/7/29
f 92/12/27 96/9/29 90/2/27
f 91/12/26 88/9/25 87/7/25
f 88/9/25 91/12/26 89/2/26
f 83/10/23 93/6/28 84/11/23
f 93/6/28 83/10/23 95/8/28
f 86/8/30 83/10/30 81/10/30
f 83/10/30 86/8/30 78/8/30
f 78/8/30 95/8/30 83/10/30
f 78/8/30 86/8/30 75/8/30
f 75/8/30 86/8/30 88/9/30
f 75/8/30 88/9/30 76/9/30
f 95/8/30 78/8/30 80/9/30
f 76/9/30 88/9/30 89/2/30
f 76/9/30 89/2/30 80/9/30
f 95/8/30 80/9/30 96/9/30
f 80/9/30 89/2/30 96/9/30
f 96/9/30 89/2/30 90/2/30
f 99/1/10 98/1/10 97/1/10
f 98/1/10 99/1/10 100/1/10
f 101/13/15 97/1/15 98/1/15
f 97/1/15 101/13/15 102/13/15
f 101/13/9 103/13/9 102/13/9
f 103/13/9 101/13/9 104/13/9
f 107/1/31 106/14/14 105/1/14
f 106/14/14 107/1/31 108/14/31
f 105/1/14 110/14/32 109/1/32
f 110/14/32 105/1/14 106/14/14
f 110/14/32 111/1/15 109/1/32
f 111/1/15 110/14/32 112/14/15
f 112/14/15 113/1/33 111/1/15
f 113/1/33 112/14/15 114/14/33
f 115/14/11 113/1/33 114/14/33
f 113/1/33 115/14/11 116/1/11
f 117/14/34 116/1/11 115/14/11
f 116/1/11 117/14/34 118/1/34
f 117/14/34 119/1/16 118/1/34
f 119/1/16 117/14/34 120/14/16
f 120/14/16 107/1/31 119/1/16
f 107/1/31 120/14/16 108/14/31
f 123/2/11 122/15/33 121/2/33
f 122/15/33 123/2/11 124/15/11
f 126/2/15 122/15/33 125/15/15
f 122/15/33 126/2/15 121/2/33
f 128/2/32 125/15/15 127/15/32
f 125/15/15 128/2/32 126/2/15
f 129/15/14 128/2/32 127/15/32
f 128/2/32 129/15/14 130/2/14
f 131/15/31 130/2/14 129/15/14
f 130/2/14 131/15/31 132/2/31
f 134/2/16 131/15/31 133/15/16
f 131/15/31 134/2/16 132/2/31
f 136/2/34 133/15/16 135/15/34
f 133/15/16 136/2/34 134/2/16
f 136/2/34 124/15/11 123/2/11
f 124/15/11 136/2/34 135/15/34
f 125/15/10 138/15/10 137/15/10
f 125/15/10 137/15/10 139/15/10
f 122/15/10 138/15/10 125/15/10
f 125/15/10 139/15/10 127/15/10
f 122/15/10 140/15/10 138/15/10
f 140/15/10 122/15/10 124/15/10
f 135/15/10 140/15/10 124/15/10
f 140/15/10 135/15/10 141/15/10
f 141/15/10 135/15/10 133/15/10
f 141/15/10 133/15/10 142/15/10
f 127/15/10 139/15/10 143/15/10
f 127/15/10 143/15/10 129/15/10
f 142/15/10 133/15/10 131/15/10
f 143/15/10 131/15/10 129/15/10
f 142/15/10 131/15/10 144/15/10
f 144/15/10 131/15/10 143/15/10
f 134/2/9 146/2/9 145/2/9
f 134/2/9 145/2/9 147/2/9
f 136/2/9 146/2/9 134/2/9
f 134/2/9 147/2/9 132/2/9
f 136/2/9 148/2/9 146/2/9
f 148/2/9 136/2/9 123/2/9
f 121/2/9 148/2/9 123/2/9
f 148/2/9 121/2/9 149/2/9
f 149/2/9 121/2/9 126/2/9
f 149/2/9 126/2/9 150/2/9
f 132/2/9 147/2/9 151/2/9
f 132/2/9 151/2/9 130/2/9
f 150/2/9 126/2/9 128/2/9
f 151/2/9 128/2/9 130/2/9
f 150/2/9 128/2/9 152/2/9
f 152/2/9 128/2/9 151/2/9
f 120/14/9 154/14/9 153/14/9
f 120/14/9 153/14/9 155/14/9
f 117/14/9 154/14/9 120/14/9
f 120/14/9 155/14/9 108/14/9
f 117/14/9 156/14/9 154/14/9
f 156/14/9 117/14/9 115/14/9
f 114/14/9 156/14/9 115/14/9
f 156/14/9 114/14/9 157/14/9
f 157/14/9 114/14/9 112/14/9
f 157/14/9 112/14/9 158/14/9
f 108/14/9 155/14/9 159/14/9
f 108/14/9 159/14/9 106/14/9
f 158/14/9 112/14/9 110/14/9
f 159/14/9 110/14/9 106/14/9
f 158/14/9 110/14/9 160/14/9
f 160/14/9 110/14/9 159/14/9
f 163/1/8 162/2/7 161/1/7
f 162/2/7 163/1/8 164/2/8
f 167/2/4 166/1/3 165/1/4
f 166/1/3 167/2/4 168/2/3
f 171/2/6 170/1/5 169/1/6
f 170/1/5 171/2/6 172/2/5
f 175/2/2 174/1/1 173/2/1
f 174/1/1 175/2/2 176/1/2
f 161/1/7 167/2/4 165/1/4
f 167/2/4 161/1/7 162/2/7
f 170/1/5 164/2/8 163/1/8
f 164/2/8 170/1/5 172/2/5
f 171/2/6 176/1/2 175/2/2
f 176/1/2 171/2/6 169/1/6
f 173/2/1 166/1/3 168/2/3
f 166/1/3 173/2/1 174/1/1
f 168/2/9 175/2/9 173/2/9
f 175/2/9 168/2/9 171/2/9
f 171/2/9 168/2/9 167/2/9
f 171/2/9 167/2/9 172/2/9
f 172/2/9 167/2/9 162/2/9
f 172/2/9 162/2/9 164/2/9
f 182/13/9 179/13/9 184/13/9
f 184/13/9 179/13/9 188/13/9
f 188/13/9 179/13/9 187/13/9
f 179/13/9 180/13/9 187/13/9
f 186/13/9 187/13/9 180/13/9
f 181/1/10 183/1/10 177/1/10
f 177/1/10 183/1/10 178/1/10
f 185/1/10 178/1/10 183/1/10
f 179/13/35 182/13/37 177/1/35
f 181/1/37 177/1/35 182/13/37
f 184/13/38 183/1/38 182/13/37
f 181/1/37 182/13/37 183/1/38
f 180/13/36 179/13/35 178/1/36
f 177/1/35 178/1/36 179/13/35
f 194/13/9 191/13/9 196/13/9
f 196/13/9 191/13/9 200/13/9
f 200/13/9 191/13/9 199/13/9
f 199/13/9 191/13/9 198/13/9
f 192/13/9 198/13/9 191/13/9
f 193/1/10 195/1/10 189/1/10
f 189/1/10 195/1/10 190/1/10
f 197/1/10 190/1/10 195/1/10
f 191/13/5 194/13/8 189/1/5
f 193/1/8 189/1/5 194/13/8
f 196/13/40 195/1/40 194/13/8
f 193/1/8 194/13/8 195/1/40
f 192/13/39 191/13/5 190/1/39
f 189/1/5 190/1/39 191/13/5
f 208/13/9 206/13/9 212/13/9
f 212/13/9 206/13/9 211/13/9
f 206/13/9 203/13/9 211/13/9
f 211/13/9 203/13/9 210/13/9
f 204/13/9 210/13/9 203/13/9
f 205/1/10 207/1/10 201/1/10
f 201/1/10 207/1/10 202/1/10
f 209/1/10 202/1/10 207/1/10
f 203/13/35 206/13/37 201/1/35
f 205/1/37 201/1/35 206/13/37
f 208/13/38 207/1/38 206/13/37
f 205/1/37 206/13/37 207/1/38
f 204/13/36 203/13/35 202/1/36
f 201/1/35 202/1/36 203/13/35
f 215/1/31 214/14/14 213/1/14
f 214/14/14 215/1/31 216/14/31
f 213/1/14 218/14/32 217/1/32
f 218/14/32 213/1/14 214/14/14
f 218/14/32 219/1/15 217/1/32
f 219/1/15 218/14/32 220/14/15
f 220/14/15 221/1/33 219/1/15
f 221/1/33 220/14/15 222/14/33
f 223/14/11 221/1/33 222/14/33
f 221/1/33 223/14/11 224/1/11
f 225/14/34 224/1/11 223/14/11
f 224/1/11 225/14/34 226/1/34
f 225/14/34 227/1/16 226/1/34
f 227/1/16 225/14/34 228/14/16
f 228/14/16 215/1/31 227/1/16
f 215/1/31 228/14/16 216/14/31
f 231/2/11 230/15/33 229/2/33
f 230/15/33 231/2/11 232/15/11
f 234/2/15 230/15/33 233/15/15
f 230/15/33 234/2/15 229/2/33
f 236/2/32 233/15/15 235/15/32
f 233/15/15 236/2/32 234/2/15
f 237/15/14 236/2/32 235/15/32
f 236/2/32 237/15/14 238/2/14
f 239/15/31 238/2/14 237/15/14
f 238/2/14 239/15/31 240/2/31
f 242/2/16 239/15/31 241/15/16
f 239/15/31 242/2/16 240/2/31
f 244/2/34 241/15/16 243/15/34
f 241/15/16 244/2/34 242/2/16
f 244/2/34 232/15/11 231/2/11
f 232/15/11 244/2/34 243/15/34
f 233/15/10 246/15/10 245/15/10
f 233/15/10 245/15/10 247/15/10
f 230/15/10 246/15/10 233/15/10
f 233/15/10 247/15/10 235/15/10
f 230/15/10 248/15/10 246/15/10
f 248/15/10 230/15/10 232/15/10
f 243/15/10 248/15/10 232/15/10
f 248/15/10 243/15/10 249/15/10
f 249/15/10 243/15/10 241/15/10
f 249/15/10 241/15/10 250/15/10
f 235/15/10 247/15/10 251/15/10
f 235/15/10 251/15/10 237/15/10
f 250/15/10 241/15/10 239/15/10
f 251/15/10 239/15/10 237/15/10
f 250/15/10 239/15/10 252/15/10
f 252/15/10 239/15/10 251/15/10
f 242/2/9 254/2/9 253/2/9
f 242/2/9 253/2/9 255/2/9
f 244/2/9 254/2/9 242/2/9
f 242/2/9 255/2/9 240/2/9
f 244/2/9 256/2/9 254/2/9
f 256/2/9 244/2/9 231/2/9
f 229/2/9 256/2/9 231/2/9
f 256/2/9 229/2/9 257/2/9
f 257/2/9 229/2/9 234/2/9
f 257/2/9 234/2/9 258/2/9
f 240/2/9 255/2/9 259/2/9
f 240/2/9 259/2/9 238/2/9
f 258/2/9 234/2/9 236/2/9
f 259/2/9 236/2/9 238/2/9
f 258/2/9 236/2/9 260/2/9
f 260/2/9 236/2/9 259/2/9
f 228/14/9 262/14/9 261/14/9
f 228/14/9 261/14/9 263/14/9
f 225/14/9 262/14/9 228/14/9
f 228/14/9 263/14/9 216/14/9
f 225/14/9 264/14/9 262/14/9
f 264/14/9 225/14/9 223/14/9
f 222/14/9 264/14/9 223/14/9
f 264/14/9 222/14/9 265/14/9
f 265/14/9 222/14/9 220/14/9
f 265/14/9 220/14/9 266/14/9
f 216/14/9 263/14/9 267/14/9
f 216/14/9 267/14/9 214/14/9
f 266/14/9 220/14/9 218/14/9
f 267/14/9 218/14/9 214/14/9
f 266/14/9 218/14/9 268/14/9
f 268/14/9 218/14/9 267/14/9
f 271/1/10 270/1/10 269/1/10
f 270/1/10 271/1/10 272/1/10
f 273/13/41 269/1/41 270/1/41
f 269/1/41 273/13/41 274/13/41
f 273/13/9 275/13/9 274/13/9
f 275/13/9 273/13/9 276/13/9
f 284/13/9 282/13/9 288/13/9
f 288/13/9 282/13/9 287/13/9
f 282/13/9 279/13/9 287/13/9
f 287/13/9 279/13/9 286/13/9
f 280/13/9 286/13/9 279/13/9
f 281/1/10 283/1/10 277/1/10
f 277/1/10 283/1/10 278/1/10
f 285/1/10 278/1/10 283/1/10
f 279/13/35 282/13/37 277/1/35
f 281/1/37 277/1/35 282/13/37
f 284/13/38 283/1/38 282/13/37
f 281/1/37 282/13/37 283/1/38
f 280/13/36 279/13/35 278/1/36
f 277/1/35 278/1/36 279/13/35
f 291/16/14 290/17/14 289/16/14
f 290/17/14 291/16/14 292/17/14
f 290/17/15 293/16/15 289/16/15
f 293/16/15 290/17/15 294/17/15
f 297/2/11 296/16/11 295/2/11
f 296/16/11 297/2/11 298/16/11
f 301/2/4 300/17/15 299/17/4
f 300/17/15 301/2/4 302/2/15
f 303/17/10 290/17/10 292/17/10
f 290/17/10 303/17/10 299/17/10
f 299/17/10 303/17/10 304/17/10
f 300/17/10 290/17/10 299/17/10
f 290/17/10 300/17/10 294/17/10
f 301/2/9 305/2/9 302/2/9
f 305/2/9 301/2/9 295/2/9
f 295/2/9 301/2/9 297/2/9
f 297/2/9 301/2/9 306/2/9
f 306/2/9 301/2/9 307/2/9
f 303/17/14 307/2/7 304/17/7
f 307/2/7 303/17/14 306/2/14
f 304/17/7 301/2/4 299/17/4
f 301/2/4 304/17/7 307/2/7
f 305/2/16 296/16/16 308/16/16
f 296/16/16 305/2/16 295/2/16
f 311/17/10 310/17/10 309/17/10
f 310/17/10 311/17/10 312/17/10
f 314/16/42 310/17/42 313/16/42
f 310/17/42 314/16/42 309/17/42
f 317/2/38 316/16/38 315/2/38
f 316/16/38 317/2/38 318/16/38
f 315/2/9 319/2/9 317/2/9
f 319/2/9 315/2/9 320/2/9
f 311/17/42 320/2/42 312/17/42
f 320/2/42 311/17/42 319/2/42
f 323/17/10 322/17/10 321/17/10
f 322/17/10 323/17/10 324/17/10
f 326/16/42 322/17/42 325/16/42
f 322/17/42 326/16/42 321/17/42
f 329/2/38 328/16/38 327/2/38
f 328/16/38 329/2/38 330/16/38
f 327/2/9 331/2/9 329/2/9
f 331/2/9 327/2/9 332/2/9
f 323/17/42 332/2/42 324/17/42
f 332/2/42 323/17/42 331/2/42
f 335/16/42 334/17/42 333/16/42
f 334/17/42 335/16/42 336/17/42
f 334/17/36 337/16/36 333/16/36
f 337/16/36 334/17/36 338/17/36
f 341/2/38 340/16/38 339/2/38
f 340/16/38 341/2/38 342/16/38
f 345/2/43 344/17/36 343/17/43
f 344/17/36 345/2/43 346/2/36
f 347/17/10 334/17/10 336/17/10
f 334/17/10 347/17/10 343/17/10
f 343/17/10 347/17/10 348/17/10
f 344/17/10 334/17/10 343/17/10
f 334/17/10 344/17/10 338/17/10
f 345/2/9 349/2/9 346/2/9
f 349/2/9 345/2/9 339/2/9
f 339/2/9 345/2/9 341/2/9
f 341/2/9 345/2/9 350/2/9
f 350/2/9 345/2/9 351/2/9
f 347/17/42 351/2/44 348/17/44
f 351/2/44 347/17/42 350/2/42
f 348/17/44 345/2/43 343/17/43
f 345/2/43 348/17/44 351/2/44
f 349/2/45 340/16/45 352/16/45
f 340/16/45 349/2/45 339/2/45
f 363/2/38 355/17/38 364/2/38
f 356/17/38 364/2/38 355/17/38
f 364/2/9 359/2/9 363/2/9
f 361/2/9 363/2/9 359/2/9
f 362/16/42 361/2/42 360/16/42
f 359/2/42 360/16/42 361/2/42
f 353/17/38 358/16/38 354/17/38
f 357/16/38 354/17/38 358/16/38
f 356/17/10 355/17/10 354/17/10
f 353/17/10 354/17/10 355/17/10
f 371/2/45 381/2/45 372/16/45
f 384/16/45 372/16/45 381/2/45
f 383/2/37 380/17/37 377/2/35
f 375/17/35 377/2/35 380/17/37
f 382/2/38 379/17/38 383/2/37
f 380/17/37 383/2/37 379/17/38
f 383/2/9 377/2/9 382/2/9
f 382/2/9 377/2/9 373/2/9
f 373/2/9 377/2/9 371/2/9
f 371/2/9 377/2/9 381/2/9
f 378/2/9 381/2/9 377/2/9
f 370/17/10 376/17/10 366/17/10
f 375/17/10 366/17/10 376/17/10
f 380/17/10 379/17/10 375/17/10
f 375/17/10 379/17/10 366/17/10
f 368/17/10 366/17/10 379/17/10
f 378/2/36 377/2/35 376/17/36
f 375/17/35 376/17/36 377/2/35
f 374/16/42 373/2/42 372/16/42
f 371/2/42 372/16/42 373/2/42
f 370/17/36 366/17/36 369/16/36
f 365/16/36 369/16/36 366/17/36
f 368/17/38 367/16/38 366/17/38
f 365/16/38 366/17/38 367/16/38
f 387/16/46 386/17/46 385/16/46
f 386/17/46 387/16/46 388/17/46
f 386/17/41 389/16/41 385/16/41
f 389/16/41 386/17/41 390/17/41
f 393/2/47 392/16/47 391/2/47
f 392/16/47 393/2/47 394/16/47
f 397/2/48 396/17/41 395/17/48
f 396/17/41 397/2/48 398/2/41
f 399/17/10 386/17/10 388/17/10
f 386/17/10 399/17/10 395/17/10
f 395/17/10 399/17/10 400/17/10
f 396/17/10 386/17/10 395/17/10
f 386/17/10 396/17/10 390/17/10
f 397/2/9 401/2/9 398/2/9
f 401/2/9 397/2/9 391/2/9
f 391/2/9 397/2/9 393/2/9
f 393/2/9 397/2/9 402/2/9
f 402/2/9 397/2/9 403/2/9
f 399/17/46 403/2/49 400/17/49
f 403/2/49 399/17/46 402/2/46
f 400/17/49 397/2/48 395/17/48
f 397/2/48 400/17/49 403/2/49
f 401/2/50 392/16/50 404/16/50
f 392/16/50 401/2/50 391/2/50
f 407/16/14 406/17/14 405/16/14
f 406/17/14 407/16/14 408/17/14
f 406/17/15 409/16/15 405/16/15
f 409/16/15 406/17/15 410/17/15
f 413/2/11 412/16/11 411/2/11
f 412/16/11 413/2/11 414/16/11
f 417/2/4 416/17/15 415/17/4
f 416/17/15 417/2/4 418/2/15
f 419/17/10 406/17/10 408/17/10
f 406/17/10 419/17/10 415/17/10
f 415/17/10 419/17/10 420/17/10
f 416/17/10 406/17/10 415/17/10
f 406/17/10 416/17/10 410/17/10
f 417/2/9 421/2/9 418/2/9
f 421/2/9 417/2/9 411/2/9
f 411/2/9 417/2/9 413/2/9
f 413/2/9 417/2/9 422/2/9
f 422/2/9 417/2/9 423/2/9
f 419/17/14 423/2/7 420/17/7
f 423/2/7 419/17/14 422/2/14
f 420/17/7 417/2/4 415/17/4
f 417/2/4 420/17/7 423/2/7
f 421/2/16 412/16/16 424/16/16
f 412/16/16 421/2/16 411/2/16
f 427/16/51 426/17/51 425/16/51
f 426/17/51 427/16/51 428/17/51
f 426/17/52 429/16/52 425/16/52
f 429/16/52 426/17/52 430/17/52
f 433/2/53 432/16/53 431/2/53
f 432/16/53 433/2/53 434/16/53
f 437/2/6 436/17/52 435/17/6
f 436/17/52 437/2/6 438/2/52
f 439/17/10 426/17/10 428/17/10
f 426/17/10 439/17/10 435/17/10
f 435/17/10 439/17/10 440/17/10
f 436/17/10 426/17/10 435/17/10
f 426/17/10 436/17/10 430/17/10
f 437/2/9 441/2/9 438/2/9
f 441/2/9 437/2/9 431/2/9
f 431/2/9 437/2/9 433/2/9
f 433/2/9 437/2/9 442/2/9
f 442/2/9 437/2/9 443/2/9
f 439/17/51 443/2/2 440/17/2
f 443/2/2 439/17/51 442/2/51
f 440/17/2 437/2/6 435/17/6
f 437/2/6 440/17/2 443/2/2
f 441/2/54 432/16/54 444/16/54
f 432/16/54 441/2/54 431/2/54
f 447/15/11 446/18/56 445/18/55
f 446/18/56 447/15/11 448/15/34
f 451/18/58 450/15/14 449/18/57
f 450/15/14 451/18/58 452/15/31
f 446/18/34 454/16/16 453/16/34
f 454/16/16 446/18/34 455/18/16
f 447/15/11 457/18/59 456/15/33
f 457/18/59 447/15/11 445/18/55
f 458/15/16 451/18/58 455/18/60
f 451/18/58 458/15/16 452/15/31
f 460/15/15 457/18/59 459/18/61
f 457/18/59 460/15/15 456/15/33
f 462/15/32 459/18/61 461/18/62
f 459/18/61 462/15/32 460/15/15
f 464/2/64 447/15/11 463/2/63
f 447/15/11 464/2/64 448/15/34
f 455/18/16 465/16/31 454/16/16
f 465/16/31 455/18/16 451/18/31
f 461/18/32 467/16/15 466/16/32
f 467/16/15 461/18/32 459/18/15
f 468/16/14 461/18/32 466/16/32
f 461/18/32 468/16/14 449/18/14
f 448/15/34 455/18/60 446/18/56
f 455/18/60 448/15/34 458/15/16
f 469/2/65 460/15/15 462/15/32
f 460/15/15 469/2/65 470/2/66
f 471/2/67 447/15/11 456/15/33
f 447/15/11 471/2/67 463/2/63
f 470/2/66 456/15/33 460/15/15
f 456/15/33 470/2/66 471/2/67
f 461/18/62 450/15/14 462/15/32
f 450/15/14 461/18/62 449/18/57
f 472/2/68 452/15/31 458/15/16
f 452/15/31 472/2/68 473/2/69
f 450/15/14 469/2/65 462/15/32
f 469/2/65 450/15/14 474/2/70
f 471/2/9 464/2/9 463/2/9
f 464/2/9 471/2/9 470/2/9
f 464/2/9 470/2/9 472/2/9
f 472/2/9 470/2/9 469/2/9
f 472/2/9 469/2/9 473/2/9
f 473/2/9 469/2/9 474/2/9
f 445/18/11 475/16/33 457/18/33
f 475/16/33 445/18/11 476/16/11
f 459/18/15 475/16/33 467/16/15
f 475/16/33 459/18/15 457/18/33
f 450/15/14 473/2/69 474/2/70
f 473/2/69 450/15/14 452/15/31
f 446/18/34 476/16/11 445/18/11
f 476/16/11 446/18/34 453/16/34
f 464/2/64 458/15/16 448/15/34
f 458/15/16 464/2/64 472/2/68
f 465/16/31 449/18/14 468/16/14
f 449/18/14 465/16/31 451/18/31
f 479/15/11 478/18/56 477/18/55
f 478/18/56 479/15/11 480/15/34
f 483/18/58 482/15/14 481/18/57
f 482/15/14 483/18/58 484/15/31
f 478/18/34 486/16/16 485/16/34
f 486/16/16 478/18/34 487/18/16
f 479/15/11 489/18/59 488/15/33
f 489/18/59 479/15/11 477/18/55
f 490/15/16 483/18/58 487/18/60
f 483/18/58 490/15/16 484/15/31
f 492/15/15 489/18/59 491/18/61
f 489/18/59 492/15/15 488/15/33
f 494/15/32 491/18/61 493/18/62
f 491/18/61 494/15/32 492/15/15
f 496/2/64 479/15/11 495/2/63
f 479/15/11 496/2/64 480/15/34
f 487/18/16 497/16/31 486/16/16
f 497/16/31 487/18/16 483/18/31
f 493/18/32 499/16/15 498/16/32
f 499/16/15 493/18/32 491/18/15
f 500/16/14 493/18/32 498/16/32
f 493/18/32 500/16/14 481/18/14
f 480/15/34 487/18/60 478/18/56
f 487/18/60 480/15/34 490/15/16
f 501/2/65 492/15/15 494/15/32
f 492/15/15 501/2/65 502/2/66
f 503/2/67 479/15/11 488/15/33
f 479/15/11 503/2/67 495/2/63
f 502/2/66 488/15/33 492/15/15
f 488/15/33 502/2/66 503/2/67
f 493/18/62 482/15/14 494/15/32
f 482/15/14 493/18/62 481/18/57
f 504/2/68 484/15/31 490/15/16
f 484/15/31 504/2/68 505/2/69
f 482/15/14 501/2/65 494/15/32
f 501/2/65 482/15/14 506/2/70
f 503/2/9 496/2/9 495/2/9
f 496/2/9 503/2/9 502/2/9
f 496/2/9 502/2/9 504/2/9
f 504/2/9 502/2/9 501/2/9
f 504/2/9 501/2/9 505/2/9
f 505/2/9 501/2/9 506/2/9
f 477/18/11 507/16/33 489/18/33
f 507/16/33 477/18/11 508/16/11
f 491/18/15 507/16/33 499/16/15
f 507/16/33 491/18/15 489/18/33
f 482/15/14 505/2/69 506/2/70
f 505/2/69 482/15/14 484/15/31
f 478/18/34 508/16/11 477/18/11
f 508/16/11 478/18/34 485/16/34
f 496/2/64 490/15/16 480/15/34
f 490/15/16 496/2/64 504/2/68
f 497/16/31 481/18/14 500/16/14
f 481/18/14 497/16/31 483/18/31
f 511/16/42 510/17/42 509/16/42
f 510/17/42 511/16/42 512/17/42
f 510/17/36 513/16/36 509/16/36
f 513/16/36 510/17/36 514/17/36
f 517/2/38 516/16/38 515/2/38
f 516/16/38 517/2/38 518/16/38
f 521/2/43 520/17/36 519/17/43
f 520/17/36 521/2/43 522/2/36
f 523/17/10 510/17/10 512/17/10
f 510/17/10 523/17/10 519/17/10
f 519/17/10 523/17/10 524/17/10
f 520/17/10 510/17/10 519/17/10
f 510/17/10 520/17/10 514/17/10
f 521/2/9 525/2/9 522/2/9
f 525/2/9 521/2/9 515/2/9
f 515/2/9 521/2/9 517/2/9
f 517/2/9 521/2/9 526/2/9
f 526/2/9 521/2/9 527/2/9
f 523/17/42 527/2/44 524/17/44
f 527/2/44 523/17/42 526/2/42
f 524/17/44 521/2/43 519/17/43
f 521/2/43 524/17/44 527/2/44
f 525/2/45 516/16/45 528/16/45
f 516/16/45 525/2/45 515/2/45
f 314/1/15 530/2/15 529/2/15
f 530/2/15 314/1/15 531/1/15
f 357/1/71 534/1/71 533/2/71
f 532/2/71 533/2/71 534/1/71
f 535/1/73 540/1/73 536/2/73
f 539/2/73 536/2/73 540/1/73
f 538/2/72 537/1/72 536/2/72
f 535/1/72 536/2/72 537/1/72
f 289/1/15 293/1/15 541/2/15
f 543/2/15 541/2/15 293/1/15
f 542/2/14 291/1/14 541/2/14
f 289/1/14 541/2/14 291/1/14
f 544/1/41 549/1/41 545/2/41
f 548/2/41 545/2/41 549/1/41
f 547/2/46 546/1/46 545/2/46
f 544/1/46 545/2/46 546/1/46
f 326/1/15 552/1/15 551/2/15
f 550/2/15 551/2/15 552/1/15
f 555/1/41 554/2/41 553/2/41
f 554/2/41 555/1/41 556/1/41
f 557/1/71 562/1/71 558/2/71
f 561/2/71 558/2/71 562/1/71
f 560/2/74 559/1/74 558/2/74
f 557/1/74 558/2/74 559/1/74
f 565/1/11 564/2/11 563/1/11
f 564/2/11 565/1/11 566/2/11
f 568/1/15 564/2/15 567/2/15
f 564/2/15 568/1/15 563/1/15
f 603/21/14 604/17/14 606/21/32
f 608/17/32 606/21/32 604/17/14
f 605/21/10 601/21/10 606/21/10
f 603/21/10 606/21/10 601/21/10
f 602/17/9 607/17/9 604/17/9
f 608/17/9 604/17/9 607/17/9
f 602/17/11 601/21/11 607/17/33
f 605/21/33 607/17/33 601/21/11
f 608/17/32 607/17/33 606/21/32
f 605/21/33 606/21/32 607/17/33
f 604/17/16 603/21/16 602/17/16
f 601/21/16 602/17/16 603/21/16
f 578/1/15 591/13/15 569/1/15
f 593/13/15 569/1/15 591/13/15
f 569/1/15 593/13/15 570/19/15
f 595/20/15 570/19/15 593/13/15
f 597/17/15 599/17/15 595/20/15
f 599/17/15 589/20/15 595/20/15
f 589/20/15 570/19/15 595/20/15
f 570/19/15 589/20/15 573/19/15
f 589/20/15 582/13/15 573/19/15
f 573/19/15 582/13/15 574/1/15
f 582/13/15 584/13/3 574/1/15
f 580/1/3 574/1/15 584/13/3
f 600/17/78 590/20/75 599/17/78
f 589/20/75 599/17/78 590/20/75
f 596/20/76 598/17/77 595/20/76
f 597/17/77 595/20/76 598/17/77
f 600/17/78 599/17/78 598/17/77
f 597/17/77 598/17/77 599/17/78
f 594/13/14 596/20/76 593/13/14
f 595/20/76 593/13/14 596/20/76
f 588/13/1 581/1/1 584/13/3
f 580/1/3 584/13/3 581/1/1
f 587/13/11 579/1/11 588/13/1
f 581/1/1 588/13/1 579/1/11
f 594/13/9 593/13/9 592/13/9
f 591/13/9 592/13/9 593/13/9
f 590/20/75 583/13/11 589/20/75
f 582/13/11 589/20/75 583/13/11
f 588/13/9 584/13/9 587/13/9
f 587/13/9 584/13/9 586/13/9
f 586/13/9 584/13/9 585/13/9
f 585/13/9 584/13/9 583/13/9
f 582/13/9 583/13/9 584/13/9
f 581/1/10 579/1/10 580/1/10
f 580/1/10 579/1/10 574/1/10
f 574/1/10 579/1/10 576/1/10
f 576/1/10 579/1/10 571/1/10
f 571/1/10 578/1/10 569/1/10
f 571/1/10 579/1/10 578/1/10
f 577/1/10 578/1/10 579/1/10
f 573/19/10 575/19/10 570/19/10
f 572/19/10 570/19/10 575/19/10
f 576/1/14 575/19/14 574/1/14
f 573/19/14 574/1/14 575/19/14
f 572/19/11 571/1/11 570/19/11
f 569/1/11 570/19/11 571/1/11
f 611/13/79 610/20/80 609/13/79
f 610/20/80 611/13/79 612/20/80
f 609/13/9 613/13/9 611/13/9
f 613/13/9 609/13/9 614/13/9
f 617/13/9 616/13/9 615/13/9
f 616/13/9 617/13/9 618/13/9
f 621/1/10 620/1/10 619/1/10
f 620/1/10 621/1/10 622/1/10
f 623/1/10 620/1/10 622/1/10
f 622/1/10 621/1/10 624/1/10
f 624/1/10 621/1/10 625/1/10
f 625/1/10 621/1/10 626/1/10
f 629/17/81 628/17/82 627/17/81
f 628/17/82 629/17/81 630/17/82
f 632/20/83 618/13/84 631/20/83
f 618/13/84 632/20/83 616/13/84
f 612/20/80 630/17/82 610/20/80
f 630/17/82 612/20/80 628/17/82
f 627/17/81 631/20/83 629/17/81
f 631/20/83 627/17/81 632/20/83
f 614/13/85 625/1/85 626/1/85
f 625/1/85 614/13/85 609/13/85
f 625/1/85 609/13/85 633/19/85
f 633/19/85 609/13/85 610/20/85
f 633/19/85 610/20/85 634/19/85
f 631/20/85 634/19/85 610/20/85
f 631/20/85 610/20/85 630/17/85
f 631/20/85 630/17/85 629/17/85
f 618/13/85 634/19/85 631/20/85
f 634/19/85 618/13/85 623/1/85
f 617/13/85 623/1/85 618/13/85
f 623/1/85 617/13/85 620/1/85
f 636/19/10 634/19/10 635/19/10
f 634/19/10 636/19/10 633/19/10
f 622/1/79 634/19/79 623/1/79
f 634/19/79 622/1/79 635/19/79
f 636/19/84 625/1/84 633/19/84
f 625/1/84 636/19/84 624/1/84
f 639/1/87 638/1/86 637/1/86
f 638/1/86 639/1/87 640/1/87
f 642/2/88 638/1/86 641/2/88
f 638/1/86 642/2/88 637/1/86
f 639/1/87 643/2/89 640/1/87
f 643/2/89 639/1/87 644/2/89
f 643/2/89 642/2/88 641/2/88
f 642/2/88 643/2/89 644/2/89
f 643/2/85 638/1/85 640/1/85
f 638/1/85 643/2/85 641/2/85
f 647/21/90 646/17/90 645/21/90
f 646/17/90 647/21/90 648/17/90
f 651/17/34 650/21/31 649/21/34
f 650/21/31 651/17/34 652/17/31
f 645/21/79 651/17/34 649/21/34
f 651/17/34 645/21/79 646/17/79
f 651/17/9 648/17/9 652/17/9
f 648/17/9 651/17/9 646/17/9
f 645/21/10 650/21/10 647/21/10
f 650/21/10 645/21/10 649/21/10
f 648/17/84 650/21/31 652/17/31
f 650/21/31 648/17/84 647/21/84
f 655/1/14 654/19/14 653/1/14
f 654/19/14 655/1/14 656/19/14
f 659/19/11 658/1/11 657/19/11
f 658/1/11 659/19/11 660/1/11
f 659/19/10 654/19/10 656/19/10
f 654/19/10 659/19/10 657/19/10
f 663/13/11 662/1/1 661/13/1
f 662/1/1 663/13/11 664/1/11
f 667/13/9 666/13/9 665/13/9
f 666/13/9 667/13/9 668/13/9
f 666/13/14 669/20/76 665/13/14
f 669/20/76 666/13/14 670/20/76
f 667/13/15 658/1/15 671/1/15
f 658/1/15 667/13/15 665/13/15
f 658/1/15 665/13/15 657/19/15
f 657/19/15 665/13/15 669/20/15
f 657/19/15 669/20/15 654/19/15
f 672/20/15 654/19/15 669/20/15
f 672/20/15 669/20/15 673/17/15
f 672/20/15 673/17/15 674/17/15
f 675/13/15 654/19/15 672/20/15
f 654/19/15 675/13/15 653/1/15
f 676/13/3 653/1/15 675/13/15
f 653/1/15 676/13/3 677/1/3
f 661/13/1 677/1/3 676/13/3
f 677/1/3 661/13/1 662/1/1
f 661/13/9 678/13/9 663/13/9
f 678/13/9 661/13/9 676/13/9
f 678/13/9 676/13/9 679/13/9
f 679/13/9 676/13/9 675/13/9
f 679/13/9 675/13/9 680/13/9
f 681/1/10 662/1/10 664/1/10
f 662/1/10 681/1/10 677/1/10
f 677/1/10 681/1/10 655/1/10
f 653/1/10 677/1/10 655/1/10
f 655/1/10 681/1/10 660/1/10
f 660/1/10 681/1/10 658/1/10
f 658/1/10 681/1/10 671/1/10
f 673/17/77 682/17/78 674/17/78
f 682/17/78 673/17/77 683/17/77
f 684/20/75 675/13/11 672/20/75
f 675/13/11 684/20/75 680/13/11
f 682/17/78 672/20/75 674/17/78
f 672/20/75 682/17/78 684/20/75
f 670/20/76 673/17/77 669/20/76
f 673/17/77 670/20/76 683/17/77
f 687/1/92 686/1/91 685/1/91
f 686/1/91 687/1/92 688/1/92
f 690/2/93 686/1/91 689/2/93
f 686/1/91 690/2/93 685/1/91
f 687/1/92 691/2/94 688/1/92
f 691/2/94 687/1/92 692/2/94
f 691/2/94 690/2/93 689/2/93
f 690/2/93 691/2/94 692/2/94
f 691/2/15 686/1/15 688/1/15
f 686/1/15 691/2/15 689/2/15
f 695/21/16 694/17/16 693/21/16
f 694/17/16 695/21/16 696/17/16
f 699/17/32 698/21/33 697/21/32
f 698/21/33 699/17/32 700/17/33
f 693/21/14 699/17/32 697/21/32
f 699/17/32 693/21/14 694/17/14
f 699/17/9 696/17/9 700/17/9
f 696/17/9 699/17/9 694/17/9
f 693/21/10 698/21/10 695/21/10
f 698/21/10 693/21/10 697/21/10
f 696/17/11 698/21/33 700/17/33
f 698/21/33 696/17/11 695/21/11
f 744/25/108 748/28/108 737/25/108
f 747/27/108 737/25/108 748/28/108
f 738/26/108 737/25/108 747/27/108
f 748/28/108 744/25/108 746/28/108
f 745/27/108 738/26/108 747/27/108
f 745/27/108 746/28/108 744/25/108
f 738/26/108 745/27/108 742/26/108
f 742/26/108 745/27/108 744/25/108
f 743/25/98 741/26/96 744/25/98
f 742/26/96 744/25/98 741/26/96
f 744/25/98 737/25/97 743/25/98
f 739/25/97 743/25/98 737/25/97
f 742/26/96 741/26/96 738/26/95
f 740/26/95 738/26/95 741/26/96
f 740/26/95 739/25/97 738/26/95
f 737/25/97 738/26/95 739/25/97
f 731/1/110 736/13/110 730/1/109
f 729/13/109 730/1/109 736/13/110
f 711/17/108 712/17/108 723/20/108
f 712/17/108 717/20/108 723/20/108
f 717/20/108 701/19/108 723/20/108
f 701/19/108 705/22/108 723/20/108
f 701/19/108 717/20/108 702/19/108
f 723/20/108 705/22/108 721/24/108
f 702/19/108 717/20/108 707/22/108
f 707/22/108 721/24/108 705/22/108
f 717/20/108 719/24/108 707/22/108
f 707/22/108 719/24/108 721/24/108
f 721/24/108 719/24/108 714/23/108
f 716/23/108 714/23/108 719/24/108
f 722/24/105 724/20/106 721/24/105
f 723/20/106 721/24/105 724/20/106
f 718/20/103 720/24/104 717/20/103
f 719/24/104 717/20/103 720/24/104
f 708/22/98 704/19/96 707/22/98
f 702/19/96 707/22/98 704/19/96
f 703/19/95 706/22/97 701/19/95
f 705/22/97 701/19/95 706/22/97
f 729/13/9 736/13/9 726/13/9
f 735/13/9 726/13/9 736/13/9
f 734/13/9 726/13/9 735/13/9
f 726/13/9 734/13/9 728/13/9
f 733/13/9 728/13/9 734/13/9
f 727/1/10 732/1/10 725/1/10
f 732/1/10 731/1/10 725/1/10
f 730/1/10 725/1/10 731/1/10
f 730/1/109 729/13/109 725/1/107
f 726/13/107 725/1/107 729/13/109
f 728/13/108 727/1/108 726/13/107
f 725/1/107 726/13/107 727/1/108
f 724/20/106 709/17/99 723/20/106
f 711/17/99 723/20/106 709/17/99
f 713/23/101 722/24/105 714/23/101
f 721/24/105 714/23/101 722/24/105
f 715/23/102 716/23/102 720/24/104
f 719/24/104 720/24/104 716/23/102
f 710/17/100 718/20/103 712/17/100
f 717/20/103 712/17/100 718/20/103
f 716/23/102 715/23/102 714/23/101
f 713/23/101 714/23/101 715/23/102
f 712/17/100 711/17/99 710/17/100
f 709/17/99 710/17/100 711/17/99
f 708/22/98 707/22/98 706/22/97
f 705/22/97 706/22/97 707/22/98
f 704/19/96 703/19/95 702/19/96
f 701/19/95 702/19/96 703/19/95
f 803/21/14 804/17/14 806/21/32
f 808/17/32 806/21/32 804/17/14
f 805/21/10 801/21/10 806/21/10
f 803/21/10 806/21/10 801/21/10
f 802/17/9 807/17/9 804/17/9
f 808/17/9 804/17/9 807/17/9
f 802/17/11 801/21/11 807/17/33
f 805/21/33 807/17/33 801/21/11
f 808/17/32 807/17/33 806/21/32
f 805/21/33 806/21/32 807/17/33
f 804/17/16 803/21/16 802/17/16
f 801/21/16 802/17/16 803/21/16
f 797/2/15 799/2/15 794/1/15
f 796/1/15 794/1/15 799/2/15
f 800/2/93 799/2/93 798/2/94
f 797/2/94 798/2/94 799/2/93
f 800/2/93 795/1/91 799/2/93
f 796/1/91 799/2/93 795/1/91
f 793/1/92 798/2/94 794/1/92
f 797/2/94 794/1/92 798/2/94
f 796/1/91 795/1/91 794/1/92
f 793/1/92 794/1/92 795/1/91
f 789/16/91 782/29/93 790/16/91
f 790/16/91 782/29/93 792/23/11
f 792/23/11 782/29/93 791/30/11
f 781/29/93 791/30/11 782/29/93
f 785/16/92 787/16/92 790/16/91
f 789/16/91 790/16/91 787/16/92
f 784/29/94 787/16/92 783/29/94
f 783/29/94 787/16/92 788/30/14
f 788/30/14 787/16/92 786/23/14
f 785/16/92 786/23/14 787/16/92
f 784/29/94 783/29/94 782/29/93
f 781/29/93 782/29/93 783/29/94
f 767/1/10 780/1/10 754/1/10
f 754/1/10 780/1/10 756/1/10
f 756/1/10 780/1/10 751/1/10
f 751/1/10 773/1/10 749/1/10
f 751/1/10 780/1/10 773/1/10
f 773/1/10 780/1/10 758/1/10
f 760/1/10 758/1/10 780/1/10
f 778/17/78 766/20/75 769/17/78
f 765/20/75 769/17/78 766/20/75
f 779/20/76 777/17/77 768/20/76
f 770/17/77 768/20/76 777/17/77
f 776/13/14 779/20/76 771/13/14
f 768/20/76 771/13/14 779/20/76
f 778/17/78 769/17/78 777/17/77
f 770/17/77 777/17/77 769/17/78
f 776/13/9 771/13/9 775/13/9
f 771/13/9 772/13/9 775/13/9
f 775/13/9 772/13/9 774/13/9
f 772/13/9 757/13/9 774/13/9
f 759/13/9 774/13/9 757/13/9
f 758/1/7 757/13/7 773/1/4
f 772/13/4 773/1/4 757/13/7
f 773/1/4 772/13/4 749/1/15
f 771/13/15 749/1/15 772/13/4
f 749/1/15 771/13/15 750/19/15
f 768/20/15 750/19/15 771/13/15
f 770/17/15 769/17/15 768/20/15
f 769/17/15 765/20/15 768/20/15
f 765/20/15 750/19/15 768/20/15
f 750/19/15 765/20/15 753/19/15
f 765/20/15 761/13/15 753/19/15
f 753/19/15 761/13/15 754/1/15
f 761/13/15 763/13/15 754/1/15
f 767/1/15 754/1/15 763/13/15
f 766/20/75 762/13/11 765/20/75
f 761/13/11 765/20/75 762/13/11
f 764/13/9 763/13/9 762/13/9
f 761/13/9 762/13/9 763/13/9
f 760/1/14 759/13/14 758/1/7
f 757/13/7 758/1/7 759/13/14
f 753/19/10 755/19/10 750/19/10
f 752/19/10 750/19/10 755/19/10
f 756/1/14 755/19/14 754/1/14
f 753/19/14 754/1/14 755/19/14
f 752/19/11 751/1/11 750/19/11
f 749/1/11 750/19/11 751/1/11
f 811/21/111 810/17/15 809/17/111
f 810/17/15 811/21/111 812/21/15
f 815/21/112 814/17/11 813/21/11
f 814/17/11 815/21/112 816/17/112
f 812/21/15 817/17/113 810/17/15
f 817/17/113 812/21/15 818/21/113
f 813/21/11 817/17/113 818/21/113
f 817/17/113 813/21/11 814/17/11
f 815/21/112 819/17/16 816/17/112
f 819/17/16 815/21/112 820/21/16
f 820/21/16 821/17/114 819/17/16
f 821/17/114 820/21/16 822/21/114
f 821/17/114 824/21/14 823/17/14
f 824/21/14 821/17/114 822/21/114
f 823/17/14 811/21/111 809/17/111
f 811/21/111 823/17/14 824/21/14
f 816/17/10 817/17/10 814/17/10
f 817/17/10 816/17/10 819/17/10
f 817/17/10 819/17/10 810/17/10
f 810/17/10 819/17/10 821/17/10
f 810/17/10 821/17/10 809/17/10
f 809/17/10 821/17/10 823/17/10
f 827/21/10 826/21/10 825/21/10
f 826/21/10 827/21/10 828/21/10
f 831/17/115 830/17/9 829/17/9
f 830/17/9 831/17/115 832/17/115
f 830/17/16 827/21/16 825/21/16
f 827/21/16 830/17/16 833/31/16
f 833/31/16 830/17/16 832/17/16
f 830/17/11 826/21/11 829/17/11
f 826/21/11 830/17/11 825/21/11
f 834/31/15 826/21/15 828/21/15
f 826/21/15 834/31/15 829/17/15
f 829/17/15 834/31/15 831/17/15
f 827/21/14 834/31/116 828/21/14
f 834/31/116 827/21/14 833/31/116
f 833/31/116 831/17/115 834/31/116
f 831/17/115 833/31/116 832/17/115
f 837/21/14 836/17/32 835/21/32
f 836/17/32 837/21/14 838/17/14
f 836/17/32 839/21/15 835/21/32
f 839/21/15 836/17/32 840/17/15
f 843/17/34 842/21/11 841/17/11
f 842/21/11 843/17/34 844/21/34
f 841/17/11 846/21/33 845/17/33
f 846/21/33 841/17/11 842/21/11
f 847/21/31 838/17/14 837/21/14
f 838/17/14 847/21/31 848/17/31
f 850/17/16 847/21/31 849/21/16
f 847/21/31 850/17/16 848/17/31
f 840/17/15 846/21/33 839/21/15
f 846/21/33 840/17/15 845/17/33
f 843/17/34 849/21/16 844/21/34
f 849/21/16 843/17/34 850/17/16
f 845/17/9 843/17/9 841/17/9
f 843/17/9 845/17/9 840/17/9
f 843/17/9 840/17/9 850/17/9
f 850/17/9 840/17/9 836/17/9
f 850/17/9 836/17/9 848/17/9
f 848/17/9 836/17/9 838/17/9
f 844/21/10 846/21/10 842/21/10
f 846/21/10 844/21/10 849/21/10
f 846/21/10 849/21/10 839/21/10
f 839/21/10 849/21/10 847/21/10
f 839/21/10 847/21/10 835/21/10
f 835/21/10 847/21/10 837/21/10
f 853/21/14 852/17/32 851/21/32
f 852/17/32 853/21/14 854/17/14
f 852/17/32 855/21/15 851/21/32
f 855/21/15 852/17/32 856/17/15
f 859/17/34 858/21/11 857/17/11
f 858/21/11 859/17/34 860/21/34
f 857/17/11 862/21/33 861/17/33
f 862/21/33 857/17/11 858/21/11
f 863/21/31 854/17/14 853/21/14
f 854/17/14 863/21/31 864/17/31
f 866/17/16 863/21/31 865/21/16
f 863/21/31 866/17/16 864/17/31
f 856/17/15 862/21/33 855/21/15
f 862/21/33 856/17/15 861/17/33
f 859/17/34 865/21/16 860/21/34
f 865/21/16 859/17/34 866/17/16
f 861/17/9 859/17/9 857/17/9
f 859/17/9 861/17/9 856/17/9
f 859/17/9 856/17/9 866/17/9
f 866/17/9 856/17/9 852/17/9
f 866/17/9 852/17/9 864/17/9
f 864/17/9 852/17/9 854/17/9
f 860/21/10 862/21/10 858/21/10
f 862/21/10 860/21/10 865/21/10
f 862/21/10 865/21/10 855/21/10
f 855/21/10 865/21/10 863/21/10
f 855/21/10 863/21/10 851/21/10
f 851/21/10 863/21/10 853/21/10
f 869/19/96 868/19/95 867/19/96
f 868/19/95 869/19/96 870/19/95
f 873/22/97 872/22/98 871/22/98
f 872/22/98 873/22/97 874/22/97
f 877/17/100 876/17/99 875/17/100
f 876/17/99 877/17/100 878/17/99
f 881/23/101 880/23/102 879/23/102
f 880/23/102 881/23/101 882/23/101
f 884/20/106 878/17/99 883/20/106
f 878/17/99 884/20/106 876/17/99
f 882/23/101 886/24/105 885/24/105
f 886/24/105 882/23/101 881/23/101
f 888/24/104 880/23/102 887/24/104
f 880/23/102 888/24/104 879/23/102
f 875/17/100 889/20/103 877/17/100
f 889/20/103 875/17/100 890/20/103
f 893/1/108 892/13/117 891/1/117
f 892/13/117 893/1/108 894/13/108
f 895/13/118 891/1/117 892/13/117
f 891/1/117 895/13/118 896/1/118
f 897/1/10 891/1/10 896/1/10
f 891/1/10 897/1/10 898/1/10
f 891/1/10 898/1/10 893/1/10
f 900/13/9 894/13/9 899/13/9
f 894/13/9 900/13/9 892/13/9
f 901/13/9 892/13/9 900/13/9
f 902/13/9 892/13/9 901/13/9
f 892/13/9 902/13/9 895/13/9
f 872/22/98 867/19/96 871/22/98
f 867/19/96 872/22/98 869/19/96
f 870/19/95 873/22/97 868/19/95
f 873/22/97 870/19/95 874/22/97
f 886/24/105 883/20/106 885/24/105
f 883/20/106 886/24/105 884/20/106
f 890/20/103 887/24/104 889/20/103
f 887/24/104 890/20/103 888/24/104
f 885/24/108 880/23/108 882/23/108
f 880/23/108 885/24/108 887/24/108
f 887/24/108 885/24/108 873/22/108
f 873/22/108 885/24/108 883/20/108
f 871/22/108 887/24/108 873/22/108
f 873/22/108 883/20/108 868/19/108
f 887/24/108 871/22/108 889/20/108
f 868/19/108 883/20/108 867/19/108
f 889/20/108 871/22/108 867/19/108
f 889/20/108 867/19/108 883/20/108
f 889/20/108 883/20/108 878/17/108
f 889/20/108 878/17/108 877/17/108
f 902/13/119 896/1/118 895/13/118
f 896/1/118 902/13/119 897/1/119
f 905/25/98 904/26/96 903/25/98
f 904/26/96 905/25/98 906/26/96
f 907/26/95 904/26/96 906/26/96
f 904/26/96 907/26/95 908/26/95
f 903/25/98 909/25/97 905/25/98
f 909/25/97 903/25/98 910/25/97
f 907/26/95 910/25/97 908/26/95
f 910/25/97 907/26/95 909/25/97
f 910/25/108 911/27/108 908/26/108
f 908/26/108 911/27/108 904/26/108
f 910/25/108 912/28/108 911/27/108
f 913/27/108 904/26/108 911/27/108
f 912/28/108 910/25/108 914/28/108
f 913/27/108 903/25/108 904/26/108
f 914/28/108 903/25/108 913/27/108
f 903/25/108 914/28/108 910/25/108
f 917/32/9 916/32/9 915/32/9
f 916/32/9 917/32/9 918/32/9
f 919/32/15 103/33/15 104/33/15
f 103/33/15 919/32/15 920/32/15
f 159/34/121 139/35/120 160/34/120
f 139/35/120 158/34/122 160/34/120
f 139/35/120 159/34/121 143/35/121
f 158/34/122 139/35/120 137/35/122
f 137/35/122 157/34/123 158/34/122
f 157/34/123 137/35/122 138/35/123
f 155/34/124 143/35/121 159/34/121
f 143/35/121 155/34/124 144/35/124
f 155/34/124 142/35/125 144/35/124
f 142/35/125 155/34/124 153/34/125
f 138/35/123 156/34/126 157/34/123
f 156/34/126 138/35/123 140/35/126
f 153/34/125 141/35/127 142/35/125
f 141/35/127 156/34/126 140/35/126
f 141/35/127 153/34/125 154/34/127
f 156/34/126 141/35/127 154/34/127
f 547/32/38 212/33/38 921/32/38
f 211/33/38 921/32/38 212/33/38
f 922/32/36 921/32/36 210/33/36
f 211/33/36 210/33/36 921/32/36
f 267/34/121 247/35/120 268/34/120
f 247/35/120 266/34/122 268/34/120
f 247/35/120 267/34/121 251/35/121
f 266/34/122 247/35/120 245/35/122
f 245/35/122 265/34/123 266/34/122
f 265/34/123 245/35/122 246/35/123
f 263/34/124 251/35/121 267/34/121
f 251/35/121 263/34/124 252/35/124
f 263/34/124 250/35/125 252/35/124
f 250/35/125 263/34/124 261/34/125
f 246/35/123 264/34/126 265/34/123
f 264/34/126 246/35/123 248/35/126
f 261/34/125 249/35/127 250/35/125
f 249/35/127 264/34/126 248/35/126
f 249/35/127 261/34/125 262/34/127
f 264/34/126 249/35/127 262/34/127
f 923/32/41 275/33/41 276/33/41
f 275/33/41 923/32/41 924/32/41
f 927/32/38 288/33/38 925/32/38
f 287/33/38 925/32/38 288/33/38
f 926/32/36 925/32/36 286/33/36
f 287/33/36 286/33/36 925/32/36
f 594/33/15 592/33/15 596/36/15
f 928/32/15 596/36/15 592/33/15
f 598/37/15 596/36/15 928/32/15
f 564/32/15 598/37/15 928/32/15
f 598/37/15 564/32/15 600/37/15
f 600/37/15 564/32/15 590/36/15
f 590/36/15 564/32/15 583/33/15
f 585/33/15 583/33/15 564/32/15
f 566/32/11 586/33/11 564/32/11
f 585/33/11 564/32/11 586/33/11
f 929/32/85 611/33/85 613/33/85
f 611/33/85 929/32/85 612/36/85
f 612/36/85 929/32/85 930/37/85
f 628/37/85 612/36/85 930/37/85
f 930/37/85 929/32/85 628/37/85
f 628/37/85 929/32/85 627/37/85
f 627/37/85 929/32/85 931/37/85
f 932/32/85 931/37/85 929/32/85
f 931/37/85 632/36/85 627/37/85
f 932/32/85 632/36/85 931/37/85
f 615/33/85 632/36/85 932/32/85
f 632/36/85 615/33/85 616/33/85
f 710/37/108 935/32/108 718/36/108
f 718/36/108 935/32/108 720/38/108
f 709/37/108 935/32/108 710/37/108
f 935/32/108 733/33/108 720/38/108
f 935/32/108 709/37/108 933/32/108
f 720/38/108 733/33/108 715/39/108
f 734/33/108 715/39/108 733/33/108
f 715/39/108 734/33/108 713/39/108
f 713/39/108 734/33/108 722/38/108
f 933/32/108 722/38/108 734/33/108
f 709/37/108 724/36/108 933/32/108
f 724/36/108 722/38/108 933/32/108
f 735/33/110 934/32/110 734/33/110
f 933/32/110 734/33/110 934/32/110
f 776/33/15 775/33/15 779/36/15
f 936/32/15 779/36/15 775/33/15
f 777/37/15 779/36/15 936/32/15
f 938/32/15 777/37/15 936/32/15
f 777/37/15 938/32/15 778/37/15
f 778/37/15 938/32/15 766/36/15
f 766/36/15 938/32/15 762/33/15
f 764/33/15 762/33/15 938/32/15
f 774/33/14 937/32/14 775/33/14
f 936/32/14 775/33/14 937/32/14
f 940/40/128 57/41/128 939/40/128
f 57/41/128 940/40/128 59/41/128
f 941/42/20 57/41/20 60/41/20
f 57/41/20 941/42/20 939/40/20
f 940/40/18 61/41/18 59/41/18
f 61/41/18 940/40/18 942/42/18
f 61/41/129 941/42/129 60/41/129
f 941/42/129 61/41/129 942/42/129
f 945/43/21 944/44/21 943/43/21
f 944/44/21 945/43/21 946/44/21
f 946/44/20 948/46/20 947/45/20
f 948/46/20 946/44/20 949/47/20
f 949/47/20 946/44/20 950/48/20
f 950/48/20 946/44/20 951/49/20
f 951/49/20 946/44/20 952/50/20
f 952/50/20 946/44/20 945/43/20
f 947/45/19 954/46/19 953/45/19
f 954/46/19 947/45/19 948/46/19
f 954/46/18 944/44/18 953/45/18
f 944/44/18 954/46/18 955/47/18
f 944/44/18 955/47/18 956/48/18
f 944/44/18 956/48/18 957/49/18
f 944/44/18 957/49/18 958/50/18
f 944/44/18 958/50/18 943/43/18
f 77/52/30 948/46/30 79/51/30
f 948/46/30 77/52/30 73/52/30
f 73/52/30 954/46/30 948/46/30
f 954/46/30 73/52/30 74/51/30
f 954/46/30 74/51/30 955/47/30
f 79/51/30 948/46/30 949/47/30
f 956/48/30 949/47/30 955/47/30
f 955/47/30 74/51/30 956/48/30
f 949/47/30 956/48/30 950/48/30
f 79/51/30 949/47/30 950/48/30
f 956/48/30 74/51/30 957/49/30
f 79/51/30 950/48/30 951/49/30
f 958/50/30 951/49/30 957/49/30
f 957/49/30 74/51/30 958/50/30
f 951/49/30 958/50/30 952/50/30
f 79/51/30 951/49/30 952/50/30
f 958/50/30 74/51/30 943/43/30
f 79/51/30 952/50/30 945/43/30
f 943/43/30 74/51/30 945/43/30
f 79/51/30 945/43/30 74/51/30
f 942/42/30 93/52/30 94/51/30
f 942/42/30 94/51/30 92/53/30
f 940/40/30 93/52/30 942/42/30
f 93/52/30 940/40/30 84/54/30
f 940/40/30 82/54/30 84/54/30
f 939/40/30 82/54/30 940/40/30
f 82/54/30 939/40/30 85/52/30
f 942/42/30 92/53/30 941/42/30
f 85/52/30 939/40/30 941/42/30
f 91/53/30 941/42/30 92/53/30
f 85/52/30 941/42/30 87/51/30
f 87/51/30 941/42/30 91/53/30
f 961/55/9 960/55/9 959/55/9
f 960/55/9 961/55/9 962/55/9
f 960/55/9 962/55/9 963/55/9
f 963/55/9 962/55/9 964/55/9
f 964/55/9 962/55/9 965/55/9
f 964/55/9 965/55/9 966/55/9
f 149/56/31 962/55/16 961/55/31
f 962/55/16 149/56/31 150/56/16
f 150/56/16 965/55/34 962/55/16
f 965/55/34 150/56/16 152/56/34
f 151/56/11 965/55/34 152/56/34
f 965/55/34 151/56/11 966/55/11
f 147/56/33 966/55/11 151/56/11
f 966/55/11 147/56/33 964/55/33
f 147/56/33 963/55/15 964/55/33
f 963/55/15 147/56/33 145/56/15
f 145/56/15 960/55/32 963/55/15
f 960/55/32 145/56/15 146/56/32
f 960/55/32 148/56/14 959/55/14
f 148/56/14 960/55/32 146/56/32
f 959/55/14 149/56/31 961/55/31
f 149/56/31 959/55/14 148/56/14
f 387/56/38 188/57/38 967/56/38
f 187/57/38 967/56/38 188/57/38
f 968/56/36 967/56/36 186/57/36
f 187/57/36 186/57/36 967/56/36
f 971/56/40 200/57/40 969/56/40
f 199/57/40 969/56/40 200/57/40
f 970/56/39 969/56/39 198/57/39
f 199/57/39 198/57/39 969/56/39
f 974/55/9 973/55/9 972/55/9
f 973/55/9 974/55/9 975/55/9
f 973/55/9 975/55/9 976/55/9
f 976/55/9 975/55/9 977/55/9
f 977/55/9 975/55/9 978/55/9
f 977/55/9 978/55/9 979/55/9
f 257/56/31 975/55/16 974/55/31
f 975/55/16 257/56/31 258/56/16
f 258/56/16 978/55/34 975/55/16
f 978/55/34 258/56/16 260/56/34
f 259/56/11 978/55/34 260/56/34
f 978/55/34 259/56/11 979/55/11
f 255/56/33 979/55/11 259/56/11
f 979/55/11 255/56/33 977/55/33
f 255/56/33 976/55/15 977/55/33
f 976/55/15 255/56/33 253/56/15
f 253/56/15 973/55/32 976/55/15
f 973/55/32 253/56/15 254/56/32
f 973/55/32 256/56/14 972/55/14
f 256/56/14 973/55/32 254/56/32
f 972/55/14 257/56/31 974/55/31
f 257/56/31 972/55/14 256/56/14
f 296/58/9 980/58/9 308/58/9
f 980/58/9 296/58/9 298/58/9
f 982/58/9 318/58/9 981/58/9
f 318/58/9 982/58/9 316/58/9
f 984/58/9 330/58/9 983/58/9
f 330/58/9 984/58/9 328/58/9
f 340/58/9 985/58/9 352/58/9
f 985/58/9 340/58/9 342/58/9
f 360/58/9 987/58/9 362/58/9
f 986/58/9 362/58/9 987/58/9
f 374/58/9 372/58/9 988/58/9
f 384/58/9 988/58/9 372/58/9
f 392/58/9 989/58/9 404/58/9
f 989/58/9 392/58/9 394/58/9
f 412/58/9 990/58/9 424/58/9
f 990/58/9 412/58/9 414/58/9
f 432/58/9 991/58/9 444/58/9
f 991/58/9 432/58/9 434/58/9
f 516/58/9 992/58/9 528/58/9
f 992/58/9 516/58/9 518/58/9
f 996/59/15 995/59/15 994/56/15
f 993/56/15 994/56/15 995/59/15
f 636/60/85 622/59/85 624/59/85
f 622/59/85 636/60/85 635/60/85
f 427/56/11 679/57/11 997/56/11
f 679/57/11 427/56/11 678/57/11
f 659/60/15 655/59/15 660/59/15
f 655/59/15 659/60/15 656/60/15
f 998/56/15 666/57/15 668/57/15
f 666/57/15 998/56/15 670/61/15
f 670/61/15 998/56/15 683/62/15
f 683/62/15 998/56/15 682/62/15
f 997/56/15 682/62/15 998/56/15
f 997/56/15 684/61/15 682/62/15
f 679/57/15 684/61/15 997/56/15
f 684/61/15 679/57/15 680/57/15
f 755/60/15 790/58/15 752/60/15
f 790/58/15 755/60/15 785/58/15
f 790/58/15 792/65/15 752/60/15
f 785/58/15 755/60/15 786/65/15
f 792/65/15 791/64/15 752/60/15
f 792/65/15 786/65/15 791/64/15
f 786/65/15 755/60/15 788/64/15
f 788/64/15 791/64/15 786/65/15
f 791/64/15 781/63/15 752/60/15
f 788/64/15 755/60/15 783/63/15
f 752/60/15 781/63/15 751/59/15
f 783/63/15 751/59/15 781/63/15
f 755/60/15 756/59/15 783/63/15
f 751/59/15 783/63/15 756/59/15
f 1000/56/119 900/57/119 999/56/119
f 900/57/119 1000/56/119 901/57/119
f 999/56/108 888/66/108 890/61/108
f 999/56/108 890/61/108 875/62/108
f 900/57/108 888/66/108 999/56/108
f 888/66/108 900/57/108 879/65/108
f 879/65/108 900/57/108 881/65/108
f 899/57/108 881/65/108 900/57/108
f 881/65/108 899/57/108 886/66/108
f 999/56/108 875/62/108 1001/56/108
f 886/66/108 899/57/108 1001/56/108
f 876/62/108 1001/56/108 875/62/108
f 886/66/108 1001/56/108 884/61/108
f 884/61/108 1001/56/108 876/62/108

usemtl colormap-specular

f 953/67/30 946/68/30 947/67/30
f 946/68/30 953/67/30 944/68/30
f 740/70/108 741/70/108 739/69/108
f 743/69/108 739/69/108 741/70/108
f 789/72/15 787/72/15 782/71/15
f 784/71/15 782/71/15 787/72/15
f 907/70/108 905/69/108 909/69/108
f 905/69/108 907/70/108 906/70/108

g building-e




usemtl colormap

f 4/2/9 2/2/9 12/2/9
f 2/2/9 7/2/9 12/2/9
f 12/2/9 7/2/9 11/2/9
f 7/2/9 8/2/9 11/2/9
f 11/2/9 8/2/9 15/2/9
f 13/2/9 15/2/9 8/2/9
f 14/1/7 13/2/7 6/1/4
f 8/2/4 6/1/4 13/2/7
f 9/1/5 11/2/5 16/1/8
f 15/2/8 16/1/8 11/2/5
f 12/2/6 10/1/6 4/2/2
f 3/1/2 4/2/2 10/1/6
f 2/2/1 1/1/1 7/2/3
f 5/1/3 7/2/3 1/1/1
f 16/1/8 15/2/8 14/1/7
f 13/2/7 14/1/7 15/2/8
f 12/2/6 11/2/5 10/1/6
f 9/1/5 10/1/6 11/2/5
f 8/2/4 7/2/3 6/1/4
f 5/1/3 6/1/4 7/2/3
f 4/2/2 3/1/2 2/2/1
f 1/1/1 2/2/1 3/1/2
f 19/1/10 18/1/10 17/1/10
f 18/1/10 19/1/10 20/1/10
f 23/3/11 22/2/11 21/3/11
f 22/2/11 23/3/11 24/2/11
f 25/1/11 24/2/11 23/3/11
f 25/1/11 26/4/11 24/2/11
f 27/1/11 26/4/11 25/1/11
f 26/4/11 27/1/11 28/3/11
f 30/4/13 28/3/12 29/3/12
f 28/3/12 30/4/13 26/4/13
f 31/3/10 23/3/10 21/3/10
f 23/3/10 31/3/10 32/3/10
f 34/1/14 29/3/14 33/1/14
f 29/3/14 34/1/14 30/4/14
f 30/4/14 34/1/14 35/2/14
f 35/2/14 34/1/14 32/3/14
f 35/2/14 32/3/14 31/3/14
f 35/2/14 31/3/14 36/2/14
f 29/3/12 27/1/15 33/1/15
f 27/1/15 29/3/12 28/3/12
f 23/3/16 34/1/16 25/1/16
f 34/1/16 23/3/16 32/3/16
f 35/2/17 22/2/9 24/2/17
f 22/2/9 35/2/17 36/2/9
f 26/4/13 35/2/17 24/2/17
f 35/2/17 26/4/13 30/4/13
f 39/3/11 38/2/11 37/3/11
f 38/2/11 39/3/11 40/2/11
f 41/1/11 40/2/11 39/3/11
f 41/1/11 42/4/11 40/2/11
f 43/1/11 42/4/11 41/1/11
f 42/4/11 43/1/11 44/3/11
f 46/4/13 44/3/12 45/3/12
f 44/3/12 46/4/13 42/4/13
f 47/3/10 39/3/10 37/3/10
f 39/3/10 47/3/10 48/3/10
f 50/1/14 45/3/14 49/1/14
f 45/3/14 50/1/14 46/4/14
f 46/4/14 50/1/14 51/2/14
f 51/2/14 50/1/14 48/3/14
f 51/2/14 48/3/14 47/3/14
f 51/2/14 47/3/14 52/2/14
f 45/3/12 43/1/15 49/1/15
f 43/1/15 45/3/12 44/3/12
f 39/3/16 50/1/16 41/1/16
f 50/1/16 39/3/16 48/3/16
f 51/2/17 38/2/9 40/2/17
f 38/2/9 51/2/17 52/2/9
f 42/4/13 51/2/17 40/2/17
f 51/2/17 42/4/13 46/4/13
f 55/5/9 54/5/9 53/5/9
f 54/5/9 55/5/9 56/5/9
f 56/5/9 55/5/9 57/5/9
f 58/5/9 57/5/9 55/5/9
f 56/5/9 57/5/9 59/5/9
f 57/5/9 58/5/9 60/5/9
f 56/5/9 59/5/9 61/5/9
f 60/5/9 58/5/9 61/5/9
f 56/5/9 61/5/9 62/5/9
f 62/5/9 61/5/9 63/5/9
f 63/5/9 61/5/9 58/5/9
f 63/5/9 58/5/9 64/5/9
f 66/1/1 64/5/2 65/1/2
f 64/5/2 66/1/1 63/5/1
f 64/5/2 67/1/6 65/1/2
f 67/1/6 64/5/2 58/5/6
f 58/5/6 68/1/5 67/1/6
f 68/1/5 58/5/6 55/5/5
f 70/1/4 62/5/3 69/1/3
f 62/5/3 70/1/4 56/5/4
f 69/1/3 63/5/1 66/1/1
f 63/5/1 69/1/3 62/5/3
f 54/5/7 71/1/8 53/5/8
f 71/1/8 54/5/7 72/1/7
f 56/5/4 72/1/7 54/5/7
f 72/1/7 56/5/4 70/1/4
f 55/5/5 71/1/8 68/1/5
f 71/1/8 55/5/5 53/5/8
f 75/8/18 74/7/18 73/6/18
f 74/7/18 75/8/18 76/9/18
f 77/6/19 75/8/19 73/6/19
f 75/8/19 77/6/19 78/8/19
f 79/7/20 78/8/20 77/6/20
f 78/8/20 79/7/20 80/9/20
f 80/9/21 74/7/21 76/9/21
f 74/7/21 80/9/21 79/7/21
f 83/10/23 82/11/22 81/10/22
f 82/11/22 83/10/23 84/11/23
f 87/7/25 86/8/24 85/6/24
f 86/8/24 87/7/25 88/9/25
f 91/12/26 90/2/27 89/2/26
f 90/2/27 91/12/26 92/12/27
f 95/8/28 94/7/29 93/6/28
f 94/7/29 95/8/28 96/9/29
f 85/6/24 81/10/22 82/11/22
f 81/10/22 85/6/24 86/8/24
f 96/9/29 92/12/27 94/7/29
f 92/12/27 96/9/29 90/2/27
f 91/12/26 88/9/25 87/7/25
f 88/9/25 91/12/26 89/2/26
f 83/10/23 93/6/28 84/11/23
f 93/6/28 83/10/23 95/8/28
f 86/8/30 83/10/30 81/10/30
f 83/10/30 86/8/30 78/8/30
f 78/8/30 95/8/30 83/10/30
f 78/8/30 86/8/30 75/8/30
f 75/8/30 86/8/30 88/9/30
f 75/8/30 88/9/30 76/9/30
f 95/8/30 78/8/30 80/9/30
f 76/9/30 88/9/30 89/2/30
f 76/9/30 89/2/30 80/9/30
f 95/8/30 80/9/30 96/9/30
f 80/9/30 89/2/30 96/9/30
f 96/9/30 89/2/30 90/2/30
f 99/1/10 98/1/10 97/1/10
f 98/1/10 99/1/10 100/1/10
f 101/13/15 97/1/15 98/1/15
f 97/1/15 101/13/15 102/13/15
f 101/13/9 103/13/9 102/13/9
f 103/13/9 101/13/9 104/13/9
f 107/1/31 106/14/14 105/1/14
f 106/14/14 107/1/31 108/14/31
f 105/1/14 110/14/32 109/1/32
f 110/14/32 105/1/14 106/14/14
f 110/14/32 111/1/15 109/1/32
f 111/1/15 110/14/32 112/14/15
f 112/14/15 113/1/33 111/1/15
f 113/1/33 112/14/15 114/14/33
f 115/14/11 113/1/33 114/14/33
f 113/1/33 115/14/11 116/1/11
f 117/14/34 116/1/11 115/14/11
f 116/1/11 117/14/34 118/1/34
f 117/14/34 119/1/16 118/1/34
f 119/1/16 117/14/34 120/14/16
f 120/14/16 107/1/31 119/1/16
f 107/1/31 120/14/16 108/14/31
f 123/2/11 122/15/33 121/2/33
f 122/15/33 123/2/11 124/15/11
f 126/2/15 122/15/33 125/15/15
f 122/15/33 126/2/15 121/2/33
f 128/2/32 125/15/15 127/15/32
f 125/15/15 128/2/32 126/2/15
f 129/15/14 128/2/32 127/15/32
f 128/2/32 129/15/14 130/2/14
f 131/15/31 130/2/14 129/15/14
f 130/2/14 131/15/31 132/2/31
f 134/2/16 131/15/31 133/15/16
f 131/15/31 134/2/16 132/2/31
f 136/2/34 133/15/16 135/15/34
f 133/15/16 136/2/34 134/2/16
f 136/2/34 124/15/11 123/2/11
f 124/15/11 136/2/34 135/15/34
f 125/15/10 138/15/10 137/15/10
f 125/15/10 137/15/10 139/15/10
f 122/15/10 138/15/10 125/15/10
f 125/15/10 139/15/10 127/15/10
f 122/15/10 140/15/10 138/15/10
f 140/15/10 122/15/10 124/15/10
f 135/15/10 140/15/10 124/15/10
f 140/15/10 135/15/10 141/15/10
f 141/15/10 135/15/10 133/15/10
f 141/15/10 133/15/10 142/15/10
f 127/15/10 139/15/10 143/15/10
f 127/15/10 143/15/10 129/15/10
f 142/15/10 133/15/10 131/15/10
f 143/15/10 131/15/10 129/15/10
f 142/15/10 131/15/10 144/15/10
f 144/15/10 131/15/10 143/15/10
f 134/2/9 146/2/9 145/2/9
f 134/2/9 145/2/9 147/2/9
f 136/2/9 146/2/9 134/2/9
f 134/2/9 147/2/9 132/2/9
f 136/2/9 148/2/9 146/2/9
f 148/2/9 136/2/9 123/2/9
f 121/2/9 148/2/9 123/2/9
f 148/2/9 121/2/9 149/2/9
f 149/2/9 121/2/9 126/2/9
f 149/2/9 126/2/9 150/2/9
f 132/2/9 147/2/9 151/2/9
f 132/2/9 151/2/9 130/2/9
f 150/2/9 126/2/9 128/2/9
f 151/2/9 128/2/9 130/2/9
f 150/2/9 128/2/9 152/2/9
f 152/2/9 128/2/9 151/2/9
f 120/14/9 154/14/9 153/14/9
f 120/14/9 153/14/9 155/14/9
f 117/14/9 154/14/9 120/14/9
f 120/14/9 155/14/9 108/14/9
f 117/14/9 156/14/9 154/14/9
f 156/14/9 117/14/9 115/14/9
f 114/14/9 156/14/9 115/14/9
f 156/14/9 114/14/9 157/14/9
f 157/14/9 114/14/9 112/14/9
f 157/14/9 112/14/9 158/14/9
f 108/14/9 155/14/9 159/14/9
f 108/14/9 159/14/9 106/14/9
f 158/14/9 112/14/9 110/14/9
f 159/14/9 110/14/9 106/14/9
f 158/14/9 110/14/9 160/14/9
f 160/14/9 110/14/9 159/14/9
f 163/1/8 162/2/7 161/1/7
f 162/2/7 163/1/8 164/2/8
f 167/2/4 166/1/3 165/1/4
f 166/1/3 167/2/4 168/2/3
f 171/2/6 170/1/5 169/1/6
f 170/1/5 171/2/6 172/2/5
f 175/2/2 174/1/1 173/2/1
f 174/1/1 175/2/2 176/1/2
f 161/1/7 167/2/4 165/1/4
f 167/2/4 161/1/7 162/2/7
f 170/1/5 164/2/8 163/1/8
f 164/2/8 170/1/5 172/2/5
f 171/2/6 176/1/2 175/2/2
f 176/1/2 171/2/6 169/1/6
f 173/2/1 166/1/3 168/2/3
f 166/1/3 173/2/1 174/1/1
f 168/2/9 175/2/9 173/2/9
f 175/2/9 168/2/9 171/2/9
f 171/2/9 168/2/9 167/2/9
f 171/2/9 167/2/9 172/2/9
f 172/2/9 167/2/9 162/2/9
f 172/2/9 162/2/9 164/2/9
f 182/13/9 179/13/9 184/13/9
f 184/13/9 179/13/9 188/13/9
f 188/13/9 179/13/9 187/13/9
f 179/13/9 180/13/9 187/13/9
f 186/13/9 187/13/9 180/13/9
f 181/1/10 183/1/10 177/1/10
f 177/1/10 183/1/10 178/1/10
f 185/1/10 178/1/10 183/1/10
f 179/13/35 182/13/37 177/1/35
f 181/1/37 177/1/35 182/13/37
f 184/13/38 183/1/38 182/13/37
f 181/1/37 182/13/37 183/1/38
f 180/13/36 179/13/35 178/1/36
f 177/1/35 178/1/36 179/13/35
f 194/13/9 191/13/9 196/13/9
f 196/13/9 191/13/9 200/13/9
f 200/13/9 191/13/9 199/13/9
f 199/13/9 191/13/9 198/13/9
f 192/13/9 198/13/9 191/13/9
f 193/1/10 195/1/10 189/1/10
f 189/1/10 195/1/10 190/1/10
f 197/1/10 190/1/10 195/1/10
f 191/13/5 194/13/8 189/1/5
f 193/1/8 189/1/5 194/13/8
f 196/13/40 195/1/40 194/13/8
f 193/1/8 194/13/8 195/1/40
f 192/13/39 191/13/5 190/1/39
f 189/1/5 190/1/39 191/13/5
f 208/13/9 206/13/9 212/13/9
f 212/13/9 206/13/9 211/13/9
f 206/13/9 203/13/9 211/13/9
f 211/13/9 203/13/9 210/13/9
f 204/13/9 210/13/9 203/13/9
f 205/1/10 207/1/10 201/1/10
f 201/1/10 207/1/10 202/1/10
f 209/1/10 202/1/10 207/1/10
f 203/13/35 206/13/37 201/1/35
f 205/1/37 201/1/35 206/13/37
f 208/13/38 207/1/38 206/13/37
f 205/1/37 206/13/37 207/1/38
f 204/13/36 203/13/35 202/1/36
f 201/1/35 202/1/36 203/13/35
f 215/1/31 214/14/14 213/1/14
f 214/14/14 215/1/31 216/14/31
f 213/1/14 218/14/32 217/1/32
f 218/14/32 213/1/14 214/14/14
f 218/14/32 219/1/15 217/1/32
f 219/1/15 218/14/32 220/14/15
f 220/14/15 221/1/33 219/1/15
f 221/1/33 220/14/15 222/14/33
f 223/14/11 221/1/33 222/14/33
f 221/1/33 223/14/11 224/1/11
f 225/14/34 224/1/11 223/14/11
f 224/1/11 225/14/34 226/1/34
f 225/14/34 227/1/16 226/1/34
f 227/1/16 225/14/34 228/14/16
f 228/14/16 215/1/31 227/1/16
f 215/1/31 228/14/16 216/14/31
f 231/2/11 230/15/33 229/2/33
f 230/15/33 231/2/11 232/15/11
f 234/2/15 230/15/33 233/15/15
f 230/15/33 234/2/15 229/2/33
f 236/2/32 233/15/15 235/15/32
f 233/15/15 236/2/32 234/2/15
f 237/15/14 236/2/32 235/15/32
f 236/2/32 237/15/14 238/2/14
f 239/15/31 238/2/14 237/15/14
f 238/2/14 239/15/31 240/2/31
f 242/2/16 239/15/31 241/15/16
f 239/15/31 242/2/16 240/2/31
f 244/2/34 241/15/16 243/15/34
f 241/15/16 244/2/34 242/2/16
f 244/2/34 232/15/11 231/2/11
f 232/15/11 244/2/34 243/15/34
f 233/15/10 246/15/10 245/15/10
f 233/15/10 245/15/10 247/15/10
f 230/15/10 246/15/10 233/15/10
f 233/15/10 247/15/10 235/15/10
f 230/15/10 248/15/10 246/15/10
f 248/15/10 230/15/10 232/15/10
f 243/15/10 248/15/10 232/15/10
f 248/15/10 243/15/10 249/15/10
f 249/15/10 243/15/10 241/15/10
f 249/15/10 241/15/10 250/15/10
f 235/15/10 247/15/10 251/15/10
f 235/15/10 251/15/10 237/15/10
f 250/15/10 241/15/10 239/15/10
f 251/15/10 239/15/10 237/15/10
f 250/15/10 239/15/10 252/15/10
f 252/15/10 239/15/10 251/15/10
f 242/2/9 254/2/9 253/2/9
f 242/2/9 253/2/9 255/2/9
f 244/2/9 254/2/9 242/2/9
f 242/2/9 255/2/9 240/2/9
f 244/2/9 256/2/9 254/2/9
f 256/2/9 244/2/9 231/2/9
f 229/2/9 256/2/9 231/2/9
f 256/2/9 229/2/9 257/2/9
f 257/2/9 229/2/9 234/2/9
f 257/2/9 234/2/9 258/2/9
f 240/2/9 255/2/9 259/2/9
f 240/2/9 259/2/9 238/2/9
f 258/2/9 234/2/9 236/2/9
f 259/2/9 236/2/9 238/2/9
f 258/2/9 236/2/9 260/2/9
f 260/2/9 236/2/9 259/2/9
f 228/14/9 262/14/9 261/14/9
f 228/14/9 261/14/9 263/14/9
f 225/14/9 262/14/9 228/14/9
f 228/14/9 263/14/9 216/14/9
f 225/14/9 264/14/9 262/14/9
f 264/14/9 225/14/9 223/14/9
f 222/14/9 264/14/9 223/14/9
f 264/14/9 222/14/9 265/14/9
f 265/14/9 222/14/9 220/14/9
f 265/14/9 220/14/9 266/14/9
f 216/14/9 263/14/9 267/14/9
f 216/14/9 267/14/9 214/14/9
f 266/14/9 220/14/9 218/14/9
f 267/14/9 218/14/9 214/14/9
f 266/14/9 218/14/9 268/14/9
f 268/14/9 218/14/9 267/14/9
f 271/1/10 270/1/10 269/1/10
f 270/1/10 271/1/10 272/1/10
f 273/13/41 269/1/41 270/1/41
f 269/1/41 273/13/41 274/13/41
f 273/13/9 275/13/9 274/13/9
f 275/13/9 273/13/9 276/13/9
f 284/13/9 282/13/9 288/13/9
f 288/13/9 282/13/9 287/13/9
f 282/13/9 279/13/9 287/13/9
f 287/13/9 279/13/9 286/13/9
f 280/13/9 286/13/9 279/13/9
f 281/1/10 283/1/10 277/1/10
f 277/1/10 283/1/10 278/1/10
f 285/1/10 278/1/10 283/1/10
f 279/13/35 282/13/37 277/1/35
f 281/1/37 277/1/35 282/13/37
f 284/13/38 283/1/38 282/13/37
f 281/1/37 282/13/37 283/1/38
f 280/13/36 279/13/35 278/1/36
f 277/1/35 278/1/36 279/13/35
f 291/16/14 290/17/14 289/16/14
f 290/17/14 291/16/14 292/17/14
f 290/17/15 293/16/15 289/16/15
f 293/16/15 290/17/15 294/17/15
f 297/2/11 296/16/11 295/2/11
f 296/16/11 297/2/11 298/16/11
f 301/2/4 300/17/15 299/17/4
f 300/17/15 301/2/4 302/2/15
f 303/17/10 290/17/10 292/17/10
f 290/17/10 303/17/10 299/17/10
f 299/17/10 303/17/10 304/17/10
f 300/17/10 290/17/10 299/17/10
f 290/17/10 300/17/10 294/17/10
f 301/2/9 305/2/9 302/2/9
f 305/2/9 301/2/9 295/2/9
f 295/2/9 301/2/9 297/2/9
f 297/2/9 301/2/9 306/2/9
f 306/2/9 301/2/9 307/2/9
f 303/17/14 307/2/7 304/17/7
f 307/2/7 303/17/14 306/2/14
f 304/17/7 301/2/4 299/17/4
f 301/2/4 304/17/7 307/2/7
f 305/2/16 296/16/16 308/16/16
f 296/16/16 305/2/16 295/2/16
f 311/17/10 310/17/10 309/17/10
f 310/17/10 311/17/10 312/17/10
f 314/16/42 310/17/42 313/16/42
f 310/17/42 314/16/42 309/17/42
f 317/2/38 316/16/38 315/2/38
f 316/16/38 317/2/38 318/16/38
f 315/2/9 319/2/9 317/2/9
f 319/2/9 315/2/9 320/2/9
f 311/17/42 320/2/42 312/17/42
f 320/2/42 311/17/42 319/2/42
f 323/17/10 322/17/10 321/17/10
f 322/17/10 323/17/10 324/17/10
f 326/16/42 322/17/42 325/16/42
f 322/17/42 326/16/42 321/17/42
f 329/2/38 328/16/38 327/2/38
f 328/16/38 329/2/38 330/16/38
f 327/2/9 331/2/9 329/2/9
f 331/2/9 327/2/9 332/2/9
f 323/17/42 332/2/42 324/17/42
f 332/2/42 323/17/42 331/2/42
f 335/16/42 334/17/42 333/16/42
f 334/17/42 335/16/42 336/17/42
f 334/17/36 337/16/36 333/16/36
f 337/16/36 334/17/36 338/17/36
f 341/2/38 340/16/38 339/2/38
f 340/16/38 341/2/38 342/16/38
f 345/2/43 344/17/36 343/17/43
f 344/17/36 345/2/43 346/2/36
f 347/17/10 334/17/10 336/17/10
f 334/17/10 347/17/10 343/17/10
f 343/17/10 347/17/10 348/17/10
f 344/17/10 334/17/10 343/17/10
f 334/17/10 344/17/10 338/17/10
f 345/2/9 349/2/9 346/2/9
f 349/2/9 345/2/9 339/2/9
f 339/2/9 345/2/9 341/2/9
f 341/2/9 345/2/9 350/2/9
f 350/2/9 345/2/9 351/2/9
f 347/17/42 351/2/44 348/17/44
f 351/2/44 347/17/42 350/2/42
f 348/17/44 345/2/43 343/17/43
f 345/2/43 348/17/44 351/2/44
f 349/2/45 340/16/45 352/16/45
f 340/16/45 349/2/45 339/2/45
f 363/2/38 355/17/38 364/2/38
f 356/17/38 364/2/38 355/17/38
f 364/2/9 359/2/9 363/2/9
f 361/2/9 363/2/9 359/2/9
f 362/16/42 361/2/42 360/16/42
f 359/2/42 360/16/42 361/2/42
f 353/17/38 358/16/38 354/17/38
f 357/16/38 354/17/38 358/16/38
f 356/17/10 355/17/10 354/17/10
f 353/17/10 354/17/10 355/17/10
f 371/2/45 381/2/45 372/16/45
f 384/16/45 372/16/45 381/2/45
f 383/2/37 380/17/37 377/2/35
f 375/17/35 377/2/35 380/17/37
f 382/2/38 379/17/38 383/2/37
f 380/17/37 383/2/37 379/17/38
f 383/2/9 377/2/9 382/2/9
f 382/2/9 377/2/9 373/2/9
f 373/2/9 377/2/9 371/2/9
f 371/2/9 377/2/9 381/2/9
f 378/2/9 381/2/9 377/2/9
f 370/17/10 376/17/10 366/17/10
f 375/17/10 366/17/10 376/17/10
f 380/17/10 379/17/10 375/17/10
f 375/17/10 379/17/10 366/17/10
f 368/17/10 366/17/10 379/17/10
f 378/2/36 377/2/35 376/17/36
f 375/17/35 376/17/36 377/2/35
f 374/16/42 373/2/42 372/16/42
f 371/2/42 372/16/42 373/2/42
f 370/17/36 366/17/36 369/16/36
f 365/16/36 369/16/36 366/17/36
f 368/17/38 367/16/38 366/17/38
f 365/16/38 366/17/38 367/16/38
f 387/16/46 386/17/46 385/16/46
f 386/17/46 387/16/46 388/17/46
f 386/17/41 389/16/41 385/16/41
f 389/16/41 386/17/41 390/17/41
f 393/2/47 392/16/47 391/2/47
f 392/16/47 393/2/47 394/16/47
f 397/2/48 396/17/41 395/17/48
f 396/17/41 397/2/48 398/2/41
f 399/17/10 386/17/10 388/17/10
f 386/17/10 399/17/10 395/17/10
f 395/17/10 399/17/10 400/17/10
f 396/17/10 386/17/10 395/17/10
f 386/17/10 396/17/10 390/17/10
f 397/2/9 401/2/9 398/2/9
f 401/2/9 397/2/9 391/2/9
f 391/2/9 397/2/9 393/2/9
f 393/2/9 397/2/9 402/2/9
f 402/2/9 397/2/9 403/2/9
f 399/17/46 403/2/49 400/17/49
f 403/2/49 399/17/46 402/2/46
f 400/17/49 397/2/48 395/17/48
f 397/2/48 400/17/49 403/2/49
f 401/2/50 392/16/50 404/16/50
f 392/16/50 401/2/50 391/2/50
f 407/16/14 406/17/14 405/16/14
f 406/17/14 407/16/14 408/17/14
f 406/17/15 409/16/15 405/16/15
f 409/16/15 406/17/15 410/17/15
f 413/2/11 412/16/11 411/2/11
f 412/16/11 413/2/11 414/16/11
f 417/2/4 416/17/15 415/17/4
f 416/17/15 417/2/4 418/2/15
f 419/17/10 406/17/10 408/17/10
f 406/17/10 419/17/10 415/17/10
f 415/17/10 419/17/10 420/17/10
f 416/17/10 406/17/10 415/17/10
f 406/17/10 416/17/10 410/17/10
f 417/2/9 421/2/9 418/2/9
f 421/2/9 417/2/9 411/2/9
f 411/2/9 417/2/9 413/2/9
f 413/2/9 417/2/9 422/2/9
f 422/2/9 417/2/9 423/2/9
f 419/17/14 423/2/7 420/17/7
f 423/2/7 419/17/14 422/2/14
f 420/17/7 417/2/4 415/17/4
f 417/2/4 420/17/7 423/2/7
f 421/2/16 412/16/16 424/16/16
f 412/16/16 421/2/16 411/2/16
f 427/16/51 426/17/51 425/16/51
f 426/17/51 427/16/51 428/17/51
f 426/17/52 429/16/52 425/16/52
f 429/16/52 426/17/52 430/17/52
f 433/2/53 432/16/53 431/2/53
f 432/16/53 433/2/53 434/16/53
f 437/2/6 436/17/52 435/17/6
f 436/17/52 437/2/6 438/2/52
f 439/17/10 426/17/10 428/17/10
f 426/17/10 439/17/10 435/17/10
f 435/17/10 439/17/10 440/17/10
f 436/17/10 426/17/10 435/17/10
f 426/17/10 436/17/10 430/17/10
f 437/2/9 441/2/9 438/2/9
f 441/2/9 437/2/9 431/2/9
f 431/2/9 437/2/9 433/2/9
f 433/2/9 437/2/9 442/2/9
f 442/2/9 437/2/9 443/2/9
f 439/17/51 443/2/2 440/17/2
f 443/2/2 439/17/51 442/2/51
f 440/17/2 437/2/6 435/17/6
f 437/2/6 440/17/2 443/2/2
f 441/2/54 432/16/54 444/16/54
f 432/16/54 441/2/54 431/2/54
f 447/15/11 446/18/56 445/18/55
f 446/18/56 447/15/11 448/15/34
f 451/18/58 450/15/14 449/18/57
f 450/15/14 451/18/58 452/15/31
f 446/18/34 454/16/16 453/16/34
f 454/16/16 446/18/34 455/18/16
f 447/15/11 457/18/59 456/15/33
f 457/18/59 447/15/11 445/18/55
f 458/15/16 451/18/58 455/18/60
f 451/18/58 458/15/16 452/15/31
f 460/15/15 457/18/59 459/18/61
f 457/18/59 460/15/15 456/15/33
f 462/15/32 459/18/61 461/18/62
f 459/18/61 462/15/32 460/15/15
f 464/2/64 447/15/11 463/2/63
f 447/15/11 464/2/64 448/15/34
f 455/18/16 465/16/31 454/16/16
f 465/16/31 455/18/16 451/18/31
f 461/18/32 467/16/15 466/16/32
f 467/16/15 461/18/32 459/18/15
f 468/16/14 461/18/32 466/16/32
f 461/18/32 468/16/14 449/18/14
f 448/15/34 455/18/60 446/18/56
f 455/18/60 448/15/34 458/15/16
f 469/2/65 460/15/15 462/15/32
f 460/15/15 469/2/65 470/2/66
f 471/2/67 447/15/11 456/15/33
f 447/15/11 471/2/67 463/2/63
f 470/2/66 456/15/33 460/15/15
f 456/15/33 470/2/66 471/2/67
f 461/18/62 450/15/14 462/15/32
f 450/15/14 461/18/62 449/18/57
f 472/2/68 452/15/31 458/15/16
f 452/15/31 472/2/68 473/2/69
f 450/15/14 469/2/65 462/15/32
f 469/2/65 450/15/14 474/2/70
f 471/2/9 464/2/9 463/2/9
f 464/2/9 471/2/9 470/2/9
f 464/2/9 470/2/9 472/2/9
f 472/2/9 470/2/9 469/2/9
f 472/2/9 469/2/9 473/2/9
f 473/2/9 469/2/9 474/2/9
f 445/18/11 475/16/33 457/18/33
f 475/16/33 445/18/11 476/16/11
f 459/18/15 475/16/33 467/16/15
f 475/16/33 459/18/15 457/18/33
f 450/15/14 473/2/69 474/2/70
f 473/2/69 450/15/14 452/15/31
f 446/18/34 476/16/11 445/18/11
f 476/16/11 446/18/34 453/16/34
f 464/2/64 458/15/16 448/15/34
f 458/15/16 464/2/64 472/2/68
f 465/16/31 449/18/14 468/16/14
f 449/18/14 465/16/31 451/18/31
f 479/15/11 478/18/56 477/18/55
f 478/18/56 479/15/11 480/15/34
f 483/18/58 482/15/14 481/18/57
f 482/15/14 483/18/58 484/15/31
f 478/18/34 486/16/16 485/16/34
f 486/16/16 478/18/34 487/18/16
f 479/15/11 489/18/59 488/15/33
f 489/18/59 479/15/11 477/18/55
f 490/15/16 483/18/58 487/18/60
f 483/18/58 490/15/16 484/15/31
f 492/15/15 489/18/59 491/18/61
f 489/18/59 492/15/15 488/15/33
f 494/15/32 491/18/61 493/18/62
f 491/18/61 494/15/32 492/15/15
f 496/2/64 479/15/11 495/2/63
f 479/15/11 496/2/64 480/15/34
f 487/18/16 497/16/31 486/16/16
f 497/16/31 487/18/16 483/18/31
f 493/18/32 499/16/15 498/16/32
f 499/16/15 493/18/32 491/18/15
f 500/16/14 493/18/32 498/16/32
f 493/18/32 500/16/14 481/18/14
f 480/15/34 487/18/60 478/18/56
f 487/18/60 480/15/34 490/15/16
f 501/2/65 492/15/15 494/15/32
f 492/15/15 501/2/65 502/2/66
f 503/2/67 479/15/11 488/15/33
f 479/15/11 503/2/67 495/2/63
f 502/2/66 488/15/33 492/15/15
f 488/15/33 502/2/66 503/2/67
f 493/18/62 482/15/14 494/15/32
f 482/15/14 493/18/62 481/18/57
f 504/2/68 484/15/31 490/15/16
f 484/15/31 504/2/68 505/2/69
f 482/15/14 501/2/65 494/15/32
f 501/2/65 482/15/14 506/2/70
f 503/2/9 496/2/9 495/2/9
f 496/2/9 503/2/9 502/2/9
f 496/2/9 502/2/9 504/2/9
f 504/2/9 502/2/9 501/2/9
f 504/2/9 501/2/9 505/2/9
f 505/2/9 501/2/9 506/2/9
f 477/18/11 507/16/33 489/18/33
f 507/16/33 477/18/11 508/16/11
f 491/18/15 507/16/33 499/16/15
f 507/16/33 491/18/15 489/18/33
f 482/15/14 505/2/69 506/2/70
f 505/2/69 482/15/14 484/15/31
f 478/18/34 508/16/11 477/18/11
f 508/16/11 478/18/34 485/16/34
f 496/2/64 490/15/16 480/15/34
f 490/15/16 496/2/64 504/2/68
f 497/16/31 481/18/14 500/16/14
f 481/18/14 497/16/31 483/18/31
f 511/16/42 510/17/42 509/16/42
f 510/17/42 511/16/42 512/17/42
f 510/17/36 513/16/36 509/16/36
f 513/16/36 510/17/36 514/17/36
f 517/2/38 516/16/38 515/2/38
f 516/16/38 517/2/38 518/16/38
f 521/2/43 520/17/36 519/17/43
f 520/17/36 521/2/43 522/2/36
f 523/17/10 510/17/10 512/17/10
f 510/17/10 523/17/10 519/17/10
f 519/17/10 523/17/10 524/17/10
f 520/17/10 510/17/10 519/17/10
f 510/17/10 520/17/10 514/17/10
f 521/2/9 525/2/9 522/2/9
f 525/2/9 521/2/9 515/2/9
f 515/2/9 521/2/9 517/2/9
f 517/2/9 521/2/9 526/2/9
f 526/2/9 521/2/9 527/2/9
f 523/17/42 527/2/44 524/17/44
f 527/2/44 523/17/42 526/2/42
f 524/17/44 521/2/43 519/17/43
f 521/2/43 524/17/44 527/2/44
f 525/2/45 516/16/45 528/16/45
f 516/16/45 525/2/45 515/2/45
f 314/1/15 530/2/15 529/2/15
f 530/2/15 314/1/15 531/1/15
f 357/1/71 534/1/71 533/2/71
f 532/2/71 533/2/71 534/1/71
f 535/1/73 540/1/73 536/2/73
f 539/2/73 536/2/73 540/1/73
f 538/2/72 537/1/72 536/2/72
f 535/1/72 536/2/72 537/1/72
f 289/1/15 293/1/15 541/2/15
f 543/2/15 541/2/15 293/1/15
f 542/2/14 291/1/14 541/2/14
f 289/1/14 541/2/14 291/1/14
f 544/1/41 549/1/41 545/2/41
f 548/2/41 545/2/41 549/1/41
f 547/2/46 546/1/46 545/2/46
f 544/1/46 545/2/46 546/1/46
f 326/1/15 552/1/15 551/2/15
f 550/2/15 551/2/15 552/1/15
f 555/1/41 554/2/41 553/2/41
f 554/2/41 555/1/41 556/1/41
f 557/1/71 562/1/71 558/2/71
f 561/2/71 558/2/71 562/1/71
f 560/2/74 559/1/74 558/2/74
f 557/1/74 558/2/74 559/1/74
f 565/1/11 564/2/11 563/1/11
f 564/2/11 565/1/11 566/2/11
f 568/1/15 564/2/15 567/2/15
f 564/2/15 568/1/15 563/1/15
f 603/21/14 604/17/14 606/21/32
f 608/17/32 606/21/32 604/17/14
f 605/21/10 601/21/10 606/21/10
f 603/21/10 606/21/10 601/21/10
f 602/17/9 607/17/9 604/17/9
f 608/17/9 604/17/9 607/17/9
f 602/17/11 601/21/11 607/17/33
f 605/21/33 607/17/33 601/21/11
f 608/17/32 607/17/33 606/21/32
f 605/21/33 606/21/32 607/17/33
f 604/17/16 603/21/16 602/17/16
f 601/21/16 602/17/16 603/21/16
f 578/1/15 591/13/15 569/1/15
f 593/13/15 569/1/15 591/13/15
f 569/1/15 593/13/15 570/19/15
f 595/20/15 570/19/15 593/13/15
f 597/17/15 599/17/15 595/20/15
f 599/17/15 589/20/15 595/20/15
f 589/20/15 570/19/15 595/20/15
f 570/19/15 589/20/15 573/19/15
f 589/20/15 582/13/15 573/19/15
f 573/19/15 582/13/15 574/1/15
f 582/13/15 584/13/3 574/1/15
f 580/1/3 574/1/15 584/13/3
f 600/17/78 590/20/75 599/17/78
f 589/20/75 599/17/78 590/20/75
f 596/20/76 598/17/77 595/20/76
f 597/17/77 595/20/76 598/17/77
f 600/17/78 599/17/78 598/17/77
f 597/17/77 598/17/77 599/17/78
f 594/13/14 596/20/76 593/13/14
f 595/20/76 593/13/14 596/20/76
f 588/13/1 581/1/1 584/13/3
f 580/1/3 584/13/3 581/1/1
f 587/13/11 579/1/11 588/13/1
f 581/1/1 588/13/1 579/1/11
f 594/13/9 593/13/9 592/13/9
f 591/13/9 592/13/9 593/13/9
f 590/20/75 583/13/11 589/20/75
f 582/13/11 589/20/75 583/13/11
f 588/13/9 584/13/9 587/13/9
f 587/13/9 584/13/9 586/13/9
f 586/13/9 584/13/9 585/13/9
f 585/13/9 584/13/9 583/13/9
f 582/13/9 583/13/9 584/13/9
f 581/1/10 579/1/10 580/1/10
f 580/1/10 579/1/10 574/1/10
f 574/1/10 579/1/10 576/1/10
f 576/1/10 579/1/10 571/1/10
f 571/1/10 578/1/10 569/1/10
f 571/1/10 579/1/10 578/1/10
f 577/1/10 578/1/10 579/1/10
f 573/19/10 575/19/10 570/19/10
f 572/19/10 570/19/10 575/19/10
f 576/1/14 575/19/14 574/1/14
f 573/19/14 574/1/14 575/19/14
f 572/19/11 571/1/11 570/19/11
f 569/1/11 570/19/11 571/1/11
f 611/13/79 610/20/80 609/13/79
f 610/20/80 611/13/79 612/20/80
f 609/13/9 613/13/9 611/13/9
f 613/13/9 609/13/9 614/13/9
f 617/13/9 616/13/9 615/13/9
f 616/13/9 617/13/9 618/13/9
f 621/1/10 620/1/10 619/1/10
f 620/1/10 621/1/10 622/1/10
f 623/1/10 620/1/10 622/1/10
f 622/1/10 621/1/10 624/1/10
f 624/1/10 621/1/10 625/1/10
f 625/1/10 621/1/10 626/1/10
f 629/17/81 628/17/82 627/17/81
f 628/17/82 629/17/81 630/17/82
f 632/20/83 618/13/84 631/20/83
f 618/13/84 632/20/83 616/13/84
f 612/20/80 630/17/82 610/20/80
f 630/17/82 612/20/80 628/17/82
f 627/17/81 631/20/83 629/17/81
f 631/20/83 627/17/81 632/20/83
f 614/13/85 625/1/85 626/1/85
f 625/1/85 614/13/85 609/13/85
f 625/1/85 609/13/85 633/19/85
f 633/19/85 609/13/85 610/20/85
f 633/19/85 610/20/85 634/19/85
f 631/20/85 634/19/85 610/20/85
f 631/20/85 610/20/85 630/17/85
f 631/20/85 630/17/85 629/17/85
f 618/13/85 634/19/85 631/20/85
f 634/19/85 618/13/85 623/1/85
f 617/13/85 623/1/85 618/13/85
f 623/1/85 617/13/85 620/1/85
f 636/19/10 634/19/10 635/19/10
f 634/19/10 636/19/10 633/19/10
f 622/1/79 634/19/79 623/1/79
f 634/19/79 622/1/79 635/19/79
f 636/19/84 625/1/84 633/19/84
f 625/1/84 636/19/84 624/1/84
f 639/1/87 638/1/86 637/1/86
f 638/1/86 639/1/87 640/1/87
f 642/2/88 638/1/86 641/2/88
f 638/1/86 642/2/88 637/1/86
f 639/1/87 643/2/89 640/1/87
f 643/2/89 639/1/87 644/2/89
f 643/2/89 642/2/88 641/2/88
f 642/2/88 643/2/89 644/2/89
f 643/2/85 638/1/85 640/1/85
f 638/1/85 643/2/85 641/2/85
f 647/21/90 646/17/90 645/21/90
f 646/17/90 647/21/90 648/17/90
f 651/17/34 650/21/31 649/21/34
f 650/21/31 651/17/34 652/17/31
f 645/21/79 651/17/34 649/21/34
f 651/17/34 645/21/79 646/17/79
f 651/17/9 648/17/9 652/17/9
f 648/17/9 651/17/9 646/17/9
f 645/21/10 650/21/10 647/21/10
f 650/21/10 645/21/10 649/21/10
f 648/17/84 650/21/31 652/17/31
f 650/21/31 648/17/84 647/21/84
f 655/1/14 654/19/14 653/1/14
f 654/19/14 655/1/14 656/19/14
f 659/19/11 658/1/11 657/19/11
f 658/1/11 659/19/11 660/1/11
f 659/19/10 654/19/10 656/19/10
f 654/19/10 659/19/10 657/19/10
f 663/13/11 662/1/1 661/13/1
f 662/1/1 663/13/11 664/1/11
f 667/13/9 666/13/9 665/13/9
f 666/13/9 667/13/9 668/13/9
f 666/13/14 669/20/76 665/13/14
f 669/20/76 666/13/14 670/20/76
f 667/13/15 658/1/15 671/1/15
f 658/1/15 667/13/15 665/13/15
f 658/1/15 665/13/15 657/19/15
f 657/19/15 665/13/15 669/20/15
f 657/19/15 669/20/15 654/19/15
f 672/20/15 654/19/15 669/20/15
f 672/20/15 669/20/15 673/17/15
f 672/20/15 673/17/15 674/17/15
f 675/13/15 654/19/15 672/20/15
f 654/19/15 675/13/15 653/1/15
f 676/13/3 653/1/15 675/13/15
f 653/1/15 676/13/3 677/1/3
f 661/13/1 677/1/3 676/13/3
f 677/1/3 661/13/1 662/1/1
f 661/13/9 678/13/9 663/13/9
f 678/13/9 661/13/9 676/13/9
f 678/13/9 676/13/9 679/13/9
f 679/13/9 676/13/9 675/13/9
f 679/13/9 675/13/9 680/13/9
f 681/1/10 662/1/10 664/1/10
f 662/1/10 681/1/10 677/1/10
f 677/1/10 681/1/10 655/1/10
f 653/1/10 677/1/10 655/1/10
f 655/1/10 681/1/10 660/1/10
f 660/1/10 681/1/10 658/1/10
f 658/1/10 681/1/10 671/1/10
f 673/17/77 682/17/78 674/17/78
f 682/17/78 673/17/77 683/17/77
f 684/20/75 675/13/11 672/20/75
f 675/13/11 684/20/75 680/13/11
f 682/17/78 672/20/75 674/17/78
f 672/20/75 682/17/78 684/20/75
f 670/20/76 673/17/77 669/20/76
f 673/17/77 670/20/76 683/17/77
f 687/1/92 686/1/91 685/1/91
f 686/1/91 687/1/92 688/1/92
f 690/2/93 686/1/91 689/2/93
f 686/1/91 690/2/93 685/1/91
f 687/1/92 691/2/94 688/1/92
f 691/2/94 687/1/92 692/2/94
f 691/2/94 690/2/93 689/2/93
f 690/2/93 691/2/94 692/2/94
f 691/2/15 686/1/15 688/1/15
f 686/1/15 691/2/15 689/2/15
f 695/21/16 694/17/16 693/21/16
f 694/17/16 695/21/16 696/17/16
f 699/17/32 698/21/33 697/21/32
f 698/21/33 699/17/32 700/17/33
f 693/21/14 699/17/32 697/21/32
f 699/17/32 693/21/14 694/17/14
f 699/17/9 696/17/9 700/17/9
f 696/17/9 699/17/9 694/17/9
f 693/21/10 698/21/10 695/21/10
f 698/21/10 693/21/10 697/21/10
f 696/17/11 698/21/33 700/17/33
f 698/21/33 696/17/11 695/21/11
f 744/25/108 748/28/108 737/25/108
f 747/27/108 737/25/108 748/28/108
f 738/26/108 737/25/108 747/27/108
f 748/28/108 744/25/108 746/28/108
f 745/27/108 738/26/108 747/27/108
f 745/27/108 746/28/108 744/25/108
f 738/26/108 745/27/108 742/26/108
f 742/26/108 745/27/108 744/25/108
f 743/25/98 741/26/96 744/25/98
f 742/26/96 744/25/98 741/26/96
f 744/25/98 737/25/97 743/25/98
f 739/25/97 743/25/98 737/25/97
f 742/26/96 741/26/96 738/26/95
f 740/26/95 738/26/95 741/26/96
f 740/26/95 739/25/97 738/26/95
f 737/25/97 738/26/95 739/25/97
f 731/1/110 736/13/110 730/1/109
f 729/13/109 730/1/109 736/13/110
f 711/17/108 712/17/108 723/20/108
f 712/17/108 717/20/108 723/20/108
f 717/20/108 701/19/108 723/20/108
f 701/19/108 705/22/108 723/20/108
f 701/19/108 717/20/108 702/19/108
f 723/20/108 705/22/108 721/24/108
f 702/19/108 717/20/108 707/22/108
f 707/22/108 721/24/108 705/22/108
f 717/20/108 719/24/108 707/22/108
f 707/22/108 719/24/108 721/24/108
f 721/24/108 719/24/108 714/23/108
f 716/23/108 714/23/108 719/24/108
f 722/24/105 724/20/106 721/24/105
f 723/20/106 721/24/105 724/20/106
f 718/20/103 720/24/104 717/20/103
f 719/24/104 717/20/103 720/24/104
f 708/22/98 704/19/96 707/22/98
f 702/19/96 707/22/98 704/19/96
f 703/19/95 706/22/97 701/19/95
f 705/22/97 701/19/95 706/22/97
f 729/13/9 736/13/9 726/13/9
f 735/13/9 726/13/9 736/13/9
f 734/13/9 726/13/9 735/13/9
f 726/13/9 734/13/9 728/13/9
f 733/13/9 728/13/9 734/13/9
f 727/1/10 732/1/10 725/1/10
f 732/1/10 731/1/10 725/1/10
f 730/1/10 725/1/10 731/1/10
f 730/1/109 729/13/109 725/1/107
f 726/13/107 725/1/107 729/13/109
f 728/13/108 727/1/108 726/13/107
f 725/1/107 726/13/107 727/1/108
f 724/20/106 709/17/99 723/20/106
f 711/17/99 723/20/106 709/17/99
f 713/23/101 722/24/105 714/23/101
f 721/24/105 714/23/101 722/24/105
f 715/23/102 716/23/102 720/24/104
f 719/24/104 720/24/104 716/23/102
f 710/17/100 718/20/103 712/17/100
f 717/20/103 712/17/100 718/20/103
f 716/23/102 715/23/102 714/23/101
f 713/23/101 714/23/101 715/23/102
f 712/17/100 711/17/99 710/17/100
f 709/17/99 710/17/100 711/17/99
f 708/22/98 707/22/98 706/22/97
f 705/22/97 706/22/97 707/22/98
f 704/19/96 703/19/95 702/19/96
f 701/19/95 702/19/96 703/19/95
f 803/21/14 804/17/14 806/21/32
f 808/17/32 806/21/32 804/17/14
f 805/21/10 801/21/10 806/21/10
f 803/21/10 806/21/10 801/21/10
f 802/17/9 807/17/9 804/17/9
f 808/17/9 804/17/9 807/17/9
f 802/17/11 801/21/11 807/17/33
f 805/21/33 807/17/33 801/21/11
f 808/17/32 807/17/33 806/21/32
f 805/21/33 806/21/32 807/17/33
f 804/17/16 803/21/16 802/17/16
f 801/21/16 802/17/16 803/21/16
f 797/2/15 799/2/15 794/1/15
f 796/1/15 794/1/15 799/2/15
f 800/2/93 799/2/93 798/2/94
f 797/2/94 798/2/94 799/2/93
f 800/2/93 795/1/91 799/2/93
f 796/1/91 799/2/93 795/1/91
f 793/1/92 798/2/94 794/1/92
f 797/2/94 794/1/92 798/2/94
f 796/1/91 795/1/91 794/1/92
f 793/1/92 794/1/92 795/1/91
f 789/16/91 782/29/93 790/16/91
f 790/16/91 782/29/93 792/23/11
f 792/23/11 782/29/93 791/30/11
f 781/29/93 791/30/11 782/29/93
f 785/16/92 787/16/92 790/16/91
f 789/16/91 790/16/91 787/16/92
f 784/29/94 787/16/92 783/29/94
f 783/29/94 787/16/92 788/30/14
f 788/30/14 787/16/92 786/23/14
f 785/16/92 786/23/14 787/16/92
f 784/29/94 783/29/94 782/29/93
f 781/29/93 782/29/93 783/29/94
f 767/1/10 780/1/10 754/1/10
f 754/1/10 780/1/10 756/1/10
f 756/1/10 780/1/10 751/1/10
f 751/1/10 773/1/10 749/1/10
f 751/1/10 780/1/10 773/1/10
f 773/1/10 780/1/10 758/1/10
f 760/1/10 758/1/10 780/1/10
f 778/17/78 766/20/75 769/17/78
f 765/20/75 769/17/78 766/20/75
f 779/20/76 777/17/77 768/20/76
f 770/17/77 768/20/76 777/17/77
f 776/13/14 779/20/76 771/13/14
f 768/20/76 771/13/14 779/20/76
f 778/17/78 769/17/78 777/17/77
f 770/17/77 777/17/77 769/17/78
f 776/13/9 771/13/9 775/13/9
f 771/13/9 772/13/9 775/13/9
f 775/13/9 772/13/9 774/13/9
f 772/13/9 757/13/9 774/13/9
f 759/13/9 774/13/9 757/13/9
f 758/1/7 757/13/7 773/1/4
f 772/13/4 773/1/4 757/13/7
f 773/1/4 772/13/4 749/1/15
f 771/13/15 749/1/15 772/13/4
f 749/1/15 771/13/15 750/19/15
f 768/20/15 750/19/15 771/13/15
f 770/17/15 769/17/15 768/20/15
f 769/17/15 765/20/15 768/20/15
f 765/20/15 750/19/15 768/20/15
f 750/19/15 765/20/15 753/19/15
f 765/20/15 761/13/15 753/19/15
f 753/19/15 761/13/15 754/1/15
f 761/13/15 763/13/15 754/1/15
f 767/1/15 754/1/15 763/13/15
f 766/20/75 762/13/11 765/20/75
f 761/13/11 765/20/75 762/13/11
f 764/13/9 763/13/9 762/13/9
f 761/13/9 762/13/9 763/13/9
f 760/1/14 759/13/14 758/1/7
f 757/13/7 758/1/7 759/13/14
f 753/19/10 755/19/10 750/19/10
f 752/19/10 750/19/10 755/19/10
f 756/1/14 755/19/14 754/1/14
f 753/19/14 754/1/14 755/19/14
f 752/19/11 751/1/11 750/19/11
f 749/1/11 750/19/11 751/1/11
f 811/21/111 810/17/15 809/17/111
f 810/17/15 811/21/111 812/21/15
f 815/21/112 814/17/11 813/21/11
f 814/17/11 815/21/112 816/17/112
f 812/21/15 817/17/113 810/17/15
f 817/17/113 812/21/15 818/21/113
f 813/21/11 817/17/113 818/21/113
f 817/17/113 813/21/11 814/17/11
f 815/21/112 819/17/16 816/17/112
f 819/17/16 815/21/112 820/21/16
f 820/21/16 821/17/114 819/17/16
f 821/17/114 820/21/16 822/21/114
f 821/17/114 824/21/14 823/17/14
f 824/21/14 821/17/114 822/21/114
f 823/17/14 811/21/111 809/17/111
f 811/21/111 823/17/14 824/21/14
f 816/17/10 817/17/10 814/17/10
f 817/17/10 816/17/10 819/17/10
f 817/17/10 819/17/10 810/17/10
f 810/17/10 819/17/10 821/17/10
f 810/17/10 821/17/10 809/17/10
f 809/17/10 821/17/10 823/17/10
f 827/21/10 826/21/10 825/21/10
f 826/21/10 827/21/10 828/21/10
f 831/17/115 830/17/9 829/17/9
f 830/17/9 831/17/115 832/17/115
f 830/17/16 827/21/16 825/21/16
f 827/21/16 830/17/16 833/31/16
f 833/31/16 830/17/16 832/17/16
f 830/17/11 826/21/11 829/17/11
f 826/21/11 830/17/11 825/21/11
f 834/31/15 826/21/15 828/21/15
f 826/21/15 834/31/15 829/17/15
f 829/17/15 834/31/15 831/17/15
f 827/21/14 834/31/116 828/21/14
f 834/31/116 827/21/14 833/31/116
f 833/31/116 831/17/115 834/31/116
f 831/17/115 833/31/116 832/17/115
f 837/21/14 836/17/32 835/21/32
f 836/17/32 837/21/14 838/17/14
f 836/17/32 839/21/15 835/21/32
f 839/21/15 836/17/32 840/17/15
f 843/17/34 842/21/11 841/17/11
f 842/21/11 843/17/34 844/21/34
f 841/17/11 846/21/33 845/17/33
f 846/21/33 841/17/11 842/21/11
f 847/21/31 838/17/14 837/21/14
f 838/17/14 847/21/31 848/17/31
f 850/17/16 847/21/31 849/21/16
f 847/21/31 850/17/16 848/17/31
f 840/17/15 846/21/33 839/21/15
f 846/21/33 840/17/15 845/17/33
f 843/17/34 849/21/16 844/21/34
f 849/21/16 843/17/34 850/17/16
f 845/17/9 843/17/9 841/17/9
f 843/17/9 845/17/9 840/17/9
f 843/17/9 840/17/9 850/17/9
f 850/17/9 840/17/9 836/17/9
f 850/17/9 836/17/9 848/17/9
f 848/17/9 836/17/9 838/17/9
f 844/21/10 846/21/10 842/21/10
f 846/21/10 844/21/10 849/21/10
f 846/21/10 849/21/10 839/21/10
f 839/21/10 849/21/10 847/21/10
f 839/21/10 847/21/10 835/21/10
f 835/21/10 847/21/10 837/21/10
f 853/21/14 852/17/32 851/21/32
f 852/17/32 853/21/14 854/17/14
f 852/17/32 855/21/15 851/21/32
f 855/21/15 852/17/32 856/17/15
f 859/17/34 858/21/11 857/17/11
f 858/21/11 859/17/34 860/21/34
f 857/17/11 862/21/33 861/17/33
f 862/21/33 857/17/11 858/21/11
f 863/21/31 854/17/14 853/21/14
f 854/17/14 863/21/31 864/17/31
f 866/17/16 863/21/31 865/21/16
f 863/21/31 866/17/16 864/17/31
f 856/17/15 862/21/33 855/21/15
f 862/21/33 856/17/15 861/17/33
f 859/17/34 865/21/16 860/21/34
f 865/21/16 859/17/34 866/17/16
f 861/17/9 859/17/9 857/17/9
f 859/17/9 861/17/9 856/17/9
f 859/17/9 856/17/9 866/17/9
f 866/17/9 856/17/9 852/17/9
f 866/17/9 852/17/9 864/17/9
f 864/17/9 852/17/9 854/17/9
f 860/21/10 862/21/10 858/21/10
f 862/21/10 860/21/10 865/21/10
f 862/21/10 865/21/10 855/21/10
f 855/21/10 865/21/10 863/21/10
f 855/21/10 863/21/10 851/21/10
f 851/21/10 863/21/10 853/21/10
f 869/19/96 868/19/95 867/19/96
f 868/19/95 869/19/96 870/19/95
f 873/22/97 872/22/98 871/22/98
f 872/22/98 873/22/97 874/22/97
f 877/17/100 876/17/99 875/17/100
f 876/17/99 877/17/100 878/17/99
f 881/23/101 880/23/102 879/23/102
f 880/23/102 881/23/101 882/23/101
f 884/20/106 878/17/99 883/20/106
f 878/17/99 884/20/106 876/17/99
f 882/23/101 886/24/105 885/24/105
f 886/24/105 882/23/101 881/23/101
f 888/24/104 880/23/102 887/24/104
f 880/23/102 888/24/104 879/23/102
f 875/17/100 889/20/103 877/17/100
f 889/20/103 875/17/100 890/20/103
f 893/1/108 892/13/117 891/1/117
f 892/13/117 893/1/108 894/13/108
f 895/13/118 891/1/117 892/13/117
f 891/1/117 895/13/118 896/1/118
f 897/1/10 891/1/10 896/1/10
f 891/1/10 897/1/10 898/1/10
f 891/1/10 898/1/10 893/1/10
f 900/13/9 894/13/9 899/13/9
f 894/13/9 900/13/9 892/13/9
f 901/13/9 892/13/9 900/13/9
f 902/13/9 892/13/9 901/13/9
f 892/13/9 902/13/9 895/13/9
f 872/22/98 867/19/96 871/22/98
f 867/19/96 872/22/98 869/19/96
f 870/19/95 873/22/97 868/19/95
f 873/22/97 870/19/95 874/22/97
f 886/24/105 883/20/106 885/24/105
f 883/20/106 886/24/105 884/20/106
f 890/20/103 887/24/104 889/20/103
f 887/24/104 890/20/103 888/24/104
f 885/24/108 880/23/108 882/23/108
f 880/23/108 885/24/108 887/24/108
f 887/24/108 885/24/108 873/22/108
f 873/22/108 885/24/108 883/20/108
f 871/22/108 887/24/108 873/22/108
f 873/22/108 883/20/108 868/19/108
f 887/24/108 871/22/108 889/20/108
f 868/19/108 883/20/108 867/19/108
f 889/20/108 871/22/108 867/19/108
f 889/20/108 867/19/108 883/20/108
f 889/20/108 883/20/108 878/17/108
f 889/20/108 878/17/108 877/17/108
f 902/13/119 896/1/118 895/13/118
f 896/1/118 902/13/119 897/1/119
f 905/25/98 904/26/96 903/25/98
f 904/26/96 905/25/98 906/26/96
f 907/26/95 904/26/96 906/26/96
f 904/26/96 907/26/95 908/26/95
f 903/25/98 909/25/97 905/25/98
f 909/25/97 903/25/98 910/25/97
f 907/26/95 910/25/97 908/26/95
f 910/25/97 907/26/95 909/25/97
f 910/25/108 911/27/108 908/26/108
f 908/26/108 911/27/108 904/26/108
f 910/25/108 912/28/108 911/27/108
f 913/27/108 904/26/108 911/27/108
f 912/28/108 910/25/108 914/28/108
f 913/27/108 903/25/108 904/26/108
f 914/28/108 903/25/108 913/27/108
f 903/25/108 914/28/108 910/25/108
f 917/32/9 916/32/9 915/32/9
f 916/32/9 917/32/9 918/32/9
f 919/32/15 103/33/15 104/33/15
f 103/33/15 919/32/15 920/32/15
f 159/34/121 139/35/120 160/34/120
f 139/35/120 158/34/122 160/34/120
f 139/35/120 159/34/121 143/35/121
f 158/34/122 139/35/120 137/35/122
f 137/35/122 157/34/123 158/34/122
f 157/34/123 137/35/122 138/35/123
f 155/34/124 143/35/121 159/34/121
f 143/35/121 155/34/124 144/35/124
f 155/34/124 142/35/125 144/35/124
f 142/35/125 155/34/124 153/34/125
f 138/35/123 156/34/126 157/34/123
f 156/34/126 138/35/123 140/35/126
f 153/34/125 141/35/127 142/35/125
f 141/35/127 156/34/126 140/35/126
f 141/35/127 153/34/125 154/34/127
f 156/34/126 141/35/127 154/34/127
f 547/32/38 212/33/38 921/32/38
f 211/33/38 921/32/38 212/33/38
f 922/32/36 921/32/36 210/33/36
f 211/33/36 210/33/36 921/32/36
f 267/34/121 247/35/120 268/34/120
f 247/35/120 266/34/122 268/34/120
f 247/35/120 267/34/121 251/35/121
f 266/34/122 247/35/120 245/35/122
f 245/35/122 265/34/123 266/34/122
f 265/34/123 245/35/122 246/35/123
f 263/34/124 251/35/121 267/34/121
f 251/35/121 263/34/124 252/35/124
f 263/34/124 250/35/125 252/35/124
f 250/35/125 263/34/124 261/34/125
f 246/35/123 264/34/126 265/34/123
f 264/34/126 246/35/123 248/35/126
f 261/34/125 249/35/127 250/35/125
f 249/35/127 264/34/126 248/35/126
f 249/35/127 261/34/125 262/34/127
f 264/34/126 249/35/127 262/34/127
f 923/32/41 275/33/41 276/33/41
f 275/33/41 923/32/41 924/32/41
f 927/32/38 288/33/38 925/32/38
f 287/33/38 925/32/38 288/33/38
f 926/32/36 925/32/36 286/33/36
f 287/33/36 286/33/36 925/32/36
f 594/33/15 592/33/15 596/36/15
f 928/32/15 596/36/15 592/33/15
f 598/37/15 596/36/15 928/32/15
f 564/32/15 598/37/15 928/32/15
f 598/37/15 564/32/15 600/37/15
f 600/37/15 564/32/15 590/36/15
f 590/36/15 564/32/15 583/33/15
f 585/33/15 583/33/15 564/32/15
f 566/32/11 586/33/11 564/32/11
f 585/33/11 564/32/11 586/33/11
f 929/32/85 611/33/85 613/33/85
f 611/33/85 929/32/85 612/36/85
f 612/36/85 929/32/85 930/37/85
f 628/37/85 612/36/85 930/37/85
f 930/37/85 929/32/85 628/37/85
f 628/37/85 929/32/85 627/37/85
f 627/37/85 929/32/85 931/37/85
f 932/32/85 931/37/85 929/32/85
f 931/37/85 632/36/85 627/37/85
f 932/32/85 632/36/85 931/37/85
f 615/33/85 632/36/85 932/32/85
f 632/36/85 615/33/85 616/33/85
f 710/37/108 935/32/108 718/36/108
f 718/36/108 935/32/108 720/38/108
f 709/37/108 935/32/108 710/37/108
f 935/32/108 733/33/108 720/38/108
f 935/32/108 709/37/108 933/32/108
f 720/38/108 733/33/108 715/39/108
f 734/33/108 715/39/108 733/33/108
f 715/39/108 734/33/108 713/39/108
f 713/39/108 734/33/108 722/38/108
f 933/32/108 722/38/108 734/33/108
f 709/37/108 724/36/108 933/32/108
f 724/36/108 722/38/108 933/32/108
f 735/33/110 934/32/110 734/33/110
f 933/32/110 734/33/110 934/32/110
f 776/33/15 775/33/15 779/36/15
f 936/32/15 779/36/15 775/33/15
f 777/37/15 779/36/15 936/32/15
f 938/32/15 777/37/15 936/32/15
f 777/37/15 938/32/15 778/37/15
f 778/37/15 938/32/15 766/36/15
f 766/36/15 938/32/15 762/33/15
f 764/33/15 762/33/15 938/32/15
f 774/33/14 937/32/14 775/33/14
f 936/32/14 775/33/14 937/32/14
f 940/40/128 57/41/128 939/40/128
f 57/41/128 940/40/128 59/41/128
f 941/42/20 57/41/20 60/41/20
f 57/41/20 941/42/20 939/40/20
f 940/40/18 61/41/18 59/41/18
f 61/41/18 940/40/18 942/42/18
f 61/41/129 941/42/129 60/41/129
f 941/42/129 61/41/129 942/42/129
f 945/43/21 944/44/21 943/43/21
f 944/44/21 945/43/21 946/44/21
f 946/44/20 948/46/20 947/45/20
f 948/46/20 946/44/20 949/47/20
f 949/47/20 946/44/20 950/48/20
f 950/48/20 946/44/20 951/49/20
f 951/49/20 946/44/20 952/50/20
f 952/50/20 946/44/20 945/43/20
f 947/45/19 954/46/19 953/45/19
f 954/46/19 947/45/19 948/46/19
f 954/46/18 944/44/18 953/45/18
f 944/44/18 954/46/18 955/47/18
f 944/44/18 955/47/18 956/48/18
f 944/44/18 956/48/18 957/49/18
f 944/44/18 957/49/18 958/50/18
f 944/44/18 958/50/18 943/43/18
f 77/52/30 948/46/30 79/51/30
f 948/46/30 77/52/30 73/52/30
f 73/52/30 954/46/30 948/46/30
f 954/46/30 73/52/30 74/51/30
f 954/46/30 74/51/30 955/47/30
f 79/51/30 948/46/30 949/47/30
f 956/48/30 949/47/30 955/47/30
f 955/47/30 74/51/30 956/48/30
f 949/47/30 956/48/30 950/48/30
f 79/51/30 949/47/30 950/48/30
f 956/48/30 74/51/30 957/49/30
f 79/51/30 950/48/30 951/49/30
f 958/50/30 951/49/30 957/49/30
f 957/49/30 74/51/30 958/50/30
f 951/49/30 958/50/30 952/50/30
f 79/51/30 951/49/30 952/50/30
f 958/50/30 74/51/30 943/43/30
f 79/51/30 952/50/30 945/43/30
f 943/43/30 74/51/30 945/43/30
f 79/51/30 945/43/30 74/51/30
f 942/42/30 93/52/30 94/51/30
f 942/42/30 94/51/30 92/53/30
f 940/40/30 93/52/30 942/42/30
f 93/52/30 940/40/30 84/54/30
f 940/40/30 82/54/30 84/54/30
f 939/40/30 82/54/30 940/40/30
f 82/54/30 939/40/30 85/52/30
f 942/42/30 92/53/30 941/42/30
f 85/52/30 939/40/30 941/42/30
f 91/53/30 941/42/30 92/53/30
f 85/52/30 941/42/30 87/51/30
f 87/51/30 941/42/30 91/53/30
f 961/55/9 960/55/9 959/55/9
f 960/55/9 961/55/9 962/55/9
f 960/55/9 962/55/9 963/55/9
f 963/55/9 962/55/9 964/55/9
f 964/55/9 962/55/9 965/55/9
f 964/55/9 965/55/9 966/55/9
f 149/56/31 962/55/16 961/55/31
f 962/55/16 149/56/31 150/56/16
f 150/56/16 965/55/34 962/55/16
f 965/55/34 150/56/16 152/56/34
f 151/56/11 965/55/34 152/56/34
f 965/55/34 151/56/11 966/55/11
f 147/56/33 966/55/11 151/56/11
f 966/55/11 147/56/33 964/55/33
f 147/56/33 963/55/15 964/55/33
f 963/55/15 147/56/33 145/56/15
f 145/56/15 960/55/32 963/55/15
f 960/55/32 145/56/15 146/56/32
f 960/55/32 148/56/14 959/55/14
f 148/56/14 960/55/32 146/56/32
f 959/55/14 149/56/31 961/55/31
f 149/56/31 959/55/14 148/56/14
f 387/56/38 188/57/38 967/56/38
f 187/57/38 967/56/38 188/57/38
f 968/56/36 967/56/36 186/57/36
f 187/57/36 186/57/36 967/56/36
f 971/56/40 200/57/40 969/56/40
f 199/57/40 969/56/40 200/57/40
f 970/56/39 969/56/39 198/57/39
f 199/57/39 198/57/39 969/56/39
f 974/55/9 973/55/9 972/55/9
f 973/55/9 974/55/9 975/55/9
f 973/55/9 975/55/9 976/55/9
f 976/55/9 975/55/9 977/55/9
f 977/55/9 975/55/9 978/55/9
f 977/55/9 978/55/9 979/55/9
f 257/56/31 975/55/16 974/55/31
f 975/55/16 257/56/31 258/56/16
f 258/56/16 978/55/34 975/55/16
f 978/55/34 258/56/16 260/56/34
f 259/56/11 978/55/34 260/56/34
f 978/55/34 259/56/11 979/55/11
f 255/56/33 979/55/11 259/56/11
f 979/55/11 255/56/33 977/55/33
f 255/56/33 976/55/15 977/55/33
f 976/55/15 255/56/33 253/56/15
f 253/56/15 973/55/32 976/55/15
f 973/55/32 253/56/15 254/56/32
f 973/55/32 256/56/14 972/55/14
f 256/56/14 973/55/32 254/56/32
f 972/55/14 257/56/31 974/55/31
f 257/56/31 972/55/14 256/56/14
f 296/58/9 980/58/9 308/58/9
f 980/58/9 296/58/9 298/58/9
f 982/58/9 318/58/9 981/58/9
f 318/58/9 982/58/9 316/58/9
f 984/58/9 330/58/9 983/58/9
f 330/58/9 984/58/9 328/58/9
f 340/58/9 985/58/9 352/58/9
f 985/58/9 340/58/9 342/58/9
f 360/58/9 987/58/9 362/58/9
f 986/58/9 362/58/9 987/58/9
f 374/58/9 372/58/9 988/58/9
f 384/58/9 988/58/9 372/58/9
f 392/58/9 989/58/9 404/58/9
f 989/58/9 392/58/9 394/58/9
f 412/58/9 990/58/9 424/58/9
f 990/58/9 412/58/9 414/58/9
f 432/58/9 991/58/9 444/58/9
f 991/58/9 432/58/9 434/58/9
f 516/58/9 992/58/9 528/58/9
f 992/58/9 516/58/9 518/58/9
f 996/59/15 995/59/15 994/56/15
f 993/56/15 994/56/15 995/59/15
f 636/60/85 622/59/85 624/59/85
f 622/59/85 636/60/85 635/60/85
f 427/56/11 679/57/11 997/56/11
f 679/57/11 427/56/11 678/57/11
f 659/60/15 655/59/15 660/59/15
f 655/59/15 659/60/15 656/60/15
f 998/56/15 666/57/15 668/57/15
f 666/57/15 998/56/15 670/61/15
f 670/61/15 998/56/15 683/62/15
f 683/62/15 998/56/15 682/62/15
f 997/56/15 682/62/15 998/56/15
f 997/56/15 684/61/15 682/62/15
f 679/57/15 684/61/15 997/56/15
f 684/61/15 679/57/15 680/57/15
f 755/60/15 790/58/15 752/60/15
f 790/58/15 755/60/15 785/58/15
f 790/58/15 792/65/15 752/60/15
f 785/58/15 755/60/15 786/65/15
f 792/65/15 791/64/15 752/60/15
f 792/65/15 786/65/15 791/64/15
f 786/65/15 755/60/15 788/64/15
f 788/64/15 791/64/15 786/65/15
f 791/64/15 781/63/15 752/60/15
f 788/64/15 755/60/15 783/63/15
f 752/60/15 781/63/15 751/59/15
f 783/63/15 751/59/15 781/63/15
f 755/60/15 756/59/15 783/63/15
f 751/59/15 783/63/15 756/59/15
f 1000/56/119 900/57/119 999/56/119
f 900/57/119 1000/56/119 901/57/119
f 999/56/108 888/66/108 890/61/108
f 999/56/108 890/61/108 875/62/108
f 900/57/108 888/66/108 999/56/108
f 888/66/108 900/57/108 879/65/108
f 879/65/108 900/57/108 881/65/108
f 899/57/108 881/65/108 900/57/108
f 881/65/108 899/57/108 886/66/108
f 999/56/108 875/62/108 1001/56/108
f 886/66/108 899/57/108 1001/56/108
f 876/62/108 1001/56/108 875/62/108
f 886/66/108 1001/56/108 884/61/108
f 884/61/108 1001/56/108 876/62/108

usemtl colormap-specular

f 953/67/30 946/68/30 947/67/30
f 946/68/30 953/67/30 944/68/30
f 740/70/108 741/70/108 739/69/108
f 743/69/108 739/69/108 741/70/108
f 789/72/15 787/72/15 782/71/15
f 784/71/15 782/71/15 787/72/15
f 907/70/108 905/69/108 909/69/108
f 905/69/108 907/70/108 906/70/108

