# Created by Kenney (www.kenney.nl)

mtllib building-c.mtl

g building-c

v -0.2294471 0.05 0.08899994 1 1 1
v 0.1705529 0.05 0.08899994 1 1 1
v -0.2294471 0.4 0.08899994 1 1 1
v 0.1705529 0.4 0.08899994 1 1 1
v -0.629447 0.05 0.08899999 1 1 1
v -0.6294471 0.05 -0.311 1 1 1
v -0.629447 0.4 0.08899999 1 1 1
v -0.6294471 0.4 -0.311 1 1 1
v -0.229447 0.05 0.08899993 1 1 1
v -0.229447 0.4 0.08899993 1 1 1
v 0.1705529 0.05 0.08900003 1 1 1
v 0.170553 0.05 0.4890001 1 1 1
v 0.1705529 0.4 0.08900003 1 1 1
v 0.170553 0.4 0.4890001 1 1 1
v 0.4351385 0.575 0.0744144 1 1 1
v 0.4114921 1.175 0.09806078 1 1 1
v 0.4743171 0.575 0.1689999 1 1 1
v 0.340553 0.575 0.03523579 1 1 1
v 0.4408761 1.175 0.1689999 1 1 1
v 0.340553 1.175 0.06867682 1 1 1
v 0.2459675 0.575 0.0744144 1 1 1
v 0.2696139 1.175 0.09806078 1 1 1
v 0.4351385 0.575 0.2635854 1 1 1
v 0.4114921 1.175 0.239939 1 1 1
v 0.340553 1.175 0.269323 1 1 1
v 0.340553 0.575 0.302764 1 1 1
v 0.2067889 0.575 0.1689999 1 1 1
v 0.2402299 1.175 0.1689999 1 1 1
v 0.2696139 1.175 0.239939 1 1 1
v 0.2459675 0.575 0.2635854 1 1 1
v 0.9705529 0.05 0.089 1 1 1
v 0.970553 0.05 -0.311 1 1 1
v 0.9705529 0.4 0.089 1 1 1
v 0.970553 0.4 -0.311 1 1 1
v 0.9705529 0.05 0.4890001 1 1 1
v 0.970553 0.05 0.08900003 1 1 1
v 0.9705529 0.4 0.4890001 1 1 1
v 0.970553 0.4 0.08900003 1 1 1
v 0.4351385 0.575 -0.2755855 1 1 1
v 0.4114921 1.175 -0.2519391 1 1 1
v 0.4743171 0.575 -0.181 1 1 1
v 0.340553 0.575 -0.3147641 1 1 1
v 0.4408761 1.175 -0.181 1 1 1
v 0.340553 1.175 -0.2813231 1 1 1
v 0.2459675 0.575 -0.2755855 1 1 1
v 0.2696139 1.175 -0.2519391 1 1 1
v 0.4351385 0.575 -0.08641449 1 1 1
v 0.4114921 1.175 -0.1100609 1 1 1
v 0.340553 1.175 -0.08067691 1 1 1
v 0.340553 0.575 -0.04723588 1 1 1
v 0.2067889 0.575 -0.181 1 1 1
v 0.2402299 1.175 -0.181 1 1 1
v 0.2696139 1.175 -0.1100609 1 1 1
v 0.2459675 0.575 -0.08641449 1 1 1
v 0.5705529 0.4 -0.311 1 1 1
v 0.5705529 0.4 0.08899994 1 1 1
v 0.170553 0.4 -0.311 1 1 1
v 0.170553 0.4 0.08899994 1 1 1
v -0.629447 0.05 -0.7109999 1 1 1
v -0.2294471 0.05 -0.7109999 1 1 1
v -0.629447 0.4 -0.7109999 1 1 1
v -0.2294471 0.4 -0.7109999 1 1 1
v -0.629447 0.05 -0.3109999 1 1 1
v -0.629447 0.4 -0.3109999 1 1 1
v 0.170553 0.05 0.8889999 1 1 1
v 0.1705529 0.05 0.4889999 1 1 1
v 0.170553 0.4 0.8889999 1 1 1
v 0.1705529 0.4 0.4889999 1 1 1
v 0.570553 0.05 0.8889999 1 1 1
v 0.570553 0.4 0.8889999 1 1 1
v 0.1705529 0.55 -0.311 1 1 1
v 0.07055292 0.55 -0.311 1 1 1
v 0.1705529 0.9 -0.311 1 1 1
v 0.07055292 0.78 -0.311 1 1 1
v 0.05055293 0.8 -0.311 1 1 1
v -0.1094471 0.8 -0.311 1 1 1
v -0.2294471 0.9 -0.311 1 1 1
v -0.1294471 0.78 -0.311 1 1 1
v -0.2294471 0.55 -0.311 1 1 1
v -0.1294471 0.55 -0.311 1 1 1
v -0.2294471 0.9 0.08900003 1 1 1
v -0.2294471 0.55 0.08900003 1 1 1
v 0.1705529 0.55 0.08900003 1 1 1
v 0.1705529 0.9 0.08900003 1 1 1
v 0.5705529 0.05 0.8890001 1 1 1
v 0.6705529 0.05 0.8890001 1 1 1
v 0.5705529 0.4 0.8890001 1 1 1
v 0.6705529 0.28 0.8890001 1 1 1
v 0.6705529 0.3 0.8890001 1 1 1
v 0.6905529 0.3 0.8890001 1 1 1
v 0.8505529 0.3 0.8890001 1 1 1
v 0.870553 0.3 0.8890001 1 1 1
v 0.9705529 0.4 0.8890001 1 1 1
v 0.870553 0.28 0.8890001 1 1 1
v 0.9705529 0.05 0.8890001 1 1 1
v 0.870553 0.05 0.8890001 1 1 1
v 0.9705529 0.4 0.489 1 1 1
v 0.9705529 0.05 0.489 1 1 1
v 0.9705529 0.05 -0.7109999 1 1 1
v 0.9705529 0.4 -0.7109999 1 1 1
v 0.9705529 0.05 -0.3109999 1 1 1
v 0.9705529 0.4 -0.3109999 1 1 1
v 0.8305529 0.05 -0.7109999 1 1 1
v 0.8305529 0.28 -0.7109999 1 1 1
v 0.810553 0.3 -0.7109999 1 1 1
v 0.3305529 0.3 -0.7109999 1 1 1
v 0.1705529 0.4 -0.7109999 1 1 1
v 0.3105529 0.28 -0.7109999 1 1 1
v 0.1705529 0.05 -0.7109999 1 1 1
v 0.3105529 0.05 -0.7109999 1 1 1
v 0.170553 0.05 -0.7109999 1 1 1
v 0.120553 0.05 -0.7109999 1 1 1
v 0.170553 0.4 -0.7109999 1 1 1
v 0.120553 0.28 -0.7109999 1 1 1
v 0.100553 0.3 -0.7109999 1 1 1
v -0.159447 0.3 -0.7109999 1 1 1
v -0.229447 0.4 -0.7109999 1 1 1
v -0.179447 0.28 -0.7109999 1 1 1
v -0.229447 0.05 -0.7109999 1 1 1
v -0.179447 0.05 -0.7109999 1 1 1
v 0.1705529 1.804778E-16 0.1089999 1 1 1
v -0.2294471 1.804778E-16 0.1089999 1 1 1
v 0.1705529 1.804778E-16 -0.311 1 1 1
v -0.2294471 1.804778E-16 -0.311 1 1 1
v -0.2294471 0.05 0.1089999 1 1 1
v 0.1705529 0.05 0.1089999 1 1 1
v -0.649447 1.804778E-16 0.08899999 1 1 1
v -0.6494471 1.804778E-16 -0.311 1 1 1
v -0.649447 0.05 0.08899999 1 1 1
v -0.6494471 0.05 -0.311 1 1 1
v -0.629447 1.804778E-16 0.109 1 1 1
v -0.629447 0.05 0.109 1 1 1
v -0.229447 1.804778E-16 0.1089999 1 1 1
v -0.229447 0.05 0.1089999 1 1 1
v -0.2294471 1.804778E-16 -0.3110001 1 1 1
v 0.150553 2.255974E-16 0.4890001 1 1 1
v 0.1505529 2.255974E-16 0.08900003 1 1 1
v 0.570553 2.255974E-16 0.489 1 1 1
v 0.5705529 2.255974E-16 0.08899997 1 1 1
v 0.1505529 0.05 0.08900003 1 1 1
v 0.150553 0.05 0.4890001 1 1 1
v 0.7378249 0.5527279 -0.361 1 1 1
v 0.7325528 0.54 -0.361 1 1 1
v 0.7378249 0.5527279 0.03899999 1 1 1
v 0.7325528 0.54 0.03899999 1 1 1
v 0.7685528 0.54 -0.361 1 1 1
v 0.7685528 0.54 0.03899999 1 1 1
v 0.7632807 0.5272721 -0.361 1 1 1
v 0.7632807 0.5272721 0.03899999 1 1 1
v 0.7505528 0.558 -0.361 1 1 1
v 0.7505528 0.558 0.03899999 1 1 1
v 0.7632807 0.5527279 -0.361 1 1 1
v 0.7632807 0.5527279 0.03899999 1 1 1
v 0.7378249 0.5272721 -0.361 1 1 1
v 0.7378249 0.5272721 0.03899999 1 1 1
v 0.7505528 0.522 0.03899999 1 1 1
v 0.7505528 0.522 -0.361 1 1 1
v 0.820553 0.5 0.05899994 1 1 1
v 0.820553 0.58 0.05899994 1 1 1
v 0.820553 0.5 0.2189999 1 1 1
v 0.820553 0.58 0.2189999 1 1 1
v 0.800553 0.5 0.03899994 1 1 1
v 0.640553 0.5 0.03899994 1 1 1
v 0.800553 0.58 0.03899994 1 1 1
v 0.640553 0.58 0.03899994 1 1 1
v 0.640553 0.5 0.2389999 1 1 1
v 0.800553 0.5 0.2389999 1 1 1
v 0.640553 0.58 0.2389999 1 1 1
v 0.800553 0.58 0.2389999 1 1 1
v 0.620553 0.58 0.05899994 1 1 1
v 0.620553 0.5 0.05899994 1 1 1
v 0.620553 0.58 0.2189999 1 1 1
v 0.620553 0.5 0.2189999 1 1 1
v 0.6905529 0.5144121 -0.1467845 1 1 1
v 0.6905529 0.5144121 -0.1752155 1 1 1
v 0.7086463 0.5219066 -0.1467845 1 1 1
v 0.7086463 0.5219066 -0.1752155 1 1 1
v 0.6905529 0.5655879 -0.1752155 1 1 1
v 0.6905529 0.5655879 -0.1467845 1 1 1
v 0.7086463 0.5580934 -0.1752155 1 1 1
v 0.7086463 0.5580934 -0.1467845 1 1 1
v 0.7161408 0.54 -0.1752155 1 1 1
v 0.7161408 0.54 -0.1467845 1 1 1
v 0.6724595 0.5219066 -0.1467845 1 1 1
v 0.664965 0.54 -0.1467845 1 1 1
v 0.6724595 0.5580934 -0.1467845 1 1 1
v 0.6724595 0.5580934 -0.1752155 1 1 1
v 0.6724595 0.5219066 -0.1752155 1 1 1
v 0.664965 0.54 -0.1752155 1 1 1
v 0.490553 0.5 0.1689999 1 1 1
v 0.490553 0.575 0.1689999 1 1 1
v 0.446619 0.5 0.2750659 1 1 1
v 0.446619 0.575 0.2750659 1 1 1
v 0.446619 0.5 0.06293389 1 1 1
v 0.446619 0.575 0.06293389 1 1 1
v 0.340553 0.5 0.0189999 1 1 1
v 0.340553 0.575 0.0189999 1 1 1
v 0.234487 0.5 0.06293389 1 1 1
v 0.234487 0.575 0.06293389 1 1 1
v 0.190553 0.575 0.1689999 1 1 1
v 0.190553 0.5 0.1689999 1 1 1
v 0.234487 0.575 0.2750659 1 1 1
v 0.234487 0.5 0.2750659 1 1 1
v 0.340553 0.5 0.3189999 1 1 1
v 0.340553 0.575 0.3189999 1 1 1
v 0.2581334 1.25 0.08658027 1 1 1
v 0.2581334 1.175 0.08658027 1 1 1
v 0.223994 1.25 0.1689999 1 1 1
v 0.223994 1.175 0.1689999 1 1 1
v 0.340553 1.175 0.05244094 1 1 1
v 0.340553 1.25 0.05244094 1 1 1
v 0.4229726 1.175 0.08658027 1 1 1
v 0.4229726 1.25 0.08658027 1 1 1
v 0.457112 1.175 0.1689999 1 1 1
v 0.457112 1.25 0.1689999 1 1 1
v 0.4229726 1.175 0.2514195 1 1 1
v 0.4229726 1.25 0.2514195 1 1 1
v 0.340553 1.175 0.2855589 1 1 1
v 0.340553 1.25 0.2855589 1 1 1
v 0.2581334 1.175 0.2514195 1 1 1
v 0.2581334 1.25 0.2514195 1 1 1
v 0.340553 1.25 0.2530871 1 1 1
v 0.2810943 1.25 0.2284586 1 1 1
v 0.4000116 1.25 0.2284586 1 1 1
v 0.2564658 1.25 0.1689999 1 1 1
v 0.2810943 1.25 0.1095413 1 1 1
v 0.340553 1.25 0.08491272 1 1 1
v 0.4246402 1.25 0.1689999 1 1 1
v 0.4000116 1.25 0.1095413 1 1 1
v 0.6725529 0.54 -0.361 1 1 1
v 0.677825 0.5272721 -0.361 1 1 1
v 0.6725529 0.54 0.03899999 1 1 1
v 0.677825 0.5272721 0.03899999 1 1 1
v 0.677825 0.5527279 -0.361 1 1 1
v 0.677825 0.5527279 0.03899999 1 1 1
v 0.6905529 0.558 -0.361 1 1 1
v 0.6905529 0.558 0.03899999 1 1 1
v 0.6905529 0.522 0.03899999 1 1 1
v 0.6905529 0.522 -0.361 1 1 1
v 0.7032808 0.5272721 0.03899999 1 1 1
v 0.7032808 0.5272721 -0.361 1 1 1
v 0.7085529 0.54 -0.361 1 1 1
v 0.7085529 0.54 0.03899999 1 1 1
v 0.7032808 0.5527279 -0.361 1 1 1
v 0.7032808 0.5527279 0.03899999 1 1 1
v 0.820553 0.5 -0.5409999 1 1 1
v 0.820553 0.58 -0.5409999 1 1 1
v 0.820553 0.5 -0.381 1 1 1
v 0.820553 0.58 -0.381 1 1 1
v 0.800553 0.5 -0.561 1 1 1
v 0.640553 0.5 -0.561 1 1 1
v 0.800553 0.58 -0.561 1 1 1
v 0.640553 0.58 -0.561 1 1 1
v 0.640553 0.5 -0.361 1 1 1
v 0.800553 0.5 -0.361 1 1 1
v 0.640553 0.58 -0.361 1 1 1
v 0.800553 0.58 -0.361 1 1 1
v 0.620553 0.58 -0.5409999 1 1 1
v 0.620553 0.5 -0.5409999 1 1 1
v 0.620553 0.58 -0.381 1 1 1
v 0.620553 0.5 -0.381 1 1 1
v 0.990553 1.804778E-16 -0.311 1 1 1
v 0.9905529 1.804778E-16 0.089 1 1 1
v 0.5705529 1.804778E-16 -0.3110001 1 1 1
v 0.5705529 1.804778E-16 0.08899994 1 1 1
v 0.9905529 0.05 0.089 1 1 1
v 0.990553 0.05 -0.311 1 1 1
v 0.990553 1.804778E-16 0.08900003 1 1 1
v 0.9905529 1.804778E-16 0.4890001 1 1 1
v 0.5705529 1.804778E-16 0.08899997 1 1 1
v 0.5705529 1.804778E-16 0.489 1 1 1
v 0.9905529 0.05 0.4890001 1 1 1
v 0.990553 0.05 0.08900003 1 1 1
v 0.490553 0.5 -0.181 1 1 1
v 0.490553 0.575 -0.181 1 1 1
v 0.446619 0.5 -0.07493398 1 1 1
v 0.446619 0.575 -0.07493398 1 1 1
v 0.446619 0.5 -0.287066 1 1 1
v 0.446619 0.575 -0.287066 1 1 1
v 0.340553 0.5 -0.331 1 1 1
v 0.340553 0.575 -0.331 1 1 1
v 0.234487 0.5 -0.287066 1 1 1
v 0.234487 0.575 -0.287066 1 1 1
v 0.190553 0.575 -0.181 1 1 1
v 0.190553 0.5 -0.181 1 1 1
v 0.234487 0.575 -0.07493398 1 1 1
v 0.234487 0.5 -0.07493398 1 1 1
v 0.340553 0.5 -0.03099999 1 1 1
v 0.340553 0.575 -0.03099999 1 1 1
v 0.2581334 1.25 -0.2634196 1 1 1
v 0.2581334 1.175 -0.2634196 1 1 1
v 0.223994 1.25 -0.181 1 1 1
v 0.223994 1.175 -0.181 1 1 1
v 0.340553 1.175 -0.297559 1 1 1
v 0.340553 1.25 -0.297559 1 1 1
v 0.4229726 1.175 -0.2634196 1 1 1
v 0.4229726 1.25 -0.2634196 1 1 1
v 0.457112 1.175 -0.181 1 1 1
v 0.457112 1.25 -0.181 1 1 1
v 0.4229726 1.175 -0.09858035 1 1 1
v 0.4229726 1.25 -0.09858035 1 1 1
v 0.340553 1.175 -0.06444103 1 1 1
v 0.340553 1.25 -0.06444103 1 1 1
v 0.2581334 1.175 -0.09858035 1 1 1
v 0.2581334 1.25 -0.09858035 1 1 1
v 0.340553 1.25 -0.0969128 1 1 1
v 0.2810943 1.25 -0.1215414 1 1 1
v 0.4000116 1.25 -0.1215414 1 1 1
v 0.2564658 1.25 -0.181 1 1 1
v 0.2810943 1.25 -0.2404586 1 1 1
v 0.340553 1.25 -0.2650872 1 1 1
v 0.4246402 1.25 -0.181 1 1 1
v 0.4000116 1.25 -0.2404586 1 1 1
v -0.2294471 0.9299999 -0.331 1 1 1
v -0.2494471 0.9299999 -0.311 1 1 1
v -0.2294471 0.98 -0.331 1 1 1
v -0.2494471 0.98 -0.311 1 1 1
v -0.1794471 0.9 -0.2610001 1 1 1
v -0.1794471 0.98 -0.2610001 1 1 1
v -0.1794471 0.9 0.03899994 1 1 1
v -0.1794471 0.98 0.03899994 1 1 1
v -0.2494471 0.98 0.08899994 1 1 1
v -0.2494471 0.9299999 0.08899994 1 1 1
v -0.2294471 0.98 0.1089999 1 1 1
v -0.2294471 0.9299999 0.1089999 1 1 1
v 0.1905529 0.9299999 -0.311 1 1 1
v 0.1705529 0.9299999 -0.331 1 1 1
v 0.1905529 0.98 -0.311 1 1 1
v 0.1705529 0.98 -0.331 1 1 1
v 0.1205529 0.9 -0.2610001 1 1 1
v 0.1205529 0.98 -0.2610001 1 1 1
v 0.1705529 0.9 -0.311 1 1 1
v -0.2294471 0.9 -0.311 1 1 1
v 0.1705529 0.9299999 -0.311 1 1 1
v -0.2294471 0.9299999 -0.311 1 1 1
v 0.1705529 0.9299999 0.1089999 1 1 1
v 0.1905529 0.9299999 0.08899994 1 1 1
v 0.1705529 0.98 0.1089999 1 1 1
v 0.1905529 0.98 0.08899994 1 1 1
v 0.1205529 0.9 0.03899994 1 1 1
v 0.1205529 0.98 0.03899994 1 1 1
v -0.2294471 0.9 0.08899994 1 1 1
v 0.1705529 0.9 0.08899994 1 1 1
v -0.2294471 0.9299999 0.08899994 1 1 1
v 0.1705529 0.9299999 0.08899994 1 1 1
v 0.7324594 0.5580934 -0.1752155 1 1 1
v 0.7324594 0.5580934 -0.1467845 1 1 1
v 0.7505528 0.5655879 -0.1752155 1 1 1
v 0.7505528 0.5655879 -0.1467845 1 1 1
v 0.7505528 0.5144121 -0.1467845 1 1 1
v 0.7505528 0.5144121 -0.1752155 1 1 1
v 0.7686462 0.5219066 -0.1467845 1 1 1
v 0.7686462 0.5219066 -0.1752155 1 1 1
v 0.7324594 0.5219066 -0.1467845 1 1 1
v 0.7249649 0.54 -0.1467845 1 1 1
v 0.7761407 0.54 -0.1467845 1 1 1
v 0.7686462 0.5580934 -0.1467845 1 1 1
v 0.7324594 0.5219066 -0.1752155 1 1 1
v 0.7761407 0.54 -0.1752155 1 1 1
v 0.7249649 0.54 -0.1752155 1 1 1
v 0.7686462 0.5580934 -0.1752155 1 1 1
v 0.170553 0.35 -0.711 1 1 1
v 0.170553 0.35 -0.881 1 1 1
v 0.970553 0.35 -0.711 1 1 1
v 0.1793398 0.35 -0.9022132 1 1 1
v 0.200553 0.35 -0.911 1 1 1
v 0.9405529 0.35 -0.911 1 1 1
v 0.9617661 0.35 -0.9022132 1 1 1
v 0.970553 0.35 -0.881 1 1 1
v 0.200553 0.4 -0.881 1 1 1
v 0.9405529 0.4 -0.881 1 1 1
v 0.200553 0.45 -0.881 1 1 1
v 0.9405529 0.45 -0.881 1 1 1
v 0.9405529 0.45 -0.911 1 1 1
v 0.200553 0.45 -0.911 1 1 1
v 0.170553 0.45 -0.881 1 1 1
v 0.170553 0.45 -0.711 1 1 1
v 0.9617661 0.45 -0.9022132 1 1 1
v 0.970553 0.45 -0.881 1 1 1
v 0.9405529 0.45 -0.711 1 1 1
v 0.9405529 0.4 -0.711 1 1 1
v 0.970553 0.45 -0.711 1 1 1
v 0.200553 0.45 -0.711 1 1 1
v 0.1793398 0.45 -0.9022132 1 1 1
v 0.200553 0.4 -0.711 1 1 1
v 0.5705529 1.804778E-16 0.08899994 1 1 1
v 0.5705529 1.804778E-16 -0.311 1 1 1
v 0.170553 1.804778E-16 0.08899994 1 1 1
v 0.170553 1.804778E-16 -0.311 1 1 1
v -0.629447 1.804778E-16 -0.7309999 1 1 1
v -0.2294471 1.804778E-16 -0.7309999 1 1 1
v -0.629447 0.05 -0.7309999 1 1 1
v -0.2294471 0.05 -0.7309999 1 1 1
v -0.649447 1.804778E-16 -0.7109999 1 1 1
v -0.649447 0.05 -0.7109999 1 1 1
v -0.649447 1.804778E-16 -0.3109999 1 1 1
v -0.649447 0.05 -0.3109999 1 1 1
v -0.2294471 1.804778E-16 -0.3109999 1 1 1
v 0.150553 2.255974E-16 0.8889999 1 1 1
v 0.1505529 2.255974E-16 0.4889999 1 1 1
v 0.150553 0.05 0.8889999 1 1 1
v 0.1505529 0.05 0.4889999 1 1 1
v 0.170553 2.255974E-16 0.9089999 1 1 1
v 0.170553 0.05 0.9089999 1 1 1
v 0.570553 2.255974E-16 0.9089999 1 1 1
v 0.570553 0.05 0.9089999 1 1 1
v 0.5705529 2.255974E-16 0.4889998 1 1 1
v 0.3207803 0.559 0.6682351 1 1 1
v 0.3294207 0.559 0.6890947 1 1 1
v 0.3060303 0.5885 0.6682351 1 1 1
v 0.3189909 0.5885 0.6995245 1 1 1
v 0.3797804 0.559 0.6682351 1 1 1
v 0.3945304 0.5885 0.6682351 1 1 1
v 0.37114 0.559 0.6890947 1 1 1
v 0.3815698 0.5885 0.6995245 1 1 1
v 0.3294207 0.5 0.6890947 1 1 1
v 0.3502803 0.5 0.6977351 1 1 1
v 0.3502803 0.559 0.6977351 1 1 1
v 0.3189909 0.5885 0.6369456 1 1 1
v 0.3294207 0.559 0.6473754 1 1 1
v 0.3502803 0.5885 0.7124851 1 1 1
v 0.3502803 0.559 0.6387351 1 1 1
v 0.3502803 0.5885 0.6239851 1 1 1
v 0.37114 0.559 0.6473754 1 1 1
v 0.3815698 0.5885 0.6369456 1 1 1
v 0.3207803 0.618 0.6682351 1 1 1
v 0.3294207 0.618 0.6890947 1 1 1
v 0.37114 0.5 0.6890947 1 1 1
v 0.37114 0.5 0.6473754 1 1 1
v 0.3502803 0.5 0.6387351 1 1 1
v 0.3797804 0.5 0.6682351 1 1 1
v 0.37114 0.618 0.6473754 1 1 1
v 0.3502803 0.618 0.6387351 1 1 1
v 0.3294207 0.618 0.6473754 1 1 1
v 0.3502803 0.618 0.6977351 1 1 1
v 0.37114 0.618 0.6890947 1 1 1
v 0.3797804 0.618 0.6682351 1 1 1
v 0.3294207 0.5 0.6473754 1 1 1
v 0.3207803 0.5 0.6682351 1 1 1
v 0.5705529 0.53 -0.711 1 1 1
v 0.1705529 0.53 -0.7109999 1 1 1
v 0.5705529 0.53 -0.7309999 1 1 1
v 0.1705529 0.53 -0.7309999 1 1 1
v 0.1705529 0.5 -0.7109999 1 1 1
v 0.5705529 0.5 -0.711 1 1 1
v 0.1705529 0.58 -0.6609999 1 1 1
v 0.1705529 0.5 -0.6609999 1 1 1
v 0.5705529 0.58 -0.661 1 1 1
v 0.5705529 0.5 -0.661 1 1 1
v 0.5705529 0.58 -0.7309999 1 1 1
v 0.1705529 0.58 -0.7309999 1 1 1
v 0.9705529 0.5 -0.7109999 1 1 1
v 0.9705529 0.53 -0.7109999 1 1 1
v 0.9705529 0.5 -0.3109999 1 1 1
v 0.9705529 0.53 -0.3109999 1 1 1
v 0.5705529 0.5 -0.7109999 1 1 1
v 0.5705529 0.53 -0.7109999 1 1 1
v 0.9205529 0.58 -0.6609999 1 1 1
v 0.9205529 0.5 -0.6609999 1 1 1
v 0.9205529 0.58 -0.3109999 1 1 1
v 0.9205529 0.5 -0.3109999 1 1 1
v 0.9705529 0.53 -0.7309999 1 1 1
v 0.5705529 0.53 -0.7309999 1 1 1
v 0.9705529 0.58 -0.7309999 1 1 1
v 0.5705529 0.58 -0.7309999 1 1 1
v 0.9905529 0.53 -0.3109999 1 1 1
v 0.9905529 0.53 -0.7109999 1 1 1
v 0.5705529 0.58 -0.6609999 1 1 1
v 0.9905529 0.58 -0.3109999 1 1 1
v 0.9905529 0.58 -0.7109999 1 1 1
v 0.5705529 0.5 -0.6609999 1 1 1
v 0.9705529 0.53 0.08899994 1 1 1
v 0.9705529 0.53 -0.311 1 1 1
v 0.9905529 0.53 0.08899994 1 1 1
v 0.9905529 0.53 -0.311 1 1 1
v 0.9705529 0.5 -0.311 1 1 1
v 0.9705529 0.5 0.08899994 1 1 1
v 0.9205529 0.58 -0.311 1 1 1
v 0.9205529 0.5 -0.311 1 1 1
v 0.9205529 0.58 0.08899994 1 1 1
v 0.9205529 0.5 0.08899994 1 1 1
v 0.9905529 0.58 0.08899994 1 1 1
v 0.9905529 0.58 -0.311 1 1 1
v 0.170553 0.53 0.08900003 1 1 1
v 0.170553 0.53 0.489 1 1 1
v 0.150553 0.53 0.08900003 1 1 1
v 0.150553 0.53 0.489 1 1 1
v 0.170553 0.5 0.489 1 1 1
v 0.170553 0.5 0.08900003 1 1 1
v 0.220553 0.58 0.489 1 1 1
v 0.220553 0.5 0.489 1 1 1
v 0.220553 0.58 0.08900003 1 1 1
v 0.220553 0.5 0.08900003 1 1 1
v 0.150553 0.58 0.08900003 1 1 1
v 0.150553 0.58 0.489 1 1 1
v 0.9705529 0.5 0.8889999 1 1 1
v 0.9705529 0.53 0.8889999 1 1 1
v 0.5705529 0.5 0.8889999 1 1 1
v 0.5705529 0.53 0.8889999 1 1 1
v 0.970553 0.5 0.4889999 1 1 1
v 0.970553 0.53 0.4889999 1 1 1
v 0.9205529 0.58 0.8389999 1 1 1
v 0.9205529 0.5 0.8389999 1 1 1
v 0.5705529 0.58 0.8389999 1 1 1
v 0.5705529 0.5 0.8389999 1 1 1
v 0.9905529 0.53 0.8889999 1 1 1
v 0.990553 0.53 0.4889999 1 1 1
v 0.9905529 0.58 0.8889999 1 1 1
v 0.990553 0.58 0.4889999 1 1 1
v 0.5705529 0.53 0.9089999 1 1 1
v 0.9705529 0.53 0.9089999 1 1 1
v 0.920553 0.58 0.4889999 1 1 1
v 0.5705529 0.58 0.9089999 1 1 1
v 0.9705529 0.58 0.9089999 1 1 1
v 0.920553 0.5 0.4889999 1 1 1
v -0.6294471 0.5 -0.7109999 1 1 1
v -0.6294471 0.53 -0.7109999 1 1 1
v -0.2294471 0.5 -0.711 1 1 1
v -0.2294471 0.53 -0.711 1 1 1
v -0.629447 0.5 -0.3109999 1 1 1
v -0.629447 0.53 -0.3109999 1 1 1
v -0.5794471 0.58 -0.6609999 1 1 1
v -0.5794471 0.5 -0.6609999 1 1 1
v -0.229447 0.58 -0.661 1 1 1
v -0.229447 0.5 -0.661 1 1 1
v -0.6494471 0.53 -0.7109999 1 1 1
v -0.649447 0.53 -0.3109999 1 1 1
v -0.6494471 0.58 -0.7109999 1 1 1
v -0.649447 0.58 -0.3109999 1 1 1
v -0.2294471 0.53 -0.7309999 1 1 1
v -0.6294471 0.53 -0.7309999 1 1 1
v -0.579447 0.58 -0.3109999 1 1 1
v -0.2294471 0.58 -0.7309999 1 1 1
v -0.6294471 0.58 -0.7309999 1 1 1
v -0.579447 0.5 -0.3109999 1 1 1
v 0.170553 0.5 0.8889999 1 1 1
v 0.170553 0.53 0.8889999 1 1 1
v 0.170553 0.5 0.4889999 1 1 1
v 0.170553 0.53 0.4889999 1 1 1
v 0.5705529 0.5 0.8889999 1 1 1
v 0.5705529 0.53 0.8889999 1 1 1
v 0.220553 0.58 0.8389999 1 1 1
v 0.220553 0.5 0.8389999 1 1 1
v 0.220553 0.58 0.4889999 1 1 1
v 0.220553 0.5 0.4889999 1 1 1
v 0.170553 0.53 0.9089999 1 1 1
v 0.5705529 0.53 0.9089999 1 1 1
v 0.170553 0.58 0.9089999 1 1 1
v 0.5705529 0.58 0.9089999 1 1 1
v 0.150553 0.53 0.4889999 1 1 1
v 0.150553 0.53 0.8889999 1 1 1
v 0.5705529 0.58 0.8389999 1 1 1
v 0.150553 0.58 0.4889999 1 1 1
v 0.150553 0.58 0.8889999 1 1 1
v 0.5705529 0.5 0.8389999 1 1 1
v -0.629447 0.5 0.08899993 1 1 1
v -0.629447 0.53 0.08899993 1 1 1
v -0.629447 0.5 -0.311 1 1 1
v -0.629447 0.53 -0.311 1 1 1
v -0.2294471 0.5 0.08899993 1 1 1
v -0.2294471 0.53 0.08899993 1 1 1
v -0.579447 0.58 0.03899993 1 1 1
v -0.579447 0.5 0.03899993 1 1 1
v -0.579447 0.58 -0.311 1 1 1
v -0.579447 0.5 -0.311 1 1 1
v -0.629447 0.53 0.1089999 1 1 1
v -0.2294471 0.53 0.1089999 1 1 1
v -0.629447 0.58 0.1089999 1 1 1
v -0.2294471 0.58 0.1089999 1 1 1
v -0.649447 0.53 -0.311 1 1 1
v -0.649447 0.53 0.08899993 1 1 1
v -0.2294471 0.58 0.03899993 1 1 1
v -0.649447 0.58 -0.311 1 1 1
v -0.649447 0.58 0.08899993 1 1 1
v -0.2294471 0.5 0.03899993 1 1 1
v 0.1705529 0.53 -0.711 1 1 1
v -0.2294471 0.53 -0.7109999 1 1 1
v 0.1705529 0.53 -0.7309999 1 1 1
v -0.2294471 0.53 -0.7309999 1 1 1
v -0.2294471 0.5 -0.7109999 1 1 1
v 0.1705529 0.5 -0.711 1 1 1
v -0.2294471 0.58 -0.6609999 1 1 1
v -0.2294471 0.5 -0.6609999 1 1 1
v 0.1705529 0.58 -0.661 1 1 1
v 0.1705529 0.5 -0.661 1 1 1
v 0.1705529 0.58 -0.7309999 1 1 1
v -0.2294471 0.58 -0.7309999 1 1 1
v 0.9705529 0.53 0.489 1 1 1
v 0.9705529 0.53 0.08900003 1 1 1
v 0.9905529 0.53 0.489 1 1 1
v 0.9905529 0.53 0.08900003 1 1 1
v 0.9705529 0.5 0.08900003 1 1 1
v 0.9705529 0.5 0.489 1 1 1
v 0.9205529 0.58 0.08900003 1 1 1
v 0.9205529 0.5 0.08900003 1 1 1
v 0.9205529 0.58 0.489 1 1 1
v 0.9205529 0.5 0.489 1 1 1
v 0.9905529 0.58 0.489 1 1 1
v 0.9905529 0.58 0.08900003 1 1 1
v 0.1705529 0.4 0.089 1 1 1
v 0.170553 0.4 0.4890001 1 1 1
v 0.1705529 0.5 0.089 1 1 1
v 0.170553 0.5 0.4890001 1 1 1
v 0.170553 0.4 -0.711 1 1 1
v 0.5705529 0.4 -0.711 1 1 1
v 0.170553 0.5 -0.711 1 1 1
v -0.629447 0.5 0.08899994 1 1 1
v -0.629447 0.4 0.08899994 1 1 1
v -0.629447 0.4 -0.311 1 1 1
v -0.229447 0.4 0.08899994 1 1 1
v -0.229447 0.5 0.08899994 1 1 1
v -0.629447 0.5 -0.7109999 1 1 1
v -0.629447 0.5 -0.3109999 1 1 1
v -0.229447 0.5 -0.7109999 1 1 1
v 0.9705529 0.5 0.8890001 1 1 1
v 0.9705529 0.4 0.8890001 1 1 1
v 0.9705529 0.5 0.4890001 1 1 1
v 0.9705529 0.4 0.4890001 1 1 1
v 0.5705529 0.4 0.8890001 1 1 1
v 0.5705529 0.5 0.8890001 1 1 1
v 0.5705529 0.4 -0.7109999 1 1 1
v 0.1705529 0.4 0.08899999 1 1 1
v -0.2294471 0.4 0.08899999 1 1 1
v 0.1705529 0.5 0.08899999 1 1 1
v -0.2294471 0.5 0.08899999 1 1 1
v 0.9705529 0.4 0.4890001 1 1 1
v 0.9705529 0.4 0.089 1 1 1
v 0.9705529 0.5 0.4890001 1 1 1
v 0.9705529 0.5 0.089 1 1 1
v 0.170553 0.5 0.8890002 1 1 1
v 0.170553 0.4 0.8890002 1 1 1
v 0.570553 0.5 0.8890001 1 1 1
v 0.570553 0.4 0.8890001 1 1 1
v 0.1705529 0.4 0.4890001 1 1 1
v 0.1705529 0.5 0.4890001 1 1 1
v 0.970553 0.4 0.08899997 1 1 1
v 0.970553 0.4 -0.3110001 1 1 1
v 0.970553 0.5 0.08899997 1 1 1
v 0.970553 0.5 -0.3110001 1 1 1
v 0.1705529 0.4 -0.711 1 1 1
v -0.2294471 0.4 -0.711 1 1 1
v -0.2294471 0.5 -0.711 1 1 1
v -0.4817939 0.01623588 0.3893735 1 1 1
v -0.481794 0.07229915 0.2540248 1 1 1
v -0.4817939 0.07229915 0.5247222 1 1 1
v -0.481794 0.2076478 0.1979616 1 1 1
v -0.4817939 0.2076478 0.5807855 1 1 1
v -0.481794 0.3429965 0.2540248 1 1 1
v -0.4817939 0.3429965 0.5247222 1 1 1
v -0.4817939 0.3990598 0.3893735 1 1 1
v -0.496794 -2.275713E-15 0.3893735 1 1 1
v -0.4967939 0.06081865 0.5362028 1 1 1
v -0.4967939 0.2076478 0.5970214 1 1 1
v -0.4967939 0.354477 0.5362028 1 1 1
v -0.496794 0.4152957 0.3893735 1 1 1
v -0.496794 0.06081865 0.2425443 1 1 1
v -0.496794 0.2076478 0.1817257 1 1 1
v -0.496794 0.354477 0.2425443 1 1 1
v -0.5567939 0.06081865 0.5362028 1 1 1
v -0.5567939 -2.275713E-15 0.3893735 1 1 1
v -0.5567939 0.4152957 0.3893735 1 1 1
v -0.556794 0.354477 0.2425443 1 1 1
v -0.5567939 0.2076478 0.5970214 1 1 1
v -0.5567939 0.354477 0.5362028 1 1 1
v -0.556794 0.2076478 0.1817257 1 1 1
v -0.556794 0.06081865 0.2425443 1 1 1
v -0.571794 0.01623588 0.3893735 1 1 1
v -0.5717939 0.07229915 0.5247222 1 1 1
v -0.571794 0.07229915 0.2540248 1 1 1
v -0.571794 0.2076478 0.1979616 1 1 1
v -0.5717939 0.2076478 0.5807855 1 1 1
v -0.571794 0.3429965 0.2540248 1 1 1
v -0.5717939 0.3429965 0.5247222 1 1 1
v -0.571794 0.3990598 0.3893735 1 1 1
v -0.6617939 0.3026478 0.3893735 1 1 1
v -0.6617939 0.274823 0.4565487 1 1 1
v -0.6517939 0.3076478 0.3893735 1 1 1
v -0.6517939 0.2783585 0.4600842 1 1 1
v -0.6517939 0.1369372 0.4600842 1 1 1
v -0.6517939 0.2076478 0.4893735 1 1 1
v -0.6617939 0.1404727 0.4565487 1 1 1
v -0.6617939 0.2076478 0.4843735 1 1 1
v -0.6617939 0.1404727 0.3221984 1 1 1
v -0.6517939 0.1369372 0.3186629 1 1 1
v -0.6617939 0.1126478 0.3893735 1 1 1
v -0.6517939 0.1076478 0.3893735 1 1 1
v -0.6617939 0.274823 0.3221984 1 1 1
v -0.6517939 0.2783585 0.3186629 1 1 1
v -0.6617939 0.2076478 0.2943735 1 1 1
v -0.6517939 0.2076478 0.2893735 1 1 1
v -0.6717939 0.2076478 0.3112965 1 1 1
v -0.6717939 0.152439 0.3341647 1 1 1
v -0.6717939 0.2628566 0.3341647 1 1 1
v -0.6717939 0.1295708 0.3893735 1 1 1
v -0.6717939 0.2857249 0.3893735 1 1 1
v -0.6717939 0.152439 0.4445823 1 1 1
v -0.6717939 0.2628566 0.4445823 1 1 1
v -0.6717939 0.2076478 0.4674506 1 1 1
v -0.07379389 0.01623588 0.3893735 1 1 1
v -0.07379392 0.07229915 0.2540248 1 1 1
v -0.07379389 0.07229915 0.5247222 1 1 1
v -0.07379392 0.2076478 0.1979616 1 1 1
v -0.07379389 0.2076478 0.5807855 1 1 1
v -0.07379392 0.3429965 0.2540248 1 1 1
v -0.07379389 0.3429965 0.5247222 1 1 1
v -0.07379389 0.3990598 0.3893735 1 1 1
v -0.0887939 -2.272893E-15 0.3893735 1 1 1
v -0.08879387 0.06081865 0.5362028 1 1 1
v -0.08879387 0.2076478 0.5970214 1 1 1
v -0.08879387 0.354477 0.5362028 1 1 1
v -0.0887939 0.4152957 0.3893735 1 1 1
v -0.0887939 0.06081865 0.2425443 1 1 1
v -0.08879393 0.2076478 0.1817257 1 1 1
v -0.0887939 0.354477 0.2425443 1 1 1
v -0.1487939 0.06081865 0.5362028 1 1 1
v -0.1487939 -2.272893E-15 0.3893735 1 1 1
v -0.1487939 0.4152957 0.3893735 1 1 1
v -0.1487939 0.354477 0.2425443 1 1 1
v -0.1487939 0.2076478 0.5970214 1 1 1
v -0.1487939 0.354477 0.5362028 1 1 1
v -0.1487939 0.2076478 0.1817257 1 1 1
v -0.1487939 0.06081865 0.2425443 1 1 1
v -0.1637939 0.01623588 0.3893735 1 1 1
v -0.1637939 0.07229915 0.5247222 1 1 1
v -0.1637939 0.07229915 0.2540248 1 1 1
v -0.1637939 0.2076478 0.1979616 1 1 1
v -0.1637939 0.2076478 0.5807855 1 1 1
v -0.1637939 0.3429965 0.2540248 1 1 1
v -0.1637939 0.3429965 0.5247222 1 1 1
v -0.1637939 0.3990598 0.3893735 1 1 1
v -0.514294 0.02014784 0.1817257 1 1 1
v -0.514294 0.02014784 0.1317257 1 1 1
v -0.5392939 0.02014784 0.1817257 1 1 1
v -0.5392939 0.02014784 0.1317257 1 1 1
v -0.5392939 0.2076478 0.1817257 1 1 1
v -0.514294 0.2076478 0.1817257 1 1 1
v -0.514294 0.2076478 0.2317257 1 1 1
v -0.5392939 0.2076478 0.2317257 1 1 1
v -0.5392939 0.02014784 0.5970213 1 1 1
v -0.5392939 0.02014784 0.6470214 1 1 1
v -0.5142939 0.02014784 0.5970213 1 1 1
v -0.5142939 0.02014784 0.6470214 1 1 1
v -0.5142939 0.2076478 0.5970213 1 1 1
v -0.5392939 0.2076478 0.5970213 1 1 1
v -0.5392939 0.2076478 0.5470213 1 1 1
v -0.5142939 0.2076478 0.5470213 1 1 1
v -0.1312939 0.02014784 0.5970213 1 1 1
v -0.1312939 0.02014784 0.6470214 1 1 1
v -0.1062939 0.02014784 0.5970213 1 1 1
v -0.1062939 0.02014784 0.6470214 1 1 1
v -0.1062939 0.2076478 0.5970213 1 1 1
v -0.1312939 0.2076478 0.5970213 1 1 1
v -0.1312939 0.2076478 0.5470213 1 1 1
v -0.1062939 0.2076478 0.5470213 1 1 1
v -0.1062939 0.02014784 0.1817257 1 1 1
v -0.1062939 0.02014784 0.1317257 1 1 1
v -0.1312939 0.02014784 0.1817257 1 1 1
v -0.1312939 0.02014784 0.1317257 1 1 1
v -0.1312939 0.2076478 0.1817257 1 1 1
v -0.1062939 0.2076478 0.1817257 1 1 1
v -0.1062939 0.2076478 0.2317257 1 1 1
v -0.1312939 0.2076478 0.2317257 1 1 1
v -0.8217939 0.1701478 0.3518736 1 1 1
v -0.8217939 0.1701478 0.4268737 1 1 1
v -0.8030439 0.2263978 0.3518736 1 1 1
v -0.8030439 0.2263978 0.4268737 1 1 1
v -0.6717938 0.1701478 0.4268737 1 1 1
v -0.7467939 0.1701478 0.4268737 1 1 1
v -0.6717938 0.1701478 0.3518736 1 1 1
v -0.7467939 0.1701478 0.3518736 1 1 1
v -0.6717938 0.2451478 0.4268737 1 1 1
v -0.6717938 0.2451478 0.3518736 1 1 1
v -0.7467939 0.2451478 0.4268737 1 1 1
v -0.7467939 0.2451478 0.3518736 1 1 1
v -0.7467939 0.07014784 0.4268737 1 1 1
v -0.7467939 0.07014784 0.3518736 1 1 1
v -0.8217939 0.07014784 0.4268737 1 1 1
v -0.8217939 0.07014784 0.3518736 1 1 1
v -0.7467939 0.07014784 0.4468737 1 1 1
v -0.7267938 0.07014784 0.4268737 1 1 1
v -0.8217939 0.07014784 0.4468737 1 1 1
v -0.8417939 0.07014784 0.4268737 1 1 1
v -0.7267939 0.07014784 0.3518736 1 1 1
v -0.8417939 0.07014784 0.3518736 1 1 1
v -0.8217939 0.07014784 0.3318736 1 1 1
v -0.7467939 0.07014784 0.3318736 1 1 1
v -0.7467939 0.02014784 0.3318736 1 1 1
v -0.7267939 0.02014785 0.3518736 1 1 1
v -0.8217939 0.02014784 0.4468737 1 1 1
v -0.7467939 0.02014785 0.4468737 1 1 1
v -0.8417939 0.02014784 0.3518736 1 1 1
v -0.8417939 0.02014784 0.4268737 1 1 1
v -0.7267938 0.02014785 0.4268737 1 1 1
v -0.8217939 0.02014784 0.3318736 1 1 1
v -0.4817939 0.01623588 0.9393735 1 1 1
v -0.481794 0.07229915 0.8040248 1 1 1
v -0.4817939 0.07229915 1.074722 1 1 1
v -0.481794 0.2076478 0.7479615 1 1 1
v -0.4817939 0.2076478 1.130785 1 1 1
v -0.481794 0.3429965 0.8040248 1 1 1
v -0.4817939 0.3429965 1.074722 1 1 1
v -0.4817939 0.3990598 0.9393735 1 1 1
v -0.496794 -2.275713E-15 0.9393735 1 1 1
v -0.4967939 0.06081865 1.086203 1 1 1
v -0.4967939 0.2076478 1.147021 1 1 1
v -0.4967939 0.354477 1.086203 1 1 1
v -0.496794 0.4152957 0.9393735 1 1 1
v -0.496794 0.06081865 0.7925442 1 1 1
v -0.496794 0.2076478 0.7317256 1 1 1
v -0.496794 0.354477 0.7925442 1 1 1
v -0.5567939 0.06081865 1.086203 1 1 1
v -0.5567939 -2.275713E-15 0.9393735 1 1 1
v -0.5567939 0.4152957 0.9393735 1 1 1
v -0.556794 0.354477 0.7925442 1 1 1
v -0.5567939 0.2076478 1.147021 1 1 1
v -0.5567939 0.354477 1.086203 1 1 1
v -0.556794 0.2076478 0.7317256 1 1 1
v -0.556794 0.06081865 0.7925442 1 1 1
v -0.571794 0.01623588 0.9393735 1 1 1
v -0.5717939 0.07229915 1.074722 1 1 1
v -0.571794 0.07229915 0.8040248 1 1 1
v -0.571794 0.2076478 0.7479615 1 1 1
v -0.5717939 0.2076478 1.130785 1 1 1
v -0.571794 0.3429965 0.8040248 1 1 1
v -0.5717939 0.3429965 1.074722 1 1 1
v -0.571794 0.3990598 0.9393735 1 1 1
v -0.6617939 0.3026478 0.9393735 1 1 1
v -0.6617939 0.274823 1.006549 1 1 1
v -0.6517939 0.3076478 0.9393735 1 1 1
v -0.6517939 0.2783585 1.010084 1 1 1
v -0.6517939 0.1369372 1.010084 1 1 1
v -0.6517939 0.2076478 1.039374 1 1 1
v -0.6617939 0.1404727 1.006549 1 1 1
v -0.6617939 0.2076478 1.034374 1 1 1
v -0.6617939 0.1404727 0.8721983 1 1 1
v -0.6517939 0.1369372 0.8686628 1 1 1
v -0.6617939 0.1126478 0.9393735 1 1 1
v -0.6517939 0.1076478 0.9393735 1 1 1
v -0.6617939 0.274823 0.8721983 1 1 1
v -0.6517939 0.2783585 0.8686628 1 1 1
v -0.6617939 0.2076478 0.8443735 1 1 1
v -0.6517939 0.2076478 0.8393735 1 1 1
v -0.6717939 0.2076478 0.8612965 1 1 1
v -0.6717939 0.152439 0.8841647 1 1 1
v -0.6717939 0.2628566 0.8841647 1 1 1
v -0.6717939 0.1295708 0.9393735 1 1 1
v -0.6717939 0.2857249 0.9393735 1 1 1
v -0.6717939 0.152439 0.9945823 1 1 1
v -0.6717939 0.2628566 0.9945823 1 1 1
v -0.6717939 0.2076478 1.017451 1 1 1
v -0.07379389 0.01623588 0.9393735 1 1 1
v -0.07379392 0.07229915 0.8040248 1 1 1
v -0.07379389 0.07229915 1.074722 1 1 1
v -0.07379392 0.2076478 0.7479615 1 1 1
v -0.07379389 0.2076478 1.130785 1 1 1
v -0.07379392 0.3429965 0.8040248 1 1 1
v -0.07379389 0.3429965 1.074722 1 1 1
v -0.07379389 0.3990598 0.9393735 1 1 1
v -0.0887939 -2.272893E-15 0.9393735 1 1 1
v -0.08879387 0.06081865 1.086203 1 1 1
v -0.08879387 0.2076478 1.147021 1 1 1
v -0.08879387 0.354477 1.086203 1 1 1
v -0.0887939 0.4152957 0.9393735 1 1 1
v -0.0887939 0.06081865 0.7925442 1 1 1
v -0.08879393 0.2076478 0.7317256 1 1 1
v -0.0887939 0.354477 0.7925442 1 1 1
v -0.1487939 0.06081865 1.086203 1 1 1
v -0.1487939 -2.272893E-15 0.9393735 1 1 1
v -0.1487939 0.4152957 0.9393735 1 1 1
v -0.1487939 0.354477 0.7925442 1 1 1
v -0.1487939 0.2076478 1.147021 1 1 1
v -0.1487939 0.354477 1.086203 1 1 1
v -0.1487939 0.2076478 0.7317256 1 1 1
v -0.1487939 0.06081865 0.7925442 1 1 1
v -0.1637939 0.01623588 0.9393735 1 1 1
v -0.1637939 0.07229915 1.074722 1 1 1
v -0.1637939 0.07229915 0.8040248 1 1 1
v -0.1637939 0.2076478 0.7479615 1 1 1
v -0.1637939 0.2076478 1.130785 1 1 1
v -0.1637939 0.3429965 0.8040248 1 1 1
v -0.1637939 0.3429965 1.074722 1 1 1
v -0.1637939 0.3990598 0.9393735 1 1 1
v -0.514294 0.02014784 0.7317257 1 1 1
v -0.514294 0.02014784 0.6817257 1 1 1
v -0.5392939 0.02014784 0.7317257 1 1 1
v -0.5392939 0.02014784 0.6817257 1 1 1
v -0.5392939 0.2076478 0.7317257 1 1 1
v -0.514294 0.2076478 0.7317257 1 1 1
v -0.514294 0.2076478 0.7817257 1 1 1
v -0.5392939 0.2076478 0.7817257 1 1 1
v -0.5392939 0.02014784 1.147021 1 1 1
v -0.5392939 0.02014784 1.197021 1 1 1
v -0.5142939 0.02014784 1.147021 1 1 1
v -0.5142939 0.02014784 1.197021 1 1 1
v -0.5142939 0.2076478 1.147021 1 1 1
v -0.5392939 0.2076478 1.147021 1 1 1
v -0.5392939 0.2076478 1.097021 1 1 1
v -0.5142939 0.2076478 1.097021 1 1 1
v -0.1312939 0.02014784 1.147021 1 1 1
v -0.1312939 0.02014784 1.197021 1 1 1
v -0.1062939 0.02014784 1.147021 1 1 1
v -0.1062939 0.02014784 1.197021 1 1 1
v -0.1062939 0.2076478 1.147021 1 1 1
v -0.1312939 0.2076478 1.147021 1 1 1
v -0.1312939 0.2076478 1.097021 1 1 1
v -0.1062939 0.2076478 1.097021 1 1 1
v -0.1062939 0.02014784 0.7317257 1 1 1
v -0.1062939 0.02014784 0.6817257 1 1 1
v -0.1312939 0.02014784 0.7317257 1 1 1
v -0.1312939 0.02014784 0.6817257 1 1 1
v -0.1312939 0.2076478 0.7317257 1 1 1
v -0.1062939 0.2076478 0.7317257 1 1 1
v -0.1062939 0.2076478 0.7817257 1 1 1
v -0.1312939 0.2076478 0.7817257 1 1 1
v -0.821794 0.1701478 0.9018736 1 1 1
v -0.8217939 0.1701478 0.9768737 1 1 1
v -0.803044 0.2263978 0.9018736 1 1 1
v -0.803044 0.2263978 0.9768737 1 1 1
v -0.6717939 0.1701478 0.9768737 1 1 1
v -0.7467939 0.1701478 0.9768737 1 1 1
v -0.6717939 0.1701478 0.9018736 1 1 1
v -0.746794 0.1701478 0.9018736 1 1 1
v -0.6717939 0.2451478 0.9768737 1 1 1
v -0.6717939 0.2451478 0.9018736 1 1 1
v -0.7467939 0.2451478 0.9768737 1 1 1
v -0.746794 0.2451478 0.9018736 1 1 1
v -0.7467939 0.07014784 0.9768737 1 1 1
v -0.746794 0.07014784 0.9018736 1 1 1
v -0.821794 0.07014784 0.9768737 1 1 1
v -0.821794 0.07014784 0.9018736 1 1 1
v -0.7467939 0.07014784 0.9968737 1 1 1
v -0.7267939 0.07014784 0.9768737 1 1 1
v -0.8217939 0.07014784 0.9968737 1 1 1
v -0.841794 0.07014784 0.9768737 1 1 1
v -0.7267939 0.07014784 0.9018736 1 1 1
v -0.841794 0.07014784 0.9018736 1 1 1
v -0.821794 0.07014784 0.8818737 1 1 1
v -0.7467939 0.07014784 0.8818737 1 1 1
v -0.7467939 0.02014784 0.8818737 1 1 1
v -0.7267939 0.02014785 0.9018736 1 1 1
v -0.8217939 0.02014784 0.9968737 1 1 1
v -0.7467939 0.02014785 0.9968737 1 1 1
v -0.841794 0.02014784 0.9018736 1 1 1
v -0.841794 0.02014784 0.9768737 1 1 1
v -0.7267939 0.02014785 0.9768737 1 1 1
v -0.8217939 0.02014784 0.8818737 1 1 1
v 1.021281 0.04999998 -0.669728 1 1 1
v 1.008553 0.04999998 -0.6750001 1 1 1
v 1.021281 0.45 -0.669728 1 1 1
v 1.008553 0.45 -0.6750001 1 1 1
v 0.990553 0.45 -0.6570001 1 1 1
v 0.990553 0.04999998 -0.6570001 1 1 1
v 0.9958251 0.45 -0.6442721 1 1 1
v 0.9958251 0.04999998 -0.6442721 1 1 1
v 0.9958251 0.04999998 -0.669728 1 1 1
v 0.9958251 0.45 -0.669728 1 1 1
v 1.008553 0.04999998 -0.6390001 1 1 1
v 1.008553 0.45 -0.6390001 1 1 1
v 1.021281 0.04999998 -0.6442721 1 1 1
v 1.021281 0.45 -0.6442721 1 1 1
v 1.026553 0.04999998 -0.6570001 1 1 1
v 1.026553 0.45 -0.6570001 1 1 1
v 0.970553 0.45 -0.6390001 1 1 1
v 0.970553 0.45 -0.6750001 1 1 1
v 1.026553 0.45 -0.6390001 1 1 1
v 1.026553 0.45 -0.6750001 1 1 1
v 0.970553 0.486 -0.6750001 1 1 1
v 0.970553 0.486 -0.6390001 1 1 1
v 1.016553 0.486 -0.6750001 1 1 1
v 1.016553 0.486 -0.6390001 1 1 1
v 1.026553 0.476 -0.6390001 1 1 1
v 1.026553 0.476 -0.6750001 1 1 1
v 1.026646 0.1107845 -0.6750934 1 1 1
v 1.026646 0.1392155 -0.6750934 1 1 1
v 1.034141 0.1107845 -0.6570001 1 1 1
v 1.034141 0.1392155 -0.6570001 1 1 1
v 1.008553 0.1107845 -0.682588 1 1 1
v 1.008553 0.1392155 -0.682588 1 1 1
v 0.9829651 0.1392155 -0.6570001 1 1 1
v 0.9829651 0.1107845 -0.6570001 1 1 1
v 0.9904597 0.1392155 -0.6389067 1 1 1
v 0.9904597 0.1107845 -0.6389067 1 1 1
v 0.9904597 0.1392155 -0.6750934 1 1 1
v 0.9904597 0.1107845 -0.6750934 1 1 1
v 1.026646 0.1107845 -0.6389067 1 1 1
v 1.026646 0.1392155 -0.6389067 1 1 1
v 1.008553 0.1107845 -0.6314121 1 1 1
v 1.008553 0.1392155 -0.6314121 1 1 1
v 1.026646 0.364707 -0.6750934 1 1 1
v 1.026646 0.393138 -0.6750934 1 1 1
v 1.034141 0.364707 -0.6570001 1 1 1
v 1.034141 0.393138 -0.6570001 1 1 1
v 1.008553 0.364707 -0.682588 1 1 1
v 1.008553 0.393138 -0.682588 1 1 1
v 0.9829651 0.393138 -0.6570001 1 1 1
v 0.9829651 0.364707 -0.6570001 1 1 1
v 0.9904597 0.393138 -0.6389067 1 1 1
v 0.9904597 0.364707 -0.6389067 1 1 1
v 0.9904597 0.393138 -0.6750934 1 1 1
v 0.9904597 0.364707 -0.6750934 1 1 1
v 1.026646 0.364707 -0.6389067 1 1 1
v 1.026646 0.393138 -0.6389067 1 1 1
v 1.008553 0.364707 -0.6314121 1 1 1
v 1.008553 0.393138 -0.6314121 1 1 1
v -0.09944707 0.5 -0.331 1 1 1
v -0.09944707 0.77 -0.331 1 1 1
v -0.09944707 0.5 -0.311 1 1 1
v -0.09944707 0.77 -0.311 1 1 1
v 0.04055293 0.77 -0.331 1 1 1
v 0.04055293 0.5 -0.331 1 1 1
v 0.04055293 0.77 -0.311 1 1 1
v 0.04055293 0.5 -0.311 1 1 1
v 0.07055292 0.55 -0.331 1 1 1
v 0.07055292 0.78 -0.331 1 1 1
v -0.1094471 0.8 -0.331 1 1 1
v 0.05055293 0.8 -0.331 1 1 1
v -0.1294471 0.78 -0.331 1 1 1
v -0.1294471 0.55 -0.331 1 1 1
v -0.2494471 0.55 -0.311 1 1 1
v -0.2494471 0.5 -0.311 1 1 1
v -0.2494471 0.55 0.08900003 1 1 1
v -0.2494471 0.5 0.08900003 1 1 1
v 0.1905529 0.5 -0.311 1 1 1
v 0.1905529 0.55 -0.311 1 1 1
v 0.1905529 0.5 0.08900003 1 1 1
v 0.1905529 0.55 0.08900003 1 1 1
v 0.1705529 0.5 0.109 1 1 1
v 0.1705529 0.55 0.109 1 1 1
v -0.2294471 0.5 0.109 1 1 1
v -0.2294471 0.55 0.109 1 1 1
v -0.2294471 0.5 -0.331 1 1 1
v -0.2294471 0.55 -0.331 1 1 1
v 0.1705529 0.55 -0.331 1 1 1
v 0.1705529 0.5 -0.331 1 1 1
v 0.003764696 0.5953468 -0.3109999 1 1 1
v 0.003764696 0.5953468 -0.322 1 1 1
v 0.02303474 0.5953468 -0.3109999 1 1 1
v 0.02303474 0.5953468 -0.322 1 1 1
v 0.003764696 0.6368171 -0.322 1 1 1
v 0.003764696 0.6368171 -0.3109999 1 1 1
v 0.02303474 0.6368171 -0.322 1 1 1
v 0.02303474 0.6368171 -0.3109999 1 1 1
v 0.01644876 0.6142863 -0.3220001 1 1 1
v 0.01644876 0.6273972 -0.3220001 1 1 1
v -0.01446476 0.6142863 -0.3220001 1 1 1
v -0.01446476 0.6273972 -0.3220001 1 1 1
v 0.01644876 0.6142863 -0.3330001 1 1 1
v -0.01446476 0.6142863 -0.3330001 1 1 1
v 0.01644876 0.6273972 -0.3330001 1 1 1
v -0.01446476 0.6273972 -0.3330001 1 1 1
v 0.6705529 0.05 0.909 1 1 1
v 0.6705529 0.28 0.909 1 1 1
v 0.5705529 0.05 0.909 1 1 1
v 0.870553 0.05 0.909 1 1 1
v 0.9705529 0.05 0.909 1 1 1
v 0.9905529 0.05 0.8890001 1 1 1
v 0.9905529 0.05 0.489 1 1 1
v 0.9905529 -2.226893E-16 0.489 1 1 1
v 0.9905529 -2.255974E-16 0.8890001 1 1 1
v 0.5705529 2.383065E-16 0.489 1 1 1
v 0.9705529 -1.389658E-16 0.909 1 1 1
v 0.8405529 4.187843E-16 0.8890001 1 1 1
v 0.8405529 4.187843E-16 0.909 1 1 1
v 0.7005529 4.187843E-16 0.8890001 1 1 1
v 0.7005529 4.187843E-16 0.909 1 1 1
v 0.5705529 2.383065E-16 0.909 1 1 1
v 0.8505529 0.3 0.909 1 1 1
v 0.6905529 0.3 0.909 1 1 1
v 0.870553 0.28 0.909 1 1 1
v 0.8405529 0.27 0.8890001 1 1 1
v 0.8405529 0.27 0.909 1 1 1
v 0.7005529 0.27 0.8890001 1 1 1
v 0.7005529 0.27 0.909 1 1 1
v 0.7373412 0.09534679 0.889 1 1 1
v 0.7373412 0.09534679 0.9 1 1 1
v 0.7180711 0.09534679 0.889 1 1 1
v 0.7180711 0.09534679 0.9 1 1 1
v 0.7373412 0.136817 0.9 1 1 1
v 0.7373412 0.136817 0.889 1 1 1
v 0.7180711 0.136817 0.9 1 1 1
v 0.7180711 0.136817 0.889 1 1 1
v 0.7246572 0.1142863 0.8999999 1 1 1
v 0.7246572 0.1273973 0.8999999 1 1 1
v 0.7555707 0.1142863 0.8999999 1 1 1
v 0.7555707 0.1273973 0.8999999 1 1 1
v 0.7246572 0.1142863 0.911 1 1 1
v 0.7555707 0.1142863 0.911 1 1 1
v 0.7246572 0.1273973 0.911 1 1 1
v 0.7555707 0.1273973 0.911 1 1 1
v 0.340553 3.609557E-16 -0.7309999 1 1 1
v 0.340553 0.27 -0.7309999 1 1 1
v 0.340553 3.609557E-16 -0.7109999 1 1 1
v 0.340553 0.27 -0.7109999 1 1 1
v 0.8005529 0.27 -0.7309999 1 1 1
v 0.8005529 3.609557E-16 -0.7309999 1 1 1
v 0.8005529 0.27 -0.7109999 1 1 1
v 0.8005529 3.609557E-16 -0.7109999 1 1 1
v 0.1705529 1.804778E-16 -0.3109999 1 1 1
v 0.1705529 1.804778E-16 -0.7309999 1 1 1
v 0.9905529 1.804778E-16 -0.3109999 1 1 1
v 0.9705529 2.202707E-16 -0.7309999 1 1 1
v 0.9905529 1.804778E-16 -0.7109999 1 1 1
v 0.8305529 0.05 -0.7309999 1 1 1
v 0.9705529 0.05 -0.7309999 1 1 1
v 0.9905529 0.05 -0.3109999 1 1 1
v 0.9905529 0.05 -0.7109999 1 1 1
v 0.8305529 0.28 -0.7309999 1 1 1
v 0.1705529 0.05 -0.7309999 1 1 1
v 0.3105529 0.05 -0.7309999 1 1 1
v 0.3105529 0.28 -0.7309999 1 1 1
v 0.3305529 0.3 -0.7309999 1 1 1
v 0.810553 0.3 -0.7309999 1 1 1
v 0.5925016 0.03688905 -0.711 1 1 1
v 0.5925016 0.05 -0.711 1 1 1
v 0.5486044 0.03688905 -0.711 1 1 1
v 0.5486044 0.05 -0.711 1 1 1
v 0.5925016 0.03688905 -0.7220001 1 1 1
v 0.5486044 0.03688905 -0.7220001 1 1 1
v 0.5925016 0.05 -0.7220001 1 1 1
v 0.5486044 0.05 -0.7220001 1 1 1
v -0.149447 1.804778E-16 -0.7309999 1 1 1
v -0.149447 0.27 -0.7309999 1 1 1
v -0.149447 1.804778E-16 -0.7109999 1 1 1
v -0.149447 0.27 -0.7109999 1 1 1
v 0.09055296 0.27 -0.7309999 1 1 1
v 0.09055296 1.804778E-16 -0.7309999 1 1 1
v 0.09055296 0.27 -0.7109999 1 1 1
v 0.09055296 1.804778E-16 -0.7109999 1 1 1
v 0.120553 0.05 -0.7309999 1 1 1
v 0.120553 0.28 -0.7309999 1 1 1
v -0.179447 0.28 -0.7309999 1 1 1
v -0.179447 0.05 -0.7309999 1 1 1
v -0.159447 0.3 -0.7309999 1 1 1
v 0.100553 0.3 -0.7309999 1 1 1
v -0.229447 1.8061E-16 -0.7309999 1 1 1
v -0.229447 0.05 -0.7309999 1 1 1
v 0.170553 1.8061E-16 -0.7309999 1 1 1
v 0.170553 0.05 -0.7309999 1 1 1
v -0.229447 1.804778E-16 -0.3109999 1 1 1
v 0.170553 1.804778E-16 -0.3109999 1 1 1
v -0.0001770351 0.1142649 -0.6909999 1 1 1
v -0.0001770351 0.1142649 -0.7109999 1 1 1
v -0.01944708 0.1142649 -0.6909999 1 1 1
v -0.01944708 0.1142649 -0.7109999 1 1 1
v -0.0001770351 0.1557351 -0.7109999 1 1 1
v -0.0001770351 0.1557351 -0.6909999 1 1 1
v -0.01944708 0.1557351 -0.7109999 1 1 1
v -0.01944708 0.1557351 -0.6909999 1 1 1
v -0.03944708 0.1142649 -0.6909999 1 1 1
v -0.03944708 0.1142649 -0.7109999 1 1 1
v -0.05871712 0.1142649 -0.6909999 1 1 1
v -0.05871712 0.1142649 -0.7109999 1 1 1
v -0.03944708 0.1557351 -0.7109999 1 1 1
v -0.03944708 0.1557351 -0.6909999 1 1 1
v -0.05871712 0.1557351 -0.7109999 1 1 1
v -0.05871712 0.1557351 -0.6909999 1 1 1
v 0.2564658 1.175 0.1689999 1 1 1
v 0.2810943 1.175 0.2284586 1 1 1
v 0.2810943 1.175 0.1095413 1 1 1
v 0.340553 1.175 0.08491272 1 1 1
v 0.340553 1.175 0.2530871 1 1 1
v 0.4000116 1.175 0.2284586 1 1 1
v 0.4000116 1.175 0.1095413 1 1 1
v 0.4246402 1.175 0.1689999 1 1 1
v 0.2564658 1.175 -0.181 1 1 1
v 0.2810943 1.175 -0.1215414 1 1 1
v 0.2810943 1.175 -0.2404586 1 1 1
v 0.340553 1.175 -0.2650872 1 1 1
v 0.340553 1.175 -0.0969128 1 1 1
v 0.4000116 1.175 -0.1215414 1 1 1
v 0.4000116 1.175 -0.2404586 1 1 1
v 0.4246402 1.175 -0.181 1 1 1
v 0.5705531 0.5 0.08900011 1 1 1
v 0.170553 0.5 0.08900011 1 1 1
v 0.5705529 0.5 -0.3109999 1 1 1
v 0.5705529 0.5 0.08899994 1 1 1
v 0.5705529 0.5 -0.311 1 1 1
v 0.5705529 0.5 0.08900003 1 1 1
v 0.5705529 0.5 0.489 1 1 1
v 0.5705529 0.5 0.4889998 1 1 1
v -0.229447 0.5 -0.3109999 1 1 1
v 0.5705529 0.5 0.4889999 1 1 1
v -0.2294471 0.5 -0.311 1 1 1
v 0.170553 0.5 0.08900017 1 1 1
v -0.229447 0.5 0.08900017 1 1 1
v 0.9405529 1.366855E-16 -0.881 1 1 1
v 0.9105529 1.366855E-16 -0.881 1 1 1
v 0.9405529 0.35 -0.881 1 1 1
v 0.9105529 0.35 -0.881 1 1 1
v 0.9105529 9.023897E-17 -0.8510001 1 1 1
v 0.9405529 9.023897E-17 -0.8510001 1 1 1
v 0.9105529 0.35 -0.8510001 1 1 1
v 0.9405529 0.35 -0.8510001 1 1 1
v 0.230553 4.644651E-17 -0.881 1 1 1
v 0.200553 4.644651E-17 -0.881 1 1 1
v 0.230553 0.35 -0.881 1 1 1
v 0.200553 0.35 -0.881 1 1 1
v 0.200553 -9.617792E-31 -0.8510001 1 1 1
v 0.230553 -9.617792E-31 -0.8510001 1 1 1
v 0.200553 0.35 -0.8510001 1 1 1
v 0.230553 0.35 -0.8510001 1 1 1
v 0.800553 3.609558E-16 -0.711 1 1 1
v 0.340553 3.609558E-16 -0.711 1 1 1
v 0.800553 0.27 -0.711 1 1 1
v 0.340553 0.27 -0.711 1 1 1
v 0.07055292 0.25 -0.711 1 1 1
v 0.07055292 0.02 -0.711 1 1 1
v 0.07055292 0.25 -0.691 1 1 1
v 0.07055292 0.02 -0.691 1 1 1
v -0.1294471 0.02 -0.711 1 1 1
v -0.1294471 0.02 -0.691 1 1 1
v -0.03944708 0.02 -0.711 1 1 1
v -0.03944708 0.02 -0.691 1 1 1
v -0.1294471 0.25 -0.711 1 1 1
v -0.1294471 0.25 -0.691 1 1 1
v -0.03944708 0.25 -0.711 1 1 1
v -0.03944708 0.25 -0.691 1 1 1
v -0.01944708 0.02 -0.711 1 1 1
v -0.01944708 0.25 -0.711 1 1 1
v -0.01944708 0.02 -0.691 1 1 1
v -0.01944708 0.25 -0.691 1 1 1
v 0.09055293 0.27 -0.711 1 1 1
v 0.09055293 1.804778E-16 -0.711 1 1 1
v -0.1494471 1.804778E-16 -0.711 1 1 1
v -0.1494471 0.27 -0.711 1 1 1
v -0.6017939 0.3391697 0.5208955 1 1 1
v -0.6017939 0.2076478 0.5753736 1 1 1
v -0.04379389 0.3391697 0.5208954 1 1 1
v -0.04379389 0.2076478 0.5753735 1 1 1
v -0.04379392 0.02164784 0.3893735 1 1 1
v -0.6017939 0.02164784 0.3893736 1 1 1
v -0.04379395 0.07612598 0.2578516 1 1 1
v -0.601794 0.07612598 0.2578517 1 1 1
v -0.6017939 0.07612598 0.5208955 1 1 1
v -0.04379389 0.07612598 0.5208954 1 1 1
v -0.6017939 0.3936478 0.3893736 1 1 1
v -0.04379392 0.3936478 0.3893735 1 1 1
v -0.601794 0.2076478 0.2033736 1 1 1
v -0.04379395 0.2076478 0.2033735 1 1 1
v -0.04379395 0.3391697 0.2578516 1 1 1
v 0.006206095 0.3128653 0.284156 1 1 1
v 0.006206065 0.2076478 0.2405735 1 1 1
v 0.006206095 0.3128653 0.494591 1 1 1
v 0.006206095 0.3564478 0.3893735 1 1 1
v -0.651794 0.3128653 0.4945911 1 1 1
v -0.651794 0.3564478 0.3893736 1 1 1
v -0.651794 0.2076478 0.5381736 1 1 1
v -0.651794 0.1024304 0.4945911 1 1 1
v -0.651794 0.05884784 0.3893736 1 1 1
v -0.651794 0.3128653 0.2841561 1 1 1
v -0.601794 0.3391697 0.2578517 1 1 1
v -0.651794 0.2076478 0.2405736 1 1 1
v -0.651794 0.1024304 0.2841561 1 1 1
v 0.006206095 0.05884784 0.3893735 1 1 1
v 0.006206095 0.1024304 0.284156 1 1 1
v 0.006206095 0.1024304 0.494591 1 1 1
v 0.006206125 0.2076478 0.5381735 1 1 1
v -0.6017939 0.3391697 1.070895 1 1 1
v -0.6017939 0.2076478 1.125373 1 1 1
v -0.04379389 0.3391697 1.070895 1 1 1
v -0.04379389 0.2076478 1.125373 1 1 1
v -0.04379392 0.02164784 0.9393734 1 1 1
v -0.6017939 0.02164784 0.9393736 1 1 1
v -0.04379395 0.07612598 0.8078516 1 1 1
v -0.601794 0.07612598 0.8078517 1 1 1
v -0.6017939 0.07612598 1.070895 1 1 1
v -0.04379389 0.07612598 1.070895 1 1 1
v -0.6017939 0.3936478 0.9393736 1 1 1
v -0.04379392 0.3936478 0.9393734 1 1 1
v -0.601794 0.2076478 0.7533735 1 1 1
v -0.04379395 0.2076478 0.7533734 1 1 1
v -0.04379395 0.3391697 0.8078516 1 1 1
v 0.006206095 0.3128653 0.834156 1 1 1
v 0.006206065 0.2076478 0.7905734 1 1 1
v 0.006206095 0.3128653 1.044591 1 1 1
v 0.006206095 0.3564478 0.9393734 1 1 1
v -0.651794 0.3128653 1.044591 1 1 1
v -0.651794 0.3564478 0.9393736 1 1 1
v -0.651794 0.2076478 1.088174 1 1 1
v -0.651794 0.1024304 1.044591 1 1 1
v -0.651794 0.05884784 0.9393736 1 1 1
v -0.651794 0.3128653 0.834156 1 1 1
v -0.601794 0.3391697 0.8078517 1 1 1
v -0.651794 0.2076478 0.7905735 1 1 1
v -0.651794 0.1024304 0.834156 1 1 1
v 0.006206095 0.05884784 0.9393734 1 1 1
v 0.006206095 0.1024304 0.834156 1 1 1
v 0.006206095 0.1024304 1.044591 1 1 1
v 0.006206125 0.2076478 1.088174 1 1 1

vn -1.892714E-09 0 1
vn -1 0 1.192093E-07
vn 1.192093E-07 0 1
vn 0.7060111 0.05564868 -0.7060111
vn 0.9984504 0.05564868 0
vn 0 0.05564868 -0.9984504
vn -0.7060111 0.05564868 -0.7060111
vn 0.7060111 0.05564868 0.7060111
vn 0 0.05564868 0.9984504
vn -0.9984504 0.05564868 0
vn -0.7060111 0.05564868 0.7060111
vn 1 0 1.192093E-07
vn 0 1 0
vn 0 0 -1
vn -1 0 0
vn 0 0 1
vn 1 0 0
vn -7.729928E-14 0 1
vn 1 0 7.729928E-14
vn 0 -1 0
vn -0.9238796 0 0.3826836
vn -0.3826834 0 0.9238797
vn -0.7071068 0.7071068 0
vn 0.7071068 -0.7071068 0
vn 0.7071068 0.7071068 0
vn -0.7071068 -0.7071068 0
vn 0.9238795 0 -0.3826834
vn 0.9238795 0 0.3826834
vn 0.3826834 0 -0.9238795
vn -0.3826834 0 -0.9238795
vn -0.3826834 0 0.9238795
vn 0.3826834 0 0.9238795
vn -0.9238795 0 -0.3826834
vn -0.9238795 0 0.3826834
vn 0.7071068 0 0.7071068
vn 0.7071068 0 -0.7071068
vn -0.7071068 0 -0.7071068
vn -0.7071068 0 0.7071068
vn -0.9238795 0 0.3826833
vn -0.3826835 0 0.9238795
vn 0.3826833 0 0.9238795
vn 0.9238795 0 0.3826835
vn 0.1950903 0 -0.9807853
vn -0.1950903 0 -0.9807853
vn -0.9807853 0 -0.1950903
vn 0.9807853 0 -0.1950903
vn -0.8944272 -0.4472136 0
vn -0.6324555 -0.4472136 0.6324555
vn 0.8944272 -0.4472136 0
vn 0.6324555 -0.4472136 0.6324555
vn -0.6324555 -0.4472136 -0.6324555
vn 0 -0.4472136 0.8944272
vn 0 -0.4472136 -0.8944272
vn 0.6324555 -0.4472136 -0.6324555
vn -0.8944272 0.4472136 0
vn -0.6324555 0.4472136 0.6324555
vn 0.6324555 0.4472136 -0.6324555
vn 0 0.4472136 -0.8944272
vn -0.6324555 0.4472136 -0.6324555
vn 0 0.4472136 0.8944272
vn 0.6324555 0.4472136 0.6324555
vn 0.8944272 0.4472136 0
vn -1.192093E-07 0 -1
vn -1 0 -5.136985E-15
vn 1 0 5.136985E-15
vn -1.192093E-07 0 1
vn 1.192093E-07 0 -1
vn 0.9238796 0 0.3826836
vn 0.3826834 0 0.9238797
vn -1 0 -1.192093E-07
vn -0.9238797 0 -0.3826834
vn -0.3826836 0 -0.9238796
vn 1 0 -1.192093E-07
vn -1 0 -1.490117E-08
vn -1.490117E-08 0 1
vn 1 0 1.490117E-08
vn 1.490117E-08 0 -1
vn -1 0 -1.490115E-08
vn -1.490115E-08 0 1
vn 1 0 1.490115E-08
vn 1.490115E-08 0 -1
vn -1 0 -2.137179E-14
vn -2.137179E-14 0 1
vn 1 0 2.137179E-14
vn 0.8991194 -0.4377038 -1.071834E-07
vn 0.8991193 -0.3095033 -0.3095035
vn 0.8991194 -0.3095033 0.3095033
vn 0.8991193 0 -0.437704
vn 0.8991194 0 0.4377038
vn 0.8991193 0.3095033 -0.3095035
vn 0.8991194 0.3095033 0.3095033
vn 0.8991194 0.4377038 -1.071834E-07
vn 0.3688517 -0.9294882 -4.397055E-08
vn 0.3688518 -0.6572475 0.6572475
vn 0.3688518 0 0.9294883
vn 0.3688518 0.6572475 0.6572475
vn 0.3688517 0.9294882 -4.397055E-08
vn 0.3688516 -0.6572475 -0.6572476
vn 0.3688516 0 -0.9294884
vn 0.3688516 0.6572475 -0.6572476
vn -0.3688516 -0.6572475 0.6572476
vn -0.3688517 -0.9294882 4.397055E-08
vn -0.3688517 0.9294882 4.397055E-08
vn -0.3688518 0.6572475 -0.6572475
vn -0.3688516 0 0.9294884
vn -0.3688516 0.6572475 0.6572476
vn -0.3688518 0 -0.9294883
vn -0.3688518 -0.6572475 -0.6572475
vn -0.8991194 -0.4377038 1.071834E-07
vn -0.8991193 -0.3095033 0.3095035
vn -0.8991194 -0.3095033 -0.3095033
vn -0.8991194 0 -0.4377038
vn -0.8991193 0 0.437704
vn -0.8991194 0.3095033 -0.3095033
vn -0.8991193 0.3095033 0.3095035
vn -0.8991194 0.4377038 1.071834E-07
vn -0.6489789 0.7608063 0
vn -0.6489789 0.5379713 0.5379714
vn -0.4472136 0.8944272 0
vn -0.4472136 0.6324555 0.6324555
vn -0.4472136 -0.6324555 0.6324555
vn -0.4472136 0 0.8944272
vn -0.6489789 -0.5379713 0.5379714
vn -0.6489789 0 0.7608063
vn -0.6489789 -0.5379713 -0.5379713
vn -0.4472136 -0.6324555 -0.6324555
vn -0.6489789 -0.7608063 0
vn -0.4472136 -0.8944272 0
vn -0.6489789 0.5379713 -0.5379713
vn -0.4472136 0.6324555 -0.6324555
vn -0.6489789 0 -0.7608063
vn -0.4472136 0 -0.8944272
vn -0.9465197 0 -0.3226461
vn -0.9465197 -0.2281453 -0.2281452
vn -0.9465197 0.2281453 -0.2281452
vn -0.9465197 -0.3226461 0
vn -0.9465197 0.3226461 0
vn -0.9465197 -0.2281453 0.2281453
vn -0.9465197 0.2281453 0.2281453
vn -0.9465197 0 0.3226462
vn 0 0.2576627 -0.9662349
vn 0 -0.2576627 0.9662349
vn -1.439782E-08 0.2576627 0.9662349
vn -1 0 -1.490095E-08
vn 1.439782E-08 -0.2576627 -0.9662349
vn 1 0 1.490095E-08
vn -0.9870878 0.1601824 1.1767E-07
vn -0.707107 0.7071068 8.429372E-08
vn -0.1601823 0.9870875 1.909522E-08
vn 1 0 -1.192093E-07
vn 1.192093E-07 0 1
vn -1 0 1.192093E-07
vn -1.192093E-07 0 -1
vn 0.3826834 0 -0.9238799
vn 0.3826835 0 -0.9238799
vn 0.9238798 0 -0.3826837
vn 0.9238798 0 -0.3826836
vn -0.3826836 0 0.9238799
vn -0.3826834 0 0.9238799
vn 0.3826836 0 0.9238798
vn 0.3826836 0 0.9238798
vn -0.9238799 -3.469277E-07 -0.3826835
vn -0.9238798 0 0.3826838
vn -0.9238799 -3.469277E-07 -0.3826834
vn -0.9238798 0 0.3826835
vn 0.9238799 0 0.3826835
vn 0.9238799 0 0.3826835
vn -0.3826838 0 -0.9238798
vn -0.3826836 0 -0.9238798
vn 0.7071068 0 -0.7071068
vn -0.7071068 0 0.7071068
vn -0.7071068 0 -0.7071068
vn 0.7071068 0 0.7071068
vn 0.3662924 0.9304998 0
vn 0.9179972 0.3965869 0
vn 0.9238795 0.3826834 0
vn -0.3826834 0.9238795 0
vn 0.3826834 0.9238795 0
vn -0.9238795 0.3826834 0
vn -1 0 -7.729928E-14
vn -0.9238795 0.3826834 -7.141522E-14
vn 0.3826834 0.9238795 2.958115E-14
vn -0.3826834 0.9238795 -2.958115E-14
vn 0.9238795 0.3826834 7.141522E-14
vn 0.7071068 -0.7071068 5.465884E-14
vn -0.7071068 -0.7071068 -5.465884E-14
vn 0.7071068 0.7071068 5.465884E-14
vn -0.7071068 0.7071068 -5.465884E-14
vn 7.729928E-14 0 -1
vn -0.2936306 0.6759367 0.6759368
vn -0.2936306 0 0.9559192
vn 0.2936307 0.6759367 0.6759367
vn 0.2936308 0 0.9559191
vn 0.2936307 -0.955919 -3.500351E-08
vn -0.2936307 -0.955919 3.500351E-08
vn 0.2936306 -0.6759367 -0.6759368
vn -0.2936307 -0.6759367 -0.6759367
vn -0.2936306 -0.6759367 0.6759368
vn 0.2936307 -0.6759367 0.6759367
vn -0.2936307 0.955919 3.500351E-08
vn 0.2936307 0.955919 -3.500351E-08
vn -0.2936308 0 -0.9559191
vn 0.2936306 0 -0.9559192
vn 0.2936306 0.6759367 -0.6759368
vn 0.5969147 0.5673151 -0.5673152
vn 0.5969147 0 -0.8023049
vn 0.5969148 0.5673151 0.5673151
vn 0.5969148 0.8023047 -7.115779E-08
vn -0.5969147 0.5673151 0.5673152
vn -0.5969148 0.8023047 7.115779E-08
vn -0.5969147 0 0.8023049
vn -0.5969147 -0.5673151 0.5673152
vn -0.5969148 -0.8023047 7.115779E-08
vn -0.5969148 0.5673151 -0.5673151
vn -0.2936307 0.6759367 -0.6759367
vn -0.5969149 0 -0.8023048
vn -0.5969148 -0.5673151 -0.5673151
vn 0.5969148 -0.5673151 0.5673151
vn 0.5969148 -0.8023047 -7.115779E-08
vn 0.5969147 -0.5673151 -0.5673152
vn 0.5969149 0 0.8023048

vt 0.96875 0.3
vt 0.96875 0.475
vt 0.96875 0.295
vt 0.96875 0.455
vt 0.96875 0.415
vt 0.96875 0.425
vt 0.59375 0.275
vt 0.59375 0.3
vt 0.59375 0.4457107
vt 0.59375 0.375
vt 0.59375 0.3042893
vt 0.59375 0.475
vt 0.59375 0.295
vt 0.59375 0.455
vt 0.59375 0.35
vt 0.59375 0.435
vt 0.59375 0.395
vt 0.59375 0.425
vt 0.59375 0.2828189
vt 0.59375 0.3098181
vt 0.59375 0.4401819
vt 0.59375 0.4671811
vt 0.59375 0.47
vt 0.59375 0.4421751
vt 0.59375 0.3078249
vt 0.59375 0.28
vt 0.59375 0.3197912
vt 0.59375 0.4302088
vt 0.59375 0.296923
vt 0.59375 0.453077
vt 0.59375 0.4083334
vt 0.59375 0.4583333
vt 0.59375 0.3194444
vt 0.59375 0.425
vt 0.59375 0.325
vt 0.59375 0.325
vt 0.59375 0.3972222
vt 0.59375 0.41
vt 0.59375 0.415
vt 0.71875 0.455
vt 0.71875 0.475
vt 0.71875 0.275
vt 0.71875 0.375
vt 0.71875 0.395
vt 0.71875 0.41
vt 0.71875 0.3490741
vt 0.71875 0.2809259
vt 0.71875 0.355
vt 0.71875 0.6957107
vt 0.71875 0.625
vt 0.71875 0.525
vt 0.71875 0.5542893
vt 0.71875 0.725
vt 0.71875 0.6815686
vt 0.71875 0.705
vt 0.71875 0.5684314
vt 0.71875 0.545
vt 0.59375 0.03092593
vt 0.59375 0.09907407

usemtl colormap

f 4/2/1 3/2/1 2/1/1
f 1/1/1 2/1/1 3/2/1
f 7/2/2 6/1/2 5/1/2
f 6/1/2 7/2/2 8/2/2
f 9/1/3 7/2/3 5/1/3
f 7/2/3 9/1/3 10/2/3
f 14/2/2 13/2/2 12/1/2
f 11/1/2 12/1/2 13/2/2
f 30/3/11 29/4/11 27/3/10
f 30/3/11 26/3/9 29/4/11
f 28/4/10 27/3/10 29/4/11
f 25/4/9 29/4/11 26/3/9
f 28/4/10 22/4/7 27/3/10
f 21/3/7 27/3/10 22/4/7
f 26/3/9 23/3/8 25/4/9
f 24/4/8 25/4/9 23/3/8
f 24/4/8 23/3/8 19/4/5
f 17/3/5 19/4/5 23/3/8
f 22/4/7 20/4/6 21/3/7
f 18/3/6 21/3/7 20/4/6
f 20/4/6 16/4/4 18/3/6
f 19/4/5 17/3/5 16/4/4
f 15/3/4 18/3/6 16/4/4
f 15/3/4 16/4/4 17/3/5
f 34/2/12 33/2/12 32/1/12
f 31/1/12 32/1/12 33/2/12
f 38/2/12 37/2/12 36/1/12
f 35/1/12 36/1/12 37/2/12
f 54/3/11 53/4/11 51/3/10
f 54/3/11 50/3/9 53/4/11
f 52/4/10 51/3/10 53/4/11
f 49/4/9 53/4/11 50/3/9
f 52/4/10 46/4/7 51/3/10
f 45/3/7 51/3/10 46/4/7
f 50/3/9 47/3/8 49/4/9
f 48/4/8 49/4/9 47/3/8
f 48/4/8 47/3/8 43/4/5
f 41/3/5 43/4/5 47/3/8
f 46/4/7 44/4/6 45/3/7
f 42/3/6 45/3/7 44/4/6
f 44/4/6 40/4/4 42/3/6
f 43/4/5 41/3/5 40/4/4
f 39/3/4 42/3/6 40/4/4
f 39/3/4 40/4/4 41/3/5
f 57/2/13 56/2/13 55/2/13
f 56/2/13 57/2/13 58/2/13
f 61/2/14 60/1/14 59/1/14
f 60/1/14 61/2/14 62/2/14
f 63/1/15 61/2/15 59/1/15
f 61/2/15 63/1/15 64/2/15
f 67/2/2 66/1/2 65/1/2
f 66/1/2 67/2/2 68/2/2
f 69/1/3 67/2/3 65/1/3
f 67/2/3 69/1/3 70/2/3
f 84/2/17 83/1/17 73/2/17
f 71/1/17 73/2/17 83/1/17
f 84/2/16 81/2/16 83/1/16
f 82/1/16 83/1/16 81/2/16
f 82/1/15 81/2/15 79/1/15
f 77/2/15 79/1/15 81/2/15
f 80/1/14 79/1/14 78/5/14
f 77/2/14 78/5/14 79/1/14
f 76/6/14 78/5/14 77/2/14
f 73/2/14 76/6/14 77/2/14
f 76/6/14 73/2/14 75/6/14
f 75/6/14 73/2/14 74/5/14
f 74/5/14 73/2/14 72/1/14
f 71/1/14 72/1/14 73/2/14
f 98/1/19 97/2/19 95/1/19
f 93/2/19 95/1/19 97/2/19
f 96/1/18 95/1/18 94/5/18
f 93/2/18 94/5/18 95/1/18
f 92/6/18 94/5/18 93/2/18
f 91/6/18 94/5/18 92/6/18
f 87/2/18 92/6/18 93/2/18
f 92/6/18 87/2/18 91/6/18
f 91/6/18 87/2/18 90/6/18
f 90/6/18 87/2/18 89/6/18
f 89/6/18 88/5/18 90/6/18
f 89/6/18 87/2/18 88/5/18
f 88/5/18 87/2/18 86/1/18
f 85/1/18 86/1/18 87/2/18
f 110/1/14 109/1/14 108/5/14
f 107/2/14 108/5/14 109/1/14
f 106/6/14 108/5/14 107/2/14
f 100/2/14 106/6/14 107/2/14
f 106/6/14 100/2/14 105/6/14
f 105/6/14 100/2/14 104/5/14
f 104/5/14 100/2/14 103/1/14
f 99/1/14 103/1/14 100/2/14
f 102/2/17 101/1/17 100/2/17
f 99/1/17 100/2/17 101/1/17
f 120/1/14 119/1/14 118/5/14
f 117/2/14 118/5/14 119/1/14
f 116/6/14 118/5/14 117/2/14
f 113/2/14 116/6/14 117/2/14
f 116/6/14 113/2/14 115/6/14
f 115/6/14 113/2/14 114/5/14
f 114/5/14 113/2/14 112/1/14
f 111/1/14 112/1/14 113/2/14
f 1/8/13 125/8/13 2/8/13
f 126/8/13 2/8/13 125/8/13
f 126/8/1 125/8/1 121/7/1
f 122/7/1 121/7/1 125/8/1
f 124/7/20 123/7/20 122/7/20
f 121/7/20 122/7/20 123/7/20
f 129/8/21 128/7/2 127/7/21
f 128/7/2 129/8/21 130/8/2
f 133/7/3 132/8/22 131/7/22
f 132/8/22 133/7/3 134/8/3
f 132/8/22 127/7/21 131/7/22
f 127/7/21 132/8/22 129/8/21
f 133/7/20 128/7/20 135/7/20
f 128/7/20 133/7/20 127/7/20
f 127/7/20 133/7/20 131/7/20
f 129/8/13 6/8/13 130/8/13
f 6/8/13 129/8/13 5/8/13
f 5/8/13 129/8/13 132/8/13
f 5/8/13 132/8/13 9/8/13
f 9/8/13 132/8/13 134/8/13
f 11/8/13 140/8/13 12/8/13
f 141/8/13 12/8/13 140/8/13
f 141/8/2 140/8/2 136/7/2
f 137/7/2 136/7/2 140/8/2
f 139/7/20 138/7/20 137/7/20
f 136/7/20 137/7/20 138/7/20
f 151/12/13 150/12/13 144/9/23
f 142/9/23 144/9/23 150/12/13
f 157/7/20 156/7/20 154/11/26
f 155/11/26 154/11/26 156/7/20
f 147/10/17 146/10/17 153/9/25
f 152/9/25 153/9/25 146/10/17
f 148/11/24 149/11/24 157/7/20
f 156/7/20 157/7/20 149/11/24
f 155/11/26 145/10/15 154/11/26
f 143/10/15 154/11/26 145/10/15
f 153/9/25 152/9/25 151/12/13
f 150/12/13 151/12/13 152/9/25
f 149/11/24 148/11/24 147/10/17
f 146/10/17 147/10/17 148/11/24
f 145/10/15 144/9/23 143/10/15
f 142/9/23 143/10/15 144/9/23
f 161/12/13 159/12/13 169/12/13
f 159/12/13 164/12/13 169/12/13
f 169/12/13 164/12/13 168/12/13
f 164/12/13 165/12/13 168/12/13
f 168/12/13 165/12/13 172/12/13
f 170/12/13 172/12/13 165/12/13
f 171/7/33 170/12/33 163/7/30
f 165/12/30 163/7/30 170/12/33
f 166/7/31 168/12/31 173/7/34
f 172/12/34 173/7/34 168/12/31
f 169/12/32 167/7/32 161/12/28
f 160/7/28 161/12/28 167/7/32
f 159/12/27 158/7/27 164/12/29
f 162/7/29 164/12/29 158/7/27
f 173/7/34 172/12/34 171/7/33
f 170/12/33 171/7/33 172/12/34
f 169/12/32 168/12/31 167/7/32
f 166/7/31 167/7/32 168/12/31
f 165/12/30 164/12/29 163/7/30
f 162/7/29 163/7/30 164/12/29
f 161/12/28 160/7/28 159/12/27
f 158/7/27 159/12/27 160/7/28
f 175/7/20 174/7/20 188/11/26
f 184/11/26 188/11/26 174/7/20
f 185/10/15 186/9/23 189/10/15
f 187/9/23 189/10/15 186/9/23
f 184/11/26 185/10/15 188/11/26
f 189/10/15 188/11/26 185/10/15
f 178/12/14 180/9/14 187/9/14
f 187/9/14 180/9/14 189/10/14
f 180/9/14 182/10/14 189/10/14
f 189/10/14 182/10/14 188/11/14
f 182/10/14 177/11/14 188/11/14
f 175/7/14 188/11/14 177/11/14
f 179/12/13 178/12/13 186/9/23
f 187/9/23 186/9/23 178/12/13
f 179/12/16 186/9/16 181/9/16
f 181/9/16 186/9/16 183/10/16
f 186/9/16 185/10/16 183/10/16
f 183/10/16 185/10/16 176/11/16
f 185/10/16 184/11/16 176/11/16
f 174/7/16 176/11/16 184/11/16
f 176/11/24 177/11/24 183/10/17
f 182/10/17 183/10/17 177/11/24
f 183/10/17 182/10/17 181/9/25
f 180/9/25 181/9/25 182/10/17
f 181/9/25 180/9/25 179/12/13
f 178/12/13 179/12/13 180/9/25
f 177/11/24 176/11/24 175/7/20
f 174/7/20 175/7/20 176/11/24
f 17/13/13 195/13/13 15/13/13
f 15/13/13 195/13/13 18/13/13
f 191/13/13 195/13/13 17/13/13
f 195/13/13 197/13/13 18/13/13
f 191/13/13 17/13/13 193/13/13
f 17/13/13 23/13/13 193/13/13
f 18/13/13 197/13/13 21/13/13
f 197/13/13 199/13/13 21/13/13
f 21/13/13 199/13/13 27/13/13
f 200/13/13 27/13/13 199/13/13
f 200/13/13 202/13/13 27/13/13
f 30/13/13 27/13/13 202/13/13
f 193/13/13 23/13/13 205/13/13
f 205/13/13 30/13/13 202/13/13
f 23/13/13 26/13/13 205/13/13
f 26/13/13 30/13/13 205/13/13
f 228/12/13 213/12/13 229/12/13
f 229/12/13 213/12/13 227/12/13
f 215/12/13 213/12/13 228/12/13
f 213/12/13 211/12/13 227/12/13
f 215/12/13 228/12/13 217/12/13
f 228/12/13 224/12/13 217/12/13
f 227/12/13 211/12/13 226/12/13
f 211/12/13 206/12/13 226/12/13
f 226/12/13 206/12/13 225/12/13
f 208/12/13 225/12/13 206/12/13
f 208/12/13 221/12/13 225/12/13
f 223/12/13 225/12/13 221/12/13
f 217/12/13 224/12/13 219/12/13
f 219/12/13 223/12/13 221/12/13
f 224/12/13 222/12/13 219/12/13
f 222/12/13 223/12/13 219/12/13
f 19/14/20 216/14/20 24/14/20
f 24/14/20 216/14/20 25/14/20
f 214/14/20 216/14/20 19/14/20
f 216/14/20 218/14/20 25/14/20
f 214/14/20 19/14/20 212/14/20
f 19/14/20 16/14/20 212/14/20
f 25/14/20 218/14/20 29/14/20
f 218/14/20 220/14/20 29/14/20
f 29/14/20 220/14/20 28/14/20
f 209/14/20 28/14/20 220/14/20
f 209/14/20 207/14/20 28/14/20
f 22/14/20 28/14/20 207/14/20
f 212/14/20 16/14/20 210/14/20
f 210/14/20 22/14/20 207/14/20
f 16/14/20 20/14/20 210/14/20
f 20/14/20 22/14/20 210/14/20
f 220/14/38 221/12/38 209/14/15
f 208/12/15 209/14/15 221/12/38
f 219/12/16 221/12/38 218/14/16
f 220/14/38 218/14/16 221/12/38
f 217/12/35 219/12/16 216/14/35
f 218/14/16 216/14/35 219/12/16
f 217/12/35 216/14/35 215/12/17
f 214/14/17 215/12/17 216/14/35
f 215/12/17 214/14/17 213/12/36
f 212/14/36 213/12/36 214/14/17
f 211/12/14 213/12/36 210/14/14
f 212/14/36 210/14/14 213/12/36
f 206/12/37 211/12/14 207/14/37
f 210/14/14 207/14/37 211/12/14
f 209/14/15 208/12/15 207/14/37
f 206/12/37 207/14/37 208/12/15
f 193/13/35 205/13/16 192/7/35
f 204/7/16 192/7/35 205/13/16
f 205/13/16 202/13/38 204/7/16
f 203/7/38 204/7/16 202/13/38
f 203/7/38 202/13/38 201/7/15
f 200/13/15 201/7/15 202/13/38
f 201/7/15 200/13/15 198/7/37
f 199/13/37 198/7/37 200/13/15
f 199/13/37 197/13/14 198/7/37
f 196/7/14 198/7/37 197/13/14
f 197/13/14 195/13/36 196/7/14
f 194/7/36 196/7/14 195/13/36
f 191/13/17 190/7/17 195/13/36
f 194/7/36 195/13/36 190/7/17
f 193/13/35 192/7/35 191/13/17
f 190/7/17 191/13/17 192/7/35
f 232/10/15 235/9/23 230/10/15
f 234/9/23 230/10/15 235/9/23
f 245/9/25 244/9/25 237/12/13
f 236/12/13 237/12/13 244/9/25
f 243/10/17 242/10/17 245/9/25
f 244/9/25 245/9/25 242/10/17
f 240/11/24 241/11/24 243/10/17
f 242/10/17 243/10/17 241/11/24
f 239/7/20 238/7/20 231/11/26
f 233/11/26 231/11/26 238/7/20
f 241/11/24 240/11/24 239/7/20
f 238/7/20 239/7/20 240/11/24
f 237/12/13 236/12/13 235/9/23
f 234/9/23 235/9/23 236/12/13
f 233/11/26 232/10/15 231/11/26
f 230/10/15 231/11/26 232/10/15
f 249/12/13 247/12/13 257/12/13
f 247/12/13 252/12/13 257/12/13
f 257/12/13 252/12/13 256/12/13
f 252/12/13 253/12/13 256/12/13
f 256/12/13 253/12/13 260/12/13
f 258/12/13 260/12/13 253/12/13
f 259/7/33 258/12/33 251/7/30
f 253/12/30 251/7/30 258/12/33
f 254/7/31 256/12/31 261/7/34
f 260/12/34 261/7/34 256/12/31
f 257/12/32 255/7/32 249/12/28
f 248/7/28 249/12/28 255/7/32
f 247/12/27 246/7/27 252/12/29
f 250/7/29 252/12/29 246/7/27
f 261/7/34 260/12/34 259/7/33
f 258/12/33 259/7/33 260/12/34
f 257/12/32 256/12/31 255/7/32
f 254/7/31 255/7/32 256/12/31
f 253/12/30 252/12/29 251/7/30
f 250/7/29 251/7/30 252/12/29
f 249/12/28 248/7/28 247/12/27
f 246/7/27 247/12/27 248/7/28
f 31/8/13 266/8/13 32/8/13
f 267/8/13 32/8/13 266/8/13
f 267/8/12 266/8/12 262/7/12
f 263/7/12 262/7/12 266/8/12
f 265/7/20 264/7/20 263/7/20
f 262/7/20 263/7/20 264/7/20
f 35/8/13 272/8/13 36/8/13
f 273/8/13 36/8/13 272/8/13
f 273/8/12 272/8/12 268/7/12
f 269/7/12 268/7/12 272/8/12
f 271/7/20 270/7/20 269/7/20
f 268/7/20 269/7/20 270/7/20
f 41/13/13 279/13/13 39/13/13
f 39/13/13 279/13/13 42/13/13
f 275/13/13 279/13/13 41/13/13
f 279/13/13 281/13/13 42/13/13
f 275/13/13 41/13/13 277/13/13
f 41/13/13 47/13/13 277/13/13
f 42/13/13 281/13/13 45/13/13
f 281/13/13 283/13/13 45/13/13
f 45/13/13 283/13/13 51/13/13
f 284/13/13 51/13/13 283/13/13
f 284/13/13 286/13/13 51/13/13
f 54/13/13 51/13/13 286/13/13
f 277/13/13 47/13/13 289/13/13
f 289/13/13 54/13/13 286/13/13
f 47/13/13 50/13/13 289/13/13
f 50/13/13 54/13/13 289/13/13
f 312/12/13 297/12/13 313/12/13
f 313/12/13 297/12/13 311/12/13
f 299/12/13 297/12/13 312/12/13
f 297/12/13 295/12/13 311/12/13
f 299/12/13 312/12/13 301/12/13
f 312/12/13 308/12/13 301/12/13
f 311/12/13 295/12/13 310/12/13
f 295/12/13 290/12/13 310/12/13
f 310/12/13 290/12/13 309/12/13
f 292/12/13 309/12/13 290/12/13
f 292/12/13 305/12/13 309/12/13
f 307/12/13 309/12/13 305/12/13
f 301/12/13 308/12/13 303/12/13
f 303/12/13 307/12/13 305/12/13
f 308/12/13 306/12/13 303/12/13
f 306/12/13 307/12/13 303/12/13
f 43/14/20 300/14/20 48/14/20
f 48/14/20 300/14/20 49/14/20
f 298/14/20 300/14/20 43/14/20
f 300/14/20 302/14/20 49/14/20
f 298/14/20 43/14/20 296/14/20
f 43/14/20 40/14/20 296/14/20
f 49/14/20 302/14/20 53/14/20
f 302/14/20 304/14/20 53/14/20
f 53/14/20 304/14/20 52/14/20
f 293/14/20 52/14/20 304/14/20
f 293/14/20 291/14/20 52/14/20
f 46/14/20 52/14/20 291/14/20
f 296/14/20 40/14/20 294/14/20
f 294/14/20 46/14/20 291/14/20
f 40/14/20 44/14/20 294/14/20
f 44/14/20 46/14/20 294/14/20
f 304/14/38 305/12/38 293/14/15
f 292/12/15 293/14/15 305/12/38
f 303/12/16 305/12/38 302/14/16
f 304/14/38 302/14/16 305/12/38
f 301/12/35 303/12/16 300/14/35
f 302/14/16 300/14/35 303/12/16
f 301/12/35 300/14/35 299/12/17
f 298/14/17 299/12/17 300/14/35
f 299/12/17 298/14/17 297/12/36
f 296/14/36 297/12/36 298/14/17
f 295/12/14 297/12/36 294/14/14
f 296/14/36 294/14/14 297/12/36
f 290/12/37 295/12/14 291/14/37
f 294/14/14 291/14/37 295/12/14
f 293/14/15 292/12/15 291/14/37
f 290/12/37 291/14/37 292/12/15
f 277/13/35 289/13/16 276/7/35
f 288/7/16 276/7/35 289/13/16
f 289/13/16 286/13/38 288/7/16
f 287/7/38 288/7/16 286/13/38
f 287/7/38 286/13/38 285/7/15
f 284/13/15 285/7/15 286/13/38
f 285/7/15 284/13/15 282/7/37
f 283/13/37 282/7/37 284/13/15
f 283/13/37 281/13/14 282/7/37
f 280/7/14 282/7/37 281/13/14
f 281/13/14 279/13/36 280/7/14
f 278/7/36 280/7/14 279/13/36
f 275/13/17 274/7/17 279/13/36
f 278/7/36 279/13/36 274/7/17
f 277/13/35 276/7/35 275/13/17
f 274/7/17 275/13/17 276/7/35
f 320/7/20 333/7/20 318/7/20
f 332/7/20 318/7/20 333/7/20
f 330/7/20 318/7/20 332/7/20
f 333/7/20 320/7/20 342/7/20
f 343/7/20 330/7/20 332/7/20
f 343/7/20 342/7/20 320/7/20
f 330/7/20 343/7/20 340/7/20
f 340/7/20 343/7/20 320/7/20
f 342/7/15 344/15/15 333/7/15
f 335/15/15 333/7/15 344/15/15
f 338/12/41 324/12/40 336/15/41
f 325/15/40 336/15/41 324/12/40
f 345/15/17 343/7/17 334/15/17
f 332/7/17 334/15/17 343/7/17
f 323/15/20 315/15/20 325/15/20
f 314/15/20 325/15/20 315/15/20
f 335/15/20 325/15/20 314/15/20
f 344/15/20 325/15/20 335/15/20
f 334/15/20 335/15/20 314/15/20
f 325/15/20 344/15/20 336/15/20
f 345/15/20 336/15/20 344/15/20
f 337/15/20 336/15/20 345/15/20
f 334/15/20 337/15/20 345/15/20
f 327/15/20 334/15/20 314/15/20
f 327/15/20 337/15/20 334/15/20
f 326/15/20 337/15/20 327/15/20
f 321/12/14 341/12/14 320/7/14
f 340/7/14 320/7/14 341/12/14
f 322/12/13 324/12/13 317/12/13
f 316/12/13 317/12/13 324/12/13
f 321/12/13 316/12/13 324/12/13
f 338/12/13 321/12/13 324/12/13
f 321/12/13 319/12/13 316/12/13
f 329/12/13 316/12/13 319/12/13
f 341/12/13 321/12/13 338/12/13
f 331/12/13 329/12/13 319/12/13
f 341/12/13 329/12/13 331/12/13
f 338/12/13 329/12/13 341/12/13
f 339/12/13 329/12/13 338/12/13
f 328/12/13 329/12/13 339/12/13
f 339/12/42 337/15/42 328/12/27
f 326/15/27 328/12/27 337/15/42
f 345/15/16 344/15/16 343/7/16
f 342/7/16 343/7/16 344/15/16
f 341/12/15 331/12/15 340/7/15
f 330/7/15 340/7/15 331/12/15
f 339/12/42 338/12/41 337/15/42
f 336/15/41 337/15/42 338/12/41
f 335/15/14 334/15/14 333/7/14
f 332/7/14 333/7/14 334/15/14
f 331/12/16 319/12/16 330/7/16
f 318/7/16 330/7/16 319/12/16
f 316/12/30 329/12/29 314/15/30
f 327/15/29 314/15/30 329/12/29
f 329/12/29 328/12/27 327/15/29
f 326/15/27 327/15/29 328/12/27
f 325/15/40 324/12/40 323/15/39
f 322/12/39 323/15/39 324/12/40
f 323/15/39 322/12/39 315/15/33
f 317/12/33 315/15/33 322/12/39
f 321/12/17 320/7/17 319/12/17
f 318/7/17 319/12/17 320/7/17
f 317/12/33 316/12/30 315/15/33
f 314/15/30 315/15/33 316/12/30
f 354/11/26 355/10/15 358/11/26
f 360/10/15 358/11/26 355/10/15
f 352/11/24 353/11/24 356/10/17
f 359/10/17 356/10/17 353/11/24
f 355/10/15 347/9/23 360/10/15
f 346/9/23 360/10/15 347/9/23
f 356/10/17 359/10/17 357/9/25
f 361/9/25 357/9/25 359/10/17
f 357/9/25 361/9/25 349/12/13
f 348/12/13 349/12/13 361/9/25
f 348/12/14 361/9/14 346/9/14
f 346/9/14 361/9/14 360/10/14
f 361/9/14 359/10/14 360/10/14
f 360/10/14 359/10/14 358/11/14
f 359/10/14 353/11/14 358/11/14
f 351/7/14 358/11/14 353/11/14
f 351/7/20 350/7/20 358/11/26
f 354/11/26 358/11/26 350/7/20
f 349/12/16 347/9/16 357/9/16
f 357/9/16 347/9/16 356/10/16
f 347/9/16 355/10/16 356/10/16
f 356/10/16 355/10/16 352/11/16
f 355/10/16 354/11/16 352/11/16
f 350/7/16 352/11/16 354/11/16
f 353/11/24 352/11/24 351/7/20
f 350/7/20 351/7/20 352/11/24
f 349/12/13 348/12/13 347/9/23
f 346/9/23 347/9/23 348/12/13
f 374/12/43 378/12/36 367/7/43
f 368/7/36 367/7/43 378/12/36
f 384/12/37 375/12/44 365/7/37
f 366/7/44 365/7/37 375/12/44
f 380/12/16 381/10/16 382/12/16
f 382/12/16 381/10/16 364/7/16
f 385/10/16 364/7/16 381/10/16
f 364/7/16 385/10/16 362/7/16
f 377/12/16 362/7/16 385/10/16
f 383/12/16 377/12/16 385/10/16
f 383/12/17 385/10/17 372/12/17
f 370/10/17 372/12/17 385/10/17
f 363/7/45 376/12/45 365/7/37
f 384/12/37 365/7/37 376/12/45
f 382/12/17 364/7/17 379/12/46
f 369/7/46 379/12/46 364/7/17
f 376/12/13 377/12/13 384/12/13
f 383/12/13 384/12/13 377/12/13
f 375/12/13 384/12/13 383/12/13
f 372/12/13 375/12/13 383/12/13
f 375/12/13 372/12/13 374/12/13
f 373/12/13 374/12/13 372/12/13
f 378/12/13 374/12/13 373/12/13
f 380/12/13 378/12/13 373/12/13
f 382/12/13 378/12/13 380/12/13
f 379/12/13 378/12/13 382/12/13
f 381/10/15 380/12/15 371/10/15
f 373/12/15 371/10/15 380/12/15
f 379/12/46 369/7/46 378/12/36
f 368/7/36 378/12/36 369/7/46
f 362/7/15 377/12/15 363/7/45
f 376/12/45 363/7/45 377/12/15
f 375/12/44 374/12/43 366/7/44
f 367/7/43 366/7/44 374/12/43
f 373/12/16 372/12/16 371/10/16
f 370/10/16 371/10/16 372/12/16
f 369/7/20 364/7/20 368/7/20
f 368/7/20 364/7/20 367/7/20
f 367/7/20 364/7/20 366/7/20
f 366/7/20 364/7/20 365/7/20
f 365/7/20 364/7/20 363/7/20
f 362/7/20 363/7/20 364/7/20
f 388/7/20 387/7/20 386/7/20
f 387/7/20 388/7/20 389/7/20
f 392/8/30 391/7/14 390/7/30
f 391/7/14 392/8/30 393/8/14
f 396/7/15 395/8/33 394/7/33
f 395/8/33 396/7/15 397/8/15
f 395/8/33 390/7/30 394/7/33
f 390/7/30 395/8/33 392/8/30
f 396/7/20 391/7/20 398/7/20
f 391/7/20 396/7/20 390/7/20
f 390/7/20 396/7/20 394/7/20
f 392/8/13 60/8/13 393/8/13
f 60/8/13 392/8/13 59/8/13
f 59/8/13 392/8/13 395/8/13
f 59/8/13 395/8/13 63/8/13
f 63/8/13 395/8/13 397/8/13
f 401/8/21 400/7/2 399/7/21
f 400/7/2 401/8/21 402/8/2
f 405/7/3 404/8/22 403/7/22
f 404/8/22 405/7/3 406/8/3
f 404/8/22 399/7/21 403/7/22
f 399/7/21 404/8/22 401/8/21
f 405/7/20 400/7/20 407/7/20
f 400/7/20 405/7/20 399/7/20
f 399/7/20 405/7/20 403/7/20
f 401/8/13 66/8/13 402/8/13
f 66/8/13 401/8/13 65/8/13
f 65/8/13 401/8/13 404/8/13
f 65/8/13 404/8/13 69/8/13
f 69/8/13 404/8/13 406/8/13
f 414/16/35 428/17/35 412/16/17
f 431/17/17 412/16/17 428/17/35
f 435/12/60 427/12/56 421/14/16
f 411/14/38 421/14/16 427/12/56
f 416/17/38 409/16/38 439/17/15
f 408/16/15 439/17/15 409/16/38
f 415/14/35 413/14/17 436/12/61
f 437/12/62 436/12/61 413/14/17
f 420/16/37 422/16/14 438/17/37
f 430/17/14 438/17/37 422/16/14
f 439/17/15 408/16/15 438/17/37
f 420/16/37 438/17/37 408/16/15
f 437/12/13 432/12/13 436/12/13
f 436/12/13 432/12/13 435/12/13
f 432/12/13 433/12/13 435/12/13
f 435/12/13 433/12/13 427/12/13
f 433/12/13 434/12/13 427/12/13
f 426/12/13 427/12/13 434/12/13
f 437/12/62 413/14/17 432/12/57
f 425/14/36 432/12/57 413/14/17
f 436/12/61 435/12/60 415/14/35
f 421/14/16 415/14/35 435/12/60
f 412/16/49 424/16/54 413/14/17
f 425/14/36 413/14/17 424/16/54
f 434/12/59 433/12/58 419/14/37
f 423/14/14 419/14/37 433/12/58
f 426/12/55 434/12/59 410/14/15
f 419/14/37 410/14/15 434/12/59
f 433/12/58 432/12/57 423/14/14
f 425/14/36 423/14/14 432/12/57
f 421/14/16 411/14/38 418/16/52
f 409/16/48 418/16/52 411/14/38
f 412/16/17 431/17/17 424/16/36
f 429/17/36 424/16/36 431/17/17
f 422/16/14 424/16/36 430/17/14
f 429/17/36 430/17/14 424/16/36
f 414/16/35 418/16/16 428/17/35
f 417/17/16 428/17/35 418/16/16
f 411/14/38 427/12/56 410/14/15
f 426/12/55 410/14/15 427/12/56
f 423/14/14 425/14/36 422/16/53
f 424/16/54 422/16/53 425/14/36
f 419/14/37 423/14/14 420/16/51
f 422/16/53 420/16/51 423/14/14
f 415/14/35 421/14/16 414/16/50
f 418/16/52 414/16/50 421/14/16
f 408/16/47 410/14/15 420/16/51
f 419/14/37 420/16/51 410/14/15
f 418/16/16 409/16/38 417/17/16
f 416/17/38 417/17/16 409/16/38
f 415/14/35 414/16/50 413/14/17
f 412/16/49 413/14/17 414/16/50
f 411/14/38 410/14/15 409/16/48
f 408/16/47 409/16/48 410/14/15
f 450/12/63 442/18/63 451/12/63
f 443/18/63 451/12/63 442/18/63
f 451/12/13 446/12/13 450/12/13
f 448/12/13 450/12/13 446/12/13
f 449/17/3 448/12/3 447/17/3
f 446/12/3 447/17/3 448/12/3
f 440/18/63 445/17/63 441/18/63
f 444/17/63 441/18/63 445/17/63
f 443/18/20 442/18/20 441/18/20
f 440/18/20 441/18/20 442/18/20
f 458/12/16 468/12/16 459/17/16
f 471/17/16 459/17/16 468/12/16
f 470/12/27 467/18/27 464/12/29
f 462/18/29 464/12/29 467/18/27
f 469/12/17 466/18/17 470/12/27
f 467/18/27 470/12/27 466/18/17
f 470/12/13 464/12/13 469/12/13
f 469/12/13 464/12/13 460/12/13
f 460/12/13 464/12/13 458/12/13
f 458/12/13 464/12/13 468/12/13
f 465/12/13 468/12/13 464/12/13
f 457/18/20 463/18/20 453/18/20
f 462/18/20 453/18/20 463/18/20
f 467/18/20 466/18/20 462/18/20
f 462/18/20 466/18/20 453/18/20
f 455/18/20 453/18/20 466/18/20
f 465/12/14 464/12/29 463/18/14
f 462/18/29 463/18/14 464/12/29
f 461/17/15 460/12/15 459/17/15
f 458/12/15 459/17/15 460/12/15
f 457/18/14 453/18/14 456/17/14
f 452/17/14 456/17/14 453/18/14
f 455/18/17 454/17/17 453/18/17
f 452/17/17 453/18/17 454/17/17
f 482/12/17 474/18/17 483/12/17
f 475/18/17 483/12/17 474/18/17
f 483/12/13 478/12/13 482/12/13
f 480/12/13 482/12/13 478/12/13
f 481/17/15 480/12/15 479/17/15
f 478/12/15 479/17/15 480/12/15
f 472/18/17 477/17/17 473/18/17
f 476/17/17 473/18/17 477/17/17
f 475/18/20 474/18/20 473/18/20
f 472/18/20 473/18/20 474/18/20
f 494/12/64 486/18/64 495/12/64
f 487/18/64 495/12/64 486/18/64
f 495/12/13 490/12/13 494/12/13
f 492/12/13 494/12/13 490/12/13
f 493/17/65 492/12/65 491/17/65
f 490/12/65 491/17/65 492/12/65
f 484/18/64 489/17/64 485/18/64
f 488/17/64 485/18/64 489/17/64
f 487/18/20 486/18/20 485/18/20
f 484/18/20 485/18/20 486/18/20
f 502/12/70 512/12/70 503/17/70
f 515/17/70 503/17/70 512/12/70
f 514/12/69 511/18/69 508/12/68
f 506/18/68 508/12/68 511/18/69
f 513/12/66 510/18/66 514/12/69
f 511/18/69 514/12/69 510/18/66
f 514/12/13 508/12/13 513/12/13
f 513/12/13 508/12/13 504/12/13
f 504/12/13 508/12/13 502/12/13
f 502/12/13 508/12/13 512/12/13
f 509/12/13 512/12/13 508/12/13
f 501/18/20 507/18/20 497/18/20
f 506/18/20 497/18/20 507/18/20
f 511/18/20 510/18/20 506/18/20
f 506/18/20 510/18/20 497/18/20
f 499/18/20 497/18/20 510/18/20
f 509/12/12 508/12/68 507/18/12
f 506/18/68 507/18/12 508/12/68
f 505/17/67 504/12/67 503/17/67
f 502/12/67 503/17/67 504/12/67
f 501/18/12 497/18/12 500/17/12
f 496/17/12 500/17/12 497/18/12
f 499/18/66 498/17/66 497/18/66
f 496/17/66 497/18/66 498/17/66
f 522/12/73 532/12/73 523/17/73
f 535/17/73 523/17/73 532/12/73
f 534/12/72 531/18/72 528/12/71
f 526/18/71 528/12/71 531/18/72
f 533/12/63 530/18/63 534/12/72
f 531/18/72 534/12/72 530/18/63
f 534/12/13 528/12/13 533/12/13
f 533/12/13 528/12/13 524/12/13
f 524/12/13 528/12/13 522/12/13
f 522/12/13 528/12/13 532/12/13
f 529/12/13 532/12/13 528/12/13
f 521/18/20 527/18/20 517/18/20
f 526/18/20 517/18/20 527/18/20
f 531/18/20 530/18/20 526/18/20
f 526/18/20 530/18/20 517/18/20
f 519/18/20 517/18/20 530/18/20
f 529/12/2 528/12/71 527/18/2
f 526/18/71 527/18/2 528/12/71
f 525/17/3 524/12/3 523/17/3
f 522/12/3 523/17/3 524/12/3
f 521/18/2 517/18/2 520/17/2
f 516/17/2 520/17/2 517/18/2
f 519/18/63 518/17/63 517/18/63
f 516/17/63 517/18/63 518/17/63
f 542/12/77 552/12/77 543/17/77
f 555/17/77 543/17/77 552/12/77
f 554/12/34 551/18/34 548/12/31
f 546/18/31 548/12/31 551/18/34
f 553/12/74 550/18/74 554/12/34
f 551/18/34 554/12/34 550/18/74
f 554/12/13 548/12/13 553/12/13
f 553/12/13 548/12/13 544/12/13
f 544/12/13 548/12/13 542/12/13
f 542/12/13 548/12/13 552/12/13
f 549/12/13 552/12/13 548/12/13
f 541/18/20 547/18/20 537/18/20
f 546/18/20 537/18/20 547/18/20
f 551/18/20 550/18/20 546/18/20
f 546/18/20 550/18/20 537/18/20
f 539/18/20 537/18/20 550/18/20
f 549/12/75 548/12/31 547/18/75
f 546/18/31 547/18/75 548/12/31
f 545/17/76 544/12/76 543/17/76
f 542/12/76 543/17/76 544/12/76
f 541/18/75 537/18/75 540/17/75
f 536/17/75 540/17/75 537/18/75
f 539/18/74 538/17/74 537/18/74
f 536/17/74 537/18/74 538/17/74
f 562/12/81 572/12/81 563/17/81
f 575/17/81 563/17/81 572/12/81
f 574/12/34 571/18/34 568/12/31
f 566/18/31 568/12/31 571/18/34
f 573/12/78 570/18/78 574/12/34
f 571/18/34 574/12/34 570/18/78
f 574/12/13 568/12/13 573/12/13
f 573/12/13 568/12/13 564/12/13
f 564/12/13 568/12/13 562/12/13
f 562/12/13 568/12/13 572/12/13
f 569/12/13 572/12/13 568/12/13
f 561/18/20 567/18/20 557/18/20
f 566/18/20 557/18/20 567/18/20
f 571/18/20 570/18/20 566/18/20
f 566/18/20 570/18/20 557/18/20
f 559/18/20 557/18/20 570/18/20
f 569/12/79 568/12/31 567/18/79
f 566/18/31 567/18/79 568/12/31
f 565/17/80 564/12/80 563/17/80
f 562/12/80 563/17/80 564/12/80
f 561/18/79 557/18/79 560/17/79
f 556/17/79 560/17/79 557/18/79
f 559/18/78 558/17/78 557/18/78
f 556/17/78 557/18/78 558/17/78
f 586/12/63 578/18/63 587/12/63
f 579/18/63 587/12/63 578/18/63
f 587/12/13 582/12/13 586/12/13
f 584/12/13 586/12/13 582/12/13
f 585/17/3 584/12/3 583/17/3
f 582/12/3 583/17/3 584/12/3
f 576/18/63 581/17/63 577/18/63
f 580/17/63 577/18/63 581/17/63
f 579/18/20 578/18/20 577/18/20
f 576/18/20 577/18/20 578/18/20
f 598/12/17 590/18/17 599/12/17
f 591/18/17 599/12/17 590/18/17
f 599/12/13 594/12/13 598/12/13
f 596/12/13 598/12/13 594/12/13
f 597/17/15 596/12/15 595/17/15
f 594/12/15 595/17/15 596/12/15
f 588/18/17 593/17/17 589/18/17
f 592/17/17 589/18/17 593/17/17
f 591/18/20 590/18/20 589/18/20
f 588/18/20 589/18/20 590/18/20
f 603/7/2 602/7/2 601/12/2
f 600/12/2 601/12/2 602/7/2
f 606/7/14 605/12/14 604/12/14
f 605/12/14 606/7/14 445/7/14
f 558/7/82 608/12/82 607/7/82
f 608/12/82 558/7/82 609/12/82
f 611/7/83 608/12/83 610/12/83
f 608/12/83 611/7/83 607/7/83
f 612/7/14 614/7/14 61/12/14
f 117/12/14 61/12/14 614/7/14
f 64/12/15 613/7/15 61/12/15
f 612/7/15 61/12/15 613/7/15
f 615/7/83 620/7/83 616/12/83
f 619/12/83 616/12/83 620/7/83
f 618/12/84 617/7/84 616/12/84
f 615/7/84 616/12/84 617/7/84
f 454/7/17 100/12/17 452/7/17
f 100/12/17 454/7/17 102/12/17
f 456/7/14 100/12/14 621/12/14
f 100/12/14 456/7/14 452/7/14
f 624/7/83 623/12/83 622/12/83
f 623/12/83 624/7/83 625/7/83
f 629/7/12 628/7/12 627/12/12
f 626/12/12 627/12/12 628/7/12
f 630/7/2 635/7/2 631/12/2
f 634/12/2 631/12/2 635/7/2
f 633/12/3 632/7/3 631/12/3
f 630/7/3 631/12/3 632/7/3
f 639/7/12 638/7/12 637/12/12
f 636/12/12 637/12/12 638/7/12
f 642/7/14 581/7/14 641/12/14
f 640/12/14 641/12/14 581/7/14
f 780/18/166 793/35/167 783/18/157
f 788/35/156 783/18/157 793/35/167
f 787/35/154 794/36/169 786/18/155
f 785/34/168 786/18/155 794/36/169
f 794/36/169 791/36/162 785/34/168
f 784/34/164 785/34/168 791/36/162
f 781/18/158 782/18/165 789/36/159
f 792/36/163 789/36/159 782/18/165
f 794/36/20 787/35/20 791/36/20
f 787/35/20 788/35/20 791/36/20
f 791/36/20 788/35/20 792/36/20
f 788/35/20 793/35/20 792/36/20
f 793/35/20 790/35/20 792/36/20
f 789/36/20 792/36/20 790/35/20
f 793/35/167 780/18/166 790/35/161
f 779/18/160 790/35/161 780/18/166
f 782/18/165 784/34/164 792/36/163
f 791/36/162 792/36/163 784/34/164
f 790/35/161 779/18/160 789/36/159
f 781/18/158 789/36/159 779/18/160
f 783/18/157 788/35/156 786/18/155
f 787/35/154 786/18/155 788/35/156
f 786/18/13 785/34/13 783/18/13
f 785/34/13 784/34/13 783/18/13
f 784/34/13 782/18/13 783/18/13
f 783/18/13 782/18/13 780/18/13
f 782/18/13 781/18/13 780/18/13
f 779/18/13 780/18/13 781/18/13
f 772/12/153 769/31/153 774/12/153
f 769/31/153 770/31/153 774/12/153
f 770/31/153 776/33/153 774/12/153
f 774/12/153 776/33/153 765/32/153
f 765/32/153 776/33/153 763/31/153
f 778/33/153 763/31/153 776/33/153
f 764/31/147 763/31/147 777/33/152
f 778/33/152 777/33/152 763/31/147
f 777/33/151 775/33/151 764/31/151
f 766/32/151 764/31/151 775/33/151
f 773/12/151 766/32/151 775/33/151
f 768/31/151 773/12/151 775/33/151
f 773/12/151 768/31/151 771/12/151
f 767/31/151 771/12/151 768/31/151
f 770/31/150 768/31/150 776/33/150
f 775/33/150 776/33/150 768/31/150
f 765/32/148 766/32/148 774/12/149
f 773/12/149 774/12/149 766/32/148
f 774/12/149 773/12/149 772/12/13
f 771/12/13 772/12/13 773/12/149
f 770/31/20 769/31/20 768/31/20
f 767/31/20 768/31/20 769/31/20
f 766/32/148 765/32/148 764/31/147
f 763/31/147 764/31/147 765/32/148
f 757/12/20 756/12/20 755/12/20
f 756/12/20 757/12/20 758/12/20
f 759/7/141 756/12/141 758/12/141
f 756/12/141 759/7/141 760/7/141
f 760/7/17 755/12/17 756/12/17
f 755/12/17 760/7/17 761/7/17
f 761/7/142 757/12/142 755/12/142
f 757/12/142 761/7/142 762/7/142
f 757/12/15 759/7/15 758/12/15
f 759/7/15 757/12/15 762/7/15
f 749/12/20 748/12/20 747/12/20
f 748/12/20 749/12/20 750/12/20
f 751/7/143 748/12/143 750/12/143
f 748/12/143 751/7/143 752/7/143
f 752/7/144 747/12/144 748/12/144
f 747/12/144 752/7/144 753/7/144
f 753/7/145 749/12/145 747/12/145
f 749/12/145 753/7/145 754/7/145
f 749/12/146 751/7/146 750/12/146
f 751/7/146 749/12/146 754/7/146
f 741/12/20 740/12/20 739/12/20
f 740/12/20 741/12/20 742/12/20
f 743/7/143 740/12/143 742/12/143
f 740/12/143 743/7/143 744/7/143
f 744/7/144 739/12/144 740/12/144
f 739/12/144 744/7/144 745/7/144
f 745/7/145 741/12/145 739/12/145
f 741/12/145 745/7/145 746/7/145
f 741/12/146 743/7/146 742/12/146
f 743/7/146 741/12/146 746/7/146
f 733/12/20 732/12/20 731/12/20
f 732/12/20 733/12/20 734/12/20
f 735/7/141 732/12/141 734/12/141
f 732/12/141 735/7/141 736/7/141
f 736/7/17 731/12/17 732/12/17
f 731/12/17 736/7/17 737/7/17
f 737/7/142 733/12/142 731/12/142
f 733/12/142 737/7/142 738/7/142
f 733/12/15 735/7/15 734/12/15
f 735/7/15 733/12/15 738/7/15
f 725/20/111 722/11/108 723/19/109
f 716/7/102 723/19/109 722/11/108
f 718/9/104 721/10/107 728/21/114
f 726/10/112 728/21/114 721/10/107
f 727/10/113 724/20/110 719/10/105
f 715/11/101 719/10/105 724/20/110
f 724/20/110 723/19/109 715/11/101
f 716/7/102 715/11/101 723/19/109
f 717/12/103 718/9/104 730/22/116
f 728/21/114 730/22/116 718/9/104
f 720/9/106 729/21/115 719/10/105
f 727/10/113 719/10/105 729/21/115
f 726/10/112 721/10/107 725/20/111
f 722/11/108 725/20/111 721/10/107
f 717/12/103 730/22/116 720/9/106
f 729/21/115 720/9/106 730/22/116
f 712/11/98 707/7/93 722/11/108
f 716/7/102 722/11/108 707/7/93
f 730/22/116 728/21/114 729/21/115
f 729/21/115 728/21/114 727/10/113
f 728/21/114 726/10/112 727/10/113
f 727/10/113 726/10/112 724/20/110
f 726/10/112 725/20/111 724/20/110
f 723/19/109 724/20/110 725/20/111
f 713/10/99 712/11/98 721/10/107
f 722/11/108 721/10/107 712/11/98
f 711/12/97 717/12/103 710/9/96
f 720/9/106 710/9/96 717/12/103
f 713/10/99 721/10/107 714/9/100
f 718/9/104 714/9/100 721/10/107
f 710/9/96 720/9/106 709/10/95
f 719/10/105 709/10/95 720/9/106
f 708/11/94 709/10/95 715/11/101
f 719/10/105 715/11/101 709/10/95
f 718/9/104 717/12/103 714/9/100
f 711/12/97 714/9/100 717/12/103
f 716/7/102 707/7/93 715/11/101
f 708/11/94 715/11/101 707/7/93
f 714/9/100 704/21/90 713/10/99
f 702/10/88 713/10/99 704/21/90
f 700/20/86 699/19/85 712/11/98
f 707/7/93 712/11/98 699/19/85
f 711/12/97 706/22/92 714/9/100
f 704/21/90 714/9/100 706/22/92
f 705/21/91 710/9/96 703/10/89
f 709/10/95 703/10/89 710/9/96
f 702/10/88 700/20/86 713/10/99
f 712/11/98 713/10/99 700/20/86
f 711/12/97 710/9/96 706/22/92
f 705/21/91 706/22/92 710/9/96
f 703/10/89 709/10/95 701/20/87
f 708/11/94 701/20/87 709/10/95
f 701/20/87 708/11/94 699/19/85
f 707/7/93 699/19/85 708/11/94
f 706/22/92 705/21/91 704/21/90
f 705/21/91 703/10/89 704/21/90
f 704/21/90 703/10/89 702/10/88
f 703/10/89 701/20/87 702/10/88
f 702/10/88 701/20/87 700/20/86
f 699/19/85 700/20/86 701/20/87
f 697/28/139 676/24/118 695/30/137
f 675/23/117 695/30/137 676/24/118
f 695/30/137 675/23/117 693/28/135
f 687/24/129 693/28/135 675/23/117
f 682/10/124 698/10/140 681/25/123
f 696/27/138 681/25/123 698/10/140
f 693/28/135 687/24/129 691/10/133
f 689/10/131 691/10/133 687/24/129
f 696/27/138 694/29/136 681/25/123
f 685/26/127 681/25/123 694/29/136
f 682/10/124 676/24/118 698/10/140
f 697/28/139 698/10/140 676/24/118
f 694/29/136 692/27/134 685/26/127
f 683/25/125 685/26/127 692/27/134
f 692/27/134 691/10/133 683/25/125
f 689/10/131 683/25/125 691/10/133
f 698/10/140 697/28/139 696/27/138
f 697/28/139 695/30/137 696/27/138
f 696/27/138 695/30/137 694/29/136
f 695/30/137 693/28/135 694/29/136
f 694/29/136 693/28/135 692/27/134
f 691/10/133 692/27/134 693/28/135
f 679/11/121 681/25/123 686/7/128
f 685/26/127 686/7/128 681/25/123
f 689/10/131 690/10/132 683/25/125
f 684/11/126 683/25/125 690/10/132
f 688/9/130 690/10/132 687/24/129
f 689/10/131 687/24/129 690/10/132
f 678/9/120 676/24/118 680/10/122
f 682/10/124 680/10/122 676/24/118
f 677/12/119 688/9/130 675/23/117
f 687/24/129 675/23/117 688/9/130
f 686/7/128 685/26/127 684/11/126
f 683/25/125 684/11/126 685/26/127
f 682/10/124 681/25/123 680/10/122
f 679/11/121 680/10/122 681/25/123
f 678/9/120 677/12/119 676/24/118
f 675/23/117 676/24/118 677/12/119
f 669/20/111 666/11/108 667/19/109
f 660/7/102 667/19/109 666/11/108
f 662/9/104 665/10/107 672/21/114
f 670/10/112 672/21/114 665/10/107
f 671/10/113 668/20/110 663/10/105
f 659/11/101 663/10/105 668/20/110
f 668/20/110 667/19/109 659/11/101
f 660/7/102 659/11/101 667/19/109
f 661/12/103 662/9/104 674/22/116
f 672/21/114 674/22/116 662/9/104
f 664/9/106 673/21/115 663/10/105
f 671/10/113 663/10/105 673/21/115
f 670/10/112 665/10/107 669/20/111
f 666/11/108 669/20/111 665/10/107
f 661/12/103 674/22/116 664/9/106
f 673/21/115 664/9/106 674/22/116
f 656/11/98 651/7/93 666/11/108
f 660/7/102 666/11/108 651/7/93
f 674/22/116 672/21/114 673/21/115
f 673/21/115 672/21/114 671/10/113
f 672/21/114 670/10/112 671/10/113
f 671/10/113 670/10/112 668/20/110
f 670/10/112 669/20/111 668/20/110
f 667/19/109 668/20/110 669/20/111
f 657/10/99 656/11/98 665/10/107
f 666/11/108 665/10/107 656/11/98
f 655/12/97 661/12/103 654/9/96
f 664/9/106 654/9/96 661/12/103
f 657/10/99 665/10/107 658/9/100
f 662/9/104 658/9/100 665/10/107
f 654/9/96 664/9/106 653/10/95
f 663/10/105 653/10/95 664/9/106
f 652/11/94 653/10/95 659/11/101
f 663/10/105 659/11/101 653/10/95
f 662/9/104 661/12/103 658/9/100
f 655/12/97 658/9/100 661/12/103
f 660/7/102 651/7/93 659/11/101
f 652/11/94 659/11/101 651/7/93
f 658/9/100 648/21/90 657/10/99
f 646/10/88 657/10/99 648/21/90
f 644/20/86 643/19/85 656/11/98
f 651/7/93 656/11/98 643/19/85
f 655/12/97 650/22/92 658/9/100
f 648/21/90 658/9/100 650/22/92
f 649/21/91 654/9/96 647/10/89
f 653/10/95 647/10/89 654/9/96
f 646/10/88 644/20/86 657/10/99
f 656/11/98 657/10/99 644/20/86
f 655/12/97 654/9/96 650/22/92
f 649/21/91 650/22/92 654/9/96
f 647/10/89 653/10/95 645/20/87
f 652/11/94 645/20/87 653/10/95
f 645/20/87 652/11/94 643/19/85
f 651/7/93 643/19/85 652/11/94
f 650/22/92 649/21/91 648/21/90
f 649/21/91 647/10/89 648/21/90
f 648/21/90 647/10/89 646/10/88
f 647/10/89 645/20/87 646/10/88
f 646/10/88 645/20/87 644/20/86
f 643/19/85 644/20/86 645/20/87
f 932/18/166 945/35/167 935/18/157
f 940/35/156 935/18/157 945/35/167
f 939/35/154 946/36/169 938/18/155
f 937/34/168 938/18/155 946/36/169
f 946/36/169 943/36/162 937/34/168
f 936/34/164 937/34/168 943/36/162
f 933/18/158 934/18/165 941/36/159
f 944/36/163 941/36/159 934/18/165
f 946/36/20 939/35/20 943/36/20
f 939/35/20 940/35/20 943/36/20
f 943/36/20 940/35/20 944/36/20
f 940/35/20 945/35/20 944/36/20
f 945/35/20 942/35/20 944/36/20
f 941/36/20 944/36/20 942/35/20
f 945/35/167 932/18/166 942/35/161
f 931/18/160 942/35/161 932/18/166
f 934/18/165 936/34/164 944/36/163
f 943/36/162 944/36/163 936/34/164
f 942/35/161 931/18/160 941/36/159
f 933/18/158 941/36/159 931/18/160
f 935/18/157 940/35/156 938/18/155
f 939/35/154 938/18/155 940/35/156
f 938/18/13 937/34/13 935/18/13
f 937/34/13 936/34/13 935/18/13
f 936/34/13 934/18/13 935/18/13
f 935/18/13 934/18/13 932/18/13
f 934/18/13 933/18/13 932/18/13
f 931/18/13 932/18/13 933/18/13
f 924/12/153 921/31/153 926/12/153
f 921/31/153 922/31/153 926/12/153
f 922/31/153 928/33/153 926/12/153
f 926/12/153 928/33/153 917/32/153
f 917/32/153 928/33/153 915/31/153
f 930/33/153 915/31/153 928/33/153
f 916/31/147 915/31/147 929/33/152
f 930/33/152 929/33/152 915/31/147
f 929/33/151 927/33/151 916/31/151
f 918/32/151 916/31/151 927/33/151
f 925/12/151 918/32/151 927/33/151
f 920/31/151 925/12/151 927/33/151
f 925/12/151 920/31/151 923/12/151
f 919/31/151 923/12/151 920/31/151
f 922/31/150 920/31/150 928/33/150
f 927/33/150 928/33/150 920/31/150
f 917/32/148 918/32/148 926/12/149
f 925/12/149 926/12/149 918/32/148
f 926/12/149 925/12/149 924/12/13
f 923/12/13 924/12/13 925/12/149
f 922/31/20 921/31/20 920/31/20
f 919/31/20 920/31/20 921/31/20
f 918/32/148 917/32/148 916/31/147
f 915/31/147 916/31/147 917/32/148
f 909/12/20 908/12/20 907/12/20
f 908/12/20 909/12/20 910/12/20
f 911/7/141 908/12/141 910/12/141
f 908/12/141 911/7/141 912/7/141
f 912/7/17 907/12/17 908/12/17
f 907/12/17 912/7/17 913/7/17
f 913/7/142 909/12/142 907/12/142
f 909/12/142 913/7/142 914/7/142
f 909/12/15 911/7/15 910/12/15
f 911/7/15 909/12/15 914/7/15
f 901/12/20 900/12/20 899/12/20
f 900/12/20 901/12/20 902/12/20
f 903/7/143 900/12/143 902/12/143
f 900/12/143 903/7/143 904/7/143
f 904/7/144 899/12/144 900/12/144
f 899/12/144 904/7/144 905/7/144
f 905/7/145 901/12/145 899/12/145
f 901/12/145 905/7/145 906/7/145
f 901/12/146 903/7/146 902/12/146
f 903/7/146 901/12/146 906/7/146
f 893/12/20 892/12/20 891/12/20
f 892/12/20 893/12/20 894/12/20
f 895/7/143 892/12/143 894/12/143
f 892/12/143 895/7/143 896/7/143
f 896/7/144 891/12/144 892/12/144
f 891/12/144 896/7/144 897/7/144
f 897/7/145 893/12/145 891/12/145
f 893/12/145 897/7/145 898/7/145
f 893/12/146 895/7/146 894/12/146
f 895/7/146 893/12/146 898/7/146
f 885/12/20 884/12/20 883/12/20
f 884/12/20 885/12/20 886/12/20
f 887/7/141 884/12/141 886/12/141
f 884/12/141 887/7/141 888/7/141
f 888/7/17 883/12/17 884/12/17
f 883/12/17 888/7/17 889/7/17
f 889/7/142 885/12/142 883/12/142
f 885/12/142 889/7/142 890/7/142
f 885/12/15 887/7/15 886/12/15
f 887/7/15 885/12/15 890/7/15
f 877/20/111 874/11/108 875/19/109
f 868/7/102 875/19/109 874/11/108
f 870/9/104 873/10/107 880/21/114
f 878/10/112 880/21/114 873/10/107
f 879/10/113 876/20/110 871/10/105
f 867/11/101 871/10/105 876/20/110
f 876/20/110 875/19/109 867/11/101
f 868/7/102 867/11/101 875/19/109
f 869/12/103 870/9/104 882/22/116
f 880/21/114 882/22/116 870/9/104
f 872/9/106 881/21/115 871/10/105
f 879/10/113 871/10/105 881/21/115
f 878/10/112 873/10/107 877/20/111
f 874/11/108 877/20/111 873/10/107
f 869/12/103 882/22/116 872/9/106
f 881/21/115 872/9/106 882/22/116
f 864/11/98 859/7/93 874/11/108
f 868/7/102 874/11/108 859/7/93
f 882/22/116 880/21/114 881/21/115
f 881/21/115 880/21/114 879/10/113
f 880/21/114 878/10/112 879/10/113
f 879/10/113 878/10/112 876/20/110
f 878/10/112 877/20/111 876/20/110
f 875/19/109 876/20/110 877/20/111
f 865/10/99 864/11/98 873/10/107
f 874/11/108 873/10/107 864/11/98
f 863/12/97 869/12/103 862/9/96
f 872/9/106 862/9/96 869/12/103
f 865/10/99 873/10/107 866/9/100
f 870/9/104 866/9/100 873/10/107
f 862/9/96 872/9/106 861/10/95
f 871/10/105 861/10/95 872/9/106
f 860/11/94 861/10/95 867/11/101
f 871/10/105 867/11/101 861/10/95
f 870/9/104 869/12/103 866/9/100
f 863/12/97 866/9/100 869/12/103
f 868/7/102 859/7/93 867/11/101
f 860/11/94 867/11/101 859/7/93
f 866/9/100 856/21/90 865/10/99
f 854/10/88 865/10/99 856/21/90
f 852/20/86 851/19/85 864/11/98
f 859/7/93 864/11/98 851/19/85
f 863/12/97 858/22/92 866/9/100
f 856/21/90 866/9/100 858/22/92
f 857/21/91 862/9/96 855/10/89
f 861/10/95 855/10/89 862/9/96
f 854/10/88 852/20/86 865/10/99
f 864/11/98 865/10/99 852/20/86
f 863/12/97 862/9/96 858/22/92
f 857/21/91 858/22/92 862/9/96
f 855/10/89 861/10/95 853/20/87
f 860/11/94 853/20/87 861/10/95
f 853/20/87 860/11/94 851/19/85
f 859/7/93 851/19/85 860/11/94
f 858/22/92 857/21/91 856/21/90
f 857/21/91 855/10/89 856/21/90
f 856/21/90 855/10/89 854/10/88
f 855/10/89 853/20/87 854/10/88
f 854/10/88 853/20/87 852/20/86
f 851/19/85 852/20/86 853/20/87
f 849/28/139 828/24/118 847/30/137
f 827/23/117 847/30/137 828/24/118
f 847/30/137 827/23/117 845/28/135
f 839/24/129 845/28/135 827/23/117
f 834/10/124 850/10/140 833/25/123
f 848/27/138 833/25/123 850/10/140
f 845/28/135 839/24/129 843/10/133
f 841/10/131 843/10/133 839/24/129
f 848/27/138 846/29/136 833/25/123
f 837/26/127 833/25/123 846/29/136
f 834/10/124 828/24/118 850/10/140
f 849/28/139 850/10/140 828/24/118
f 846/29/136 844/27/134 837/26/127
f 835/25/125 837/26/127 844/27/134
f 844/27/134 843/10/133 835/25/125
f 841/10/131 835/25/125 843/10/133
f 850/10/140 849/28/139 848/27/138
f 849/28/139 847/30/137 848/27/138
f 848/27/138 847/30/137 846/29/136
f 847/30/137 845/28/135 846/29/136
f 846/29/136 845/28/135 844/27/134
f 843/10/133 844/27/134 845/28/135
f 831/11/121 833/25/123 838/7/128
f 837/26/127 838/7/128 833/25/123
f 841/10/131 842/10/132 835/25/125
f 836/11/126 835/25/125 842/10/132
f 840/9/130 842/10/132 839/24/129
f 841/10/131 839/24/129 842/10/132
f 830/9/120 828/24/118 832/10/122
f 834/10/124 832/10/122 828/24/118
f 829/12/119 840/9/130 827/23/117
f 839/24/129 827/23/117 840/9/130
f 838/7/128 837/26/127 836/11/126
f 835/25/125 836/11/126 837/26/127
f 834/10/124 833/25/123 832/10/122
f 831/11/121 832/10/122 833/25/123
f 830/9/120 829/12/119 828/24/118
f 827/23/117 828/24/118 829/12/119
f 821/20/111 818/11/108 819/19/109
f 812/7/102 819/19/109 818/11/108
f 814/9/104 817/10/107 824/21/114
f 822/10/112 824/21/114 817/10/107
f 823/10/113 820/20/110 815/10/105
f 811/11/101 815/10/105 820/20/110
f 820/20/110 819/19/109 811/11/101
f 812/7/102 811/11/101 819/19/109
f 813/12/103 814/9/104 826/22/116
f 824/21/114 826/22/116 814/9/104
f 816/9/106 825/21/115 815/10/105
f 823/10/113 815/10/105 825/21/115
f 822/10/112 817/10/107 821/20/111
f 818/11/108 821/20/111 817/10/107
f 813/12/103 826/22/116 816/9/106
f 825/21/115 816/9/106 826/22/116
f 808/11/98 803/7/93 818/11/108
f 812/7/102 818/11/108 803/7/93
f 826/22/116 824/21/114 825/21/115
f 825/21/115 824/21/114 823/10/113
f 824/21/114 822/10/112 823/10/113
f 823/10/113 822/10/112 820/20/110
f 822/10/112 821/20/111 820/20/110
f 819/19/109 820/20/110 821/20/111
f 809/10/99 808/11/98 817/10/107
f 818/11/108 817/10/107 808/11/98
f 807/12/97 813/12/103 806/9/96
f 816/9/106 806/9/96 813/12/103
f 809/10/99 817/10/107 810/9/100
f 814/9/104 810/9/100 817/10/107
f 806/9/96 816/9/106 805/10/95
f 815/10/105 805/10/95 816/9/106
f 804/11/94 805/10/95 811/11/101
f 815/10/105 811/11/101 805/10/95
f 814/9/104 813/12/103 810/9/100
f 807/12/97 810/9/100 813/12/103
f 812/7/102 803/7/93 811/11/101
f 804/11/94 811/11/101 803/7/93
f 810/9/100 800/21/90 809/10/99
f 798/10/88 809/10/99 800/21/90
f 796/20/86 795/19/85 808/11/98
f 803/7/93 808/11/98 795/19/85
f 807/12/97 802/22/92 810/9/100
f 800/21/90 810/9/100 802/22/92
f 801/21/91 806/9/96 799/10/89
f 805/10/95 799/10/89 806/9/96
f 798/10/88 796/20/86 809/10/99
f 808/11/98 809/10/99 796/20/86
f 807/12/97 806/9/96 802/22/92
f 801/21/91 802/22/92 806/9/96
f 799/10/89 805/10/95 797/20/87
f 804/11/94 797/20/87 805/10/95
f 797/20/87 804/11/94 795/19/85
f 803/7/93 795/19/85 804/11/94
f 802/22/92 801/21/91 800/21/90
f 801/21/91 799/10/89 800/21/90
f 800/21/90 799/10/89 798/10/88
f 799/10/89 797/20/87 798/10/88
f 798/10/88 797/20/87 796/20/86
f 795/19/85 796/20/86 797/20/87
f 991/36/20 1001/36/20 989/36/20
f 989/36/20 1001/36/20 993/36/20
f 1001/36/20 1003/36/20 993/36/20
f 993/36/20 1003/36/20 1000/36/20
f 1003/36/20 998/36/20 1000/36/20
f 996/36/20 1000/36/20 998/36/20
f 992/18/13 990/18/13 1002/18/13
f 1002/18/13 990/18/13 1004/18/13
f 990/18/13 994/18/13 1004/18/13
f 1004/18/13 994/18/13 997/18/13
f 994/18/13 999/18/13 997/18/13
f 995/18/13 997/18/13 999/18/13
f 1004/18/16 997/18/38 1003/36/16
f 998/36/38 1003/36/16 997/18/38
f 999/18/37 994/18/14 1000/36/37
f 993/36/14 1000/36/37 994/18/14
f 1002/18/35 1004/18/16 1001/36/35
f 1003/36/16 1001/36/35 1004/18/16
f 1002/18/35 1001/36/35 992/18/17
f 991/36/17 992/18/17 1001/36/35
f 996/36/15 995/18/15 1000/36/37
f 999/18/37 1000/36/37 995/18/15
f 998/36/38 997/18/38 996/36/15
f 995/18/15 996/36/15 997/18/38
f 994/18/14 990/18/36 993/36/14
f 989/36/36 993/36/14 990/18/36
f 992/18/17 991/36/17 990/18/36
f 989/36/36 990/18/36 991/36/17
f 975/36/20 985/36/20 973/36/20
f 973/36/20 985/36/20 977/36/20
f 985/36/20 987/36/20 977/36/20
f 977/36/20 987/36/20 984/36/20
f 987/36/20 982/36/20 984/36/20
f 980/36/20 984/36/20 982/36/20
f 976/18/13 974/18/13 986/18/13
f 986/18/13 974/18/13 988/18/13
f 974/18/13 978/18/13 988/18/13
f 988/18/13 978/18/13 981/18/13
f 978/18/13 983/18/13 981/18/13
f 979/18/13 981/18/13 983/18/13
f 988/18/16 981/18/38 987/36/16
f 982/36/38 987/36/16 981/18/38
f 983/18/37 978/18/14 984/36/37
f 977/36/14 984/36/37 978/18/14
f 986/18/35 988/18/16 985/36/35
f 987/36/16 985/36/35 988/18/16
f 986/18/35 985/36/35 976/18/17
f 975/36/17 976/18/17 985/36/35
f 980/36/15 979/18/15 984/36/37
f 983/18/37 984/36/37 979/18/15
f 982/36/38 981/18/38 980/36/15
f 979/18/15 980/36/15 981/18/38
f 978/18/14 974/18/36 977/36/14
f 973/36/36 977/36/14 974/18/36
f 976/18/17 975/36/17 974/18/36
f 973/36/36 974/18/36 975/36/17
f 970/18/174 971/37/175 969/18/174
f 972/37/175 969/18/174 971/37/175
f 971/37/175 965/36/17 972/37/175
f 966/36/17 972/37/175 965/36/17
f 969/18/14 972/37/14 967/18/14
f 967/18/14 972/37/14 964/36/14
f 966/36/14 964/36/14 972/37/14
f 963/36/15 968/18/15 964/36/15
f 967/18/15 964/36/15 968/18/15
f 970/18/16 968/18/16 971/37/16
f 971/37/16 968/18/16 965/36/16
f 963/36/16 965/36/16 968/18/16
f 970/18/174 969/18/174 968/18/13
f 967/18/13 968/18/13 969/18/174
f 966/36/20 965/36/20 964/36/20
f 963/36/20 964/36/20 965/36/20
f 961/18/20 959/18/20 947/18/20
f 947/18/20 959/18/20 948/18/20
f 959/18/20 957/18/20 948/18/20
f 948/18/20 957/18/20 955/18/20
f 957/18/20 954/18/20 955/18/20
f 952/18/20 955/18/20 954/18/20
f 962/36/17 961/18/17 949/36/170
f 947/18/170 949/36/170 961/18/17
f 960/36/173 959/18/173 962/36/17
f 961/18/17 962/36/17 959/18/173
f 960/36/173 958/36/16 959/18/173
f 957/18/16 959/18/173 958/36/16
f 958/36/16 953/36/171 957/18/16
f 954/18/171 957/18/16 953/36/171
f 952/18/15 951/36/15 955/18/172
f 956/36/172 955/18/172 951/36/15
f 956/36/172 950/36/14 955/18/172
f 948/18/14 955/18/172 950/36/14
f 954/18/171 953/36/171 952/18/15
f 951/36/15 952/18/15 953/36/171
f 950/36/14 949/36/170 948/18/14
f 947/18/170 948/18/14 949/36/170
f 1045/36/15 1046/18/15 1048/36/37
f 1050/18/37 1048/36/37 1046/18/15
f 1047/36/20 1043/36/20 1048/36/20
f 1045/36/20 1048/36/20 1043/36/20
f 1044/18/13 1049/18/13 1046/18/13
f 1050/18/13 1046/18/13 1049/18/13
f 1044/18/17 1043/36/17 1049/18/36
f 1047/36/36 1049/18/36 1043/36/17
f 1050/18/37 1049/18/36 1048/36/37
f 1047/36/36 1048/36/37 1049/18/36
f 1046/18/16 1045/36/16 1044/18/16
f 1043/36/16 1044/18/16 1045/36/16
f 1039/12/14 1041/12/14 1036/7/14
f 1038/7/14 1036/7/14 1041/12/14
f 1042/12/25 1041/12/25 1040/12/23
f 1039/12/23 1040/12/23 1041/12/25
f 1042/12/25 1037/7/24 1041/12/25
f 1038/7/24 1041/12/25 1037/7/24
f 1035/7/26 1040/12/23 1036/7/26
f 1039/12/23 1036/7/26 1040/12/23
f 1038/7/24 1037/7/24 1036/7/26
f 1035/7/26 1036/7/26 1037/7/24
f 1013/8/13 72/8/13 1033/8/13
f 71/8/13 1033/8/13 72/8/13
f 1024/8/13 1033/8/13 71/8/13
f 1026/8/13 1024/8/13 71/8/13
f 1026/8/13 71/8/13 1028/8/13
f 71/8/13 83/8/13 1028/8/13
f 1028/8/13 83/8/13 1030/8/13
f 1019/8/13 1021/8/13 1032/8/13
f 1030/8/13 1032/8/13 1021/8/13
f 83/8/13 82/8/13 1030/8/13
f 82/8/13 79/8/13 1030/8/13
f 79/8/13 1032/8/13 1030/8/13
f 1032/8/13 79/8/13 1018/8/13
f 80/8/13 1018/8/13 79/8/13
f 1020/7/33 1019/8/33 1031/7/30
f 1032/8/30 1031/7/30 1019/8/33
f 1021/8/34 1022/7/34 1030/8/31
f 1029/7/31 1030/8/31 1022/7/34
f 1024/8/27 1023/7/27 1033/8/29
f 1034/7/29 1033/8/29 1023/7/27
f 1028/8/32 1027/7/32 1026/8/28
f 1025/7/28 1026/8/28 1027/7/32
f 1034/7/29 1010/7/14 1033/8/29
f 1013/8/14 1033/8/29 1010/7/14
f 1009/38/14 1013/8/14 1010/7/14
f 1014/39/14 1013/8/14 1009/38/14
f 1015/18/14 1016/18/14 1017/39/14
f 1016/18/14 1014/39/14 1017/39/14
f 1006/38/14 1014/39/14 1009/38/14
f 1014/39/14 1006/38/14 1017/39/14
f 1017/39/14 1006/38/14 1018/8/14
f 1006/38/14 1005/7/14 1018/8/14
f 1031/7/30 1018/8/14 1005/7/14
f 1018/8/14 1031/7/30 1032/8/30
f 1030/8/31 1029/7/31 1028/8/32
f 1027/7/32 1028/8/32 1029/7/31
f 1026/8/28 1025/7/28 1024/8/27
f 1023/7/27 1024/8/27 1025/7/28
f 1022/7/34 1021/8/34 1020/7/33
f 1019/8/33 1020/7/33 1021/8/34
f 75/18/178 74/39/176 1016/18/178
f 1014/39/176 1016/18/178 74/39/176
f 78/39/179 76/18/177 1017/39/179
f 1015/18/177 1017/39/179 76/18/177
f 80/8/15 78/39/179 1018/8/15
f 1017/39/179 1018/8/15 78/39/179
f 75/18/178 1016/18/178 76/18/177
f 1015/18/177 76/18/177 1016/18/178
f 74/39/176 72/8/17 1014/39/176
f 1013/8/17 1014/39/176 72/8/17
f 1009/38/20 1011/38/20 1006/38/20
f 1008/38/20 1006/38/20 1011/38/20
f 1012/7/15 1011/38/15 1010/7/15
f 1009/38/15 1010/7/15 1011/38/15
f 1008/38/17 1007/7/17 1006/38/17
f 1005/7/17 1006/38/17 1007/7/17
f 1084/36/19 1085/18/19 1087/36/35
f 1089/18/35 1087/36/35 1085/18/19
f 1086/36/20 1082/36/20 1087/36/20
f 1084/36/20 1087/36/20 1082/36/20
f 1083/18/13 1088/18/13 1085/18/13
f 1089/18/13 1085/18/13 1088/18/13
f 1083/18/180 1082/36/180 1088/18/38
f 1086/36/38 1088/18/38 1082/36/180
f 1089/18/35 1088/18/38 1087/36/35
f 1086/36/38 1087/36/35 1088/18/38
f 1085/18/189 1084/36/189 1083/18/189
f 1082/36/189 1083/18/189 1084/36/189
f 1078/12/18 1080/12/18 1075/7/18
f 1077/7/18 1075/7/18 1080/12/18
f 1081/12/188 1080/12/188 1079/12/187
f 1078/12/187 1079/12/187 1080/12/188
f 1081/12/188 1076/7/186 1080/12/188
f 1077/7/186 1080/12/188 1076/7/186
f 1074/7/185 1079/12/187 1075/7/185
f 1078/12/187 1075/7/185 1079/12/187
f 1077/7/186 1076/7/186 1075/7/185
f 1074/7/185 1075/7/185 1076/7/186
f 1055/8/32 1061/7/32 1056/8/28
f 1059/7/28 1056/8/28 1061/7/32
f 1061/7/32 1055/8/32 1063/7/18
f 1054/8/18 1063/7/18 1055/8/32
f 1071/38/18 1063/7/18 1054/8/18
f 1069/39/18 1071/38/18 1054/8/18
f 1067/18/18 1068/18/18 1069/39/18
f 1068/18/18 1052/39/18 1069/39/18
f 1052/39/18 1071/38/18 1069/39/18
f 1071/38/18 1052/39/18 1073/38/18
f 1052/39/18 1051/8/18 1073/38/18
f 1073/38/18 1051/8/18 1065/7/18
f 1051/8/18 1053/8/18 1065/7/18
f 1066/7/18 1065/7/18 1053/8/18
f 1058/7/19 1057/8/19 1059/7/28
f 1056/8/28 1059/7/28 1057/8/19
f 1064/7/19 1072/38/19 1065/7/19
f 1073/38/19 1065/7/19 1072/38/19
f 1070/38/180 1062/7/180 1071/38/180
f 1063/7/180 1071/38/180 1062/7/180
f 1073/38/20 1072/38/20 1071/38/20
f 1070/38/20 1071/38/20 1072/38/20
f 94/39/184 91/18/182 1069/39/184
f 1067/18/182 1069/39/184 91/18/182
f 90/18/183 88/39/181 1068/18/183
f 1052/39/181 1068/18/183 88/39/181
f 96/8/19 94/39/184 1054/8/19
f 1069/39/184 1054/8/19 94/39/184
f 1068/18/183 1067/18/182 90/18/183
f 91/18/182 90/18/183 1067/18/182
f 1066/7/20 1060/7/20 1065/7/20
f 1065/7/20 1060/7/20 1064/7/20
f 1064/7/20 1060/7/20 1062/7/20
f 1062/7/20 1061/7/20 1063/7/20
f 1062/7/20 1060/7/20 1061/7/20
f 1061/7/20 1060/7/20 1059/7/20
f 1058/7/20 1059/7/20 1060/7/20
f 1057/8/13 98/8/13 1056/8/13
f 95/8/13 1056/8/13 98/8/13
f 1056/8/13 95/8/13 1055/8/13
f 96/8/13 1055/8/13 95/8/13
f 1054/8/13 1055/8/13 96/8/13
f 1053/8/13 1051/8/13 85/8/13
f 86/8/13 85/8/13 1051/8/13
f 88/39/181 86/8/180 1052/39/181
f 1051/8/180 1052/39/181 86/8/180
f 1115/36/15 1116/18/15 1118/36/37
f 1120/18/37 1118/36/37 1116/18/15
f 1117/36/20 1113/36/20 1118/36/20
f 1115/36/20 1118/36/20 1113/36/20
f 1114/18/13 1119/18/13 1116/18/13
f 1120/18/13 1116/18/13 1119/18/13
f 1114/18/17 1113/36/17 1119/18/36
f 1117/36/36 1119/18/36 1113/36/17
f 1120/18/37 1119/18/36 1118/36/37
f 1117/36/36 1118/36/37 1119/18/36
f 1116/18/16 1115/36/16 1114/18/16
f 1113/36/16 1114/18/16 1115/36/16
f 1099/7/14 1108/8/14 1090/7/14
f 1109/8/14 1090/7/14 1108/8/14
f 1090/7/14 1109/8/14 1091/38/14
f 1110/39/14 1091/38/14 1109/8/14
f 1111/18/14 1112/18/14 1110/39/14
f 1112/18/14 1107/39/14 1110/39/14
f 1107/39/14 1091/38/14 1110/39/14
f 1091/38/14 1107/39/14 1094/38/14
f 1107/39/14 1103/8/14 1094/38/14
f 1094/38/14 1103/8/14 1095/7/14
f 1103/8/14 1104/8/29 1095/7/14
f 1101/7/29 1095/7/14 1104/8/29
f 105/18/178 104/39/176 1112/18/178
f 1107/39/176 1112/18/178 104/39/176
f 108/39/179 106/18/177 1110/39/179
f 1111/18/177 1110/39/179 106/18/177
f 105/18/178 1112/18/178 106/18/177
f 1111/18/177 106/18/177 1112/18/178
f 110/8/15 108/39/179 1109/8/15
f 1110/39/179 1109/8/15 108/39/179
f 1106/8/27 1102/7/27 1104/8/29
f 1101/7/29 1104/8/29 1102/7/27
f 1105/8/17 1100/7/17 1106/8/27
f 1102/7/27 1106/8/27 1100/7/17
f 110/8/13 1109/8/13 109/8/13
f 1108/8/13 109/8/13 1109/8/13
f 104/39/176 103/8/17 1107/39/176
f 1103/8/17 1107/39/176 103/8/17
f 1106/8/13 1104/8/13 1105/8/13
f 1105/8/13 1104/8/13 101/8/13
f 101/8/13 1104/8/13 99/8/13
f 99/8/13 1104/8/13 103/8/13
f 1103/8/13 103/8/13 1104/8/13
f 1102/7/20 1100/7/20 1101/7/20
f 1101/7/20 1100/7/20 1095/7/20
f 1095/7/20 1100/7/20 1097/7/20
f 1097/7/20 1100/7/20 1092/7/20
f 1092/7/20 1099/7/20 1090/7/20
f 1092/7/20 1100/7/20 1099/7/20
f 1098/7/20 1099/7/20 1100/7/20
f 1094/38/20 1096/38/20 1091/38/20
f 1093/38/20 1091/38/20 1096/38/20
f 1097/7/15 1096/38/15 1095/7/15
f 1094/38/15 1095/7/15 1096/38/15
f 1093/38/17 1092/7/17 1091/38/17
f 1090/7/17 1091/38/17 1092/7/17
f 1151/7/26 1150/7/24 1149/7/24
f 1150/7/24 1151/7/26 1152/7/26
f 1154/12/25 1150/7/24 1153/12/25
f 1150/7/24 1154/12/25 1149/7/24
f 1151/7/26 1155/12/23 1152/7/26
f 1155/12/23 1151/7/26 1156/12/23
f 1155/12/23 1154/12/25 1153/12/25
f 1154/12/25 1155/12/23 1156/12/23
f 1155/12/14 1150/7/14 1152/7/14
f 1150/7/14 1155/12/14 1153/12/14
f 1143/7/26 1142/7/24 1141/7/24
f 1142/7/24 1143/7/26 1144/7/26
f 1146/12/25 1142/7/24 1145/12/25
f 1142/7/24 1146/12/25 1141/7/24
f 1143/7/26 1147/12/23 1144/7/26
f 1147/12/23 1143/7/26 1148/12/23
f 1147/12/23 1146/12/25 1145/12/25
f 1146/12/25 1147/12/23 1148/12/23
f 1147/12/14 1142/7/14 1144/7/14
f 1142/7/14 1147/12/14 1145/12/14
f 111/8/13 1138/8/13 112/8/13
f 1129/8/13 112/8/13 1138/8/13
f 120/8/13 1132/8/13 119/8/13
f 1136/8/13 119/8/13 1132/8/13
f 1137/7/20 1140/7/20 1126/7/20
f 1126/7/20 1140/7/20 1128/7/20
f 1128/7/20 1140/7/20 1123/7/20
f 1123/7/20 1135/7/20 1121/7/20
f 1123/7/20 1140/7/20 1135/7/20
f 1139/7/20 1135/7/20 1140/7/20
f 1138/8/14 1137/7/14 1129/8/14
f 1137/7/14 1126/7/14 1129/8/14
f 1125/38/14 1129/8/14 1126/7/14
f 1130/39/14 1129/8/14 1125/38/14
f 1133/18/14 1134/18/14 1131/39/14
f 1134/18/14 1130/39/14 1131/39/14
f 1122/38/14 1130/39/14 1125/38/14
f 1130/39/14 1122/38/14 1131/39/14
f 1131/39/14 1122/38/14 1132/8/14
f 1122/38/14 1121/7/14 1132/8/14
f 1135/7/14 1132/8/14 1121/7/14
f 1132/8/14 1135/7/14 1136/8/14
f 118/39/179 116/18/177 1131/39/179
f 1133/18/177 1131/39/179 116/18/177
f 115/18/178 114/39/176 1134/18/178
f 1130/39/176 1134/18/178 114/39/176
f 115/18/178 1134/18/178 116/18/177
f 1133/18/177 116/18/177 1134/18/178
f 120/8/15 118/39/179 1132/8/15
f 1131/39/179 1132/8/15 118/39/179
f 114/39/176 112/8/17 1130/39/176
f 1129/8/17 1130/39/176 112/8/17
f 1125/38/20 1127/38/20 1122/38/20
f 1124/38/20 1122/38/20 1127/38/20
f 1128/7/15 1127/38/15 1126/7/15
f 1125/38/15 1126/7/15 1127/38/15
f 1124/38/17 1123/7/17 1122/38/17
f 1121/7/17 1122/38/17 1123/7/17
f 225/41/17 1157/40/17 226/41/35
f 1159/40/35 226/41/35 1157/40/17
f 223/41/36 1158/40/36 225/41/17
f 1157/40/17 225/41/17 1158/40/36
f 223/41/36 222/41/14 1158/40/36
f 1161/40/14 1158/40/36 222/41/14
f 222/41/14 224/41/37 1161/40/14
f 1162/40/37 1161/40/14 224/41/37
f 1162/40/37 224/41/37 1164/40/15
f 228/41/15 1164/40/15 224/41/37
f 1164/40/15 228/41/15 1163/40/38
f 229/41/38 1163/40/38 228/41/15
f 229/41/38 227/41/16 1163/40/38
f 1160/40/16 1163/40/38 227/41/16
f 227/41/16 226/41/35 1160/40/16
f 1159/40/35 1160/40/16 226/41/35
f 1164/40/13 1163/40/13 1162/40/13
f 1163/40/13 1160/40/13 1162/40/13
f 1162/40/13 1160/40/13 1161/40/13
f 1161/40/13 1160/40/13 1158/40/13
f 1160/40/13 1159/40/13 1158/40/13
f 1157/40/13 1158/40/13 1159/40/13
f 309/41/17 1165/40/17 310/41/35
f 1167/40/35 310/41/35 1165/40/17
f 307/41/36 1166/40/36 309/41/17
f 1165/40/17 309/41/17 1166/40/36
f 307/41/36 306/41/14 1166/40/36
f 1169/40/14 1166/40/36 306/41/14
f 306/41/14 308/41/37 1169/40/14
f 1170/40/37 1169/40/14 308/41/37
f 1170/40/37 308/41/37 1172/40/15
f 312/41/15 1172/40/15 308/41/37
f 1172/40/15 312/41/15 1171/40/38
f 313/41/38 1171/40/38 312/41/15
f 313/41/38 311/41/16 1171/40/38
f 1168/40/16 1171/40/38 311/41/16
f 311/41/16 310/41/35 1168/40/16
f 1167/40/35 1168/40/16 310/41/35
f 1172/40/13 1171/40/13 1170/40/13
f 1171/40/13 1168/40/13 1170/40/13
f 1170/40/13 1168/40/13 1169/40/13
f 1169/40/13 1168/40/13 1166/40/13
f 1168/40/13 1167/40/13 1166/40/13
f 1165/40/13 1166/40/13 1167/40/13
f 330/42/13 318/42/13 340/42/13
f 320/42/13 340/42/13 318/42/13
f 381/43/13 371/43/13 385/43/13
f 370/43/13 385/43/13 371/43/13
f 447/44/13 1174/44/13 449/44/13
f 1173/44/13 449/44/13 1174/44/13
f 461/44/13 459/44/13 1175/44/13
f 471/44/13 1175/44/13 459/44/13
f 479/44/13 1177/44/13 481/44/13
f 1176/44/13 481/44/13 1177/44/13
f 491/44/13 1179/44/13 493/44/13
f 1178/44/13 493/44/13 1179/44/13
f 505/44/13 503/44/13 1180/44/13
f 515/44/13 1180/44/13 503/44/13
f 525/44/13 523/44/13 1181/44/13
f 535/44/13 1181/44/13 523/44/13
f 545/44/13 543/44/13 1182/44/13
f 555/44/13 1182/44/13 543/44/13
f 565/44/13 563/44/13 1183/44/13
f 575/44/13 1183/44/13 563/44/13
f 583/44/13 1185/44/13 585/44/13
f 1184/44/13 585/44/13 1185/44/13
f 595/44/13 1178/44/13 597/44/13
f 1179/44/13 597/44/13 1178/44/13
f 1193/42/16 1192/42/16 1191/41/16
f 1190/41/16 1191/41/16 1192/42/16
f 1193/42/17 1191/41/17 1188/42/17
f 1186/41/17 1188/42/17 1191/41/17
f 1190/41/15 1192/42/15 1187/41/15
f 1189/42/15 1187/41/15 1192/42/15
f 1186/41/20 1191/41/20 1187/41/20
f 1190/41/20 1187/41/20 1191/41/20
f 1189/42/14 1188/42/14 1187/41/14
f 1186/41/14 1187/41/14 1188/42/14
f 1201/42/16 1200/42/16 1199/41/16
f 1198/41/16 1199/41/16 1200/42/16
f 1201/42/17 1199/41/17 1196/42/17
f 1194/41/17 1196/42/17 1199/41/17
f 1198/41/15 1200/42/15 1195/41/15
f 1197/42/15 1195/41/15 1200/42/15
f 1194/41/20 1199/41/20 1195/41/20
f 1198/41/20 1195/41/20 1199/41/20
f 1197/42/14 1196/42/14 1195/41/14
f 1194/41/14 1195/41/14 1196/42/14
f 1008/45/14 1011/45/14 1007/42/14
f 1012/42/14 1007/42/14 1011/45/14
f 1070/45/18 1072/45/18 1062/42/18
f 1064/42/18 1062/42/18 1072/45/18
f 1205/42/14 1204/42/14 1203/41/14
f 1202/41/14 1203/41/14 1204/42/14
f 1214/46/14 1222/48/14 1216/46/14
f 1216/46/14 1222/48/14 1219/46/14
f 1216/46/14 1219/46/14 1212/47/14
f 1222/48/14 1214/46/14 1225/48/14
f 1214/46/14 1210/47/14 1225/48/14
f 1219/46/14 1218/47/14 1212/47/14
f 1210/47/14 1212/47/14 1218/47/14
f 1224/42/14 1225/48/14 1210/47/14
f 1210/47/14 1218/47/14 1224/42/14
f 1218/47/14 1207/47/14 1224/42/14
f 1224/42/14 1207/47/14 1223/42/14
f 1222/48/14 1223/42/14 1207/47/14
f 1219/46/14 1222/48/14 1206/46/14
f 1206/46/14 1222/48/14 1207/47/14
f 1216/46/26 1217/46/26 1214/46/24
f 1215/46/24 1214/46/24 1217/46/26
f 1206/46/26 1208/46/26 1219/46/24
f 1221/46/24 1219/46/24 1208/46/26
f 1209/47/23 1207/47/23 1220/47/25
f 1218/47/25 1220/47/25 1207/47/23
f 1219/46/23 1220/47/26 1221/46/23
f 1220/47/26 1219/46/23 1218/47/26
f 1221/46/24 1220/47/25 1219/46/24
f 1218/47/25 1219/46/24 1220/47/25
f 1213/47/23 1217/46/26 1212/47/23
f 1216/46/26 1212/47/23 1217/46/26
f 1215/46/24 1211/47/17 1214/46/24
f 1210/47/17 1214/46/24 1211/47/17
f 1213/47/23 1212/47/23 1211/47/13
f 1210/47/13 1211/47/13 1212/47/23
f 1209/47/23 1208/46/26 1207/47/23
f 1206/46/26 1207/47/23 1208/46/26
f 1232/52/196 1255/56/220 1230/51/194
f 1254/57/219 1230/51/194 1255/56/220
f 1257/50/221 1243/54/207 1229/50/193
f 1228/49/192 1229/50/193 1243/54/207
f 1256/56/218 1257/50/221 1235/52/199
f 1229/50/193 1235/52/199 1257/50/221
f 1255/56/220 1232/52/196 1242/50/206
f 1239/50/203 1242/50/206 1232/52/196
f 1241/54/205 1240/49/204 1244/55/208
f 1237/53/201 1244/55/208 1240/49/204
f 1254/57/219 1256/56/218 1230/51/194
f 1235/52/199 1230/51/194 1256/56/218
f 1246/55/2 1250/54/2 1245/54/2
f 1245/54/2 1250/54/2 1247/50/2
f 1250/54/2 1252/50/2 1247/50/2
f 1247/50/2 1252/50/2 1248/56/2
f 1252/50/2 1253/56/2 1248/56/2
f 1249/57/2 1248/56/2 1253/56/2
f 1251/49/215 1250/54/214 1236/53/200
f 1246/55/210 1236/53/200 1250/54/214
f 1234/52/198 1227/50/191 1248/56/212
f 1247/50/211 1248/56/212 1227/50/191
f 1253/56/217 1233/52/197 1249/57/213
f 1231/51/195 1249/57/213 1233/52/197
f 1244/55/73 1243/54/73 1241/54/73
f 1241/54/73 1243/54/73 1242/50/73
f 1243/54/73 1257/50/73 1242/50/73
f 1242/50/73 1257/50/73 1255/56/73
f 1257/50/73 1256/56/73 1255/56/73
f 1254/57/73 1255/56/73 1256/56/73
f 1239/50/203 1238/50/202 1240/49/204
f 1251/49/215 1240/49/204 1238/50/202
f 1240/49/204 1251/49/215 1237/53/201
f 1236/53/200 1237/53/201 1251/49/215
f 1233/52/197 1253/56/217 1238/50/202
f 1252/50/216 1238/50/202 1253/56/217
f 1238/50/202 1252/50/216 1251/49/215
f 1250/54/214 1251/49/215 1252/50/216
f 1249/57/213 1231/51/195 1248/56/212
f 1234/52/198 1248/56/212 1231/51/195
f 1227/50/191 1226/49/190 1247/50/211
f 1245/54/209 1247/50/211 1226/49/190
f 1246/55/210 1245/54/209 1236/53/200
f 1226/49/190 1236/53/200 1245/54/209
f 1244/55/208 1237/53/201 1243/54/207
f 1228/49/192 1243/54/207 1237/53/201
f 1242/50/206 1239/50/203 1241/54/205
f 1240/49/204 1241/54/205 1239/50/203
f 1231/51/195 1230/51/194 1234/52/198
f 1235/52/199 1234/52/198 1230/51/194
f 1232/52/196 1233/52/197 1239/50/203
f 1238/50/202 1239/50/203 1233/52/197
f 1237/53/201 1236/53/200 1228/49/192
f 1226/49/190 1228/49/192 1236/53/200
f 1235/52/199 1229/50/193 1234/52/198
f 1227/50/191 1234/52/198 1229/50/193
f 1233/52/197 1232/52/196 1231/51/195
f 1230/51/194 1231/51/195 1232/52/196
f 1229/50/193 1228/49/192 1227/50/191
f 1226/49/190 1227/50/191 1228/49/192
f 1264/52/196 1287/56/220 1262/51/194
f 1286/57/219 1262/51/194 1287/56/220
f 1289/50/221 1275/54/207 1261/50/193
f 1260/49/192 1261/50/193 1275/54/207
f 1288/56/218 1289/50/221 1267/52/199
f 1261/50/193 1267/52/199 1289/50/221
f 1287/56/220 1264/52/196 1274/50/206
f 1271/50/203 1274/50/206 1264/52/196
f 1273/54/205 1272/49/204 1276/55/208
f 1269/53/201 1276/55/208 1272/49/204
f 1286/57/219 1288/56/218 1262/51/194
f 1267/52/199 1262/51/194 1288/56/218
f 1278/55/2 1282/54/2 1277/54/2
f 1277/54/2 1282/54/2 1279/50/2
f 1282/54/2 1284/50/2 1279/50/2
f 1279/50/2 1284/50/2 1280/56/2
f 1284/50/2 1285/56/2 1280/56/2
f 1281/57/2 1280/56/2 1285/56/2
f 1283/49/215 1282/54/214 1268/53/200
f 1278/55/210 1268/53/200 1282/54/214
f 1266/52/198 1259/50/191 1280/56/212
f 1279/50/211 1280/56/212 1259/50/191
f 1285/56/217 1265/52/197 1281/57/213
f 1263/51/195 1281/57/213 1265/52/197
f 1276/55/73 1275/54/73 1273/54/73
f 1273/54/73 1275/54/73 1274/50/73
f 1275/54/73 1289/50/73 1274/50/73
f 1274/50/73 1289/50/73 1287/56/73
f 1289/50/73 1288/56/73 1287/56/73
f 1286/57/73 1287/56/73 1288/56/73
f 1271/50/203 1270/50/202 1272/49/204
f 1283/49/215 1272/49/204 1270/50/202
f 1272/49/204 1283/49/215 1269/53/201
f 1268/53/200 1269/53/201 1283/49/215
f 1265/52/197 1285/56/217 1270/50/202
f 1284/50/216 1270/50/202 1285/56/217
f 1270/50/202 1284/50/216 1283/49/215
f 1282/54/214 1283/49/215 1284/50/216
f 1281/57/213 1263/51/195 1280/56/212
f 1266/52/198 1280/56/212 1263/51/195
f 1259/50/191 1258/49/190 1279/50/211
f 1277/54/209 1279/50/211 1258/49/190
f 1278/55/210 1277/54/209 1268/53/200
f 1258/49/190 1268/53/200 1277/54/209
f 1276/55/208 1269/53/201 1275/54/207
f 1260/49/192 1275/54/207 1269/53/201
f 1274/50/206 1271/50/203 1273/54/205
f 1272/49/204 1273/54/205 1271/50/203
f 1263/51/195 1262/51/194 1266/52/198
f 1267/52/199 1266/52/198 1262/51/194
f 1264/52/196 1265/52/197 1271/50/203
f 1270/50/202 1271/50/203 1265/52/197
f 1269/53/201 1268/53/200 1260/49/192
f 1258/49/190 1260/49/192 1268/53/200
f 1267/52/199 1261/50/193 1266/52/198
f 1259/50/191 1266/52/198 1261/50/193
f 1265/52/197 1264/52/196 1263/51/195
f 1262/51/194 1263/51/195 1264/52/196
f 1261/50/193 1260/49/192 1259/50/191
f 1258/49/190 1259/50/191 1260/49/192

usemtl colormap-specular

f 1217/59/14 1213/58/14 1215/59/14
f 1211/58/14 1215/59/14 1213/58/14
f 1208/59/14 1209/58/14 1221/59/14
f 1220/58/14 1221/59/14 1209/58/14

g building-c




usemtl colormap

f 4/2/1 3/2/1 2/1/1
f 1/1/1 2/1/1 3/2/1
f 7/2/2 6/1/2 5/1/2
f 6/1/2 7/2/2 8/2/2
f 9/1/3 7/2/3 5/1/3
f 7/2/3 9/1/3 10/2/3
f 14/2/2 13/2/2 12/1/2
f 11/1/2 12/1/2 13/2/2
f 30/3/11 29/4/11 27/3/10
f 30/3/11 26/3/9 29/4/11
f 28/4/10 27/3/10 29/4/11
f 25/4/9 29/4/11 26/3/9
f 28/4/10 22/4/7 27/3/10
f 21/3/7 27/3/10 22/4/7
f 26/3/9 23/3/8 25/4/9
f 24/4/8 25/4/9 23/3/8
f 24/4/8 23/3/8 19/4/5
f 17/3/5 19/4/5 23/3/8
f 22/4/7 20/4/6 21/3/7
f 18/3/6 21/3/7 20/4/6
f 20/4/6 16/4/4 18/3/6
f 19/4/5 17/3/5 16/4/4
f 15/3/4 18/3/6 16/4/4
f 15/3/4 16/4/4 17/3/5
f 34/2/12 33/2/12 32/1/12
f 31/1/12 32/1/12 33/2/12
f 38/2/12 37/2/12 36/1/12
f 35/1/12 36/1/12 37/2/12
f 54/3/11 53/4/11 51/3/10
f 54/3/11 50/3/9 53/4/11
f 52/4/10 51/3/10 53/4/11
f 49/4/9 53/4/11 50/3/9
f 52/4/10 46/4/7 51/3/10
f 45/3/7 51/3/10 46/4/7
f 50/3/9 47/3/8 49/4/9
f 48/4/8 49/4/9 47/3/8
f 48/4/8 47/3/8 43/4/5
f 41/3/5 43/4/5 47/3/8
f 46/4/7 44/4/6 45/3/7
f 42/3/6 45/3/7 44/4/6
f 44/4/6 40/4/4 42/3/6
f 43/4/5 41/3/5 40/4/4
f 39/3/4 42/3/6 40/4/4
f 39/3/4 40/4/4 41/3/5
f 57/2/13 56/2/13 55/2/13
f 56/2/13 57/2/13 58/2/13
f 61/2/14 60/1/14 59/1/14
f 60/1/14 61/2/14 62/2/14
f 63/1/15 61/2/15 59/1/15
f 61/2/15 63/1/15 64/2/15
f 67/2/2 66/1/2 65/1/2
f 66/1/2 67/2/2 68/2/2
f 69/1/3 67/2/3 65/1/3
f 67/2/3 69/1/3 70/2/3
f 84/2/17 83/1/17 73/2/17
f 71/1/17 73/2/17 83/1/17
f 84/2/16 81/2/16 83/1/16
f 82/1/16 83/1/16 81/2/16
f 82/1/15 81/2/15 79/1/15
f 77/2/15 79/1/15 81/2/15
f 80/1/14 79/1/14 78/5/14
f 77/2/14 78/5/14 79/1/14
f 76/6/14 78/5/14 77/2/14
f 73/2/14 76/6/14 77/2/14
f 76/6/14 73/2/14 75/6/14
f 75/6/14 73/2/14 74/5/14
f 74/5/14 73/2/14 72/1/14
f 71/1/14 72/1/14 73/2/14
f 98/1/19 97/2/19 95/1/19
f 93/2/19 95/1/19 97/2/19
f 96/1/18 95/1/18 94/5/18
f 93/2/18 94/5/18 95/1/18
f 92/6/18 94/5/18 93/2/18
f 91/6/18 94/5/18 92/6/18
f 87/2/18 92/6/18 93/2/18
f 92/6/18 87/2/18 91/6/18
f 91/6/18 87/2/18 90/6/18
f 90/6/18 87/2/18 89/6/18
f 89/6/18 88/5/18 90/6/18
f 89/6/18 87/2/18 88/5/18
f 88/5/18 87/2/18 86/1/18
f 85/1/18 86/1/18 87/2/18
f 110/1/14 109/1/14 108/5/14
f 107/2/14 108/5/14 109/1/14
f 106/6/14 108/5/14 107/2/14
f 100/2/14 106/6/14 107/2/14
f 106/6/14 100/2/14 105/6/14
f 105/6/14 100/2/14 104/5/14
f 104/5/14 100/2/14 103/1/14
f 99/1/14 103/1/14 100/2/14
f 102/2/17 101/1/17 100/2/17
f 99/1/17 100/2/17 101/1/17
f 120/1/14 119/1/14 118/5/14
f 117/2/14 118/5/14 119/1/14
f 116/6/14 118/5/14 117/2/14
f 113/2/14 116/6/14 117/2/14
f 116/6/14 113/2/14 115/6/14
f 115/6/14 113/2/14 114/5/14
f 114/5/14 113/2/14 112/1/14
f 111/1/14 112/1/14 113/2/14
f 1/8/13 125/8/13 2/8/13
f 126/8/13 2/8/13 125/8/13
f 126/8/1 125/8/1 121/7/1
f 122/7/1 121/7/1 125/8/1
f 124/7/20 123/7/20 122/7/20
f 121/7/20 122/7/20 123/7/20
f 129/8/21 128/7/2 127/7/21
f 128/7/2 129/8/21 130/8/2
f 133/7/3 132/8/22 131/7/22
f 132/8/22 133/7/3 134/8/3
f 132/8/22 127/7/21 131/7/22
f 127/7/21 132/8/22 129/8/21
f 133/7/20 128/7/20 135/7/20
f 128/7/20 133/7/20 127/7/20
f 127/7/20 133/7/20 131/7/20
f 129/8/13 6/8/13 130/8/13
f 6/8/13 129/8/13 5/8/13
f 5/8/13 129/8/13 132/8/13
f 5/8/13 132/8/13 9/8/13
f 9/8/13 132/8/13 134/8/13
f 11/8/13 140/8/13 12/8/13
f 141/8/13 12/8/13 140/8/13
f 141/8/2 140/8/2 136/7/2
f 137/7/2 136/7/2 140/8/2
f 139/7/20 138/7/20 137/7/20
f 136/7/20 137/7/20 138/7/20
f 151/12/13 150/12/13 144/9/23
f 142/9/23 144/9/23 150/12/13
f 157/7/20 156/7/20 154/11/26
f 155/11/26 154/11/26 156/7/20
f 147/10/17 146/10/17 153/9/25
f 152/9/25 153/9/25 146/10/17
f 148/11/24 149/11/24 157/7/20
f 156/7/20 157/7/20 149/11/24
f 155/11/26 145/10/15 154/11/26
f 143/10/15 154/11/26 145/10/15
f 153/9/25 152/9/25 151/12/13
f 150/12/13 151/12/13 152/9/25
f 149/11/24 148/11/24 147/10/17
f 146/10/17 147/10/17 148/11/24
f 145/10/15 144/9/23 143/10/15
f 142/9/23 143/10/15 144/9/23
f 161/12/13 159/12/13 169/12/13
f 159/12/13 164/12/13 169/12/13
f 169/12/13 164/12/13 168/12/13
f 164/12/13 165/12/13 168/12/13
f 168/12/13 165/12/13 172/12/13
f 170/12/13 172/12/13 165/12/13
f 171/7/33 170/12/33 163/7/30
f 165/12/30 163/7/30 170/12/33
f 166/7/31 168/12/31 173/7/34
f 172/12/34 173/7/34 168/12/31
f 169/12/32 167/7/32 161/12/28
f 160/7/28 161/12/28 167/7/32
f 159/12/27 158/7/27 164/12/29
f 162/7/29 164/12/29 158/7/27
f 173/7/34 172/12/34 171/7/33
f 170/12/33 171/7/33 172/12/34
f 169/12/32 168/12/31 167/7/32
f 166/7/31 167/7/32 168/12/31
f 165/12/30 164/12/29 163/7/30
f 162/7/29 163/7/30 164/12/29
f 161/12/28 160/7/28 159/12/27
f 158/7/27 159/12/27 160/7/28
f 175/7/20 174/7/20 188/11/26
f 184/11/26 188/11/26 174/7/20
f 185/10/15 186/9/23 189/10/15
f 187/9/23 189/10/15 186/9/23
f 184/11/26 185/10/15 188/11/26
f 189/10/15 188/11/26 185/10/15
f 178/12/14 180/9/14 187/9/14
f 187/9/14 180/9/14 189/10/14
f 180/9/14 182/10/14 189/10/14
f 189/10/14 182/10/14 188/11/14
f 182/10/14 177/11/14 188/11/14
f 175/7/14 188/11/14 177/11/14
f 179/12/13 178/12/13 186/9/23
f 187/9/23 186/9/23 178/12/13
f 179/12/16 186/9/16 181/9/16
f 181/9/16 186/9/16 183/10/16
f 186/9/16 185/10/16 183/10/16
f 183/10/16 185/10/16 176/11/16
f 185/10/16 184/11/16 176/11/16
f 174/7/16 176/11/16 184/11/16
f 176/11/24 177/11/24 183/10/17
f 182/10/17 183/10/17 177/11/24
f 183/10/17 182/10/17 181/9/25
f 180/9/25 181/9/25 182/10/17
f 181/9/25 180/9/25 179/12/13
f 178/12/13 179/12/13 180/9/25
f 177/11/24 176/11/24 175/7/20
f 174/7/20 175/7/20 176/11/24
f 17/13/13 195/13/13 15/13/13
f 15/13/13 195/13/13 18/13/13
f 191/13/13 195/13/13 17/13/13
f 195/13/13 197/13/13 18/13/13
f 191/13/13 17/13/13 193/13/13
f 17/13/13 23/13/13 193/13/13
f 18/13/13 197/13/13 21/13/13
f 197/13/13 199/13/13 21/13/13
f 21/13/13 199/13/13 27/13/13
f 200/13/13 27/13/13 199/13/13
f 200/13/13 202/13/13 27/13/13
f 30/13/13 27/13/13 202/13/13
f 193/13/13 23/13/13 205/13/13
f 205/13/13 30/13/13 202/13/13
f 23/13/13 26/13/13 205/13/13
f 26/13/13 30/13/13 205/13/13
f 228/12/13 213/12/13 229/12/13
f 229/12/13 213/12/13 227/12/13
f 215/12/13 213/12/13 228/12/13
f 213/12/13 211/12/13 227/12/13
f 215/12/13 228/12/13 217/12/13
f 228/12/13 224/12/13 217/12/13
f 227/12/13 211/12/13 226/12/13
f 211/12/13 206/12/13 226/12/13
f 226/12/13 206/12/13 225/12/13
f 208/12/13 225/12/13 206/12/13
f 208/12/13 221/12/13 225/12/13
f 223/12/13 225/12/13 221/12/13
f 217/12/13 224/12/13 219/12/13
f 219/12/13 223/12/13 221/12/13
f 224/12/13 222/12/13 219/12/13
f 222/12/13 223/12/13 219/12/13
f 19/14/20 216/14/20 24/14/20
f 24/14/20 216/14/20 25/14/20
f 214/14/20 216/14/20 19/14/20
f 216/14/20 218/14/20 25/14/20
f 214/14/20 19/14/20 212/14/20
f 19/14/20 16/14/20 212/14/20
f 25/14/20 218/14/20 29/14/20
f 218/14/20 220/14/20 29/14/20
f 29/14/20 220/14/20 28/14/20
f 209/14/20 28/14/20 220/14/20
f 209/14/20 207/14/20 28/14/20
f 22/14/20 28/14/20 207/14/20
f 212/14/20 16/14/20 210/14/20
f 210/14/20 22/14/20 207/14/20
f 16/14/20 20/14/20 210/14/20
f 20/14/20 22/14/20 210/14/20
f 220/14/38 221/12/38 209/14/15
f 208/12/15 209/14/15 221/12/38
f 219/12/16 221/12/38 218/14/16
f 220/14/38 218/14/16 221/12/38
f 217/12/35 219/12/16 216/14/35
f 218/14/16 216/14/35 219/12/16
f 217/12/35 216/14/35 215/12/17
f 214/14/17 215/12/17 216/14/35
f 215/12/17 214/14/17 213/12/36
f 212/14/36 213/12/36 214/14/17
f 211/12/14 213/12/36 210/14/14
f 212/14/36 210/14/14 213/12/36
f 206/12/37 211/12/14 207/14/37
f 210/14/14 207/14/37 211/12/14
f 209/14/15 208/12/15 207/14/37
f 206/12/37 207/14/37 208/12/15
f 193/13/35 205/13/16 192/7/35
f 204/7/16 192/7/35 205/13/16
f 205/13/16 202/13/38 204/7/16
f 203/7/38 204/7/16 202/13/38
f 203/7/38 202/13/38 201/7/15
f 200/13/15 201/7/15 202/13/38
f 201/7/15 200/13/15 198/7/37
f 199/13/37 198/7/37 200/13/15
f 199/13/37 197/13/14 198/7/37
f 196/7/14 198/7/37 197/13/14
f 197/13/14 195/13/36 196/7/14
f 194/7/36 196/7/14 195/13/36
f 191/13/17 190/7/17 195/13/36
f 194/7/36 195/13/36 190/7/17
f 193/13/35 192/7/35 191/13/17
f 190/7/17 191/13/17 192/7/35
f 232/10/15 235/9/23 230/10/15
f 234/9/23 230/10/15 235/9/23
f 245/9/25 244/9/25 237/12/13
f 236/12/13 237/12/13 244/9/25
f 243/10/17 242/10/17 245/9/25
f 244/9/25 245/9/25 242/10/17
f 240/11/24 241/11/24 243/10/17
f 242/10/17 243/10/17 241/11/24
f 239/7/20 238/7/20 231/11/26
f 233/11/26 231/11/26 238/7/20
f 241/11/24 240/11/24 239/7/20
f 238/7/20 239/7/20 240/11/24
f 237/12/13 236/12/13 235/9/23
f 234/9/23 235/9/23 236/12/13
f 233/11/26 232/10/15 231/11/26
f 230/10/15 231/11/26 232/10/15
f 249/12/13 247/12/13 257/12/13
f 247/12/13 252/12/13 257/12/13
f 257/12/13 252/12/13 256/12/13
f 252/12/13 253/12/13 256/12/13
f 256/12/13 253/12/13 260/12/13
f 258/12/13 260/12/13 253/12/13
f 259/7/33 258/12/33 251/7/30
f 253/12/30 251/7/30 258/12/33
f 254/7/31 256/12/31 261/7/34
f 260/12/34 261/7/34 256/12/31
f 257/12/32 255/7/32 249/12/28
f 248/7/28 249/12/28 255/7/32
f 247/12/27 246/7/27 252/12/29
f 250/7/29 252/12/29 246/7/27
f 261/7/34 260/12/34 259/7/33
f 258/12/33 259/7/33 260/12/34
f 257/12/32 256/12/31 255/7/32
f 254/7/31 255/7/32 256/12/31
f 253/12/30 252/12/29 251/7/30
f 250/7/29 251/7/30 252/12/29
f 249/12/28 248/7/28 247/12/27
f 246/7/27 247/12/27 248/7/28
f 31/8/13 266/8/13 32/8/13
f 267/8/13 32/8/13 266/8/13
f 267/8/12 266/8/12 262/7/12
f 263/7/12 262/7/12 266/8/12
f 265/7/20 264/7/20 263/7/20
f 262/7/20 263/7/20 264/7/20
f 35/8/13 272/8/13 36/8/13
f 273/8/13 36/8/13 272/8/13
f 273/8/12 272/8/12 268/7/12
f 269/7/12 268/7/12 272/8/12
f 271/7/20 270/7/20 269/7/20
f 268/7/20 269/7/20 270/7/20
f 41/13/13 279/13/13 39/13/13
f 39/13/13 279/13/13 42/13/13
f 275/13/13 279/13/13 41/13/13
f 279/13/13 281/13/13 42/13/13
f 275/13/13 41/13/13 277/13/13
f 41/13/13 47/13/13 277/13/13
f 42/13/13 281/13/13 45/13/13
f 281/13/13 283/13/13 45/13/13
f 45/13/13 283/13/13 51/13/13
f 284/13/13 51/13/13 283/13/13
f 284/13/13 286/13/13 51/13/13
f 54/13/13 51/13/13 286/13/13
f 277/13/13 47/13/13 289/13/13
f 289/13/13 54/13/13 286/13/13
f 47/13/13 50/13/13 289/13/13
f 50/13/13 54/13/13 289/13/13
f 312/12/13 297/12/13 313/12/13
f 313/12/13 297/12/13 311/12/13
f 299/12/13 297/12/13 312/12/13
f 297/12/13 295/12/13 311/12/13
f 299/12/13 312/12/13 301/12/13
f 312/12/13 308/12/13 301/12/13
f 311/12/13 295/12/13 310/12/13
f 295/12/13 290/12/13 310/12/13
f 310/12/13 290/12/13 309/12/13
f 292/12/13 309/12/13 290/12/13
f 292/12/13 305/12/13 309/12/13
f 307/12/13 309/12/13 305/12/13
f 301/12/13 308/12/13 303/12/13
f 303/12/13 307/12/13 305/12/13
f 308/12/13 306/12/13 303/12/13
f 306/12/13 307/12/13 303/12/13
f 43/14/20 300/14/20 48/14/20
f 48/14/20 300/14/20 49/14/20
f 298/14/20 300/14/20 43/14/20
f 300/14/20 302/14/20 49/14/20
f 298/14/20 43/14/20 296/14/20
f 43/14/20 40/14/20 296/14/20
f 49/14/20 302/14/20 53/14/20
f 302/14/20 304/14/20 53/14/20
f 53/14/20 304/14/20 52/14/20
f 293/14/20 52/14/20 304/14/20
f 293/14/20 291/14/20 52/14/20
f 46/14/20 52/14/20 291/14/20
f 296/14/20 40/14/20 294/14/20
f 294/14/20 46/14/20 291/14/20
f 40/14/20 44/14/20 294/14/20
f 44/14/20 46/14/20 294/14/20
f 304/14/38 305/12/38 293/14/15
f 292/12/15 293/14/15 305/12/38
f 303/12/16 305/12/38 302/14/16
f 304/14/38 302/14/16 305/12/38
f 301/12/35 303/12/16 300/14/35
f 302/14/16 300/14/35 303/12/16
f 301/12/35 300/14/35 299/12/17
f 298/14/17 299/12/17 300/14/35
f 299/12/17 298/14/17 297/12/36
f 296/14/36 297/12/36 298/14/17
f 295/12/14 297/12/36 294/14/14
f 296/14/36 294/14/14 297/12/36
f 290/12/37 295/12/14 291/14/37
f 294/14/14 291/14/37 295/12/14
f 293/14/15 292/12/15 291/14/37
f 290/12/37 291/14/37 292/12/15
f 277/13/35 289/13/16 276/7/35
f 288/7/16 276/7/35 289/13/16
f 289/13/16 286/13/38 288/7/16
f 287/7/38 288/7/16 286/13/38
f 287/7/38 286/13/38 285/7/15
f 284/13/15 285/7/15 286/13/38
f 285/7/15 284/13/15 282/7/37
f 283/13/37 282/7/37 284/13/15
f 283/13/37 281/13/14 282/7/37
f 280/7/14 282/7/37 281/13/14
f 281/13/14 279/13/36 280/7/14
f 278/7/36 280/7/14 279/13/36
f 275/13/17 274/7/17 279/13/36
f 278/7/36 279/13/36 274/7/17
f 277/13/35 276/7/35 275/13/17
f 274/7/17 275/13/17 276/7/35
f 320/7/20 333/7/20 318/7/20
f 332/7/20 318/7/20 333/7/20
f 330/7/20 318/7/20 332/7/20
f 333/7/20 320/7/20 342/7/20
f 343/7/20 330/7/20 332/7/20
f 343/7/20 342/7/20 320/7/20
f 330/7/20 343/7/20 340/7/20
f 340/7/20 343/7/20 320/7/20
f 342/7/15 344/15/15 333/7/15
f 335/15/15 333/7/15 344/15/15
f 338/12/41 324/12/40 336/15/41
f 325/15/40 336/15/41 324/12/40
f 345/15/17 343/7/17 334/15/17
f 332/7/17 334/15/17 343/7/17
f 323/15/20 315/15/20 325/15/20
f 314/15/20 325/15/20 315/15/20
f 335/15/20 325/15/20 314/15/20
f 344/15/20 325/15/20 335/15/20
f 334/15/20 335/15/20 314/15/20
f 325/15/20 344/15/20 336/15/20
f 345/15/20 336/15/20 344/15/20
f 337/15/20 336/15/20 345/15/20
f 334/15/20 337/15/20 345/15/20
f 327/15/20 334/15/20 314/15/20
f 327/15/20 337/15/20 334/15/20
f 326/15/20 337/15/20 327/15/20
f 321/12/14 341/12/14 320/7/14
f 340/7/14 320/7/14 341/12/14
f 322/12/13 324/12/13 317/12/13
f 316/12/13 317/12/13 324/12/13
f 321/12/13 316/12/13 324/12/13
f 338/12/13 321/12/13 324/12/13
f 321/12/13 319/12/13 316/12/13
f 329/12/13 316/12/13 319/12/13
f 341/12/13 321/12/13 338/12/13
f 331/12/13 329/12/13 319/12/13
f 341/12/13 329/12/13 331/12/13
f 338/12/13 329/12/13 341/12/13
f 339/12/13 329/12/13 338/12/13
f 328/12/13 329/12/13 339/12/13
f 339/12/42 337/15/42 328/12/27
f 326/15/27 328/12/27 337/15/42
f 345/15/16 344/15/16 343/7/16
f 342/7/16 343/7/16 344/15/16
f 341/12/15 331/12/15 340/7/15
f 330/7/15 340/7/15 331/12/15
f 339/12/42 338/12/41 337/15/42
f 336/15/41 337/15/42 338/12/41
f 335/15/14 334/15/14 333/7/14
f 332/7/14 333/7/14 334/15/14
f 331/12/16 319/12/16 330/7/16
f 318/7/16 330/7/16 319/12/16
f 316/12/30 329/12/29 314/15/30
f 327/15/29 314/15/30 329/12/29
f 329/12/29 328/12/27 327/15/29
f 326/15/27 327/15/29 328/12/27
f 325/15/40 324/12/40 323/15/39
f 322/12/39 323/15/39 324/12/40
f 323/15/39 322/12/39 315/15/33
f 317/12/33 315/15/33 322/12/39
f 321/12/17 320/7/17 319/12/17
f 318/7/17 319/12/17 320/7/17
f 317/12/33 316/12/30 315/15/33
f 314/15/30 315/15/33 316/12/30
f 354/11/26 355/10/15 358/11/26
f 360/10/15 358/11/26 355/10/15
f 352/11/24 353/11/24 356/10/17
f 359/10/17 356/10/17 353/11/24
f 355/10/15 347/9/23 360/10/15
f 346/9/23 360/10/15 347/9/23
f 356/10/17 359/10/17 357/9/25
f 361/9/25 357/9/25 359/10/17
f 357/9/25 361/9/25 349/12/13
f 348/12/13 349/12/13 361/9/25
f 348/12/14 361/9/14 346/9/14
f 346/9/14 361/9/14 360/10/14
f 361/9/14 359/10/14 360/10/14
f 360/10/14 359/10/14 358/11/14
f 359/10/14 353/11/14 358/11/14
f 351/7/14 358/11/14 353/11/14
f 351/7/20 350/7/20 358/11/26
f 354/11/26 358/11/26 350/7/20
f 349/12/16 347/9/16 357/9/16
f 357/9/16 347/9/16 356/10/16
f 347/9/16 355/10/16 356/10/16
f 356/10/16 355/10/16 352/11/16
f 355/10/16 354/11/16 352/11/16
f 350/7/16 352/11/16 354/11/16
f 353/11/24 352/11/24 351/7/20
f 350/7/20 351/7/20 352/11/24
f 349/12/13 348/12/13 347/9/23
f 346/9/23 347/9/23 348/12/13
f 374/12/43 378/12/36 367/7/43
f 368/7/36 367/7/43 378/12/36
f 384/12/37 375/12/44 365/7/37
f 366/7/44 365/7/37 375/12/44
f 380/12/16 381/10/16 382/12/16
f 382/12/16 381/10/16 364/7/16
f 385/10/16 364/7/16 381/10/16
f 364/7/16 385/10/16 362/7/16
f 377/12/16 362/7/16 385/10/16
f 383/12/16 377/12/16 385/10/16
f 383/12/17 385/10/17 372/12/17
f 370/10/17 372/12/17 385/10/17
f 363/7/45 376/12/45 365/7/37
f 384/12/37 365/7/37 376/12/45
f 382/12/17 364/7/17 379/12/46
f 369/7/46 379/12/46 364/7/17
f 376/12/13 377/12/13 384/12/13
f 383/12/13 384/12/13 377/12/13
f 375/12/13 384/12/13 383/12/13
f 372/12/13 375/12/13 383/12/13
f 375/12/13 372/12/13 374/12/13
f 373/12/13 374/12/13 372/12/13
f 378/12/13 374/12/13 373/12/13
f 380/12/13 378/12/13 373/12/13
f 382/12/13 378/12/13 380/12/13
f 379/12/13 378/12/13 382/12/13
f 381/10/15 380/12/15 371/10/15
f 373/12/15 371/10/15 380/12/15
f 379/12/46 369/7/46 378/12/36
f 368/7/36 378/12/36 369/7/46
f 362/7/15 377/12/15 363/7/45
f 376/12/45 363/7/45 377/12/15
f 375/12/44 374/12/43 366/7/44
f 367/7/43 366/7/44 374/12/43
f 373/12/16 372/12/16 371/10/16
f 370/10/16 371/10/16 372/12/16
f 369/7/20 364/7/20 368/7/20
f 368/7/20 364/7/20 367/7/20
f 367/7/20 364/7/20 366/7/20
f 366/7/20 364/7/20 365/7/20
f 365/7/20 364/7/20 363/7/20
f 362/7/20 363/7/20 364/7/20
f 388/7/20 387/7/20 386/7/20
f 387/7/20 388/7/20 389/7/20
f 392/8/30 391/7/14 390/7/30
f 391/7/14 392/8/30 393/8/14
f 396/7/15 395/8/33 394/7/33
f 395/8/33 396/7/15 397/8/15
f 395/8/33 390/7/30 394/7/33
f 390/7/30 395/8/33 392/8/30
f 396/7/20 391/7/20 398/7/20
f 391/7/20 396/7/20 390/7/20
f 390/7/20 396/7/20 394/7/20
f 392/8/13 60/8/13 393/8/13
f 60/8/13 392/8/13 59/8/13
f 59/8/13 392/8/13 395/8/13
f 59/8/13 395/8/13 63/8/13
f 63/8/13 395/8/13 397/8/13
f 401/8/21 400/7/2 399/7/21
f 400/7/2 401/8/21 402/8/2
f 405/7/3 404/8/22 403/7/22
f 404/8/22 405/7/3 406/8/3
f 404/8/22 399/7/21 403/7/22
f 399/7/21 404/8/22 401/8/21
f 405/7/20 400/7/20 407/7/20
f 400/7/20 405/7/20 399/7/20
f 399/7/20 405/7/20 403/7/20
f 401/8/13 66/8/13 402/8/13
f 66/8/13 401/8/13 65/8/13
f 65/8/13 401/8/13 404/8/13
f 65/8/13 404/8/13 69/8/13
f 69/8/13 404/8/13 406/8/13
f 414/16/35 428/17/35 412/16/17
f 431/17/17 412/16/17 428/17/35
f 435/12/60 427/12/56 421/14/16
f 411/14/38 421/14/16 427/12/56
f 416/17/38 409/16/38 439/17/15
f 408/16/15 439/17/15 409/16/38
f 415/14/35 413/14/17 436/12/61
f 437/12/62 436/12/61 413/14/17
f 420/16/37 422/16/14 438/17/37
f 430/17/14 438/17/37 422/16/14
f 439/17/15 408/16/15 438/17/37
f 420/16/37 438/17/37 408/16/15
f 437/12/13 432/12/13 436/12/13
f 436/12/13 432/12/13 435/12/13
f 432/12/13 433/12/13 435/12/13
f 435/12/13 433/12/13 427/12/13
f 433/12/13 434/12/13 427/12/13
f 426/12/13 427/12/13 434/12/13
f 437/12/62 413/14/17 432/12/57
f 425/14/36 432/12/57 413/14/17
f 436/12/61 435/12/60 415/14/35
f 421/14/16 415/14/35 435/12/60
f 412/16/49 424/16/54 413/14/17
f 425/14/36 413/14/17 424/16/54
f 434/12/59 433/12/58 419/14/37
f 423/14/14 419/14/37 433/12/58
f 426/12/55 434/12/59 410/14/15
f 419/14/37 410/14/15 434/12/59
f 433/12/58 432/12/57 423/14/14
f 425/14/36 423/14/14 432/12/57
f 421/14/16 411/14/38 418/16/52
f 409/16/48 418/16/52 411/14/38
f 412/16/17 431/17/17 424/16/36
f 429/17/36 424/16/36 431/17/17
f 422/16/14 424/16/36 430/17/14
f 429/17/36 430/17/14 424/16/36
f 414/16/35 418/16/16 428/17/35
f 417/17/16 428/17/35 418/16/16
f 411/14/38 427/12/56 410/14/15
f 426/12/55 410/14/15 427/12/56
f 423/14/14 425/14/36 422/16/53
f 424/16/54 422/16/53 425/14/36
f 419/14/37 423/14/14 420/16/51
f 422/16/53 420/16/51 423/14/14
f 415/14/35 421/14/16 414/16/50
f 418/16/52 414/16/50 421/14/16
f 408/16/47 410/14/15 420/16/51
f 419/14/37 420/16/51 410/14/15
f 418/16/16 409/16/38 417/17/16
f 416/17/38 417/17/16 409/16/38
f 415/14/35 414/16/50 413/14/17
f 412/16/49 413/14/17 414/16/50
f 411/14/38 410/14/15 409/16/48
f 408/16/47 409/16/48 410/14/15
f 450/12/63 442/18/63 451/12/63
f 443/18/63 451/12/63 442/18/63
f 451/12/13 446/12/13 450/12/13
f 448/12/13 450/12/13 446/12/13
f 449/17/3 448/12/3 447/17/3
f 446/12/3 447/17/3 448/12/3
f 440/18/63 445/17/63 441/18/63
f 444/17/63 441/18/63 445/17/63
f 443/18/20 442/18/20 441/18/20
f 440/18/20 441/18/20 442/18/20
f 458/12/16 468/12/16 459/17/16
f 471/17/16 459/17/16 468/12/16
f 470/12/27 467/18/27 464/12/29
f 462/18/29 464/12/29 467/18/27
f 469/12/17 466/18/17 470/12/27
f 467/18/27 470/12/27 466/18/17
f 470/12/13 464/12/13 469/12/13
f 469/12/13 464/12/13 460/12/13
f 460/12/13 464/12/13 458/12/13
f 458/12/13 464/12/13 468/12/13
f 465/12/13 468/12/13 464/12/13
f 457/18/20 463/18/20 453/18/20
f 462/18/20 453/18/20 463/18/20
f 467/18/20 466/18/20 462/18/20
f 462/18/20 466/18/20 453/18/20
f 455/18/20 453/18/20 466/18/20
f 465/12/14 464/12/29 463/18/14
f 462/18/29 463/18/14 464/12/29
f 461/17/15 460/12/15 459/17/15
f 458/12/15 459/17/15 460/12/15
f 457/18/14 453/18/14 456/17/14
f 452/17/14 456/17/14 453/18/14
f 455/18/17 454/17/17 453/18/17
f 452/17/17 453/18/17 454/17/17
f 482/12/17 474/18/17 483/12/17
f 475/18/17 483/12/17 474/18/17
f 483/12/13 478/12/13 482/12/13
f 480/12/13 482/12/13 478/12/13
f 481/17/15 480/12/15 479/17/15
f 478/12/15 479/17/15 480/12/15
f 472/18/17 477/17/17 473/18/17
f 476/17/17 473/18/17 477/17/17
f 475/18/20 474/18/20 473/18/20
f 472/18/20 473/18/20 474/18/20
f 494/12/64 486/18/64 495/12/64
f 487/18/64 495/12/64 486/18/64
f 495/12/13 490/12/13 494/12/13
f 492/12/13 494/12/13 490/12/13
f 493/17/65 492/12/65 491/17/65
f 490/12/65 491/17/65 492/12/65
f 484/18/64 489/17/64 485/18/64
f 488/17/64 485/18/64 489/17/64
f 487/18/20 486/18/20 485/18/20
f 484/18/20 485/18/20 486/18/20
f 502/12/70 512/12/70 503/17/70
f 515/17/70 503/17/70 512/12/70
f 514/12/69 511/18/69 508/12/68
f 506/18/68 508/12/68 511/18/69
f 513/12/66 510/18/66 514/12/69
f 511/18/69 514/12/69 510/18/66
f 514/12/13 508/12/13 513/12/13
f 513/12/13 508/12/13 504/12/13
f 504/12/13 508/12/13 502/12/13
f 502/12/13 508/12/13 512/12/13
f 509/12/13 512/12/13 508/12/13
f 501/18/20 507/18/20 497/18/20
f 506/18/20 497/18/20 507/18/20
f 511/18/20 510/18/20 506/18/20
f 506/18/20 510/18/20 497/18/20
f 499/18/20 497/18/20 510/18/20
f 509/12/12 508/12/68 507/18/12
f 506/18/68 507/18/12 508/12/68
f 505/17/67 504/12/67 503/17/67
f 502/12/67 503/17/67 504/12/67
f 501/18/12 497/18/12 500/17/12
f 496/17/12 500/17/12 497/18/12
f 499/18/66 498/17/66 497/18/66
f 496/17/66 497/18/66 498/17/66
f 522/12/73 532/12/73 523/17/73
f 535/17/73 523/17/73 532/12/73
f 534/12/72 531/18/72 528/12/71
f 526/18/71 528/12/71 531/18/72
f 533/12/63 530/18/63 534/12/72
f 531/18/72 534/12/72 530/18/63
f 534/12/13 528/12/13 533/12/13
f 533/12/13 528/12/13 524/12/13
f 524/12/13 528/12/13 522/12/13
f 522/12/13 528/12/13 532/12/13
f 529/12/13 532/12/13 528/12/13
f 521/18/20 527/18/20 517/18/20
f 526/18/20 517/18/20 527/18/20
f 531/18/20 530/18/20 526/18/20
f 526/18/20 530/18/20 517/18/20
f 519/18/20 517/18/20 530/18/20
f 529/12/2 528/12/71 527/18/2
f 526/18/71 527/18/2 528/12/71
f 525/17/3 524/12/3 523/17/3
f 522/12/3 523/17/3 524/12/3
f 521/18/2 517/18/2 520/17/2
f 516/17/2 520/17/2 517/18/2
f 519/18/63 518/17/63 517/18/63
f 516/17/63 517/18/63 518/17/63
f 542/12/77 552/12/77 543/17/77
f 555/17/77 543/17/77 552/12/77
f 554/12/34 551/18/34 548/12/31
f 546/18/31 548/12/31 551/18/34
f 553/12/74 550/18/74 554/12/34
f 551/18/34 554/12/34 550/18/74
f 554/12/13 548/12/13 553/12/13
f 553/12/13 548/12/13 544/12/13
f 544/12/13 548/12/13 542/12/13
f 542/12/13 548/12/13 552/12/13
f 549/12/13 552/12/13 548/12/13
f 541/18/20 547/18/20 537/18/20
f 546/18/20 537/18/20 547/18/20
f 551/18/20 550/18/20 546/18/20
f 546/18/20 550/18/20 537/18/20
f 539/18/20 537/18/20 550/18/20
f 549/12/75 548/12/31 547/18/75
f 546/18/31 547/18/75 548/12/31
f 545/17/76 544/12/76 543/17/76
f 542/12/76 543/17/76 544/12/76
f 541/18/75 537/18/75 540/17/75
f 536/17/75 540/17/75 537/18/75
f 539/18/74 538/17/74 537/18/74
f 536/17/74 537/18/74 538/17/74
f 562/12/81 572/12/81 563/17/81
f 575/17/81 563/17/81 572/12/81
f 574/12/34 571/18/34 568/12/31
f 566/18/31 568/12/31 571/18/34
f 573/12/78 570/18/78 574/12/34
f 571/18/34 574/12/34 570/18/78
f 574/12/13 568/12/13 573/12/13
f 573/12/13 568/12/13 564/12/13
f 564/12/13 568/12/13 562/12/13
f 562/12/13 568/12/13 572/12/13
f 569/12/13 572/12/13 568/12/13
f 561/18/20 567/18/20 557/18/20
f 566/18/20 557/18/20 567/18/20
f 571/18/20 570/18/20 566/18/20
f 566/18/20 570/18/20 557/18/20
f 559/18/20 557/18/20 570/18/20
f 569/12/79 568/12/31 567/18/79
f 566/18/31 567/18/79 568/12/31
f 565/17/80 564/12/80 563/17/80
f 562/12/80 563/17/80 564/12/80
f 561/18/79 557/18/79 560/17/79
f 556/17/79 560/17/79 557/18/79
f 559/18/78 558/17/78 557/18/78
f 556/17/78 557/18/78 558/17/78
f 586/12/63 578/18/63 587/12/63
f 579/18/63 587/12/63 578/18/63
f 587/12/13 582/12/13 586/12/13
f 584/12/13 586/12/13 582/12/13
f 585/17/3 584/12/3 583/17/3
f 582/12/3 583/17/3 584/12/3
f 576/18/63 581/17/63 577/18/63
f 580/17/63 577/18/63 581/17/63
f 579/18/20 578/18/20 577/18/20
f 576/18/20 577/18/20 578/18/20
f 598/12/17 590/18/17 599/12/17
f 591/18/17 599/12/17 590/18/17
f 599/12/13 594/12/13 598/12/13
f 596/12/13 598/12/13 594/12/13
f 597/17/15 596/12/15 595/17/15
f 594/12/15 595/17/15 596/12/15
f 588/18/17 593/17/17 589/18/17
f 592/17/17 589/18/17 593/17/17
f 591/18/20 590/18/20 589/18/20
f 588/18/20 589/18/20 590/18/20
f 603/7/2 602/7/2 601/12/2
f 600/12/2 601/12/2 602/7/2
f 606/7/14 605/12/14 604/12/14
f 605/12/14 606/7/14 445/7/14
f 558/7/82 608/12/82 607/7/82
f 608/12/82 558/7/82 609/12/82
f 611/7/83 608/12/83 610/12/83
f 608/12/83 611/7/83 607/7/83
f 612/7/14 614/7/14 61/12/14
f 117/12/14 61/12/14 614/7/14
f 64/12/15 613/7/15 61/12/15
f 612/7/15 61/12/15 613/7/15
f 615/7/83 620/7/83 616/12/83
f 619/12/83 616/12/83 620/7/83
f 618/12/84 617/7/84 616/12/84
f 615/7/84 616/12/84 617/7/84
f 454/7/17 100/12/17 452/7/17
f 100/12/17 454/7/17 102/12/17
f 456/7/14 100/12/14 621/12/14
f 100/12/14 456/7/14 452/7/14
f 624/7/83 623/12/83 622/12/83
f 623/12/83 624/7/83 625/7/83
f 629/7/12 628/7/12 627/12/12
f 626/12/12 627/12/12 628/7/12
f 630/7/2 635/7/2 631/12/2
f 634/12/2 631/12/2 635/7/2
f 633/12/3 632/7/3 631/12/3
f 630/7/3 631/12/3 632/7/3
f 639/7/12 638/7/12 637/12/12
f 636/12/12 637/12/12 638/7/12
f 642/7/14 581/7/14 641/12/14
f 640/12/14 641/12/14 581/7/14
f 780/18/166 793/35/167 783/18/157
f 788/35/156 783/18/157 793/35/167
f 787/35/154 794/36/169 786/18/155
f 785/34/168 786/18/155 794/36/169
f 794/36/169 791/36/162 785/34/168
f 784/34/164 785/34/168 791/36/162
f 781/18/158 782/18/165 789/36/159
f 792/36/163 789/36/159 782/18/165
f 794/36/20 787/35/20 791/36/20
f 787/35/20 788/35/20 791/36/20
f 791/36/20 788/35/20 792/36/20
f 788/35/20 793/35/20 792/36/20
f 793/35/20 790/35/20 792/36/20
f 789/36/20 792/36/20 790/35/20
f 793/35/167 780/18/166 790/35/161
f 779/18/160 790/35/161 780/18/166
f 782/18/165 784/34/164 792/36/163
f 791/36/162 792/36/163 784/34/164
f 790/35/161 779/18/160 789/36/159
f 781/18/158 789/36/159 779/18/160
f 783/18/157 788/35/156 786/18/155
f 787/35/154 786/18/155 788/35/156
f 786/18/13 785/34/13 783/18/13
f 785/34/13 784/34/13 783/18/13
f 784/34/13 782/18/13 783/18/13
f 783/18/13 782/18/13 780/18/13
f 782/18/13 781/18/13 780/18/13
f 779/18/13 780/18/13 781/18/13
f 772/12/153 769/31/153 774/12/153
f 769/31/153 770/31/153 774/12/153
f 770/31/153 776/33/153 774/12/153
f 774/12/153 776/33/153 765/32/153
f 765/32/153 776/33/153 763/31/153
f 778/33/153 763/31/153 776/33/153
f 764/31/147 763/31/147 777/33/152
f 778/33/152 777/33/152 763/31/147
f 777/33/151 775/33/151 764/31/151
f 766/32/151 764/31/151 775/33/151
f 773/12/151 766/32/151 775/33/151
f 768/31/151 773/12/151 775/33/151
f 773/12/151 768/31/151 771/12/151
f 767/31/151 771/12/151 768/31/151
f 770/31/150 768/31/150 776/33/150
f 775/33/150 776/33/150 768/31/150
f 765/32/148 766/32/148 774/12/149
f 773/12/149 774/12/149 766/32/148
f 774/12/149 773/12/149 772/12/13
f 771/12/13 772/12/13 773/12/149
f 770/31/20 769/31/20 768/31/20
f 767/31/20 768/31/20 769/31/20
f 766/32/148 765/32/148 764/31/147
f 763/31/147 764/31/147 765/32/148
f 757/12/20 756/12/20 755/12/20
f 756/12/20 757/12/20 758/12/20
f 759/7/141 756/12/141 758/12/141
f 756/12/141 759/7/141 760/7/141
f 760/7/17 755/12/17 756/12/17
f 755/12/17 760/7/17 761/7/17
f 761/7/142 757/12/142 755/12/142
f 757/12/142 761/7/142 762/7/142
f 757/12/15 759/7/15 758/12/15
f 759/7/15 757/12/15 762/7/15
f 749/12/20 748/12/20 747/12/20
f 748/12/20 749/12/20 750/12/20
f 751/7/143 748/12/143 750/12/143
f 748/12/143 751/7/143 752/7/143
f 752/7/144 747/12/144 748/12/144
f 747/12/144 752/7/144 753/7/144
f 753/7/145 749/12/145 747/12/145
f 749/12/145 753/7/145 754/7/145
f 749/12/146 751/7/146 750/12/146
f 751/7/146 749/12/146 754/7/146
f 741/12/20 740/12/20 739/12/20
f 740/12/20 741/12/20 742/12/20
f 743/7/143 740/12/143 742/12/143
f 740/12/143 743/7/143 744/7/143
f 744/7/144 739/12/144 740/12/144
f 739/12/144 744/7/144 745/7/144
f 745/7/145 741/12/145 739/12/145
f 741/12/145 745/7/145 746/7/145
f 741/12/146 743/7/146 742/12/146
f 743/7/146 741/12/146 746/7/146
f 733/12/20 732/12/20 731/12/20
f 732/12/20 733/12/20 734/12/20
f 735/7/141 732/12/141 734/12/141
f 732/12/141 735/7/141 736/7/141
f 736/7/17 731/12/17 732/12/17
f 731/12/17 736/7/17 737/7/17
f 737/7/142 733/12/142 731/12/142
f 733/12/142 737/7/142 738/7/142
f 733/12/15 735/7/15 734/12/15
f 735/7/15 733/12/15 738/7/15
f 725/20/111 722/11/108 723/19/109
f 716/7/102 723/19/109 722/11/108
f 718/9/104 721/10/107 728/21/114
f 726/10/112 728/21/114 721/10/107
f 727/10/113 724/20/110 719/10/105
f 715/11/101 719/10/105 724/20/110
f 724/20/110 723/19/109 715/11/101
f 716/7/102 715/11/101 723/19/109
f 717/12/103 718/9/104 730/22/116
f 728/21/114 730/22/116 718/9/104
f 720/9/106 729/21/115 719/10/105
f 727/10/113 719/10/105 729/21/115
f 726/10/112 721/10/107 725/20/111
f 722/11/108 725/20/111 721/10/107
f 717/12/103 730/22/116 720/9/106
f 729/21/115 720/9/106 730/22/116
f 712/11/98 707/7/93 722/11/108
f 716/7/102 722/11/108 707/7/93
f 730/22/116 728/21/114 729/21/115
f 729/21/115 728/21/114 727/10/113
f 728/21/114 726/10/112 727/10/113
f 727/10/113 726/10/112 724/20/110
f 726/10/112 725/20/111 724/20/110
f 723/19/109 724/20/110 725/20/111
f 713/10/99 712/11/98 721/10/107
f 722/11/108 721/10/107 712/11/98
f 711/12/97 717/12/103 710/9/96
f 720/9/106 710/9/96 717/12/103
f 713/10/99 721/10/107 714/9/100
f 718/9/104 714/9/100 721/10/107
f 710/9/96 720/9/106 709/10/95
f 719/10/105 709/10/95 720/9/106
f 708/11/94 709/10/95 715/11/101
f 719/10/105 715/11/101 709/10/95
f 718/9/104 717/12/103 714/9/100
f 711/12/97 714/9/100 717/12/103
f 716/7/102 707/7/93 715/11/101
f 708/11/94 715/11/101 707/7/93
f 714/9/100 704/21/90 713/10/99
f 702/10/88 713/10/99 704/21/90
f 700/20/86 699/19/85 712/11/98
f 707/7/93 712/11/98 699/19/85
f 711/12/97 706/22/92 714/9/100
f 704/21/90 714/9/100 706/22/92
f 705/21/91 710/9/96 703/10/89
f 709/10/95 703/10/89 710/9/96
f 702/10/88 700/20/86 713/10/99
f 712/11/98 713/10/99 700/20/86
f 711/12/97 710/9/96 706/22/92
f 705/21/91 706/22/92 710/9/96
f 703/10/89 709/10/95 701/20/87
f 708/11/94 701/20/87 709/10/95
f 701/20/87 708/11/94 699/19/85
f 707/7/93 699/19/85 708/11/94
f 706/22/92 705/21/91 704/21/90
f 705/21/91 703/10/89 704/21/90
f 704/21/90 703/10/89 702/10/88
f 703/10/89 701/20/87 702/10/88
f 702/10/88 701/20/87 700/20/86
f 699/19/85 700/20/86 701/20/87
f 697/28/139 676/24/118 695/30/137
f 675/23/117 695/30/137 676/24/118
f 695/30/137 675/23/117 693/28/135
f 687/24/129 693/28/135 675/23/117
f 682/10/124 698/10/140 681/25/123
f 696/27/138 681/25/123 698/10/140
f 693/28/135 687/24/129 691/10/133
f 689/10/131 691/10/133 687/24/129
f 696/27/138 694/29/136 681/25/123
f 685/26/127 681/25/123 694/29/136
f 682/10/124 676/24/118 698/10/140
f 697/28/139 698/10/140 676/24/118
f 694/29/136 692/27/134 685/26/127
f 683/25/125 685/26/127 692/27/134
f 692/27/134 691/10/133 683/25/125
f 689/10/131 683/25/125 691/10/133
f 698/10/140 697/28/139 696/27/138
f 697/28/139 695/30/137 696/27/138
f 696/27/138 695/30/137 694/29/136
f 695/30/137 693/28/135 694/29/136
f 694/29/136 693/28/135 692/27/134
f 691/10/133 692/27/134 693/28/135
f 679/11/121 681/25/123 686/7/128
f 685/26/127 686/7/128 681/25/123
f 689/10/131 690/10/132 683/25/125
f 684/11/126 683/25/125 690/10/132
f 688/9/130 690/10/132 687/24/129
f 689/10/131 687/24/129 690/10/132
f 678/9/120 676/24/118 680/10/122
f 682/10/124 680/10/122 676/24/118
f 677/12/119 688/9/130 675/23/117
f 687/24/129 675/23/117 688/9/130
f 686/7/128 685/26/127 684/11/126
f 683/25/125 684/11/126 685/26/127
f 682/10/124 681/25/123 680/10/122
f 679/11/121 680/10/122 681/25/123
f 678/9/120 677/12/119 676/24/118
f 675/23/117 676/24/118 677/12/119
f 669/20/111 666/11/108 667/19/109
f 660/7/102 667/19/109 666/11/108
f 662/9/104 665/10/107 672/21/114
f 670/10/112 672/21/114 665/10/107
f 671/10/113 668/20/110 663/10/105
f 659/11/101 663/10/105 668/20/110
f 668/20/110 667/19/109 659/11/101
f 660/7/102 659/11/101 667/19/109
f 661/12/103 662/9/104 674/22/116
f 672/21/114 674/22/116 662/9/104
f 664/9/106 673/21/115 663/10/105
f 671/10/113 663/10/105 673/21/115
f 670/10/112 665/10/107 669/20/111
f 666/11/108 669/20/111 665/10/107
f 661/12/103 674/22/116 664/9/106
f 673/21/115 664/9/106 674/22/116
f 656/11/98 651/7/93 666/11/108
f 660/7/102 666/11/108 651/7/93
f 674/22/116 672/21/114 673/21/115
f 673/21/115 672/21/114 671/10/113
f 672/21/114 670/10/112 671/10/113
f 671/10/113 670/10/112 668/20/110
f 670/10/112 669/20/111 668/20/110
f 667/19/109 668/20/110 669/20/111
f 657/10/99 656/11/98 665/10/107
f 666/11/108 665/10/107 656/11/98
f 655/12/97 661/12/103 654/9/96
f 664/9/106 654/9/96 661/12/103
f 657/10/99 665/10/107 658/9/100
f 662/9/104 658/9/100 665/10/107
f 654/9/96 664/9/106 653/10/95
f 663/10/105 653/10/95 664/9/106
f 652/11/94 653/10/95 659/11/101
f 663/10/105 659/11/101 653/10/95
f 662/9/104 661/12/103 658/9/100
f 655/12/97 658/9/100 661/12/103
f 660/7/102 651/7/93 659/11/101
f 652/11/94 659/11/101 651/7/93
f 658/9/100 648/21/90 657/10/99
f 646/10/88 657/10/99 648/21/90
f 644/20/86 643/19/85 656/11/98
f 651/7/93 656/11/98 643/19/85
f 655/12/97 650/22/92 658/9/100
f 648/21/90 658/9/100 650/22/92
f 649/21/91 654/9/96 647/10/89
f 653/10/95 647/10/89 654/9/96
f 646/10/88 644/20/86 657/10/99
f 656/11/98 657/10/99 644/20/86
f 655/12/97 654/9/96 650/22/92
f 649/21/91 650/22/92 654/9/96
f 647/10/89 653/10/95 645/20/87
f 652/11/94 645/20/87 653/10/95
f 645/20/87 652/11/94 643/19/85
f 651/7/93 643/19/85 652/11/94
f 650/22/92 649/21/91 648/21/90
f 649/21/91 647/10/89 648/21/90
f 648/21/90 647/10/89 646/10/88
f 647/10/89 645/20/87 646/10/88
f 646/10/88 645/20/87 644/20/86
f 643/19/85 644/20/86 645/20/87
f 932/18/166 945/35/167 935/18/157
f 940/35/156 935/18/157 945/35/167
f 939/35/154 946/36/169 938/18/155
f 937/34/168 938/18/155 946/36/169
f 946/36/169 943/36/162 937/34/168
f 936/34/164 937/34/168 943/36/162
f 933/18/158 934/18/165 941/36/159
f 944/36/163 941/36/159 934/18/165
f 946/36/20 939/35/20 943/36/20
f 939/35/20 940/35/20 943/36/20
f 943/36/20 940/35/20 944/36/20
f 940/35/20 945/35/20 944/36/20
f 945/35/20 942/35/20 944/36/20
f 941/36/20 944/36/20 942/35/20
f 945/35/167 932/18/166 942/35/161
f 931/18/160 942/35/161 932/18/166
f 934/18/165 936/34/164 944/36/163
f 943/36/162 944/36/163 936/34/164
f 942/35/161 931/18/160 941/36/159
f 933/18/158 941/36/159 931/18/160
f 935/18/157 940/35/156 938/18/155
f 939/35/154 938/18/155 940/35/156
f 938/18/13 937/34/13 935/18/13
f 937/34/13 936/34/13 935/18/13
f 936/34/13 934/18/13 935/18/13
f 935/18/13 934/18/13 932/18/13
f 934/18/13 933/18/13 932/18/13
f 931/18/13 932/18/13 933/18/13
f 924/12/153 921/31/153 926/12/153
f 921/31/153 922/31/153 926/12/153
f 922/31/153 928/33/153 926/12/153
f 926/12/153 928/33/153 917/32/153
f 917/32/153 928/33/153 915/31/153
f 930/33/153 915/31/153 928/33/153
f 916/31/147 915/31/147 929/33/152
f 930/33/152 929/33/152 915/31/147
f 929/33/151 927/33/151 916/31/151
f 918/32/151 916/31/151 927/33/151
f 925/12/151 918/32/151 927/33/151
f 920/31/151 925/12/151 927/33/151
f 925/12/151 920/31/151 923/12/151
f 919/31/151 923/12/151 920/31/151
f 922/31/150 920/31/150 928/33/150
f 927/33/150 928/33/150 920/31/150
f 917/32/148 918/32/148 926/12/149
f 925/12/149 926/12/149 918/32/148
f 926/12/149 925/12/149 924/12/13
f 923/12/13 924/12/13 925/12/149
f 922/31/20 921/31/20 920/31/20
f 919/31/20 920/31/20 921/31/20
f 918/32/148 917/32/148 916/31/147
f 915/31/147 916/31/147 917/32/148
f 909/12/20 908/12/20 907/12/20
f 908/12/20 909/12/20 910/12/20
f 911/7/141 908/12/141 910/12/141
f 908/12/141 911/7/141 912/7/141
f 912/7/17 907/12/17 908/12/17
f 907/12/17 912/7/17 913/7/17
f 913/7/142 909/12/142 907/12/142
f 909/12/142 913/7/142 914/7/142
f 909/12/15 911/7/15 910/12/15
f 911/7/15 909/12/15 914/7/15
f 901/12/20 900/12/20 899/12/20
f 900/12/20 901/12/20 902/12/20
f 903/7/143 900/12/143 902/12/143
f 900/12/143 903/7/143 904/7/143
f 904/7/144 899/12/144 900/12/144
f 899/12/144 904/7/144 905/7/144
f 905/7/145 901/12/145 899/12/145
f 901/12/145 905/7/145 906/7/145
f 901/12/146 903/7/146 902/12/146
f 903/7/146 901/12/146 906/7/146
f 893/12/20 892/12/20 891/12/20
f 892/12/20 893/12/20 894/12/20
f 895/7/143 892/12/143 894/12/143
f 892/12/143 895/7/143 896/7/143
f 896/7/144 891/12/144 892/12/144
f 891/12/144 896/7/144 897/7/144
f 897/7/145 893/12/145 891/12/145
f 893/12/145 897/7/145 898/7/145
f 893/12/146 895/7/146 894/12/146
f 895/7/146 893/12/146 898/7/146
f 885/12/20 884/12/20 883/12/20
f 884/12/20 885/12/20 886/12/20
f 887/7/141 884/12/141 886/12/141
f 884/12/141 887/7/141 888/7/141
f 888/7/17 883/12/17 884/12/17
f 883/12/17 888/7/17 889/7/17
f 889/7/142 885/12/142 883/12/142
f 885/12/142 889/7/142 890/7/142
f 885/12/15 887/7/15 886/12/15
f 887/7/15 885/12/15 890/7/15
f 877/20/111 874/11/108 875/19/109
f 868/7/102 875/19/109 874/11/108
f 870/9/104 873/10/107 880/21/114
f 878/10/112 880/21/114 873/10/107
f 879/10/113 876/20/110 871/10/105
f 867/11/101 871/10/105 876/20/110
f 876/20/110 875/19/109 867/11/101
f 868/7/102 867/11/101 875/19/109
f 869/12/103 870/9/104 882/22/116
f 880/21/114 882/22/116 870/9/104
f 872/9/106 881/21/115 871/10/105
f 879/10/113 871/10/105 881/21/115
f 878/10/112 873/10/107 877/20/111
f 874/11/108 877/20/111 873/10/107
f 869/12/103 882/22/116 872/9/106
f 881/21/115 872/9/106 882/22/116
f 864/11/98 859/7/93 874/11/108
f 868/7/102 874/11/108 859/7/93
f 882/22/116 880/21/114 881/21/115
f 881/21/115 880/21/114 879/10/113
f 880/21/114 878/10/112 879/10/113
f 879/10/113 878/10/112 876/20/110
f 878/10/112 877/20/111 876/20/110
f 875/19/109 876/20/110 877/20/111
f 865/10/99 864/11/98 873/10/107
f 874/11/108 873/10/107 864/11/98
f 863/12/97 869/12/103 862/9/96
f 872/9/106 862/9/96 869/12/103
f 865/10/99 873/10/107 866/9/100
f 870/9/104 866/9/100 873/10/107
f 862/9/96 872/9/106 861/10/95
f 871/10/105 861/10/95 872/9/106
f 860/11/94 861/10/95 867/11/101
f 871/10/105 867/11/101 861/10/95
f 870/9/104 869/12/103 866/9/100
f 863/12/97 866/9/100 869/12/103
f 868/7/102 859/7/93 867/11/101
f 860/11/94 867/11/101 859/7/93
f 866/9/100 856/21/90 865/10/99
f 854/10/88 865/10/99 856/21/90
f 852/20/86 851/19/85 864/11/98
f 859/7/93 864/11/98 851/19/85
f 863/12/97 858/22/92 866/9/100
f 856/21/90 866/9/100 858/22/92
f 857/21/91 862/9/96 855/10/89
f 861/10/95 855/10/89 862/9/96
f 854/10/88 852/20/86 865/10/99
f 864/11/98 865/10/99 852/20/86
f 863/12/97 862/9/96 858/22/92
f 857/21/91 858/22/92 862/9/96
f 855/10/89 861/10/95 853/20/87
f 860/11/94 853/20/87 861/10/95
f 853/20/87 860/11/94 851/19/85
f 859/7/93 851/19/85 860/11/94
f 858/22/92 857/21/91 856/21/90
f 857/21/91 855/10/89 856/21/90
f 856/21/90 855/10/89 854/10/88
f 855/10/89 853/20/87 854/10/88
f 854/10/88 853/20/87 852/20/86
f 851/19/85 852/20/86 853/20/87
f 849/28/139 828/24/118 847/30/137
f 827/23/117 847/30/137 828/24/118
f 847/30/137 827/23/117 845/28/135
f 839/24/129 845/28/135 827/23/117
f 834/10/124 850/10/140 833/25/123
f 848/27/138 833/25/123 850/10/140
f 845/28/135 839/24/129 843/10/133
f 841/10/131 843/10/133 839/24/129
f 848/27/138 846/29/136 833/25/123
f 837/26/127 833/25/123 846/29/136
f 834/10/124 828/24/118 850/10/140
f 849/28/139 850/10/140 828/24/118
f 846/29/136 844/27/134 837/26/127
f 835/25/125 837/26/127 844/27/134
f 844/27/134 843/10/133 835/25/125
f 841/10/131 835/25/125 843/10/133
f 850/10/140 849/28/139 848/27/138
f 849/28/139 847/30/137 848/27/138
f 848/27/138 847/30/137 846/29/136
f 847/30/137 845/28/135 846/29/136
f 846/29/136 845/28/135 844/27/134
f 843/10/133 844/27/134 845/28/135
f 831/11/121 833/25/123 838/7/128
f 837/26/127 838/7/128 833/25/123
f 841/10/131 842/10/132 835/25/125
f 836/11/126 835/25/125 842/10/132
f 840/9/130 842/10/132 839/24/129
f 841/10/131 839/24/129 842/10/132
f 830/9/120 828/24/118 832/10/122
f 834/10/124 832/10/122 828/24/118
f 829/12/119 840/9/130 827/23/117
f 839/24/129 827/23/117 840/9/130
f 838/7/128 837/26/127 836/11/126
f 835/25/125 836/11/126 837/26/127
f 834/10/124 833/25/123 832/10/122
f 831/11/121 832/10/122 833/25/123
f 830/9/120 829/12/119 828/24/118
f 827/23/117 828/24/118 829/12/119
f 821/20/111 818/11/108 819/19/109
f 812/7/102 819/19/109 818/11/108
f 814/9/104 817/10/107 824/21/114
f 822/10/112 824/21/114 817/10/107
f 823/10/113 820/20/110 815/10/105
f 811/11/101 815/10/105 820/20/110
f 820/20/110 819/19/109 811/11/101
f 812/7/102 811/11/101 819/19/109
f 813/12/103 814/9/104 826/22/116
f 824/21/114 826/22/116 814/9/104
f 816/9/106 825/21/115 815/10/105
f 823/10/113 815/10/105 825/21/115
f 822/10/112 817/10/107 821/20/111
f 818/11/108 821/20/111 817/10/107
f 813/12/103 826/22/116 816/9/106
f 825/21/115 816/9/106 826/22/116
f 808/11/98 803/7/93 818/11/108
f 812/7/102 818/11/108 803/7/93
f 826/22/116 824/21/114 825/21/115
f 825/21/115 824/21/114 823/10/113
f 824/21/114 822/10/112 823/10/113
f 823/10/113 822/10/112 820/20/110
f 822/10/112 821/20/111 820/20/110
f 819/19/109 820/20/110 821/20/111
f 809/10/99 808/11/98 817/10/107
f 818/11/108 817/10/107 808/11/98
f 807/12/97 813/12/103 806/9/96
f 816/9/106 806/9/96 813/12/103
f 809/10/99 817/10/107 810/9/100
f 814/9/104 810/9/100 817/10/107
f 806/9/96 816/9/106 805/10/95
f 815/10/105 805/10/95 816/9/106
f 804/11/94 805/10/95 811/11/101
f 815/10/105 811/11/101 805/10/95
f 814/9/104 813/12/103 810/9/100
f 807/12/97 810/9/100 813/12/103
f 812/7/102 803/7/93 811/11/101
f 804/11/94 811/11/101 803/7/93
f 810/9/100 800/21/90 809/10/99
f 798/10/88 809/10/99 800/21/90
f 796/20/86 795/19/85 808/11/98
f 803/7/93 808/11/98 795/19/85
f 807/12/97 802/22/92 810/9/100
f 800/21/90 810/9/100 802/22/92
f 801/21/91 806/9/96 799/10/89
f 805/10/95 799/10/89 806/9/96
f 798/10/88 796/20/86 809/10/99
f 808/11/98 809/10/99 796/20/86
f 807/12/97 806/9/96 802/22/92
f 801/21/91 802/22/92 806/9/96
f 799/10/89 805/10/95 797/20/87
f 804/11/94 797/20/87 805/10/95
f 797/20/87 804/11/94 795/19/85
f 803/7/93 795/19/85 804/11/94
f 802/22/92 801/21/91 800/21/90
f 801/21/91 799/10/89 800/21/90
f 800/21/90 799/10/89 798/10/88
f 799/10/89 797/20/87 798/10/88
f 798/10/88 797/20/87 796/20/86
f 795/19/85 796/20/86 797/20/87
f 991/36/20 1001/36/20 989/36/20
f 989/36/20 1001/36/20 993/36/20
f 1001/36/20 1003/36/20 993/36/20
f 993/36/20 1003/36/20 1000/36/20
f 1003/36/20 998/36/20 1000/36/20
f 996/36/20 1000/36/20 998/36/20
f 992/18/13 990/18/13 1002/18/13
f 1002/18/13 990/18/13 1004/18/13
f 990/18/13 994/18/13 1004/18/13
f 1004/18/13 994/18/13 997/18/13
f 994/18/13 999/18/13 997/18/13
f 995/18/13 997/18/13 999/18/13
f 1004/18/16 997/18/38 1003/36/16
f 998/36/38 1003/36/16 997/18/38
f 999/18/37 994/18/14 1000/36/37
f 993/36/14 1000/36/37 994/18/14
f 1002/18/35 1004/18/16 1001/36/35
f 1003/36/16 1001/36/35 1004/18/16
f 1002/18/35 1001/36/35 992/18/17
f 991/36/17 992/18/17 1001/36/35
f 996/36/15 995/18/15 1000/36/37
f 999/18/37 1000/36/37 995/18/15
f 998/36/38 997/18/38 996/36/15
f 995/18/15 996/36/15 997/18/38
f 994/18/14 990/18/36 993/36/14
f 989/36/36 993/36/14 990/18/36
f 992/18/17 991/36/17 990/18/36
f 989/36/36 990/18/36 991/36/17
f 975/36/20 985/36/20 973/36/20
f 973/36/20 985/36/20 977/36/20
f 985/36/20 987/36/20 977/36/20
f 977/36/20 987/36/20 984/36/20
f 987/36/20 982/36/20 984/36/20
f 980/36/20 984/36/20 982/36/20
f 976/18/13 974/18/13 986/18/13
f 986/18/13 974/18/13 988/18/13
f 974/18/13 978/18/13 988/18/13
f 988/18/13 978/18/13 981/18/13
f 978/18/13 983/18/13 981/18/13
f 979/18/13 981/18/13 983/18/13
f 988/18/16 981/18/38 987/36/16
f 982/36/38 987/36/16 981/18/38
f 983/18/37 978/18/14 984/36/37
f 977/36/14 984/36/37 978/18/14
f 986/18/35 988/18/16 985/36/35
f 987/36/16 985/36/35 988/18/16
f 986/18/35 985/36/35 976/18/17
f 975/36/17 976/18/17 985/36/35
f 980/36/15 979/18/15 984/36/37
f 983/18/37 984/36/37 979/18/15
f 982/36/38 981/18/38 980/36/15
f 979/18/15 980/36/15 981/18/38
f 978/18/14 974/18/36 977/36/14
f 973/36/36 977/36/14 974/18/36
f 976/18/17 975/36/17 974/18/36
f 973/36/36 974/18/36 975/36/17
f 970/18/174 971/37/175 969/18/174
f 972/37/175 969/18/174 971/37/175
f 971/37/175 965/36/17 972/37/175
f 966/36/17 972/37/175 965/36/17
f 969/18/14 972/37/14 967/18/14
f 967/18/14 972/37/14 964/36/14
f 966/36/14 964/36/14 972/37/14
f 963/36/15 968/18/15 964/36/15
f 967/18/15 964/36/15 968/18/15
f 970/18/16 968/18/16 971/37/16
f 971/37/16 968/18/16 965/36/16
f 963/36/16 965/36/16 968/18/16
f 970/18/174 969/18/174 968/18/13
f 967/18/13 968/18/13 969/18/174
f 966/36/20 965/36/20 964/36/20
f 963/36/20 964/36/20 965/36/20
f 961/18/20 959/18/20 947/18/20
f 947/18/20 959/18/20 948/18/20
f 959/18/20 957/18/20 948/18/20
f 948/18/20 957/18/20 955/18/20
f 957/18/20 954/18/20 955/18/20
f 952/18/20 955/18/20 954/18/20
f 962/36/17 961/18/17 949/36/170
f 947/18/170 949/36/170 961/18/17
f 960/36/173 959/18/173 962/36/17
f 961/18/17 962/36/17 959/18/173
f 960/36/173 958/36/16 959/18/173
f 957/18/16 959/18/173 958/36/16
f 958/36/16 953/36/171 957/18/16
f 954/18/171 957/18/16 953/36/171
f 952/18/15 951/36/15 955/18/172
f 956/36/172 955/18/172 951/36/15
f 956/36/172 950/36/14 955/18/172
f 948/18/14 955/18/172 950/36/14
f 954/18/171 953/36/171 952/18/15
f 951/36/15 952/18/15 953/36/171
f 950/36/14 949/36/170 948/18/14
f 947/18/170 948/18/14 949/36/170
f 1045/36/15 1046/18/15 1048/36/37
f 1050/18/37 1048/36/37 1046/18/15
f 1047/36/20 1043/36/20 1048/36/20
f 1045/36/20 1048/36/20 1043/36/20
f 1044/18/13 1049/18/13 1046/18/13
f 1050/18/13 1046/18/13 1049/18/13
f 1044/18/17 1043/36/17 1049/18/36
f 1047/36/36 1049/18/36 1043/36/17
f 1050/18/37 1049/18/36 1048/36/37
f 1047/36/36 1048/36/37 1049/18/36
f 1046/18/16 1045/36/16 1044/18/16
f 1043/36/16 1044/18/16 1045/36/16
f 1039/12/14 1041/12/14 1036/7/14
f 1038/7/14 1036/7/14 1041/12/14
f 1042/12/25 1041/12/25 1040/12/23
f 1039/12/23 1040/12/23 1041/12/25
f 1042/12/25 1037/7/24 1041/12/25
f 1038/7/24 1041/12/25 1037/7/24
f 1035/7/26 1040/12/23 1036/7/26
f 1039/12/23 1036/7/26 1040/12/23
f 1038/7/24 1037/7/24 1036/7/26
f 1035/7/26 1036/7/26 1037/7/24
f 1013/8/13 72/8/13 1033/8/13
f 71/8/13 1033/8/13 72/8/13
f 1024/8/13 1033/8/13 71/8/13
f 1026/8/13 1024/8/13 71/8/13
f 1026/8/13 71/8/13 1028/8/13
f 71/8/13 83/8/13 1028/8/13
f 1028/8/13 83/8/13 1030/8/13
f 1019/8/13 1021/8/13 1032/8/13
f 1030/8/13 1032/8/13 1021/8/13
f 83/8/13 82/8/13 1030/8/13
f 82/8/13 79/8/13 1030/8/13
f 79/8/13 1032/8/13 1030/8/13
f 1032/8/13 79/8/13 1018/8/13
f 80/8/13 1018/8/13 79/8/13
f 1020/7/33 1019/8/33 1031/7/30
f 1032/8/30 1031/7/30 1019/8/33
f 1021/8/34 1022/7/34 1030/8/31
f 1029/7/31 1030/8/31 1022/7/34
f 1024/8/27 1023/7/27 1033/8/29
f 1034/7/29 1033/8/29 1023/7/27
f 1028/8/32 1027/7/32 1026/8/28
f 1025/7/28 1026/8/28 1027/7/32
f 1034/7/29 1010/7/14 1033/8/29
f 1013/8/14 1033/8/29 1010/7/14
f 1009/38/14 1013/8/14 1010/7/14
f 1014/39/14 1013/8/14 1009/38/14
f 1015/18/14 1016/18/14 1017/39/14
f 1016/18/14 1014/39/14 1017/39/14
f 1006/38/14 1014/39/14 1009/38/14
f 1014/39/14 1006/38/14 1017/39/14
f 1017/39/14 1006/38/14 1018/8/14
f 1006/38/14 1005/7/14 1018/8/14
f 1031/7/30 1018/8/14 1005/7/14
f 1018/8/14 1031/7/30 1032/8/30
f 1030/8/31 1029/7/31 1028/8/32
f 1027/7/32 1028/8/32 1029/7/31
f 1026/8/28 1025/7/28 1024/8/27
f 1023/7/27 1024/8/27 1025/7/28
f 1022/7/34 1021/8/34 1020/7/33
f 1019/8/33 1020/7/33 1021/8/34
f 75/18/178 74/39/176 1016/18/178
f 1014/39/176 1016/18/178 74/39/176
f 78/39/179 76/18/177 1017/39/179
f 1015/18/177 1017/39/179 76/18/177
f 80/8/15 78/39/179 1018/8/15
f 1017/39/179 1018/8/15 78/39/179
f 75/18/178 1016/18/178 76/18/177
f 1015/18/177 76/18/177 1016/18/178
f 74/39/176 72/8/17 1014/39/176
f 1013/8/17 1014/39/176 72/8/17
f 1009/38/20 1011/38/20 1006/38/20
f 1008/38/20 1006/38/20 1011/38/20
f 1012/7/15 1011/38/15 1010/7/15
f 1009/38/15 1010/7/15 1011/38/15
f 1008/38/17 1007/7/17 1006/38/17
f 1005/7/17 1006/38/17 1007/7/17
f 1084/36/19 1085/18/19 1087/36/35
f 1089/18/35 1087/36/35 1085/18/19
f 1086/36/20 1082/36/20 1087/36/20
f 1084/36/20 1087/36/20 1082/36/20
f 1083/18/13 1088/18/13 1085/18/13
f 1089/18/13 1085/18/13 1088/18/13
f 1083/18/180 1082/36/180 1088/18/38
f 1086/36/38 1088/18/38 1082/36/180
f 1089/18/35 1088/18/38 1087/36/35
f 1086/36/38 1087/36/35 1088/18/38
f 1085/18/189 1084/36/189 1083/18/189
f 1082/36/189 1083/18/189 1084/36/189
f 1078/12/18 1080/12/18 1075/7/18
f 1077/7/18 1075/7/18 1080/12/18
f 1081/12/188 1080/12/188 1079/12/187
f 1078/12/187 1079/12/187 1080/12/188
f 1081/12/188 1076/7/186 1080/12/188
f 1077/7/186 1080/12/188 1076/7/186
f 1074/7/185 1079/12/187 1075/7/185
f 1078/12/187 1075/7/185 1079/12/187
f 1077/7/186 1076/7/186 1075/7/185
f 1074/7/185 1075/7/185 1076/7/186
f 1055/8/32 1061/7/32 1056/8/28
f 1059/7/28 1056/8/28 1061/7/32
f 1061/7/32 1055/8/32 1063/7/18
f 1054/8/18 1063/7/18 1055/8/32
f 1071/38/18 1063/7/18 1054/8/18
f 1069/39/18 1071/38/18 1054/8/18
f 1067/18/18 1068/18/18 1069/39/18
f 1068/18/18 1052/39/18 1069/39/18
f 1052/39/18 1071/38/18 1069/39/18
f 1071/38/18 1052/39/18 1073/38/18
f 1052/39/18 1051/8/18 1073/38/18
f 1073/38/18 1051/8/18 1065/7/18
f 1051/8/18 1053/8/18 1065/7/18
f 1066/7/18 1065/7/18 1053/8/18
f 1058/7/19 1057/8/19 1059/7/28
f 1056/8/28 1059/7/28 1057/8/19
f 1064/7/19 1072/38/19 1065/7/19
f 1073/38/19 1065/7/19 1072/38/19
f 1070/38/180 1062/7/180 1071/38/180
f 1063/7/180 1071/38/180 1062/7/180
f 1073/38/20 1072/38/20 1071/38/20
f 1070/38/20 1071/38/20 1072/38/20
f 94/39/184 91/18/182 1069/39/184
f 1067/18/182 1069/39/184 91/18/182
f 90/18/183 88/39/181 1068/18/183
f 1052/39/181 1068/18/183 88/39/181
f 96/8/19 94/39/184 1054/8/19
f 1069/39/184 1054/8/19 94/39/184
f 1068/18/183 1067/18/182 90/18/183
f 91/18/182 90/18/183 1067/18/182
f 1066/7/20 1060/7/20 1065/7/20
f 1065/7/20 1060/7/20 1064/7/20
f 1064/7/20 1060/7/20 1062/7/20
f 1062/7/20 1061/7/20 1063/7/20
f 1062/7/20 1060/7/20 1061/7/20
f 1061/7/20 1060/7/20 1059/7/20
f 1058/7/20 1059/7/20 1060/7/20
f 1057/8/13 98/8/13 1056/8/13
f 95/8/13 1056/8/13 98/8/13
f 1056/8/13 95/8/13 1055/8/13
f 96/8/13 1055/8/13 95/8/13
f 1054/8/13 1055/8/13 96/8/13
f 1053/8/13 1051/8/13 85/8/13
f 86/8/13 85/8/13 1051/8/13
f 88/39/181 86/8/180 1052/39/181
f 1051/8/180 1052/39/181 86/8/180
f 1115/36/15 1116/18/15 1118/36/37
f 1120/18/37 1118/36/37 1116/18/15
f 1117/36/20 1113/36/20 1118/36/20
f 1115/36/20 1118/36/20 1113/36/20
f 1114/18/13 1119/18/13 1116/18/13
f 1120/18/13 1116/18/13 1119/18/13
f 1114/18/17 1113/36/17 1119/18/36
f 1117/36/36 1119/18/36 1113/36/17
f 1120/18/37 1119/18/36 1118/36/37
f 1117/36/36 1118/36/37 1119/18/36
f 1116/18/16 1115/36/16 1114/18/16
f 1113/36/16 1114/18/16 1115/36/16
f 1099/7/14 1108/8/14 1090/7/14
f 1109/8/14 1090/7/14 1108/8/14
f 1090/7/14 1109/8/14 1091/38/14
f 1110/39/14 1091/38/14 1109/8/14
f 1111/18/14 1112/18/14 1110/39/14
f 1112/18/14 1107/39/14 1110/39/14
f 1107/39/14 1091/38/14 1110/39/14
f 1091/38/14 1107/39/14 1094/38/14
f 1107/39/14 1103/8/14 1094/38/14
f 1094/38/14 1103/8/14 1095/7/14
f 1103/8/14 1104/8/29 1095/7/14
f 1101/7/29 1095/7/14 1104/8/29
f 105/18/178 104/39/176 1112/18/178
f 1107/39/176 1112/18/178 104/39/176
f 108/39/179 106/18/177 1110/39/179
f 1111/18/177 1110/39/179 106/18/177
f 105/18/178 1112/18/178 106/18/177
f 1111/18/177 106/18/177 1112/18/178
f 110/8/15 108/39/179 1109/8/15
f 1110/39/179 1109/8/15 108/39/179
f 1106/8/27 1102/7/27 1104/8/29
f 1101/7/29 1104/8/29 1102/7/27
f 1105/8/17 1100/7/17 1106/8/27
f 1102/7/27 1106/8/27 1100/7/17
f 110/8/13 1109/8/13 109/8/13
f 1108/8/13 109/8/13 1109/8/13
f 104/39/176 103/8/17 1107/39/176
f 1103/8/17 1107/39/176 103/8/17
f 1106/8/13 1104/8/13 1105/8/13
f 1105/8/13 1104/8/13 101/8/13
f 101/8/13 1104/8/13 99/8/13
f 99/8/13 1104/8/13 103/8/13
f 1103/8/13 103/8/13 1104/8/13
f 1102/7/20 1100/7/20 1101/7/20
f 1101/7/20 1100/7/20 1095/7/20
f 1095/7/20 1100/7/20 1097/7/20
f 1097/7/20 1100/7/20 1092/7/20
f 1092/7/20 1099/7/20 1090/7/20
f 1092/7/20 1100/7/20 1099/7/20
f 1098/7/20 1099/7/20 1100/7/20
f 1094/38/20 1096/38/20 1091/38/20
f 1093/38/20 1091/38/20 1096/38/20
f 1097/7/15 1096/38/15 1095/7/15
f 1094/38/15 1095/7/15 1096/38/15
f 1093/38/17 1092/7/17 1091/38/17
f 1090/7/17 1091/38/17 1092/7/17
f 1151/7/26 1150/7/24 1149/7/24
f 1150/7/24 1151/7/26 1152/7/26
f 1154/12/25 1150/7/24 1153/12/25
f 1150/7/24 1154/12/25 1149/7/24
f 1151/7/26 1155/12/23 1152/7/26
f 1155/12/23 1151/7/26 1156/12/23
f 1155/12/23 1154/12/25 1153/12/25
f 1154/12/25 1155/12/23 1156/12/23
f 1155/12/14 1150/7/14 1152/7/14
f 1150/7/14 1155/12/14 1153/12/14
f 1143/7/26 1142/7/24 1141/7/24
f 1142/7/24 1143/7/26 1144/7/26
f 1146/12/25 1142/7/24 1145/12/25
f 1142/7/24 1146/12/25 1141/7/24
f 1143/7/26 1147/12/23 1144/7/26
f 1147/12/23 1143/7/26 1148/12/23
f 1147/12/23 1146/12/25 1145/12/25
f 1146/12/25 1147/12/23 1148/12/23
f 1147/12/14 1142/7/14 1144/7/14
f 1142/7/14 1147/12/14 1145/12/14
f 111/8/13 1138/8/13 112/8/13
f 1129/8/13 112/8/13 1138/8/13
f 120/8/13 1132/8/13 119/8/13
f 1136/8/13 119/8/13 1132/8/13
f 1137/7/20 1140/7/20 1126/7/20
f 1126/7/20 1140/7/20 1128/7/20
f 1128/7/20 1140/7/20 1123/7/20
f 1123/7/20 1135/7/20 1121/7/20
f 1123/7/20 1140/7/20 1135/7/20
f 1139/7/20 1135/7/20 1140/7/20
f 1138/8/14 1137/7/14 1129/8/14
f 1137/7/14 1126/7/14 1129/8/14
f 1125/38/14 1129/8/14 1126/7/14
f 1130/39/14 1129/8/14 1125/38/14
f 1133/18/14 1134/18/14 1131/39/14
f 1134/18/14 1130/39/14 1131/39/14
f 1122/38/14 1130/39/14 1125/38/14
f 1130/39/14 1122/38/14 1131/39/14
f 1131/39/14 1122/38/14 1132/8/14
f 1122/38/14 1121/7/14 1132/8/14
f 1135/7/14 1132/8/14 1121/7/14
f 1132/8/14 1135/7/14 1136/8/14
f 118/39/179 116/18/177 1131/39/179
f 1133/18/177 1131/39/179 116/18/177
f 115/18/178 114/39/176 1134/18/178
f 1130/39/176 1134/18/178 114/39/176
f 115/18/178 1134/18/178 116/18/177
f 1133/18/177 116/18/177 1134/18/178
f 120/8/15 118/39/179 1132/8/15
f 1131/39/179 1132/8/15 118/39/179
f 114/39/176 112/8/17 1130/39/176
f 1129/8/17 1130/39/176 112/8/17
f 1125/38/20 1127/38/20 1122/38/20
f 1124/38/20 1122/38/20 1127/38/20
f 1128/7/15 1127/38/15 1126/7/15
f 1125/38/15 1126/7/15 1127/38/15
f 1124/38/17 1123/7/17 1122/38/17
f 1121/7/17 1122/38/17 1123/7/17
f 225/41/17 1157/40/17 226/41/35
f 1159/40/35 226/41/35 1157/40/17
f 223/41/36 1158/40/36 225/41/17
f 1157/40/17 225/41/17 1158/40/36
f 223/41/36 222/41/14 1158/40/36
f 1161/40/14 1158/40/36 222/41/14
f 222/41/14 224/41/37 1161/40/14
f 1162/40/37 1161/40/14 224/41/37
f 1162/40/37 224/41/37 1164/40/15
f 228/41/15 1164/40/15 224/41/37
f 1164/40/15 228/41/15 1163/40/38
f 229/41/38 1163/40/38 228/41/15
f 229/41/38 227/41/16 1163/40/38
f 1160/40/16 1163/40/38 227/41/16
f 227/41/16 226/41/35 1160/40/16
f 1159/40/35 1160/40/16 226/41/35
f 1164/40/13 1163/40/13 1162/40/13
f 1163/40/13 1160/40/13 1162/40/13
f 1162/40/13 1160/40/13 1161/40/13
f 1161/40/13 1160/40/13 1158/40/13
f 1160/40/13 1159/40/13 1158/40/13
f 1157/40/13 1158/40/13 1159/40/13
f 309/41/17 1165/40/17 310/41/35
f 1167/40/35 310/41/35 1165/40/17
f 307/41/36 1166/40/36 309/41/17
f 1165/40/17 309/41/17 1166/40/36
f 307/41/36 306/41/14 1166/40/36
f 1169/40/14 1166/40/36 306/41/14
f 306/41/14 308/41/37 1169/40/14
f 1170/40/37 1169/40/14 308/41/37
f 1170/40/37 308/41/37 1172/40/15
f 312/41/15 1172/40/15 308/41/37
f 1172/40/15 312/41/15 1171/40/38
f 313/41/38 1171/40/38 312/41/15
f 313/41/38 311/41/16 1171/40/38
f 1168/40/16 1171/40/38 311/41/16
f 311/41/16 310/41/35 1168/40/16
f 1167/40/35 1168/40/16 310/41/35
f 1172/40/13 1171/40/13 1170/40/13
f 1171/40/13 1168/40/13 1170/40/13
f 1170/40/13 1168/40/13 1169/40/13
f 1169/40/13 1168/40/13 1166/40/13
f 1168/40/13 1167/40/13 1166/40/13
f 1165/40/13 1166/40/13 1167/40/13
f 330/42/13 318/42/13 340/42/13
f 320/42/13 340/42/13 318/42/13
f 381/43/13 371/43/13 385/43/13
f 370/43/13 385/43/13 371/43/13
f 447/44/13 1174/44/13 449/44/13
f 1173/44/13 449/44/13 1174/44/13
f 461/44/13 459/44/13 1175/44/13
f 471/44/13 1175/44/13 459/44/13
f 479/44/13 1177/44/13 481/44/13
f 1176/44/13 481/44/13 1177/44/13
f 491/44/13 1179/44/13 493/44/13
f 1178/44/13 493/44/13 1179/44/13
f 505/44/13 503/44/13 1180/44/13
f 515/44/13 1180/44/13 503/44/13
f 525/44/13 523/44/13 1181/44/13
f 535/44/13 1181/44/13 523/44/13
f 545/44/13 543/44/13 1182/44/13
f 555/44/13 1182/44/13 543/44/13
f 565/44/13 563/44/13 1183/44/13
f 575/44/13 1183/44/13 563/44/13
f 583/44/13 1185/44/13 585/44/13
f 1184/44/13 585/44/13 1185/44/13
f 595/44/13 1178/44/13 597/44/13
f 1179/44/13 597/44/13 1178/44/13
f 1193/42/16 1192/42/16 1191/41/16
f 1190/41/16 1191/41/16 1192/42/16
f 1193/42/17 1191/41/17 1188/42/17
f 1186/41/17 1188/42/17 1191/41/17
f 1190/41/15 1192/42/15 1187/41/15
f 1189/42/15 1187/41/15 1192/42/15
f 1186/41/20 1191/41/20 1187/41/20
f 1190/41/20 1187/41/20 1191/41/20
f 1189/42/14 1188/42/14 1187/41/14
f 1186/41/14 1187/41/14 1188/42/14
f 1201/42/16 1200/42/16 1199/41/16
f 1198/41/16 1199/41/16 1200/42/16
f 1201/42/17 1199/41/17 1196/42/17
f 1194/41/17 1196/42/17 1199/41/17
f 1198/41/15 1200/42/15 1195/41/15
f 1197/42/15 1195/41/15 1200/42/15
f 1194/41/20 1199/41/20 1195/41/20
f 1198/41/20 1195/41/20 1199/41/20
f 1197/42/14 1196/42/14 1195/41/14
f 1194/41/14 1195/41/14 1196/42/14
f 1008/45/14 1011/45/14 1007/42/14
f 1012/42/14 1007/42/14 1011/45/14
f 1070/45/18 1072/45/18 1062/42/18
f 1064/42/18 1062/42/18 1072/45/18
f 1205/42/14 1204/42/14 1203/41/14
f 1202/41/14 1203/41/14 1204/42/14
f 1214/46/14 1222/48/14 1216/46/14
f 1216/46/14 1222/48/14 1219/46/14
f 1216/46/14 1219/46/14 1212/47/14
f 1222/48/14 1214/46/14 1225/48/14
f 1214/46/14 1210/47/14 1225/48/14
f 1219/46/14 1218/47/14 1212/47/14
f 1210/47/14 1212/47/14 1218/47/14
f 1224/42/14 1225/48/14 1210/47/14
f 1210/47/14 1218/47/14 1224/42/14
f 1218/47/14 1207/47/14 1224/42/14
f 1224/42/14 1207/47/14 1223/42/14
f 1222/48/14 1223/42/14 1207/47/14
f 1219/46/14 1222/48/14 1206/46/14
f 1206/46/14 1222/48/14 1207/47/14
f 1216/46/26 1217/46/26 1214/46/24
f 1215/46/24 1214/46/24 1217/46/26
f 1206/46/26 1208/46/26 1219/46/24
f 1221/46/24 1219/46/24 1208/46/26
f 1209/47/23 1207/47/23 1220/47/25
f 1218/47/25 1220/47/25 1207/47/23
f 1219/46/23 1220/47/26 1221/46/23
f 1220/47/26 1219/46/23 1218/47/26
f 1221/46/24 1220/47/25 1219/46/24
f 1218/47/25 1219/46/24 1220/47/25
f 1213/47/23 1217/46/26 1212/47/23
f 1216/46/26 1212/47/23 1217/46/26
f 1215/46/24 1211/47/17 1214/46/24
f 1210/47/17 1214/46/24 1211/47/17
f 1213/47/23 1212/47/23 1211/47/13
f 1210/47/13 1211/47/13 1212/47/23
f 1209/47/23 1208/46/26 1207/47/23
f 1206/46/26 1207/47/23 1208/46/26
f 1232/52/196 1255/56/220 1230/51/194
f 1254/57/219 1230/51/194 1255/56/220
f 1257/50/221 1243/54/207 1229/50/193
f 1228/49/192 1229/50/193 1243/54/207
f 1256/56/218 1257/50/221 1235/52/199
f 1229/50/193 1235/52/199 1257/50/221
f 1255/56/220 1232/52/196 1242/50/206
f 1239/50/203 1242/50/206 1232/52/196
f 1241/54/205 1240/49/204 1244/55/208
f 1237/53/201 1244/55/208 1240/49/204
f 1254/57/219 1256/56/218 1230/51/194
f 1235/52/199 1230/51/194 1256/56/218
f 1246/55/2 1250/54/2 1245/54/2
f 1245/54/2 1250/54/2 1247/50/2
f 1250/54/2 1252/50/2 1247/50/2
f 1247/50/2 1252/50/2 1248/56/2
f 1252/50/2 1253/56/2 1248/56/2
f 1249/57/2 1248/56/2 1253/56/2
f 1251/49/215 1250/54/214 1236/53/200
f 1246/55/210 1236/53/200 1250/54/214
f 1234/52/198 1227/50/191 1248/56/212
f 1247/50/211 1248/56/212 1227/50/191
f 1253/56/217 1233/52/197 1249/57/213
f 1231/51/195 1249/57/213 1233/52/197
f 1244/55/73 1243/54/73 1241/54/73
f 1241/54/73 1243/54/73 1242/50/73
f 1243/54/73 1257/50/73 1242/50/73
f 1242/50/73 1257/50/73 1255/56/73
f 1257/50/73 1256/56/73 1255/56/73
f 1254/57/73 1255/56/73 1256/56/73
f 1239/50/203 1238/50/202 1240/49/204
f 1251/49/215 1240/49/204 1238/50/202
f 1240/49/204 1251/49/215 1237/53/201
f 1236/53/200 1237/53/201 1251/49/215
f 1233/52/197 1253/56/217 1238/50/202
f 1252/50/216 1238/50/202 1253/56/217
f 1238/50/202 1252/50/216 1251/49/215
f 1250/54/214 1251/49/215 1252/50/216
f 1249/57/213 1231/51/195 1248/56/212
f 1234/52/198 1248/56/212 1231/51/195
f 1227/50/191 1226/49/190 1247/50/211
f 1245/54/209 1247/50/211 1226/49/190
f 1246/55/210 1245/54/209 1236/53/200
f 1226/49/190 1236/53/200 1245/54/209
f 1244/55/208 1237/53/201 1243/54/207
f 1228/49/192 1243/54/207 1237/53/201
f 1242/50/206 1239/50/203 1241/54/205
f 1240/49/204 1241/54/205 1239/50/203
f 1231/51/195 1230/51/194 1234/52/198
f 1235/52/199 1234/52/198 1230/51/194
f 1232/52/196 1233/52/197 1239/50/203
f 1238/50/202 1239/50/203 1233/52/197
f 1237/53/201 1236/53/200 1228/49/192
f 1226/49/190 1228/49/192 1236/53/200
f 1235/52/199 1229/50/193 1234/52/198
f 1227/50/191 1234/52/198 1229/50/193
f 1233/52/197 1232/52/196 1231/51/195
f 1230/51/194 1231/51/195 1232/52/196
f 1229/50/193 1228/49/192 1227/50/191
f 1226/49/190 1227/50/191 1228/49/192
f 1264/52/196 1287/56/220 1262/51/194
f 1286/57/219 1262/51/194 1287/56/220
f 1289/50/221 1275/54/207 1261/50/193
f 1260/49/192 1261/50/193 1275/54/207
f 1288/56/218 1289/50/221 1267/52/199
f 1261/50/193 1267/52/199 1289/50/221
f 1287/56/220 1264/52/196 1274/50/206
f 1271/50/203 1274/50/206 1264/52/196
f 1273/54/205 1272/49/204 1276/55/208
f 1269/53/201 1276/55/208 1272/49/204
f 1286/57/219 1288/56/218 1262/51/194
f 1267/52/199 1262/51/194 1288/56/218
f 1278/55/2 1282/54/2 1277/54/2
f 1277/54/2 1282/54/2 1279/50/2
f 1282/54/2 1284/50/2 1279/50/2
f 1279/50/2 1284/50/2 1280/56/2
f 1284/50/2 1285/56/2 1280/56/2
f 1281/57/2 1280/56/2 1285/56/2
f 1283/49/215 1282/54/214 1268/53/200
f 1278/55/210 1268/53/200 1282/54/214
f 1266/52/198 1259/50/191 1280/56/212
f 1279/50/211 1280/56/212 1259/50/191
f 1285/56/217 1265/52/197 1281/57/213
f 1263/51/195 1281/57/213 1265/52/197
f 1276/55/73 1275/54/73 1273/54/73
f 1273/54/73 1275/54/73 1274/50/73
f 1275/54/73 1289/50/73 1274/50/73
f 1274/50/73 1289/50/73 1287/56/73
f 1289/50/73 1288/56/73 1287/56/73
f 1286/57/73 1287/56/73 1288/56/73
f 1271/50/203 1270/50/202 1272/49/204
f 1283/49/215 1272/49/204 1270/50/202
f 1272/49/204 1283/49/215 1269/53/201
f 1268/53/200 1269/53/201 1283/49/215
f 1265/52/197 1285/56/217 1270/50/202
f 1284/50/216 1270/50/202 1285/56/217
f 1270/50/202 1284/50/216 1283/49/215
f 1282/54/214 1283/49/215 1284/50/216
f 1281/57/213 1263/51/195 1280/56/212
f 1266/52/198 1280/56/212 1263/51/195
f 1259/50/191 1258/49/190 1279/50/211
f 1277/54/209 1279/50/211 1258/49/190
f 1278/55/210 1277/54/209 1268/53/200
f 1258/49/190 1268/53/200 1277/54/209
f 1276/55/208 1269/53/201 1275/54/207
f 1260/49/192 1275/54/207 1269/53/201
f 1274/50/206 1271/50/203 1273/54/205
f 1272/49/204 1273/54/205 1271/50/203
f 1263/51/195 1262/51/194 1266/52/198
f 1267/52/199 1266/52/198 1262/51/194
f 1264/52/196 1265/52/197 1271/50/203
f 1270/50/202 1271/50/203 1265/52/197
f 1269/53/201 1268/53/200 1260/49/192
f 1258/49/190 1260/49/192 1268/53/200
f 1267/52/199 1261/50/193 1266/52/198
f 1259/50/191 1266/52/198 1261/50/193
f 1265/52/197 1264/52/196 1263/51/195
f 1262/51/194 1263/51/195 1264/52/196
f 1261/50/193 1260/49/192 1259/50/191
f 1258/49/190 1259/50/191 1260/49/192

usemtl colormap-specular

f 1217/59/14 1213/58/14 1215/59/14
f 1211/58/14 1215/59/14 1213/58/14
f 1208/59/14 1209/58/14 1221/59/14
f 1220/58/14 1221/59/14 1209/58/14

