# Created by Kenney (www.kenney.nl)

mtllib building-a.mtl

g building-a

v 0.6925216 1.214412 0.05486706 1 1 1
v 0.6925216 1.214412 0.02643606 1 1 1
v 0.7106149 1.221907 0.05486706 1 1 1
v 0.7106149 1.221907 0.02643606 1 1 1
v 0.6925216 1.265588 0.02643606 1 1 1
v 0.6925216 1.265588 0.05486706 1 1 1
v 0.7106149 1.258093 0.02643606 1 1 1
v 0.7106149 1.258093 0.05486706 1 1 1
v 0.7181095 1.24 0.02643606 1 1 1
v 0.7181095 1.24 0.05486706 1 1 1
v 0.6744282 1.221907 0.05486706 1 1 1
v 0.6669337 1.24 0.05486706 1 1 1
v 0.6744282 1.258093 0.05486706 1 1 1
v 0.6744282 1.258093 0.02643606 1 1 1
v 0.6744282 1.221907 0.02643606 1 1 1
v 0.6669337 1.24 0.02643606 1 1 1
v -0.1774785 3.991885E-17 0.621 1 1 1
v 0.2225215 3.991885E-17 0.621 1 1 1
v -0.1774785 3.991885E-17 0.201 1 1 1
v 0.2225215 3.991885E-17 0.201 1 1 1
v 0.2225215 0.05 0.621 1 1 1
v -0.1774785 0.05 0.621 1 1 1
v -0.1774785 0.05 0.601 1 1 1
v 0.2225215 0.05 0.601 1 1 1
v 0.2225216 3.991885E-17 0.621 1 1 1
v 0.6225216 3.991885E-17 0.621 1 1 1
v 0.2225216 3.991885E-17 0.201 1 1 1
v 0.6225216 3.991885E-17 0.201 1 1 1
v 0.6225216 0.05 0.621 1 1 1
v 0.2225216 0.05 0.621 1 1 1
v 0.2225216 0.05 0.601 1 1 1
v 0.6225216 0.05 0.601 1 1 1
v 1.042521 3.991885E-17 0.6010001 1 1 1
v 1.042521 3.991885E-17 0.201 1 1 1
v 1.042521 0.05 0.6010001 1 1 1
v 1.042521 0.05 0.201 1 1 1
v 1.022521 3.991885E-17 0.6210001 1 1 1
v 1.022521 0.05 0.6210001 1 1 1
v 0.6225214 3.991885E-17 0.621 1 1 1
v 0.6225214 0.05 0.621 1 1 1
v 0.6225215 3.991885E-17 0.201 1 1 1
v 1.022521 0.05 0.201 1 1 1
v 1.022521 0.05 0.6010001 1 1 1
v 0.6225214 0.05 0.601 1 1 1
v -0.5774786 4.511946E-17 0.621 1 1 1
v -0.1774786 4.511946E-17 0.621 1 1 1
v -0.5774786 4.511946E-17 0.201 1 1 1
v -0.1774786 4.511946E-17 0.201 1 1 1
v -0.1774786 0.05 0.621 1 1 1
v -0.5774786 0.05 0.621 1 1 1
v -0.5774786 0.05 0.601 1 1 1
v -0.1774786 0.05 0.601 1 1 1
v 1.042522 0.4 0.201 1 1 1
v 1.042522 0.4 -0.1990001 1 1 1
v 0.6225216 0.4 0.2009999 1 1 1
v 0.6225217 0.4 -0.1990001 1 1 1
v 1.042522 0.45 -0.1990001 1 1 1
v 1.042522 0.45 0.201 1 1 1
v 1.022522 0.45 0.201 1 1 1
v 1.022522 0.45 -0.1990001 1 1 1
v -0.1774785 0.4 0.621 1 1 1
v 0.2225215 0.4 0.621 1 1 1
v -0.1774785 0.4 0.201 1 1 1
v 0.2225215 0.4 0.201 1 1 1
v 0.2225215 0.45 0.621 1 1 1
v -0.1774785 0.45 0.621 1 1 1
v -0.1774785 0.45 0.601 1 1 1
v 0.2225215 0.45 0.601 1 1 1
v -0.5774786 0.4 0.621 1 1 1
v -0.1774786 0.4 0.621 1 1 1
v -0.5774786 0.4 0.201 1 1 1
v -0.1774786 0.4 0.201 1 1 1
v -0.1774786 0.45 0.621 1 1 1
v -0.5774786 0.45 0.621 1 1 1
v -0.5774786 0.45 0.601 1 1 1
v -0.1774786 0.45 0.601 1 1 1
v 0.2225216 0.4 0.621 1 1 1
v 0.6225216 0.4 0.621 1 1 1
v 0.2225216 0.4 0.201 1 1 1
v 0.6225216 0.4 0.201 1 1 1
v 0.6225216 0.45 0.621 1 1 1
v 0.2225216 0.45 0.621 1 1 1
v 0.2225216 0.45 0.601 1 1 1
v 0.6225216 0.45 0.601 1 1 1
v 0.2225216 0.8 0.621 1 1 1
v 0.6225216 0.8 0.621 1 1 1
v 0.2225216 0.8 0.201 1 1 1
v 0.6225216 0.8 0.201 1 1 1
v 0.6225216 0.85 0.621 1 1 1
v 0.2225216 0.85 0.621 1 1 1
v 0.2225216 0.85 0.601 1 1 1
v 0.6225216 0.85 0.601 1 1 1
v 1.042522 0.8 0.201 1 1 1
v 1.042522 0.8 -0.1990001 1 1 1
v 0.6225216 0.8 0.2009999 1 1 1
v 0.6225217 0.8 -0.1990001 1 1 1
v 1.042522 0.85 -0.1990001 1 1 1
v 1.042522 0.85 0.201 1 1 1
v 1.022522 0.85 0.201 1 1 1
v 1.022522 0.85 -0.1990001 1 1 1
v 0.7397936 1.252728 -0.1593484 1 1 1
v 0.7345215 1.24 -0.1593484 1 1 1
v 0.7397936 1.252728 0.2406516 1 1 1
v 0.7345215 1.24 0.2406516 1 1 1
v 0.7705215 1.24 -0.1593484 1 1 1
v 0.7705215 1.24 0.2406516 1 1 1
v 0.7652494 1.227272 -0.1593484 1 1 1
v 0.7652494 1.227272 0.2406516 1 1 1
v 0.7525215 1.258 -0.1593484 1 1 1
v 0.7525215 1.258 0.2406516 1 1 1
v 0.7652494 1.252728 -0.1593484 1 1 1
v 0.7652494 1.252728 0.2406516 1 1 1
v 0.7397936 1.227272 -0.1593484 1 1 1
v 0.7397936 1.227272 0.2406516 1 1 1
v 0.7525215 1.222 0.2406516 1 1 1
v 0.7525215 1.222 -0.1593484 1 1 1
v 0.8225213 1.2 -0.3393484 1 1 1
v 0.8225213 1.28 -0.3393484 1 1 1
v 0.8225213 1.2 -0.1793484 1 1 1
v 0.8225213 1.28 -0.1793484 1 1 1
v 0.8025213 1.2 -0.3593484 1 1 1
v 0.6425213 1.2 -0.3593484 1 1 1
v 0.8025213 1.28 -0.3593484 1 1 1
v 0.6425213 1.28 -0.3593484 1 1 1
v 0.6425213 1.2 -0.1593484 1 1 1
v 0.8025213 1.2 -0.1593484 1 1 1
v 0.6425213 1.28 -0.1593484 1 1 1
v 0.8025213 1.28 -0.1593484 1 1 1
v 0.6225213 1.28 -0.3393484 1 1 1
v 0.6225213 1.2 -0.3393484 1 1 1
v 0.6225213 1.28 -0.1793484 1 1 1
v 0.6225213 1.2 -0.1793484 1 1 1
v -0.5774786 0.8 0.621 1 1 1
v -0.1774786 0.8 0.621 1 1 1
v -0.5774786 0.8 0.201 1 1 1
v -0.1774786 0.8 0.201 1 1 1
v -0.1774786 0.85 0.621 1 1 1
v -0.5774786 0.85 0.621 1 1 1
v -0.5774786 0.85 0.601 1 1 1
v -0.1774786 0.85 0.601 1 1 1
v 0.6745216 1.24 -0.1593484 1 1 1
v 0.6797937 1.227272 -0.1593484 1 1 1
v 0.6745216 1.24 0.2406516 1 1 1
v 0.6797937 1.227272 0.2406516 1 1 1
v 0.6797937 1.252728 -0.1593484 1 1 1
v 0.6797937 1.252728 0.2406516 1 1 1
v 0.6925216 1.258 -0.1593484 1 1 1
v 0.6925216 1.258 0.2406516 1 1 1
v 0.6925216 1.222 0.2406516 1 1 1
v 0.6925216 1.222 -0.1593484 1 1 1
v 0.7052495 1.227272 0.2406516 1 1 1
v 0.7052495 1.227272 -0.1593484 1 1 1
v 0.7105216 1.24 -0.1593484 1 1 1
v 0.7105216 1.24 0.2406516 1 1 1
v 0.7052495 1.252728 -0.1593484 1 1 1
v 0.7052495 1.252728 0.2406516 1 1 1
v 0.7344282 1.258093 0.02643606 1 1 1
v 0.7344282 1.258093 0.05486706 1 1 1
v 0.7525215 1.265588 0.02643606 1 1 1
v 0.7525215 1.265588 0.05486706 1 1 1
v 0.7525215 1.214412 0.05486706 1 1 1
v 0.7525215 1.214412 0.02643606 1 1 1
v 0.7706149 1.221907 0.05486706 1 1 1
v 0.7706149 1.221907 0.02643606 1 1 1
v 0.7344282 1.221907 0.05486706 1 1 1
v 0.7269336 1.24 0.05486706 1 1 1
v 0.7781094 1.24 0.05486706 1 1 1
v 0.7706149 1.258093 0.05486706 1 1 1
v 0.7344282 1.221907 0.02643606 1 1 1
v 0.7781094 1.24 0.02643606 1 1 1
v 0.7269336 1.24 0.02643606 1 1 1
v 0.7706149 1.258093 0.02643606 1 1 1
v 0.8025213 1.2 0.4406515 1 1 1
v 0.8025213 1.28 0.4406515 1 1 1
v 0.6425213 1.2 0.4406515 1 1 1
v 0.6425213 1.28 0.4406515 1 1 1
v 0.8225213 1.2 0.4206515 1 1 1
v 0.8225213 1.2 0.2606515 1 1 1
v 0.8225213 1.28 0.4206515 1 1 1
v 0.8225213 1.28 0.2606515 1 1 1
v 0.6225213 1.2 0.2606515 1 1 1
v 0.6225213 1.2 0.4206515 1 1 1
v 0.6225213 1.28 0.2606515 1 1 1
v 0.6225213 1.28 0.4206515 1 1 1
v 0.8025213 1.28 0.2406515 1 1 1
v 0.8025213 1.2 0.2406515 1 1 1
v 0.6425213 1.28 0.2406515 1 1 1
v 0.6425213 1.2 0.2406515 1 1 1
v 0.6225216 1.24 0.2926516 1 1 1
v 0.6225216 1.227272 0.2979237 1 1 1
v 0.2225216 1.24 0.2926515 1 1 1
v 0.2225216 1.227272 0.2979236 1 1 1
v 0.6225216 1.252728 0.2979237 1 1 1
v 0.2225216 1.252728 0.2979236 1 1 1
v 0.6225216 1.258 0.3106516 1 1 1
v 0.2225216 1.258 0.3106515 1 1 1
v 0.2225216 1.222 0.3106515 1 1 1
v 0.6225216 1.222 0.3106516 1 1 1
v 0.2225216 1.227272 0.3233794 1 1 1
v 0.6225216 1.227272 0.3233795 1 1 1
v 0.6225216 1.24 0.3286516 1 1 1
v 0.2225216 1.24 0.3286515 1 1 1
v 0.6225216 1.252728 0.3233795 1 1 1
v 0.2225216 1.252728 0.3233794 1 1 1
v 0.6225216 1.252728 0.3579236 1 1 1
v 0.6225216 1.24 0.3526515 1 1 1
v 0.2225216 1.252728 0.3579235 1 1 1
v 0.2225216 1.24 0.3526514 1 1 1
v 0.6225216 1.24 0.3886515 1 1 1
v 0.2225216 1.24 0.3886515 1 1 1
v 0.6225216 1.227272 0.3833794 1 1 1
v 0.2225216 1.227272 0.3833794 1 1 1
v 0.6225216 1.258 0.3706515 1 1 1
v 0.2225216 1.258 0.3706515 1 1 1
v 0.6225216 1.252728 0.3833794 1 1 1
v 0.2225216 1.252728 0.3833794 1 1 1
v 0.6225216 1.227272 0.3579236 1 1 1
v 0.2225216 1.227272 0.3579235 1 1 1
v 0.2225216 1.222 0.3706515 1 1 1
v 0.6225216 1.222 0.3706515 1 1 1
v 0.4083061 1.214412 0.3106515 1 1 1
v 0.4367371 1.214412 0.3106515 1 1 1
v 0.4083061 1.221907 0.3287449 1 1 1
v 0.4367371 1.221907 0.3287449 1 1 1
v 0.4367371 1.265588 0.3106515 1 1 1
v 0.4083061 1.265588 0.3106515 1 1 1
v 0.4367371 1.258093 0.3287449 1 1 1
v 0.4083061 1.258093 0.3287449 1 1 1
v 0.4367371 1.24 0.3362395 1 1 1
v 0.4083061 1.24 0.3362395 1 1 1
v 0.4083061 1.221907 0.2925582 1 1 1
v 0.4083061 1.24 0.2850636 1 1 1
v 0.4083061 1.258093 0.2925582 1 1 1
v 0.4367371 1.258093 0.2925582 1 1 1
v 0.4367371 1.221907 0.2925582 1 1 1
v 0.4367371 1.24 0.2850636 1 1 1
v 0.2025214 1.2 0.4406515 1 1 1
v 0.2025214 1.28 0.4406515 1 1 1
v 0.04252138 1.2 0.4406515 1 1 1
v 0.04252138 1.28 0.4406515 1 1 1
v 0.2225214 1.2 0.4206515 1 1 1
v 0.2225214 1.2 0.2606515 1 1 1
v 0.2225214 1.28 0.4206515 1 1 1
v 0.2225214 1.28 0.2606515 1 1 1
v 0.02252139 1.2 0.2606515 1 1 1
v 0.02252138 1.2 0.4206515 1 1 1
v 0.02252139 1.28 0.2606515 1 1 1
v 0.02252138 1.28 0.4206515 1 1 1
v 0.2025214 1.28 0.2406515 1 1 1
v 0.2025214 1.2 0.2406515 1 1 1
v 0.04252141 1.28 0.2406515 1 1 1
v 0.04252141 1.2 0.2406515 1 1 1
v 0.4367371 1.258093 0.3525581 1 1 1
v 0.4083061 1.258093 0.3525581 1 1 1
v 0.4367371 1.265588 0.3706515 1 1 1
v 0.4083061 1.265588 0.3706515 1 1 1
v 0.4083061 1.214412 0.3706515 1 1 1
v 0.4367371 1.214412 0.3706515 1 1 1
v 0.4083061 1.221907 0.3887449 1 1 1
v 0.4367371 1.221907 0.3887449 1 1 1
v 0.4083061 1.221907 0.3525581 1 1 1
v 0.4083061 1.24 0.3450636 1 1 1
v 0.4083061 1.24 0.3962394 1 1 1
v 0.4083061 1.258093 0.3887449 1 1 1
v 0.4367371 1.221907 0.3525581 1 1 1
v 0.4367371 1.24 0.3962394 1 1 1
v 0.4367371 1.24 0.3450636 1 1 1
v 0.4367371 1.258093 0.3887449 1 1 1
v -0.9974784 0.4 0.6010001 1 1 1
v -0.9974785 0.4 0.201 1 1 1
v -0.9974784 0.45 0.6010001 1 1 1
v -0.9974785 0.45 0.201 1 1 1
v -0.9774784 0.4 0.6210001 1 1 1
v -0.9774784 0.45 0.6210001 1 1 1
v -0.5774784 0.4 0.621 1 1 1
v -0.5774784 0.45 0.621 1 1 1
v -0.5774785 0.4 0.201 1 1 1
v -0.9774785 0.45 0.201 1 1 1
v -0.9774784 0.45 0.6010001 1 1 1
v -0.5774784 0.45 0.601 1 1 1
v 1.042521 0.8 0.6010001 1 1 1
v 1.042521 0.8 0.201 1 1 1
v 1.042521 0.85 0.6010001 1 1 1
v 1.042521 0.85 0.201 1 1 1
v 1.022521 0.8 0.6210001 1 1 1
v 1.022521 0.85 0.6210001 1 1 1
v 0.6225214 0.8 0.621 1 1 1
v 0.6225214 0.85 0.621 1 1 1
v 0.6225215 0.8 0.201 1 1 1
v 1.022521 0.85 0.201 1 1 1
v 1.022521 0.85 0.6010001 1 1 1
v 0.6225214 0.85 0.601 1 1 1
v -0.1774785 0.8 0.621 1 1 1
v 0.2225215 0.8 0.621 1 1 1
v -0.1774785 0.8 0.201 1 1 1
v 0.2225215 0.8 0.201 1 1 1
v 0.2225215 0.85 0.621 1 1 1
v -0.1774785 0.85 0.621 1 1 1
v -0.1774785 0.85 0.601 1 1 1
v 0.2225215 0.85 0.601 1 1 1
v 0.6225215 3.991885E-17 0.2009999 1 1 1
v 0.6225215 3.991885E-17 -0.1990001 1 1 1
v -0.5774785 3.991885E-17 0.2009999 1 1 1
v -0.5774785 3.991885E-17 -0.1990001 1 1 1
v -0.9974787 1.065261E-17 -0.1990001 1 1 1
v -0.9974787 1.065261E-17 0.201 1 1 1
v -0.5774787 1.065261E-17 -0.1990001 1 1 1
v -0.5774786 1.065261E-17 0.2009999 1 1 1
v -0.9974787 0.05 0.201 1 1 1
v -0.9974787 0.05 -0.1990001 1 1 1
v -0.9774787 0.05 -0.1990001 1 1 1
v -0.9774787 0.05 0.201 1 1 1
v -0.9974784 1.065261E-17 0.6010001 1 1 1
v -0.9974785 1.065261E-17 0.201 1 1 1
v -0.9974784 0.05 0.6010001 1 1 1
v -0.9974785 0.05 0.201 1 1 1
v -0.9774784 1.065261E-17 0.6210001 1 1 1
v -0.9774784 0.05 0.6210001 1 1 1
v -0.5774784 1.065261E-17 0.621 1 1 1
v -0.5774784 0.05 0.621 1 1 1
v -0.5774785 1.065261E-17 0.201 1 1 1
v -0.9774785 0.05 0.201 1 1 1
v -0.9774784 0.05 0.6010001 1 1 1
v -0.5774784 0.05 0.601 1 1 1
v 1.042521 0.4 0.6010001 1 1 1
v 1.042521 0.4 0.201 1 1 1
v 1.042521 0.45 0.6010001 1 1 1
v 1.042521 0.45 0.201 1 1 1
v 1.022521 0.4 0.6210001 1 1 1
v 1.022521 0.45 0.6210001 1 1 1
v 0.6225214 0.4 0.621 1 1 1
v 0.6225214 0.45 0.621 1 1 1
v 0.6225215 0.4 0.201 1 1 1
v 1.022521 0.45 0.201 1 1 1
v 1.022521 0.45 0.6010001 1 1 1
v 0.6225214 0.45 0.601 1 1 1
v -0.9974784 0.8 0.6010001 1 1 1
v -0.9974785 0.8 0.201 1 1 1
v -0.9974784 0.85 0.6010001 1 1 1
v -0.9974785 0.85 0.201 1 1 1
v -0.9774784 0.8 0.6210001 1 1 1
v -0.9774784 0.85 0.6210001 1 1 1
v -0.5774784 0.8 0.621 1 1 1
v -0.5774784 0.85 0.621 1 1 1
v -0.5774785 0.8 0.201 1 1 1
v -0.9774785 0.85 0.201 1 1 1
v -0.9774784 0.85 0.6010001 1 1 1
v -0.5774784 0.85 0.601 1 1 1
v -0.9974787 0.4 -0.1990001 1 1 1
v -0.9974787 0.4 0.201 1 1 1
v -0.5774787 0.4 -0.1990001 1 1 1
v -0.5774786 0.4 0.2009999 1 1 1
v -0.9974787 0.45 0.201 1 1 1
v -0.9974787 0.45 -0.1990001 1 1 1
v -0.9774787 0.45 -0.1990001 1 1 1
v -0.9774787 0.45 0.201 1 1 1
v 1.042522 3.991885E-17 0.201 1 1 1
v 1.042522 3.991885E-17 -0.1990001 1 1 1
v 0.6225216 3.991885E-17 0.2009999 1 1 1
v 0.6225217 3.991885E-17 -0.1990001 1 1 1
v 1.042522 0.05 -0.1990001 1 1 1
v 1.042522 0.05 0.201 1 1 1
v 1.022522 0.05 0.201 1 1 1
v 1.022522 0.05 -0.1990001 1 1 1
v 0.2225216 1.23 -0.599 1 1 1
v 0.6225216 1.23 -0.5989999 1 1 1
v 0.2225216 1.23 -0.619 1 1 1
v 0.6225216 1.23 -0.6189999 1 1 1
v 0.6225216 1.2 -0.5989999 1 1 1
v 0.2225216 1.2 -0.599 1 1 1
v 0.6225216 1.28 -0.5489999 1 1 1
v 0.6225216 1.2 -0.5489999 1 1 1
v 0.2225216 1.28 -0.549 1 1 1
v 0.2225216 1.2 -0.549 1 1 1
v 0.2225216 1.28 -0.619 1 1 1
v 0.6225216 1.28 -0.6189999 1 1 1
v -0.9774784 1.2 -0.5989999 1 1 1
v -0.9774784 1.23 -0.5989999 1 1 1
v -0.9774784 1.2 -0.1989999 1 1 1
v -0.9774784 1.23 -0.1989999 1 1 1
v -0.5774785 1.2 -0.5989999 1 1 1
v -0.5774785 1.23 -0.5989999 1 1 1
v -0.9274784 1.28 -0.5489999 1 1 1
v -0.9274784 1.2 -0.5489999 1 1 1
v -0.9274784 1.28 -0.1989999 1 1 1
v -0.9274784 1.2 -0.1989999 1 1 1
v -0.9774784 1.23 -0.6189999 1 1 1
v -0.5774785 1.23 -0.6189999 1 1 1
v -0.9774784 1.28 -0.6189999 1 1 1
v -0.5774785 1.28 -0.6189999 1 1 1
v -0.9974784 1.23 -0.1989999 1 1 1
v -0.9974784 1.23 -0.5989999 1 1 1
v -0.5774785 1.28 -0.5489999 1 1 1
v -0.9974784 1.28 -0.1989999 1 1 1
v -0.9974784 1.28 -0.5989999 1 1 1
v -0.5774785 1.2 -0.5489999 1 1 1
v 1.022521 1.2 -0.5989999 1 1 1
v 1.022521 1.23 -0.5989999 1 1 1
v 0.6225215 1.2 -0.599 1 1 1
v 0.6225215 1.23 -0.599 1 1 1
v 1.022521 1.2 -0.1989999 1 1 1
v 1.022521 1.23 -0.1989999 1 1 1
v 0.9725215 1.28 -0.5489999 1 1 1
v 0.9725215 1.2 -0.5489999 1 1 1
v 0.6225214 1.28 -0.549 1 1 1
v 0.6225214 1.2 -0.549 1 1 1
v 1.042521 1.23 -0.5989999 1 1 1
v 1.042521 1.23 -0.1989999 1 1 1
v 1.042521 1.28 -0.5989999 1 1 1
v 1.042521 1.28 -0.1989999 1 1 1
v 0.6225215 1.23 -0.619 1 1 1
v 1.022521 1.23 -0.6189999 1 1 1
v 0.9725214 1.28 -0.1989999 1 1 1
v 0.6225215 1.28 -0.619 1 1 1
v 1.022521 1.28 -0.6189999 1 1 1
v 0.9725214 1.2 -0.1989999 1 1 1
v -0.5774786 1.23 -0.599 1 1 1
v -0.1774785 1.23 -0.5989999 1 1 1
v -0.5774786 1.23 -0.619 1 1 1
v -0.1774785 1.23 -0.6189999 1 1 1
v -0.1774785 1.2 -0.5989999 1 1 1
v -0.5774786 1.2 -0.599 1 1 1
v -0.1774786 1.28 -0.5489999 1 1 1
v -0.1774786 1.2 -0.5489999 1 1 1
v -0.5774786 1.28 -0.549 1 1 1
v -0.5774786 1.2 -0.549 1 1 1
v -0.5774786 1.28 -0.619 1 1 1
v -0.1774785 1.28 -0.6189999 1 1 1
v -0.9774784 1.23 0.2009999 1 1 1
v -0.9774784 1.23 -0.1990001 1 1 1
v -0.9974784 1.23 0.2009999 1 1 1
v -0.9974784 1.23 -0.1990001 1 1 1
v -0.9774784 1.2 -0.1990001 1 1 1
v -0.9774784 1.2 0.2009999 1 1 1
v -0.9274784 1.28 -0.1990001 1 1 1
v -0.9274784 1.2 -0.1990001 1 1 1
v -0.9274784 1.28 0.2009999 1 1 1
v -0.9274784 1.2 0.2009999 1 1 1
v -0.9974784 1.28 0.2009999 1 1 1
v -0.9974784 1.28 -0.1990001 1 1 1
v -0.9774784 1.2 0.6010001 1 1 1
v -0.9774784 1.23 0.6010001 1 1 1
v -0.5774784 1.2 0.601 1 1 1
v -0.5774784 1.23 0.601 1 1 1
v -0.9774785 1.2 0.201 1 1 1
v -0.9774785 1.23 0.201 1 1 1
v -0.9274784 1.28 0.5510001 1 1 1
v -0.9274784 1.2 0.5510001 1 1 1
v -0.5774784 1.28 0.551 1 1 1
v -0.5774784 1.2 0.551 1 1 1
v -0.9974784 1.23 0.6010001 1 1 1
v -0.9974785 1.23 0.201 1 1 1
v -0.9974784 1.28 0.6010001 1 1 1
v -0.9974785 1.28 0.201 1 1 1
v -0.5774784 1.23 0.621 1 1 1
v -0.9774784 1.23 0.6210001 1 1 1
v -0.9274785 1.28 0.201 1 1 1
v -0.5774784 1.28 0.621 1 1 1
v -0.9774784 1.28 0.6210001 1 1 1
v -0.9274785 1.2 0.201 1 1 1
v 1.022521 1.23 -0.1990001 1 1 1
v 1.022521 1.23 0.2009999 1 1 1
v 1.042521 1.23 -0.1990001 1 1 1
v 1.042521 1.23 0.2009999 1 1 1
v 1.022521 1.2 0.2009999 1 1 1
v 1.022521 1.2 -0.1990001 1 1 1
v 0.9725214 1.28 0.2009999 1 1 1
v 0.9725214 1.2 0.2009999 1 1 1
v 0.9725214 1.28 -0.1990001 1 1 1
v 0.9725214 1.2 -0.1990001 1 1 1
v 1.042521 1.28 -0.1990001 1 1 1
v 1.042521 1.28 0.2009999 1 1 1
v 0.6225216 1.23 0.601 1 1 1
v 0.2225216 1.23 0.6010001 1 1 1
v 0.6225216 1.23 0.621 1 1 1
v 0.2225216 1.23 0.6210001 1 1 1
v 0.2225216 1.2 0.6010001 1 1 1
v 0.6225216 1.2 0.601 1 1 1
v 0.2225216 1.28 0.5510001 1 1 1
v 0.2225216 1.2 0.5510001 1 1 1
v 0.6225216 1.28 0.551 1 1 1
v 0.6225216 1.2 0.551 1 1 1
v 0.6225216 1.28 0.621 1 1 1
v 0.2225216 1.28 0.6210001 1 1 1
v 0.2225216 1.23 0.601 1 1 1
v -0.1774785 1.23 0.6010001 1 1 1
v 0.2225216 1.23 0.621 1 1 1
v -0.1774785 1.23 0.6210001 1 1 1
v -0.1774785 1.2 0.6010001 1 1 1
v 0.2225216 1.2 0.601 1 1 1
v -0.1774785 1.28 0.5510001 1 1 1
v -0.1774785 1.2 0.5510001 1 1 1
v 0.2225215 1.28 0.551 1 1 1
v 0.2225215 1.2 0.551 1 1 1
v 0.2225216 1.28 0.621 1 1 1
v -0.1774785 1.28 0.6210001 1 1 1
v -0.1774785 1.23 0.601 1 1 1
v -0.5774786 1.23 0.6010001 1 1 1
v -0.1774785 1.23 0.621 1 1 1
v -0.5774786 1.23 0.6210001 1 1 1
v -0.5774786 1.2 0.6010001 1 1 1
v -0.1774785 1.2 0.601 1 1 1
v -0.5774786 1.28 0.5510001 1 1 1
v -0.5774786 1.2 0.5510001 1 1 1
v -0.1774786 1.28 0.551 1 1 1
v -0.1774786 1.2 0.551 1 1 1
v -0.1774785 1.28 0.621 1 1 1
v -0.5774786 1.28 0.6210001 1 1 1
v 1.022521 1.2 0.601 1 1 1
v 1.022521 1.23 0.601 1 1 1
v 1.022521 1.2 0.201 1 1 1
v 1.022521 1.23 0.201 1 1 1
v 0.6225215 1.2 0.601 1 1 1
v 0.6225215 1.23 0.601 1 1 1
v 0.9725214 1.28 0.551 1 1 1
v 0.9725214 1.2 0.551 1 1 1
v 0.9725214 1.28 0.201 1 1 1
v 0.9725214 1.2 0.201 1 1 1
v 1.022521 1.23 0.621 1 1 1
v 0.6225215 1.23 0.621 1 1 1
v 1.022521 1.28 0.621 1 1 1
v 0.6225215 1.28 0.621 1 1 1
v 1.042521 1.23 0.201 1 1 1
v 1.042521 1.23 0.601 1 1 1
v 0.6225215 1.28 0.551 1 1 1
v 1.042521 1.28 0.201 1 1 1
v 1.042521 1.28 0.601 1 1 1
v 0.6225215 1.2 0.551 1 1 1
v -0.6294665 1.234 -0.281595 1 1 1
v -0.6381069 1.234 -0.2607353 1 1 1
v -0.6147165 1.2635 -0.281595 1 1 1
v -0.6276771 1.2635 -0.2503055 1 1 1
v -0.6884665 1.234 -0.281595 1 1 1
v -0.7032166 1.2635 -0.281595 1 1 1
v -0.6798262 1.234 -0.2607353 1 1 1
v -0.690256 1.2635 -0.2503055 1 1 1
v -0.6381069 1.2 -0.2607353 1 1 1
v -0.6589665 1.2 -0.252095 1 1 1
v -0.6589665 1.234 -0.252095 1 1 1
v -0.6276771 1.2635 -0.3128844 1 1 1
v -0.6381069 1.234 -0.3024547 1 1 1
v -0.6589665 1.2635 -0.237345 1 1 1
v -0.6589665 1.234 -0.311095 1 1 1
v -0.6589665 1.2635 -0.325845 1 1 1
v -0.6798262 1.234 -0.3024547 1 1 1
v -0.690256 1.2635 -0.3128844 1 1 1
v -0.6294665 1.293 -0.281595 1 1 1
v -0.6381069 1.293 -0.2607353 1 1 1
v -0.6798262 1.2 -0.2607353 1 1 1
v -0.6798262 1.2 -0.3024547 1 1 1
v -0.6589665 1.2 -0.311095 1 1 1
v -0.6884665 1.2 -0.281595 1 1 1
v -0.6798262 1.293 -0.3024547 1 1 1
v -0.6589665 1.293 -0.311095 1 1 1
v -0.6381069 1.293 -0.3024547 1 1 1
v -0.6589665 1.293 -0.252095 1 1 1
v -0.6798262 1.293 -0.2607353 1 1 1
v -0.6884665 1.293 -0.281595 1 1 1
v -0.6381069 1.2 -0.3024547 1 1 1
v -0.6294665 1.2 -0.281595 1 1 1
v -0.4294667 1.234 -0.281595 1 1 1
v -0.4381071 1.234 -0.2607353 1 1 1
v -0.4147167 1.2635 -0.281595 1 1 1
v -0.4276773 1.2635 -0.2503055 1 1 1
v -0.4884667 1.234 -0.281595 1 1 1
v -0.5032167 1.2635 -0.281595 1 1 1
v -0.4798264 1.234 -0.2607353 1 1 1
v -0.4902562 1.2635 -0.2503055 1 1 1
v -0.4381071 1.2 -0.2607353 1 1 1
v -0.4589667 1.2 -0.252095 1 1 1
v -0.4589667 1.234 -0.252095 1 1 1
v -0.4276773 1.2635 -0.3128844 1 1 1
v -0.4381071 1.234 -0.3024547 1 1 1
v -0.4589667 1.2635 -0.237345 1 1 1
v -0.4589667 1.234 -0.311095 1 1 1
v -0.4589667 1.2635 -0.325845 1 1 1
v -0.4798264 1.234 -0.3024547 1 1 1
v -0.4902562 1.2635 -0.3128844 1 1 1
v -0.4294667 1.293 -0.281595 1 1 1
v -0.4381071 1.293 -0.2607353 1 1 1
v -0.4798264 1.2 -0.2607353 1 1 1
v -0.4798264 1.2 -0.3024547 1 1 1
v -0.4589667 1.2 -0.311095 1 1 1
v -0.4884667 1.2 -0.281595 1 1 1
v -0.4798264 1.293 -0.3024547 1 1 1
v -0.4589667 1.293 -0.311095 1 1 1
v -0.4381071 1.293 -0.3024547 1 1 1
v -0.4589667 1.293 -0.252095 1 1 1
v -0.4798264 1.293 -0.2607353 1 1 1
v -0.4884667 1.293 -0.281595 1 1 1
v -0.4381071 1.2 -0.3024547 1 1 1
v -0.4294667 1.2 -0.281595 1 1 1
v -0.1774785 1.23 -0.599 1 1 1
v 0.2225216 1.23 -0.5989999 1 1 1
v -0.1774785 1.23 -0.619 1 1 1
v 0.2225216 1.23 -0.6189999 1 1 1
v 0.2225216 1.2 -0.5989999 1 1 1
v -0.1774785 1.2 -0.599 1 1 1
v 0.2225215 1.28 -0.5489999 1 1 1
v 0.2225215 1.2 -0.5489999 1 1 1
v -0.1774785 1.28 -0.549 1 1 1
v -0.1774785 1.2 -0.549 1 1 1
v -0.1774785 1.28 -0.619 1 1 1
v 0.2225216 1.28 -0.6189999 1 1 1
v -0.7711216 1.2 0.3364282 1 1 1
v -0.7711216 1.375 0.3364282 1 1 1
v -0.7418323 1.2 0.4071389 1 1 1
v -0.7418323 1.375 0.4071389 1 1 1
v -0.7418323 1.2 0.2657175 1 1 1
v -0.7418323 1.375 0.2657175 1 1 1
v -0.6711216 1.2 0.2364282 1 1 1
v -0.6711216 1.375 0.2364282 1 1 1
v -0.6004109 1.2 0.2657175 1 1 1
v -0.6004109 1.375 0.2657175 1 1 1
v -0.5711216 1.375 0.3364282 1 1 1
v -0.5711216 1.2 0.3364282 1 1 1
v -0.6004109 1.375 0.4071389 1 1 1
v -0.6004109 1.2 0.4071389 1 1 1
v -0.6711216 1.2 0.4364282 1 1 1
v -0.6711216 1.375 0.4364282 1 1 1
v -0.5494738 1.375 0.3364282 1 1 1
v -0.5851036 1.375 0.2504101 1 1 1
v -0.5851036 1.375 0.4224462 1 1 1
v -0.6711216 1.375 0.458076 1 1 1
v -0.6711216 1.375 0.2147803 1 1 1
v -0.7571396 1.375 0.4224462 1 1 1
v -0.7571396 1.375 0.2504101 1 1 1
v -0.7927694 1.375 0.3364282 1 1 1
v -0.6407096 1.47 0.3364282 1 1 1
v -0.6496171 1.47 0.3579327 1 1 1
v -0.6496171 1.47 0.3149237 1 1 1
v -0.6711216 1.47 0.3060162 1 1 1
v -0.6711216 1.47 0.3668401 1 1 1
v -0.6926261 1.47 0.3149237 1 1 1
v -0.6926261 1.47 0.3579327 1 1 1
v -0.7015336 1.47 0.3364282 1 1 1
v -0.6711216 1.395 0.458076 1 1 1
v -0.7571396 1.395 0.4224462 1 1 1
v -0.5851036 1.395 0.2504101 1 1 1
v -0.6711216 1.395 0.2147803 1 1 1
v -0.5494738 1.395 0.3364282 1 1 1
v -0.5851036 1.395 0.4224462 1 1 1
v -0.7927694 1.395 0.3364282 1 1 1
v -0.7571396 1.395 0.2504101 1 1 1
v -1.028207 0.05000001 -0.557728 1 1 1
v -1.015479 0.05000001 -0.5630001 1 1 1
v -1.028207 1.164 -0.557728 1 1 1
v -1.015479 1.164 -0.5630001 1 1 1
v -0.9974786 1.164 -0.5450001 1 1 1
v -0.9974786 0.05000001 -0.5450001 1 1 1
v -1.002751 1.164 -0.5322722 1 1 1
v -1.002751 0.05000001 -0.5322722 1 1 1
v -1.002751 0.05000001 -0.557728 1 1 1
v -1.002751 1.164 -0.557728 1 1 1
v -1.015479 0.05000001 -0.5270001 1 1 1
v -1.015479 1.164 -0.5270001 1 1 1
v -1.028207 0.05000001 -0.5322722 1 1 1
v -1.028207 1.164 -0.5322722 1 1 1
v -1.033479 0.05000001 -0.5450001 1 1 1
v -1.033479 1.164 -0.5450001 1 1 1
v -0.9774786 1.164 -0.5270001 1 1 1
v -0.9774786 1.164 -0.5630001 1 1 1
v -1.033479 1.164 -0.5270001 1 1 1
v -1.033479 1.164 -0.5630001 1 1 1
v -0.9774786 1.2 -0.5630001 1 1 1
v -0.9774786 1.2 -0.5270001 1 1 1
v -1.023479 1.2 -0.5630001 1 1 1
v -1.023479 1.2 -0.5270001 1 1 1
v -1.033479 1.19 -0.5270001 1 1 1
v -1.033479 1.19 -0.5630001 1 1 1
v -1.033572 1.078707 -0.5630934 1 1 1
v -1.033572 1.107138 -0.5630934 1 1 1
v -1.041067 1.078707 -0.5450001 1 1 1
v -1.041067 1.107138 -0.5450001 1 1 1
v -1.015479 1.078707 -0.570588 1 1 1
v -1.015479 1.107138 -0.570588 1 1 1
v -0.9898907 1.107138 -0.5450001 1 1 1
v -0.9898907 1.078707 -0.5450001 1 1 1
v -0.9973853 1.107138 -0.5269067 1 1 1
v -0.9973853 1.078707 -0.5269067 1 1 1
v -0.9973853 1.107138 -0.5630934 1 1 1
v -0.9973853 1.078707 -0.5630934 1 1 1
v -1.033572 1.078707 -0.5269067 1 1 1
v -1.033572 1.107138 -0.5269067 1 1 1
v -1.015479 1.078707 -0.5194122 1 1 1
v -1.015479 1.107138 -0.5194122 1 1 1
v -1.033572 0.527724 -0.5630934 1 1 1
v -1.033572 0.556155 -0.5630934 1 1 1
v -1.041067 0.527724 -0.5450001 1 1 1
v -1.041067 0.556155 -0.5450001 1 1 1
v -1.015479 0.527724 -0.570588 1 1 1
v -1.015479 0.556155 -0.570588 1 1 1
v -0.9898907 0.556155 -0.5450001 1 1 1
v -0.9898907 0.527724 -0.5450001 1 1 1
v -0.9973853 0.556155 -0.5269067 1 1 1
v -0.9973853 0.527724 -0.5269067 1 1 1
v -0.9973853 0.556155 -0.5630934 1 1 1
v -0.9973853 0.527724 -0.5630934 1 1 1
v -1.033572 0.527724 -0.5269067 1 1 1
v -1.033572 0.556155 -0.5269067 1 1 1
v -1.015479 0.527724 -0.5194122 1 1 1
v -1.015479 0.556155 -0.5194122 1 1 1
v -1.033572 0.2522325 -0.5630934 1 1 1
v -1.033572 0.2806635 -0.5630934 1 1 1
v -1.041067 0.2522325 -0.5450001 1 1 1
v -1.041067 0.2806635 -0.5450001 1 1 1
v -1.015479 0.2522325 -0.570588 1 1 1
v -1.015479 0.2806635 -0.570588 1 1 1
v -0.9898907 0.2806635 -0.5450001 1 1 1
v -0.9898907 0.2522325 -0.5450001 1 1 1
v -0.9973853 0.2806635 -0.5269067 1 1 1
v -0.9973853 0.2522325 -0.5269067 1 1 1
v -0.9973853 0.2806635 -0.5630934 1 1 1
v -0.9973853 0.2522325 -0.5630934 1 1 1
v -1.033572 0.2522325 -0.5269067 1 1 1
v -1.033572 0.2806635 -0.5269067 1 1 1
v -1.015479 0.2522325 -0.5194122 1 1 1
v -1.015479 0.2806635 -0.5194122 1 1 1
v -1.033572 0.8032155 -0.5630934 1 1 1
v -1.033572 0.8316465 -0.5630934 1 1 1
v -1.041067 0.8032155 -0.5450001 1 1 1
v -1.041067 0.8316465 -0.5450001 1 1 1
v -1.015479 0.8032155 -0.570588 1 1 1
v -1.015479 0.8316465 -0.570588 1 1 1
v -0.9898907 0.8316465 -0.5450001 1 1 1
v -0.9898907 0.8032155 -0.5450001 1 1 1
v -0.9973853 0.8316465 -0.5269067 1 1 1
v -0.9973853 0.8032155 -0.5269067 1 1 1
v -0.9973853 0.8316465 -0.5630934 1 1 1
v -0.9973853 0.8032155 -0.5630934 1 1 1
v -1.033572 0.8032155 -0.5269067 1 1 1
v -1.033572 0.8316465 -0.5269067 1 1 1
v -1.015479 0.8032155 -0.5194122 1 1 1
v -1.015479 0.8316465 -0.5194122 1 1 1
v 0.3925215 2.203967E-16 -0.6189999 1 1 1
v 0.3925215 0.27 -0.6189999 1 1 1
v 0.3925215 2.203967E-16 -0.5989999 1 1 1
v 0.3925215 0.27 -0.5989999 1 1 1
v 0.8525214 0.27 -0.6189999 1 1 1
v 0.8525214 2.203967E-16 -0.6189999 1 1 1
v 0.8525214 0.27 -0.5989999 1 1 1
v 0.8525214 2.203967E-16 -0.5989999 1 1 1
v 0.2225214 3.991885E-17 -0.1989999 1 1 1
v 0.2225214 3.991885E-17 -0.6189999 1 1 1
v 1.042521 3.991885E-17 -0.1989999 1 1 1
v 1.022521 7.97117E-17 -0.6189999 1 1 1
v 1.042521 3.991885E-17 -0.5989999 1 1 1
v 0.8825215 0.05 -0.6189999 1 1 1
v 0.8825215 0.05 -0.5989999 1 1 1
v 1.022521 0.05 -0.6189999 1 1 1
v 1.022521 0.05 -0.5989999 1 1 1
v 1.022521 0.05 -0.1989999 1 1 1
v 1.042521 0.05 -0.1989999 1 1 1
v 1.042521 0.05 -0.5989999 1 1 1
v 0.8825215 0.28 -0.6189999 1 1 1
v 0.8825215 0.28 -0.5989999 1 1 1
v 0.2225214 0.05 -0.6189999 1 1 1
v 0.2225214 0.05 -0.5989999 1 1 1
v 0.3625214 0.05 -0.6189999 1 1 1
v 0.3625214 0.05 -0.5989999 1 1 1
v 0.3625214 0.28 -0.6189999 1 1 1
v 0.3625214 0.28 -0.5989999 1 1 1
v 0.3825215 0.3 -0.6189999 1 1 1
v 0.3825215 0.3 -0.5989999 1 1 1
v 0.8625214 0.3 -0.6189999 1 1 1
v 0.8625214 0.3 -0.5989999 1 1 1
v 0.64447 0.03688905 -0.599 1 1 1
v 0.64447 0.05 -0.599 1 1 1
v 0.6005728 0.03688905 -0.599 1 1 1
v 0.6005728 0.05 -0.599 1 1 1
v 0.64447 0.03688905 -0.6100001 1 1 1
v 0.6005728 0.03688905 -0.6100001 1 1 1
v 0.64447 0.05 -0.6100001 1 1 1
v 0.6005728 0.05 -0.6100001 1 1 1
v -0.4074782 1.806038E-16 -0.6189999 1 1 1
v -0.4074782 0.27 -0.6189999 1 1 1
v -0.4074782 1.806038E-16 -0.5989999 1 1 1
v -0.4074782 0.27 -0.5989999 1 1 1
v 0.05252172 0.27 -0.6189999 1 1 1
v 0.05252172 1.806038E-16 -0.6189999 1 1 1
v 0.05252172 0.27 -0.5989999 1 1 1
v 0.05252172 1.806038E-16 -0.5989999 1 1 1
v -0.5774783 1.259868E-19 -0.1989999 1 1 1
v -0.5774783 1.259868E-19 -0.6189999 1 1 1
v 0.2225217 3.960552E-17 -0.1989999 1 1 1
v 0.2225217 3.991885E-17 -0.6189999 1 1 1
v 0.08252172 0.05 -0.6189999 1 1 1
v 0.08252172 0.05 -0.5989999 1 1 1
v 0.2225217 0.05 -0.6189999 1 1 1
v 0.2225217 0.05 -0.5989999 1 1 1
v 0.08252172 0.28 -0.6189999 1 1 1
v 0.08252172 0.28 -0.5989999 1 1 1
v -0.5774783 0.05 -0.6189999 1 1 1
v -0.5774783 0.05 -0.5989999 1 1 1
v -0.4374783 0.05 -0.6189999 1 1 1
v -0.4374783 0.05 -0.5989999 1 1 1
v -0.4374783 0.28 -0.6189999 1 1 1
v -0.4374783 0.28 -0.5989999 1 1 1
v -0.4174783 0.3 -0.6189999 1 1 1
v -0.4174783 0.3 -0.5989999 1 1 1
v 0.06252173 0.3 -0.6189999 1 1 1
v 0.06252173 0.3 -0.5989999 1 1 1
v -0.1555297 0.03688905 -0.599 1 1 1
v -0.1555297 0.05 -0.599 1 1 1
v -0.1994269 0.03688905 -0.599 1 1 1
v -0.1994269 0.05 -0.599 1 1 1
v -0.1555297 0.03688905 -0.6100001 1 1 1
v -0.1994269 0.03688905 -0.6100001 1 1 1
v -0.1555297 0.05 -0.6100001 1 1 1
v -0.1994269 0.05 -0.6100001 1 1 1
v 0.7025217 0.67 -0.599 1 1 1
v 0.7025217 0.67 -0.619 1 1 1
v 0.9425217 0.67 -0.599 1 1 1
v 0.9425217 0.67 -0.619 1 1 1
v 0.7025217 0.53 -0.619 1 1 1
v 0.7025217 0.53 -0.599 1 1 1
v 0.9425217 0.53 -0.619 1 1 1
v 0.9425217 0.53 -0.599 1 1 1
v 0.6925217 0.5 -0.599 1 1 1
v 0.6925217 0.5 -0.619 1 1 1
v 0.9525217 0.5 -0.599 1 1 1
v 0.9525217 0.5 -0.619 1 1 1
v 0.9725217 0.52 -0.619 1 1 1
v 0.9725217 0.68 -0.619 1 1 1
v 0.9725217 0.52 -0.599 1 1 1
v 0.9725217 0.68 -0.599 1 1 1
v 0.6725217 0.68 -0.619 1 1 1
v 0.6725217 0.52 -0.619 1 1 1
v 0.6725217 0.68 -0.599 1 1 1
v 0.6725217 0.52 -0.599 1 1 1
v 0.6925217 0.7 -0.619 1 1 1
v 0.6925217 0.7 -0.599 1 1 1
v 0.9525217 0.7 -0.619 1 1 1
v 0.9525217 0.7 -0.599 1 1 1
v 1.022522 0.4 -0.199 1 1 1
v 1.022522 0.4 -0.599 1 1 1
v 1.042522 0.4 -0.199 1 1 1
v 1.022522 0.4 -0.619 1 1 1
v 1.042522 0.4 -0.599 1 1 1
v 0.6225217 0.4 -0.619 1 1 1
v 0.6225217 0.4 -0.599 1 1 1
v 1.042522 0.45 -0.599 1 1 1
v 1.042522 0.45 -0.199 1 1 1
v 0.6225217 0.45 -0.619 1 1 1
v 0.6225217 0.45 -0.599 1 1 1
v 1.022522 0.45 -0.619 1 1 1
v 1.022522 0.45 -0.599 1 1 1
v 1.022522 0.45 -0.199 1 1 1
v 0.7225217 0.55 -0.599 1 1 1
v 0.7225217 0.65 -0.599 1 1 1
v 0.7225217 0.55 -0.579 1 1 1
v 0.7225217 0.65 -0.579 1 1 1
v 0.9225217 0.65 -0.579 1 1 1
v 0.8125217 0.65 -0.599 1 1 1
v 0.8325217 0.65 -0.599 1 1 1
v 0.9225217 0.65 -0.599 1 1 1
v 0.9225217 0.55 -0.599 1 1 1
v 0.9225217 0.55 -0.579 1 1 1
v 0.8125217 0.55 -0.599 1 1 1
v 0.8325217 0.55 -0.599 1 1 1
v 0.7025217 1.07 -0.599 1 1 1
v 0.7025217 1.07 -0.619 1 1 1
v 0.9425217 1.07 -0.599 1 1 1
v 0.9425217 1.07 -0.619 1 1 1
v 0.7025217 0.93 -0.619 1 1 1
v 0.7025217 0.93 -0.599 1 1 1
v 0.9425217 0.93 -0.619 1 1 1
v 0.9425217 0.93 -0.599 1 1 1
v 0.6925217 0.9 -0.599 1 1 1
v 0.6925217 0.9 -0.619 1 1 1
v 0.9525217 0.9 -0.599 1 1 1
v 0.9525217 0.9 -0.619 1 1 1
v 0.9725217 0.92 -0.619 1 1 1
v 0.9725217 1.08 -0.619 1 1 1
v 0.9725217 0.92 -0.599 1 1 1
v 0.9725217 1.08 -0.599 1 1 1
v 0.6725217 1.08 -0.619 1 1 1
v 0.6725217 0.92 -0.619 1 1 1
v 0.6725217 1.08 -0.599 1 1 1
v 0.6725217 0.92 -0.599 1 1 1
v 0.6925217 1.1 -0.619 1 1 1
v 0.6925217 1.1 -0.599 1 1 1
v 0.9525217 1.1 -0.619 1 1 1
v 0.9525217 1.1 -0.599 1 1 1
v 1.022522 0.8 -0.199 1 1 1
v 1.022522 0.8 -0.599 1 1 1
v 1.042522 0.8 -0.199 1 1 1
v 1.022522 0.8 -0.619 1 1 1
v 1.042522 0.8 -0.599 1 1 1
v 0.6225217 0.8 -0.619 1 1 1
v 0.6225217 0.8 -0.599 1 1 1
v 1.042522 0.85 -0.599 1 1 1
v 1.042522 0.85 -0.199 1 1 1
v 0.6225217 0.85 -0.619 1 1 1
v 0.6225217 0.85 -0.599 1 1 1
v 1.022522 0.85 -0.619 1 1 1
v 1.022522 0.85 -0.599 1 1 1
v 1.022522 0.85 -0.199 1 1 1
v 0.7225217 0.95 -0.599 1 1 1
v 0.7225217 1.05 -0.599 1 1 1
v 0.7225217 0.95 -0.579 1 1 1
v 0.7225217 1.05 -0.579 1 1 1
v 0.9225217 1.05 -0.579 1 1 1
v 0.8125217 1.05 -0.599 1 1 1
v 0.8325217 1.05 -0.599 1 1 1
v 0.9225217 1.05 -0.599 1 1 1
v 0.9225217 0.95 -0.599 1 1 1
v 0.9225217 0.95 -0.579 1 1 1
v 0.8125217 0.95 -0.599 1 1 1
v 0.8325217 0.95 -0.599 1 1 1
v 0.1025216 0.67 -0.619 1 1 1
v 0.1025216 0.53 -0.619 1 1 1
v 0.1025216 0.67 -0.599 1 1 1
v 0.1025216 0.53 -0.599 1 1 1
v 0.0725216 0.52 -0.619 1 1 1
v 0.0725216 0.68 -0.619 1 1 1
v 0.0725216 0.52 -0.599 1 1 1
v 0.0725216 0.68 -0.599 1 1 1
v 0.09252161 0.5 -0.619 1 1 1
v 0.09252161 0.5 -0.599 1 1 1
v 0.09252161 0.7 -0.619 1 1 1
v 0.09252161 0.7 -0.599 1 1 1
v 0.5525216 0.5 -0.599 1 1 1
v 0.5525216 0.5 -0.619 1 1 1
v 0.6225216 0.4 -0.599 1 1 1
v 0.6225216 0.4 -0.619 1 1 1
v 0.02252159 0.4 -0.599 1 1 1
v 0.02252159 0.4 -0.619 1 1 1
v 0.5425216 0.53 -0.619 1 1 1
v 0.5425216 0.53 -0.599 1 1 1
v 0.5525216 0.7 -0.619 1 1 1
v 0.5525216 0.7 -0.599 1 1 1
v 0.5725216 0.52 -0.619 1 1 1
v 0.5725216 0.68 -0.619 1 1 1
v 0.5425216 0.67 -0.619 1 1 1
v 0.5725216 0.68 -0.599 1 1 1
v 0.5725216 0.52 -0.599 1 1 1
v 0.02252159 0.45 -0.619 1 1 1
v 0.6225216 0.45 -0.619 1 1 1
v 0.5425216 0.67 -0.599 1 1 1
v 0.6225216 0.45 -0.599 1 1 1
v 0.02252159 0.45 -0.599 1 1 1
v 0.1225216 0.65 -0.599 1 1 1
v 0.1225216 0.55 -0.599 1 1 1
v 0.1225216 0.65 -0.579 1 1 1
v 0.1225216 0.55 -0.579 1 1 1
v 0.5225216 0.55 -0.599 1 1 1
v 0.5225216 0.65 -0.599 1 1 1
v 0.5225216 0.55 -0.579 1 1 1
v 0.5225216 0.65 -0.579 1 1 1
v 0.4325216 0.65 -0.599 1 1 1
v 0.4125216 0.65 -0.599 1 1 1
v 0.2325216 0.65 -0.599 1 1 1
v 0.2125216 0.65 -0.599 1 1 1
v 0.4325216 0.55 -0.599 1 1 1
v 0.4125216 0.55 -0.599 1 1 1
v 0.2325216 0.55 -0.599 1 1 1
v 0.2125216 0.55 -0.599 1 1 1
v 0.1025216 1.07 -0.619 1 1 1
v 0.1025216 0.93 -0.619 1 1 1
v 0.1025216 1.07 -0.599 1 1 1
v 0.1025216 0.93 -0.599 1 1 1
v 0.0725216 0.92 -0.619 1 1 1
v 0.0725216 1.08 -0.619 1 1 1
v 0.0725216 0.92 -0.599 1 1 1
v 0.0725216 1.08 -0.599 1 1 1
v 0.09252161 0.9 -0.619 1 1 1
v 0.09252161 0.9 -0.599 1 1 1
v 0.09252161 1.1 -0.619 1 1 1
v 0.09252161 1.1 -0.599 1 1 1
v 0.5525216 0.9 -0.599 1 1 1
v 0.5525216 0.9 -0.619 1 1 1
v 0.6225216 0.8 -0.599 1 1 1
v 0.6225216 0.8 -0.619 1 1 1
v 0.02252159 0.8 -0.599 1 1 1
v 0.02252159 0.8 -0.619 1 1 1
v 0.5425216 0.93 -0.619 1 1 1
v 0.5425216 0.93 -0.599 1 1 1
v 0.5525216 1.1 -0.619 1 1 1
v 0.5525216 1.1 -0.599 1 1 1
v 0.5725216 0.92 -0.619 1 1 1
v 0.5725216 1.08 -0.619 1 1 1
v 0.5425216 1.07 -0.619 1 1 1
v 0.5725216 1.08 -0.599 1 1 1
v 0.5725216 0.92 -0.599 1 1 1
v 0.02252159 0.85 -0.619 1 1 1
v 0.6225216 0.85 -0.619 1 1 1
v 0.5425216 1.07 -0.599 1 1 1
v 0.6225216 0.85 -0.599 1 1 1
v 0.02252159 0.85 -0.599 1 1 1
v 0.1225216 1.05 -0.599 1 1 1
v 0.1225216 0.95 -0.599 1 1 1
v 0.1225216 1.05 -0.579 1 1 1
v 0.1225216 0.95 -0.579 1 1 1
v 0.5225216 0.95 -0.599 1 1 1
v 0.5225216 1.05 -0.599 1 1 1
v 0.5225216 0.95 -0.579 1 1 1
v 0.5225216 1.05 -0.579 1 1 1
v 0.4325216 1.05 -0.599 1 1 1
v 0.4125216 1.05 -0.599 1 1 1
v 0.2325216 1.05 -0.599 1 1 1
v 0.2125216 1.05 -0.599 1 1 1
v 0.4325216 0.95 -0.599 1 1 1
v 0.4125216 0.95 -0.599 1 1 1
v 0.2325216 0.95 -0.599 1 1 1
v 0.2125216 0.95 -0.599 1 1 1
v -0.4974783 1.07 -0.619 1 1 1
v -0.4974783 0.93 -0.619 1 1 1
v -0.4974783 1.07 -0.599 1 1 1
v -0.4974783 0.93 -0.599 1 1 1
v -0.5274783 0.92 -0.619 1 1 1
v -0.5274783 1.08 -0.619 1 1 1
v -0.5274783 0.92 -0.599 1 1 1
v -0.5274783 1.08 -0.599 1 1 1
v -0.5074783 0.9 -0.619 1 1 1
v -0.5074783 0.9 -0.599 1 1 1
v -0.5074783 1.1 -0.619 1 1 1
v -0.5074783 1.1 -0.599 1 1 1
v -0.04747832 0.9 -0.599 1 1 1
v -0.04747832 0.9 -0.619 1 1 1
v 0.02252169 0.8 -0.599 1 1 1
v 0.02252169 0.8 -0.619 1 1 1
v -0.5774783 0.8 -0.599 1 1 1
v -0.5774783 0.8 -0.619 1 1 1
v -0.05747831 0.93 -0.619 1 1 1
v -0.05747831 0.93 -0.599 1 1 1
v -0.04747832 1.1 -0.619 1 1 1
v -0.04747832 1.1 -0.599 1 1 1
v -0.02747831 0.92 -0.619 1 1 1
v -0.02747831 1.08 -0.619 1 1 1
v -0.05747831 1.07 -0.619 1 1 1
v -0.02747831 1.08 -0.599 1 1 1
v -0.02747831 0.92 -0.599 1 1 1
v -0.5774783 0.85 -0.619 1 1 1
v 0.02252169 0.85 -0.619 1 1 1
v -0.05747831 1.07 -0.599 1 1 1
v 0.02252169 0.85 -0.599 1 1 1
v -0.5774783 0.85 -0.599 1 1 1
v -0.4774783 1.05 -0.599 1 1 1
v -0.4774783 0.95 -0.599 1 1 1
v -0.4774783 1.05 -0.579 1 1 1
v -0.4774783 0.95 -0.579 1 1 1
v -0.07747831 0.95 -0.599 1 1 1
v -0.07747831 1.05 -0.599 1 1 1
v -0.07747831 0.95 -0.579 1 1 1
v -0.07747831 1.05 -0.579 1 1 1
v -0.1674783 1.05 -0.599 1 1 1
v -0.1874783 1.05 -0.599 1 1 1
v -0.3674783 1.05 -0.599 1 1 1
v -0.3874783 1.05 -0.599 1 1 1
v -0.1674783 0.95 -0.599 1 1 1
v -0.1874783 0.95 -0.599 1 1 1
v -0.3674783 0.95 -0.599 1 1 1
v -0.3874783 0.95 -0.599 1 1 1
v -0.6574787 1.07 -0.599 1 1 1
v -0.6574787 1.07 -0.619 1 1 1
v -0.8974787 1.07 -0.599 1 1 1
v -0.8974787 1.07 -0.619 1 1 1
v -0.6574787 0.93 -0.619 1 1 1
v -0.6574787 0.93 -0.599 1 1 1
v -0.8974787 0.93 -0.619 1 1 1
v -0.8974787 0.93 -0.599 1 1 1
v -0.6474787 0.9 -0.599 1 1 1
v -0.6474787 0.9 -0.619 1 1 1
v -0.9074787 0.9 -0.599 1 1 1
v -0.9074787 0.9 -0.619 1 1 1
v -0.9274787 0.92 -0.619 1 1 1
v -0.9274787 1.08 -0.619 1 1 1
v -0.9274787 0.92 -0.599 1 1 1
v -0.9274787 1.08 -0.599 1 1 1
v -0.6274787 1.08 -0.619 1 1 1
v -0.6274787 0.92 -0.619 1 1 1
v -0.6274787 1.08 -0.599 1 1 1
v -0.6274787 0.92 -0.599 1 1 1
v -0.6474787 1.1 -0.619 1 1 1
v -0.6474787 1.1 -0.599 1 1 1
v -0.9074787 1.1 -0.619 1 1 1
v -0.9074787 1.1 -0.599 1 1 1
v -0.9774787 0.8 -0.199 1 1 1
v -0.9774787 0.8 -0.599 1 1 1
v -0.9974787 0.8 -0.199 1 1 1
v -0.9774787 0.8 -0.619 1 1 1
v -0.9974787 0.8 -0.599 1 1 1
v -0.5774787 0.8 -0.619 1 1 1
v -0.5774787 0.8 -0.599 1 1 1
v -0.9974787 0.85 -0.599 1 1 1
v -0.9974787 0.85 -0.199 1 1 1
v -0.5774787 0.85 -0.619 1 1 1
v -0.5774787 0.85 -0.599 1 1 1
v -0.9774787 0.85 -0.619 1 1 1
v -0.9774787 0.85 -0.599 1 1 1
v -0.9774787 0.85 -0.199 1 1 1
v -0.6774787 0.95 -0.599 1 1 1
v -0.6774787 1.05 -0.599 1 1 1
v -0.6774787 0.95 -0.579 1 1 1
v -0.6774787 1.05 -0.579 1 1 1
v -0.8774787 1.05 -0.579 1 1 1
v -0.7674787 1.05 -0.599 1 1 1
v -0.7874787 1.05 -0.599 1 1 1
v -0.8774787 1.05 -0.599 1 1 1
v -0.8774787 0.95 -0.599 1 1 1
v -0.8774787 0.95 -0.579 1 1 1
v -0.7674787 0.95 -0.599 1 1 1
v -0.7874787 0.95 -0.599 1 1 1
v -0.6574787 0.67 -0.599 1 1 1
v -0.6574787 0.67 -0.619 1 1 1
v -0.8974787 0.67 -0.599 1 1 1
v -0.8974787 0.67 -0.619 1 1 1
v -0.6574787 0.53 -0.619 1 1 1
v -0.6574787 0.53 -0.599 1 1 1
v -0.8974787 0.53 -0.619 1 1 1
v -0.8974787 0.53 -0.599 1 1 1
v -0.6474787 0.5 -0.599 1 1 1
v -0.6474787 0.5 -0.619 1 1 1
v -0.9074787 0.5 -0.599 1 1 1
v -0.9074787 0.5 -0.619 1 1 1
v -0.9274787 0.52 -0.619 1 1 1
v -0.9274787 0.68 -0.619 1 1 1
v -0.9274787 0.52 -0.599 1 1 1
v -0.9274787 0.68 -0.599 1 1 1
v -0.6274787 0.68 -0.619 1 1 1
v -0.6274787 0.52 -0.619 1 1 1
v -0.6274787 0.68 -0.599 1 1 1
v -0.6274787 0.52 -0.599 1 1 1
v -0.6474787 0.7 -0.619 1 1 1
v -0.6474787 0.7 -0.599 1 1 1
v -0.9074787 0.7 -0.619 1 1 1
v -0.9074787 0.7 -0.599 1 1 1
v -0.9774787 0.4 -0.199 1 1 1
v -0.9774787 0.4 -0.599 1 1 1
v -0.9974787 0.4 -0.199 1 1 1
v -0.9774787 0.4 -0.619 1 1 1
v -0.9974787 0.4 -0.599 1 1 1
v -0.5774787 0.4 -0.619 1 1 1
v -0.5774787 0.4 -0.599 1 1 1
v -0.9974787 0.45 -0.599 1 1 1
v -0.9974787 0.45 -0.199 1 1 1
v -0.5774787 0.45 -0.619 1 1 1
v -0.5774787 0.45 -0.599 1 1 1
v -0.9774787 0.45 -0.619 1 1 1
v -0.9774787 0.45 -0.599 1 1 1
v -0.9774787 0.45 -0.199 1 1 1
v -0.6774787 0.55 -0.599 1 1 1
v -0.6774787 0.65 -0.599 1 1 1
v -0.6774787 0.55 -0.579 1 1 1
v -0.6774787 0.65 -0.579 1 1 1
v -0.8774787 0.65 -0.579 1 1 1
v -0.7674787 0.65 -0.599 1 1 1
v -0.7874787 0.65 -0.599 1 1 1
v -0.8774787 0.65 -0.599 1 1 1
v -0.8774787 0.55 -0.599 1 1 1
v -0.8774787 0.55 -0.579 1 1 1
v -0.7674787 0.55 -0.599 1 1 1
v -0.7874787 0.55 -0.599 1 1 1
v -0.9774783 1.07 -0.1190001 1 1 1
v -0.9974783 1.07 -0.1190001 1 1 1
v -0.9774783 1.07 0.121 1 1 1
v -0.9974782 1.07 0.121 1 1 1
v -0.9974783 0.93 -0.1190001 1 1 1
v -0.9774783 0.93 -0.1190001 1 1 1
v -0.9974782 0.93 0.121 1 1 1
v -0.9774783 0.93 0.121 1 1 1
v -0.9774783 0.9 -0.1290001 1 1 1
v -0.9974783 0.9 -0.1290001 1 1 1
v -0.9774783 0.9 0.131 1 1 1
v -0.9974782 0.9 0.131 1 1 1
v -0.9974782 0.92 0.151 1 1 1
v -0.9974782 1.08 0.151 1 1 1
v -0.9774783 0.92 0.151 1 1 1
v -0.9774783 1.08 0.151 1 1 1
v -0.9974783 1.08 -0.1490001 1 1 1
v -0.9974783 0.92 -0.1490001 1 1 1
v -0.9774783 1.08 -0.1490001 1 1 1
v -0.9774783 0.92 -0.1490001 1 1 1
v -0.9974783 1.1 -0.1290001 1 1 1
v -0.9774783 1.1 -0.1290001 1 1 1
v -0.9974782 1.1 0.131 1 1 1
v -0.9774783 1.1 0.131 1 1 1
v -0.9774783 0.8 -0.1990002 1 1 1
v -0.9974783 0.8 -0.1990002 1 1 1
v -0.9774783 0.8 0.201 1 1 1
v -0.9974782 0.8 0.201 1 1 1
v -0.9974782 0.85 0.201 1 1 1
v -0.9974783 0.85 -0.1990002 1 1 1
v -0.9774783 0.85 -0.1990002 1 1 1
v -0.9774783 0.85 0.201 1 1 1
v -0.977478 0.95 -0.09900012 1 1 1
v -0.977478 1.05 -0.09900012 1 1 1
v -0.957478 0.95 -0.09900012 1 1 1
v -0.957478 1.05 -0.09900012 1 1 1
v -0.957478 1.05 0.101 1 1 1
v -0.977478 1.05 -0.009000083 1 1 1
v -0.977478 1.05 0.01099992 1 1 1
v -0.977478 1.05 0.101 1 1 1
v -0.977478 0.95 0.101 1 1 1
v -0.957478 0.95 0.101 1 1 1
v -0.977478 0.95 -0.009000083 1 1 1
v -0.977478 0.95 0.01099992 1 1 1
v -0.977478 1.07 0.121 1 1 1
v -0.977478 0.93 0.121 1 1 1
v -0.977478 0.93 -0.1190001 1 1 1
v -0.977478 1.07 -0.1190001 1 1 1
v -0.8474784 1.806038E-16 -0.6190001 1 1 1
v -0.8474784 0.27 -0.6190001 1 1 1
v -0.8474784 1.911305E-16 -0.5990001 1 1 1
v -0.8474784 0.27 -0.5990001 1 1 1
v -0.7074785 0.27 -0.6190001 1 1 1
v -0.7074785 1.806038E-16 -0.6190001 1 1 1
v -0.7074785 0.27 -0.5990001 1 1 1
v -0.7074785 1.911305E-16 -0.5990001 1 1 1
v -0.9974784 0.05 -0.5990001 1 1 1
v -0.9974784 0 -0.5990001 1 1 1
v -0.9974784 0.05 -0.1990001 1 1 1
v -0.9974784 1.065261E-17 -0.1990001 1 1 1
v -0.6774784 0.05 -0.6190001 1 1 1
v -0.6774784 0.05 -0.5990001 1 1 1
v -0.5774785 0.05 -0.6190001 1 1 1
v -0.5774785 0.05 -0.5990001 1 1 1
v -0.6774784 0.28 -0.6190001 1 1 1
v -0.6774784 0.28 -0.5990001 1 1 1
v -0.5774785 1.259868E-19 -0.6190001 1 1 1
v -0.8774784 0.28 -0.6190001 1 1 1
v -0.6974785 0.3 -0.6190001 1 1 1
v -0.8574784 0.3 -0.6190001 1 1 1
v -0.8774784 0.05 -0.6190001 1 1 1
v -0.9774784 0.05 -0.6190001 1 1 1
v -0.9774784 2.447107E-17 -0.6190001 1 1 1
v -0.9774784 0.05 -0.1990001 1 1 1
v -0.9774784 0.05 -0.5990001 1 1 1
v -0.8774784 0.05 -0.5990001 1 1 1
v -0.8574784 0.3 -0.5990001 1 1 1
v -0.6974785 0.3 -0.5990001 1 1 1
v -0.8774784 0.28 -0.5990001 1 1 1
v -0.5774785 1.065261E-17 -0.1990001 1 1 1
v -0.8174784 0.03 -0.5990001 1 1 1
v -0.8174784 0.03 -0.5790001 1 1 1
v -0.7374784 0.03 -0.5990001 1 1 1
v -0.7374784 0.03 -0.5790001 1 1 1
v -0.7374784 0.24 -0.5990001 1 1 1
v -0.7374784 0.15 -0.5990001 1 1 1
v -0.7374784 0.24 -0.5790001 1 1 1
v -0.7374784 0.12 -0.5990001 1 1 1
v -0.8174784 0.24 -0.5790001 1 1 1
v -0.8174784 0.24 -0.5990001 1 1 1
v -0.8174784 0.12 -0.5990001 1 1 1
v -0.8174784 0.15 -0.5990001 1 1 1
v -0.7374783 0.1142649 -0.599 1 1 1
v -0.7374783 0.1142649 -0.6100001 1 1 1
v -0.7182083 0.1142649 -0.599 1 1 1
v -0.7182083 0.1142649 -0.6100001 1 1 1
v -0.7374783 0.1557351 -0.6100001 1 1 1
v -0.7374783 0.1557351 -0.599 1 1 1
v -0.7182083 0.1557351 -0.6100001 1 1 1
v -0.7182083 0.1557351 -0.599 1 1 1
v -0.7247943 0.1332044 -0.61 1 1 1
v -0.7247943 0.1463153 -0.61 1 1 1
v -0.7557078 0.1332044 -0.61 1 1 1
v -0.7557078 0.1463153 -0.61 1 1 1
v -0.7247943 0.1332044 -0.621 1 1 1
v -0.7557078 0.1332044 -0.621 1 1 1
v -0.7247943 0.1463153 -0.621 1 1 1
v -0.7557078 0.1463153 -0.621 1 1 1
v -0.4974783 0.67 -0.619 1 1 1
v -0.4974783 0.53 -0.619 1 1 1
v -0.4974783 0.67 -0.599 1 1 1
v -0.4974783 0.53 -0.599 1 1 1
v -0.5274783 0.52 -0.619 1 1 1
v -0.5274783 0.68 -0.619 1 1 1
v -0.5274783 0.52 -0.599 1 1 1
v -0.5274783 0.68 -0.599 1 1 1
v -0.5074783 0.5 -0.619 1 1 1
v -0.5074783 0.5 -0.599 1 1 1
v -0.5074783 0.7 -0.619 1 1 1
v -0.5074783 0.7 -0.599 1 1 1
v -0.04747832 0.5 -0.599 1 1 1
v -0.04747832 0.5 -0.619 1 1 1
v 0.02252169 0.4 -0.599 1 1 1
v 0.02252169 0.4 -0.619 1 1 1
v -0.5774783 0.4 -0.599 1 1 1
v -0.5774783 0.4 -0.619 1 1 1
v -0.05747831 0.53 -0.619 1 1 1
v -0.05747831 0.53 -0.599 1 1 1
v -0.04747832 0.7 -0.619 1 1 1
v -0.04747832 0.7 -0.599 1 1 1
v -0.02747831 0.52 -0.619 1 1 1
v -0.02747831 0.68 -0.619 1 1 1
v -0.05747831 0.67 -0.619 1 1 1
v -0.02747831 0.68 -0.599 1 1 1
v -0.02747831 0.52 -0.599 1 1 1
v -0.5774783 0.45 -0.619 1 1 1
v 0.02252169 0.45 -0.619 1 1 1
v -0.05747831 0.67 -0.599 1 1 1
v 0.02252169 0.45 -0.599 1 1 1
v -0.5774783 0.45 -0.599 1 1 1
v -0.4774783 0.65 -0.599 1 1 1
v -0.4774783 0.55 -0.599 1 1 1
v -0.4774783 0.65 -0.579 1 1 1
v -0.4774783 0.55 -0.579 1 1 1
v -0.07747831 0.55 -0.599 1 1 1
v -0.07747831 0.65 -0.599 1 1 1
v -0.07747831 0.55 -0.579 1 1 1
v -0.07747831 0.65 -0.579 1 1 1
v -0.1674783 0.65 -0.599 1 1 1
v -0.1874783 0.65 -0.599 1 1 1
v -0.3674783 0.65 -0.599 1 1 1
v -0.3874783 0.65 -0.599 1 1 1
v -0.1674783 0.55 -0.599 1 1 1
v -0.1874783 0.55 -0.599 1 1 1
v -0.3674783 0.55 -0.599 1 1 1
v -0.3874783 0.55 -0.599 1 1 1
v 0.2225215 0.4 0.601 1 1 1
v -0.1774785 0.4 0.601 1 1 1
v 0.6225216 0.4 0.601 1 1 1
v 0.2225216 0.4 0.601 1 1 1
v 1.022521 0.4 0.6010001 1 1 1
v 1.022521 0.4 0.201 1 1 1
v 0.6225214 0.4 0.601 1 1 1
v -0.1774786 0.4 0.601 1 1 1
v -0.5774786 0.4 0.601 1 1 1
v 0.6225215 0.4 -0.1990001 1 1 1
v 0.6225215 0.4 0.2009999 1 1 1
v -0.5774785 0.4 -0.1990001 1 1 1
v -0.5774785 0.4 0.2009999 1 1 1
v -0.9774787 0.4 0.201 1 1 1
v -0.9774787 0.4 -0.1990001 1 1 1
v -0.9774784 0.4 0.6010001 1 1 1
v -0.9774785 0.4 0.201 1 1 1
v -0.5774784 0.4 0.601 1 1 1
v 1.022522 0.4 -0.1990001 1 1 1
v 1.022522 0.4 0.201 1 1 1
v 1.022521 0.4 -0.5989999 1 1 1
v 1.022521 0.4 -0.1989999 1 1 1
v 0.2225214 0.4 -0.5989999 1 1 1
v 0.2225217 0.4 -0.5989999 1 1 1
v -0.5774783 0.4 -0.5989999 1 1 1
v -0.9774784 0.4 -0.5990001 1 1 1
v -0.9774784 0.4 -0.1990001 1 1 1
v -0.5774785 0.4 -0.5990001 1 1 1
v 1.022522 0.8 -0.1990001 1 1 1
v 1.022522 0.8 0.201 1 1 1
v 0.2225215 0.8 0.601 1 1 1
v -0.1774785 0.8 0.601 1 1 1
v -0.1774786 0.8 0.601 1 1 1
v -0.5774786 0.8 0.601 1 1 1
v 0.6225216 0.8 0.601 1 1 1
v 0.2225216 0.8 0.601 1 1 1
v 0.6225216 1.2 0.601 1 1 1
v 0.2225216 1.2 0.601 1 1 1
v 1.022522 1.2 -0.1990001 1 1 1
v 1.022522 1.2 0.201 1 1 1
v -0.1774786 1.2 0.601 1 1 1
v -0.5774786 1.2 0.601 1 1 1
v -0.9774784 0.8 0.6010001 1 1 1
v -0.9774785 0.8 0.201 1 1 1
v -0.5774784 0.8 0.601 1 1 1
v 1.022521 1.2 0.6010001 1 1 1
v 0.6225214 1.2 0.601 1 1 1
v 0.2225215 1.2 0.601 1 1 1
v -0.1774785 1.2 0.601 1 1 1
v 1.022521 0.8 0.6010001 1 1 1
v 1.022521 0.8 0.201 1 1 1
v 0.6225214 0.8 0.601 1 1 1
v -0.9774787 0.8 0.201 1 1 1
v -0.9774787 0.8 -0.1990001 1 1 1
v 0.2225215 1.2 -0.1989999 1 1 1
v 0.6225216 1.2 -0.1989999 1 1 1
v -0.5774785 1.2 -0.1989999 1 1 1
v 0.6225214 1.2 -0.1989999 1 1 1
v -0.5774786 1.2 -0.1989999 1 1 1
v -0.1774786 1.2 -0.1989999 1 1 1
v -0.5774785 1.2 0.2009999 1 1 1
v -0.5774785 1.2 -0.1990001 1 1 1
v -0.5774785 1.2 0.201 1 1 1
v 0.6225215 1.2 -0.1990001 1 1 1
v 0.6225215 1.2 0.2009999 1 1 1
v 0.6225215 1.2 -0.1990001 1 1 1
v 0.2225215 1.2 -0.1990001 1 1 1
v 0.2225215 1.2 -0.1990001 1 1 1
v -0.1774786 1.2 -0.1990001 1 1 1
v -0.1774786 1.2 -0.1990001 1 1 1
v -0.5774787 1.2 -0.1990001 1 1 1
v 0.6225215 1.2 0.201 1 1 1
v -0.1774786 1.2 -0.1989999 1 1 1
v 0.2225215 1.2 -0.1989999 1 1 1
v 0.8525214 2.203967E-16 -0.599 1 1 1
v 0.3925214 2.203967E-16 -0.599 1 1 1
v 0.8525214 0.27 -0.599 1 1 1
v 0.3925214 0.27 -0.599 1 1 1
v 0.05252169 1.806038E-16 -0.599 1 1 1
v -0.4074783 1.806038E-16 -0.599 1 1 1
v 0.05252169 0.27 -0.599 1 1 1
v -0.4074783 0.27 -0.599 1 1 1
v 1.022522 1.2 -0.599 1 1 1
v 1.022522 1.2 -0.199 1 1 1
v 0.6225217 1.2 -0.599 1 1 1
v 0.02252159 1.2 -0.599 1 1 1
v 0.6225216 1.2 -0.599 1 1 1
v -0.5774783 1.2 -0.599 1 1 1
v 0.02252169 1.2 -0.599 1 1 1
v -0.9774787 1.2 -0.599 1 1 1
v -0.9774787 1.2 -0.199 1 1 1
v -0.5774787 1.2 -0.599 1 1 1
v -0.9774783 1.2 -0.1990002 1 1 1
v -0.9774783 1.2 0.201 1 1 1

vn 0 -1 0
vn 0.7071068 -0.7071068 0
vn 0 1 0
vn 0.7071068 0.7071068 0
vn 1 0 0
vn 0 0 1
vn -0.7071068 0.7071068 0
vn 0 0 -1
vn -1 0 0
vn -0.7071068 -0.7071068 0
vn 2.137179E-14 0 1
vn 0.9238796 0 0.3826836
vn 1 0 1.192093E-07
vn 0.3826834 0 0.9238797
vn -1.192093E-07 0 1
vn 0.9238795 0 -0.3826834
vn 0.9238795 0 0.3826834
vn 0.3826834 0 -0.9238795
vn -0.3826834 0 -0.9238795
vn -0.3826834 0 0.9238795
vn 0.3826834 0 0.9238795
vn -0.9238795 0 -0.3826834
vn -0.9238795 0 0.3826834
vn -0.3826836 0 0.9238796
vn 0.9238797 0 -0.3826834
vn -0.9238796 0 -0.3826836
vn -0.9238797 0 0.3826834
vn 0.3826836 0 -0.9238796
vn -0.3826834 0 -0.9238797
vn 1.192093E-07 0 -1
vn 8.42937E-08 -0.7071068 -0.7071068
vn 8.42937E-08 0.7071068 -0.7071068
vn -8.42937E-08 -0.7071068 0.7071068
vn -8.42937E-08 0.7071068 0.7071068
vn -1 0 -1.192093E-07
vn -0.9238796 0 0.3826836
vn -1 0 1.192093E-07
vn -0.3826834 0 0.9238797
vn 1.192093E-07 0 1
vn -1.192093E-07 0 -1
vn 1 0 -1.192093E-07
vn 1 0 -3.681361E-13
vn -1 0 3.681361E-13
vn 1 0 -2.122746E-13
vn 2.122746E-13 0 1
vn -1 0 2.122746E-13
vn -2.122746E-13 0 -1
vn 0.8944272 -0.4472136 0
vn 0.6324555 -0.4472136 0.6324555
vn 0.7071068 0 0.7071068
vn -0.8944272 -0.4472136 0
vn -0.6324555 -0.4472136 0.6324555
vn -0.7071068 0 0.7071068
vn 0.7071068 0 -0.7071068
vn 0.6324555 -0.4472136 -0.6324555
vn 0 -0.4472136 0.8944272
vn 0 -0.4472136 -0.8944272
vn -0.6324555 -0.4472136 -0.6324555
vn -0.7071068 0 -0.7071068
vn 0.8944272 0.4472136 0
vn 0.6324555 0.4472136 0.6324555
vn -0.6324555 0.4472136 -0.6324555
vn 0 0.4472136 -0.8944272
vn 0.6324555 0.4472136 -0.6324555
vn 0 0.4472136 0.8944272
vn -0.6324555 0.4472136 0.6324555
vn -0.8944272 0.4472136 0
vn 0 0.7724926 0.6350237
vn -0.4490295 0.7724926 0.4490295
vn 0.4490295 0.7724926 -0.4490295
vn 0 0.7724926 -0.6350237
vn 0.6350237 0.7724926 0
vn 0.4490295 0.7724926 0.4490295
vn -0.6350237 0.7724926 0
vn -0.4490295 0.7724926 -0.4490295
vn -0.7071068 0 -0.7071068
vn 0.7071068 0 0.7071068
vn 0.7071068 0 -0.7071068
vn -0.7071068 0 0.7071068
vn -0.3662924 0.9304998 0
vn -0.9179972 0.3965869 0
vn 0.9238795 0.3826834 0
vn -0.9238795 0.3826834 0
vn -0.3826834 0.9238795 0
vn 0.3826834 0.9238795 0
vn -0.3826834 -0.9238795 0
vn 0.3826834 -0.9238795 0
vn 0.9238795 -0.3826834 0
vn -0.9238795 -0.3826834 0
vn 8.429372E-08 -0.7071068 0.707107
vn -8.429372E-08 -0.7071068 -0.707107
vn 8.429372E-08 0.7071068 0.707107
vn -8.429372E-08 0.7071068 -0.707107
vn -4.561943E-08 -0.9238795 -0.3826836
vn 4.561943E-08 -0.9238795 0.3826836
vn 1.10135E-07 -0.3826834 0.9238799
vn 1.10135E-07 0.3826834 0.9238799
vn -1.10135E-07 0.3826834 -0.9238799
vn -1.10135E-07 -0.3826834 -0.9238799
vn -4.561943E-08 0.9238795 -0.3826836
vn 4.561943E-08 0.9238795 0.3826836
vn -1 0 1.192093E-07

vt 0.59375 0.275
vt 0.59375 0.3042893
vt 0.59375 0.475
vt 0.59375 0.4457107
vt 0.59375 0.375
vt 0.59375 0.3
vt 0.59375 0.425
vt 0.59375 0.395
vt 0.59375 0.4242473
vt 0.59375 0.4496236
vt 0.59375 0.325
vt 0.59375 0.3460526
vt 0.59375 0.3972222
vt 0.59375 0.41
vt 0.59375 0.415
vt 0.59375 0.34
vt 0.59375 0.335
vt 0.59375 0.2864286
vt 0.59375 0.3435714
vt 0.59375 0.355
vt 0.59375 0.29
vt 0.59375 0.35
vt 0.96875 0.3
vt 0.96875 0.475
vt 0.96875 0.415
vt 0.96875 0.425
vt 0.71875 0.3
vt 0.71875 0.475
vt 0.71875 0.395
vt 0.71875 0.275
vt 0.71875 0.415
vt 0.71875 0.335
vt 0.71875 0.425
vt 0.71875 0.325
vt 0.71875 0.29
vt 0.71875 0.41
vt 0.71875 0.35
vt 0.59375 0.03642857
vt 0.59375 0.09357143
vt 0.59375 0.04
vt 0.59375 0.145

usemtl colormap

f 2/1/1 1/1/1 15/2/10
f 11/2/10 15/2/10 1/1/1
f 12/5/9 13/4/7 16/5/9
f 14/4/7 16/5/9 13/4/7
f 11/2/10 12/5/9 15/2/10
f 16/5/9 15/2/10 12/5/9
f 5/3/8 7/4/8 14/4/8
f 14/4/8 7/4/8 16/5/8
f 7/4/8 9/5/8 16/5/8
f 16/5/8 9/5/8 15/2/8
f 9/5/8 4/2/8 15/2/8
f 2/1/8 15/2/8 4/2/8
f 6/3/3 5/3/3 13/4/7
f 14/4/7 13/4/7 5/3/3
f 6/3/6 13/4/6 8/4/6
f 8/4/6 13/4/6 10/5/6
f 13/4/6 12/5/6 10/5/6
f 10/5/6 12/5/6 3/2/6
f 12/5/6 11/2/6 3/2/6
f 1/1/6 3/2/6 11/2/6
f 3/2/2 4/2/2 10/5/5
f 9/5/5 10/5/5 4/2/2
f 10/5/5 9/5/5 8/4/4
f 7/4/4 8/4/4 9/5/5
f 8/4/4 7/4/4 6/3/3
f 5/3/3 6/3/3 7/4/4
f 4/2/2 3/2/2 2/1/1
f 1/1/1 2/1/1 3/2/2
f 19/1/1 18/1/1 17/1/1
f 18/1/1 19/1/1 20/1/1
f 21/6/11 17/1/11 18/1/11
f 17/1/11 21/6/11 22/6/11
f 21/6/3 23/6/3 22/6/3
f 23/6/3 21/6/3 24/6/3
f 27/1/1 26/1/1 25/1/1
f 26/1/1 27/1/1 28/1/1
f 29/6/11 25/1/11 26/1/11
f 25/1/11 29/6/11 30/6/11
f 29/6/3 31/6/3 30/6/3
f 31/6/3 29/6/3 32/6/3
f 43/6/3 44/6/3 40/6/3
f 40/6/3 38/6/3 43/6/3
f 38/6/3 35/6/3 43/6/3
f 43/6/3 35/6/3 42/6/3
f 36/6/3 42/6/3 35/6/3
f 37/1/1 39/1/1 33/1/1
f 33/1/1 39/1/1 34/1/1
f 41/1/1 34/1/1 39/1/1
f 35/6/12 38/6/14 33/1/12
f 37/1/14 33/1/12 38/6/14
f 40/6/15 39/1/15 38/6/14
f 37/1/14 38/6/14 39/1/15
f 36/6/13 35/6/12 34/1/13
f 33/1/12 34/1/13 35/6/12
f 47/1/1 46/1/1 45/1/1
f 46/1/1 47/1/1 48/1/1
f 49/6/11 45/1/11 46/1/11
f 45/1/11 49/6/11 50/6/11
f 49/6/3 51/6/3 50/6/3
f 51/6/3 49/6/3 52/6/3
f 55/1/1 54/1/1 53/1/1
f 54/1/1 55/1/1 56/1/1
f 57/6/13 53/1/13 54/1/13
f 53/1/13 57/6/13 58/6/13
f 57/6/3 59/6/3 58/6/3
f 59/6/3 57/6/3 60/6/3
f 63/1/1 62/1/1 61/1/1
f 62/1/1 63/1/1 64/1/1
f 65/6/11 61/1/11 62/1/11
f 61/1/11 65/6/11 66/6/11
f 65/6/3 67/6/3 66/6/3
f 67/6/3 65/6/3 68/6/3
f 71/1/1 70/1/1 69/1/1
f 70/1/1 71/1/1 72/1/1
f 73/6/11 69/1/11 70/1/11
f 69/1/11 73/6/11 74/6/11
f 73/6/3 75/6/3 74/6/3
f 75/6/3 73/6/3 76/6/3
f 79/1/1 78/1/1 77/1/1
f 78/1/1 79/1/1 80/1/1
f 81/6/11 77/1/11 78/1/11
f 77/1/11 81/6/11 82/6/11
f 81/6/3 83/6/3 82/6/3
f 83/6/3 81/6/3 84/6/3
f 87/1/1 86/1/1 85/1/1
f 86/1/1 87/1/1 88/1/1
f 89/6/11 85/1/11 86/1/11
f 85/1/11 89/6/11 90/6/11
f 89/6/3 91/6/3 90/6/3
f 91/6/3 89/6/3 92/6/3
f 95/1/1 94/1/1 93/1/1
f 94/1/1 95/1/1 96/1/1
f 97/6/13 93/1/13 94/1/13
f 93/1/13 97/6/13 98/6/13
f 97/6/3 99/6/3 98/6/3
f 99/6/3 97/6/3 100/6/3
f 110/3/3 109/3/3 103/4/7
f 101/4/7 103/4/7 109/3/3
f 116/1/1 115/1/1 113/2/10
f 114/2/10 113/2/10 115/1/1
f 106/5/5 105/5/5 112/4/4
f 111/4/4 112/4/4 105/5/5
f 107/2/2 108/2/2 116/1/1
f 115/1/1 116/1/1 108/2/2
f 114/2/10 104/5/9 113/2/10
f 102/5/9 113/2/10 104/5/9
f 112/4/4 111/4/4 110/3/3
f 109/3/3 110/3/3 111/4/4
f 108/2/2 107/2/2 106/5/5
f 105/5/5 106/5/5 107/2/2
f 104/5/9 103/4/7 102/5/9
f 101/4/7 102/5/9 103/4/7
f 120/3/3 118/3/3 128/3/3
f 118/3/3 123/3/3 128/3/3
f 128/3/3 123/3/3 127/3/3
f 123/3/3 124/3/3 127/3/3
f 127/3/3 124/3/3 131/3/3
f 129/3/3 131/3/3 124/3/3
f 130/1/22 129/3/22 122/1/19
f 124/3/19 122/1/19 129/3/22
f 125/1/20 127/3/20 132/1/23
f 131/3/23 132/1/23 127/3/20
f 128/3/21 126/1/21 120/3/17
f 119/1/17 120/3/17 126/1/21
f 118/3/16 117/1/16 123/3/18
f 121/1/18 123/3/18 117/1/16
f 132/1/23 131/3/23 130/1/22
f 129/3/22 130/1/22 131/3/23
f 128/3/21 127/3/20 126/1/21
f 125/1/20 126/1/21 127/3/20
f 124/3/19 123/3/18 122/1/19
f 121/1/18 122/1/19 123/3/18
f 120/3/17 119/1/17 118/3/16
f 117/1/16 118/3/16 119/1/17
f 135/1/1 134/1/1 133/1/1
f 134/1/1 135/1/1 136/1/1
f 137/6/11 133/1/11 134/1/11
f 133/1/11 137/6/11 138/6/11
f 137/6/3 139/6/3 138/6/3
f 139/6/3 137/6/3 140/6/3
f 143/5/9 146/4/7 141/5/9
f 145/4/7 141/5/9 146/4/7
f 156/4/4 155/4/4 148/3/3
f 147/3/3 148/3/3 155/4/4
f 154/5/5 153/5/5 156/4/4
f 155/4/4 156/4/4 153/5/5
f 151/2/2 152/2/2 154/5/5
f 153/5/5 154/5/5 152/2/2
f 150/1/1 149/1/1 142/2/10
f 144/2/10 142/2/10 149/1/1
f 152/2/2 151/2/2 150/1/1
f 149/1/1 150/1/1 151/2/2
f 148/3/3 147/3/3 146/4/7
f 145/4/7 146/4/7 147/3/3
f 144/2/10 143/5/9 142/2/10
f 141/5/9 142/2/10 143/5/9
f 165/2/10 166/5/9 169/2/10
f 171/5/9 169/2/10 166/5/9
f 163/2/2 164/2/2 167/5/5
f 170/5/5 167/5/5 164/2/2
f 166/5/9 158/4/7 171/5/9
f 157/4/7 171/5/9 158/4/7
f 167/5/5 170/5/5 168/4/4
f 172/4/4 168/4/4 170/5/5
f 168/4/4 172/4/4 160/3/3
f 159/3/3 160/3/3 172/4/4
f 159/3/8 172/4/8 157/4/8
f 157/4/8 172/4/8 171/5/8
f 172/4/8 170/5/8 171/5/8
f 171/5/8 170/5/8 169/2/8
f 170/5/8 164/2/8 169/2/8
f 162/1/8 169/2/8 164/2/8
f 162/1/1 161/1/1 169/2/10
f 165/2/10 169/2/10 161/1/1
f 160/3/6 158/4/6 168/4/6
f 168/4/6 158/4/6 167/5/6
f 158/4/6 166/5/6 167/5/6
f 167/5/6 166/5/6 163/2/6
f 166/5/6 165/2/6 163/2/6
f 161/1/6 163/2/6 165/2/6
f 164/2/2 163/2/2 162/1/1
f 161/1/1 162/1/1 163/2/2
f 160/3/3 159/3/3 158/4/7
f 157/4/7 158/4/7 159/3/3
f 176/3/3 174/3/3 184/3/3
f 174/3/3 179/3/3 184/3/3
f 184/3/3 179/3/3 183/3/3
f 179/3/3 180/3/3 183/3/3
f 183/3/3 180/3/3 187/3/3
f 185/3/3 187/3/3 180/3/3
f 186/1/28 185/3/28 178/1/25
f 180/3/25 178/1/25 185/3/28
f 181/1/26 183/3/26 188/1/29
f 187/3/29 188/1/29 183/3/26
f 184/3/27 182/1/27 176/3/24
f 175/1/24 176/3/24 182/1/27
f 174/3/14 173/1/14 179/3/12
f 177/1/12 179/3/12 173/1/14
f 188/1/29 187/3/29 186/1/28
f 185/3/28 186/1/28 187/3/29
f 184/3/27 183/3/26 182/1/27
f 181/1/26 182/1/27 183/3/26
f 180/3/25 179/3/12 178/1/25
f 177/1/12 178/1/25 179/3/12
f 176/3/24 175/1/24 174/3/14
f 173/1/14 174/3/14 175/1/24
f 191/5/30 194/4/32 189/5/30
f 193/4/32 189/5/30 194/4/32
f 204/4/34 203/4/34 196/3/3
f 195/3/3 196/3/3 203/4/34
f 202/5/15 201/5/15 204/4/34
f 203/4/34 204/4/34 201/5/15
f 199/2/33 200/2/33 202/5/15
f 201/5/15 202/5/15 200/2/33
f 198/1/1 197/1/1 190/2/31
f 192/2/31 190/2/31 197/1/1
f 200/2/33 199/2/33 198/1/1
f 197/1/1 198/1/1 199/2/33
f 196/3/3 195/3/3 194/4/32
f 193/4/32 194/4/32 195/3/3
f 192/2/31 191/5/30 190/2/31
f 189/5/30 190/2/31 191/5/30
f 214/3/3 213/3/3 207/4/32
f 205/4/32 207/4/32 213/3/3
f 220/1/1 219/1/1 217/2/31
f 218/2/31 217/2/31 219/1/1
f 210/5/15 209/5/15 216/4/34
f 215/4/34 216/4/34 209/5/15
f 211/2/33 212/2/33 220/1/1
f 219/1/1 220/1/1 212/2/33
f 218/2/31 208/5/30 217/2/31
f 206/5/30 217/2/31 208/5/30
f 216/4/34 215/4/34 214/3/3
f 213/3/3 214/3/3 215/4/34
f 212/2/33 211/2/33 210/5/15
f 209/5/15 210/5/15 211/2/33
f 208/5/30 207/4/32 206/5/30
f 205/4/32 206/5/30 207/4/32
f 222/1/1 221/1/1 235/2/31
f 231/2/31 235/2/31 221/1/1
f 232/5/30 233/4/32 236/5/30
f 234/4/32 236/5/30 233/4/32
f 231/2/31 232/5/30 235/2/31
f 236/5/30 235/2/31 232/5/30
f 225/3/13 227/4/13 234/4/13
f 234/4/13 227/4/13 236/5/13
f 227/4/13 229/5/13 236/5/13
f 236/5/13 229/5/13 235/2/13
f 229/5/13 224/2/13 235/2/13
f 222/1/13 235/2/13 224/2/13
f 226/3/3 225/3/3 233/4/32
f 234/4/32 233/4/32 225/3/3
f 226/3/35 233/4/35 228/4/35
f 228/4/35 233/4/35 230/5/35
f 233/4/35 232/5/35 230/5/35
f 230/5/35 232/5/35 223/2/35
f 232/5/35 231/2/35 223/2/35
f 221/1/35 223/2/35 231/2/35
f 223/2/33 224/2/33 230/5/15
f 229/5/15 230/5/15 224/2/33
f 230/5/15 229/5/15 228/4/34
f 227/4/34 228/4/34 229/5/15
f 228/4/34 227/4/34 226/3/3
f 225/3/3 226/3/3 227/4/34
f 224/2/33 223/2/33 222/1/1
f 221/1/1 222/1/1 223/2/33
f 240/3/3 238/3/3 248/3/3
f 238/3/3 243/3/3 248/3/3
f 248/3/3 243/3/3 247/3/3
f 243/3/3 244/3/3 247/3/3
f 247/3/3 244/3/3 251/3/3
f 249/3/3 251/3/3 244/3/3
f 250/1/28 249/3/28 242/1/25
f 244/3/25 242/1/25 249/3/28
f 245/1/26 247/3/26 252/1/29
f 251/3/29 252/1/29 247/3/26
f 248/3/27 246/1/27 240/3/24
f 239/1/24 240/3/24 246/1/27
f 238/3/14 237/1/14 243/3/12
f 241/1/12 243/3/12 237/1/14
f 252/1/29 251/3/29 250/1/28
f 249/3/28 250/1/28 251/3/29
f 248/3/27 247/3/26 246/1/27
f 245/1/26 246/1/27 247/3/26
f 244/3/25 243/3/12 242/1/25
f 241/1/12 242/1/25 243/3/12
f 240/3/24 239/1/24 238/3/14
f 237/1/14 238/3/14 239/1/24
f 261/2/31 262/5/30 265/2/31
f 267/5/30 265/2/31 262/5/30
f 259/2/33 260/2/33 263/5/15
f 266/5/15 263/5/15 260/2/33
f 262/5/30 254/4/32 267/5/30
f 253/4/32 267/5/30 254/4/32
f 263/5/15 266/5/15 264/4/34
f 268/4/34 264/4/34 266/5/15
f 264/4/34 268/4/34 256/3/3
f 255/3/3 256/3/3 268/4/34
f 255/3/13 268/4/13 253/4/13
f 253/4/13 268/4/13 267/5/13
f 268/4/13 266/5/13 267/5/13
f 267/5/13 266/5/13 265/2/13
f 266/5/13 260/2/13 265/2/13
f 258/1/13 265/2/13 260/2/13
f 258/1/1 257/1/1 265/2/31
f 261/2/31 265/2/31 257/1/1
f 256/3/35 254/4/35 264/4/35
f 264/4/35 254/4/35 263/5/35
f 254/4/35 262/5/35 263/5/35
f 263/5/35 262/5/35 259/2/35
f 262/5/35 261/2/35 259/2/35
f 257/1/35 259/2/35 261/2/35
f 260/2/33 259/2/33 258/1/1
f 257/1/1 258/1/1 259/2/33
f 256/3/3 255/3/3 254/4/32
f 253/4/32 254/4/32 255/3/3
f 271/6/36 270/1/37 269/1/36
f 270/1/37 271/6/36 272/6/37
f 275/1/39 274/6/38 273/1/38
f 274/6/38 275/1/39 276/6/39
f 274/6/38 269/1/36 273/1/38
f 269/1/36 274/6/38 271/6/36
f 275/1/1 270/1/1 277/1/1
f 270/1/1 275/1/1 269/1/1
f 269/1/1 275/1/1 273/1/1
f 272/6/3 279/6/3 278/6/3
f 279/6/3 272/6/3 271/6/3
f 279/6/3 271/6/3 274/6/3
f 279/6/3 274/6/3 280/6/3
f 280/6/3 274/6/3 276/6/3
f 291/6/3 292/6/3 288/6/3
f 288/6/3 286/6/3 291/6/3
f 286/6/3 283/6/3 291/6/3
f 291/6/3 283/6/3 290/6/3
f 284/6/3 290/6/3 283/6/3
f 285/1/1 287/1/1 281/1/1
f 281/1/1 287/1/1 282/1/1
f 289/1/1 282/1/1 287/1/1
f 283/6/12 286/6/14 281/1/12
f 285/1/14 281/1/12 286/6/14
f 288/6/15 287/1/15 286/6/14
f 285/1/14 286/6/14 287/1/15
f 284/6/13 283/6/12 282/1/13
f 281/1/12 282/1/13 283/6/12
f 295/1/1 294/1/1 293/1/1
f 294/1/1 295/1/1 296/1/1
f 297/6/11 293/1/11 294/1/11
f 293/1/11 297/6/11 298/6/11
f 297/6/3 299/6/3 298/6/3
f 299/6/3 297/6/3 300/6/3
f 303/1/1 302/1/1 301/1/1
f 302/1/1 303/1/1 304/1/1
f 307/1/1 306/1/1 305/1/1
f 306/1/1 307/1/1 308/1/1
f 309/6/37 305/1/37 306/1/37
f 305/1/37 309/6/37 310/6/37
f 309/6/3 311/6/3 310/6/3
f 311/6/3 309/6/3 312/6/3
f 315/6/36 314/1/37 313/1/36
f 314/1/37 315/6/36 316/6/37
f 319/1/39 318/6/38 317/1/38
f 318/6/38 319/1/39 320/6/39
f 318/6/38 313/1/36 317/1/38
f 313/1/36 318/6/38 315/6/36
f 319/1/1 314/1/1 321/1/1
f 314/1/1 319/1/1 313/1/1
f 313/1/1 319/1/1 317/1/1
f 315/6/3 322/6/3 316/6/3
f 322/6/3 315/6/3 323/6/3
f 323/6/3 315/6/3 318/6/3
f 323/6/3 318/6/3 324/6/3
f 324/6/3 318/6/3 320/6/3
f 335/6/3 336/6/3 332/6/3
f 332/6/3 330/6/3 335/6/3
f 330/6/3 327/6/3 335/6/3
f 335/6/3 327/6/3 334/6/3
f 328/6/3 334/6/3 327/6/3
f 329/1/1 331/1/1 325/1/1
f 325/1/1 331/1/1 326/1/1
f 333/1/1 326/1/1 331/1/1
f 327/6/12 330/6/14 325/1/12
f 329/1/14 325/1/12 330/6/14
f 332/6/15 331/1/15 330/6/14
f 329/1/14 330/6/14 331/1/15
f 328/6/13 327/6/12 326/1/13
f 325/1/12 326/1/13 327/6/12
f 339/6/36 338/1/37 337/1/36
f 338/1/37 339/6/36 340/6/37
f 343/1/39 342/6/38 341/1/38
f 342/6/38 343/1/39 344/6/39
f 342/6/38 337/1/36 341/1/38
f 337/1/36 342/6/38 339/6/36
f 343/1/1 338/1/1 345/1/1
f 338/1/1 343/1/1 337/1/1
f 337/1/1 343/1/1 341/1/1
f 340/6/3 347/6/3 346/6/3
f 347/6/3 340/6/3 339/6/3
f 347/6/3 339/6/3 342/6/3
f 347/6/3 342/6/3 348/6/3
f 348/6/3 342/6/3 344/6/3
f 351/1/1 350/1/1 349/1/1
f 350/1/1 351/1/1 352/1/1
f 353/6/37 349/1/37 350/1/37
f 349/1/37 353/6/37 354/6/37
f 353/6/3 355/6/3 354/6/3
f 355/6/3 353/6/3 356/6/3
f 359/1/1 358/1/1 357/1/1
f 358/1/1 359/1/1 360/1/1
f 361/6/13 357/1/13 358/1/13
f 357/1/13 361/6/13 362/6/13
f 361/6/3 363/6/3 362/6/3
f 363/6/3 361/6/3 364/6/3
f 367/7/1 366/7/1 365/7/1
f 366/7/1 367/7/1 368/7/1
f 370/8/30 366/7/30 369/8/30
f 366/7/30 370/8/30 365/7/30
f 373/3/15 372/8/15 371/3/15
f 372/8/15 373/3/15 374/8/15
f 371/3/3 375/3/3 373/3/3
f 375/3/3 371/3/3 376/3/3
f 367/7/30 376/3/30 368/7/30
f 376/3/30 367/7/30 375/3/30
f 379/8/9 378/7/9 377/8/9
f 378/7/9 379/8/9 380/7/9
f 378/7/8 381/8/8 377/8/8
f 381/8/8 378/7/8 382/7/8
f 385/3/5 384/8/5 383/3/5
f 384/8/5 385/3/5 386/8/5
f 389/3/19 388/7/8 387/7/19
f 388/7/8 389/3/19 390/3/8
f 391/7/1 378/7/1 380/7/1
f 378/7/1 391/7/1 387/7/1
f 387/7/1 391/7/1 392/7/1
f 388/7/1 378/7/1 387/7/1
f 378/7/1 388/7/1 382/7/1
f 389/3/3 393/3/3 390/3/3
f 393/3/3 389/3/3 383/3/3
f 383/3/3 389/3/3 385/3/3
f 385/3/3 389/3/3 394/3/3
f 394/3/3 389/3/3 395/3/3
f 391/7/9 395/3/22 392/7/22
f 395/3/22 391/7/9 394/3/9
f 392/7/22 389/3/19 387/7/19
f 389/3/19 392/7/22 395/3/22
f 393/3/6 384/8/6 396/8/6
f 384/8/6 393/3/6 383/3/6
f 399/8/30 398/7/30 397/8/30
f 398/7/30 399/8/30 400/7/30
f 398/7/13 401/8/13 397/8/13
f 401/8/13 398/7/13 402/7/13
f 405/3/15 404/8/15 403/3/15
f 404/8/15 405/3/15 406/8/15
f 409/3/25 408/7/13 407/7/25
f 408/7/13 409/3/25 410/3/13
f 411/7/1 398/7/1 400/7/1
f 398/7/1 411/7/1 407/7/1
f 407/7/1 411/7/1 412/7/1
f 408/7/1 398/7/1 407/7/1
f 398/7/1 408/7/1 402/7/1
f 409/3/3 413/3/3 410/3/3
f 413/3/3 409/3/3 403/3/3
f 403/3/3 409/3/3 405/3/3
f 405/3/3 409/3/3 414/3/3
f 414/3/3 409/3/3 415/3/3
f 411/7/30 415/3/28 412/7/28
f 415/3/28 411/7/30 414/3/30
f 412/7/28 409/3/25 407/7/25
f 409/3/25 412/7/28 415/3/28
f 413/3/35 404/8/35 416/8/35
f 404/8/35 413/3/35 403/3/35
f 419/7/1 418/7/1 417/7/1
f 418/7/1 419/7/1 420/7/1
f 422/8/30 418/7/30 421/8/30
f 418/7/30 422/8/30 417/7/30
f 425/3/15 424/8/15 423/3/15
f 424/8/15 425/3/15 426/8/15
f 423/3/3 427/3/3 425/3/3
f 427/3/3 423/3/3 428/3/3
f 419/7/30 428/3/30 420/7/30
f 428/3/30 419/7/30 427/3/30
f 431/7/1 430/7/1 429/7/1
f 430/7/1 431/7/1 432/7/1
f 434/8/9 430/7/9 433/8/9
f 430/7/9 434/8/9 429/7/9
f 437/3/5 436/8/5 435/3/5
f 436/8/5 437/3/5 438/8/5
f 435/3/3 439/3/3 437/3/3
f 439/3/3 435/3/3 440/3/3
f 431/7/9 440/3/9 432/7/9
f 440/3/9 431/7/9 439/3/9
f 443/8/39 442/7/39 441/8/39
f 442/7/39 443/8/39 444/7/39
f 442/7/37 445/8/37 441/8/37
f 445/8/37 442/7/37 446/7/37
f 449/3/40 448/8/40 447/3/40
f 448/8/40 449/3/40 450/8/40
f 453/3/36 452/7/37 451/7/36
f 452/7/37 453/3/36 454/3/37
f 455/7/1 442/7/1 444/7/1
f 442/7/1 455/7/1 451/7/1
f 451/7/1 455/7/1 456/7/1
f 452/7/1 442/7/1 451/7/1
f 442/7/1 452/7/1 446/7/1
f 453/3/3 457/3/3 454/3/3
f 457/3/3 453/3/3 447/3/3
f 447/3/3 453/3/3 449/3/3
f 449/3/3 453/3/3 458/3/3
f 458/3/3 453/3/3 459/3/3
f 455/7/39 459/3/38 456/7/38
f 459/3/38 455/7/39 458/3/39
f 456/7/38 453/3/36 451/7/36
f 453/3/36 456/7/38 459/3/38
f 457/3/41 448/8/41 460/8/41
f 448/8/41 457/3/41 447/3/41
f 463/7/1 462/7/1 461/7/1
f 462/7/1 463/7/1 464/7/1
f 466/8/42 462/7/42 465/8/42
f 462/7/42 466/8/42 461/7/42
f 469/3/43 468/8/43 467/3/43
f 468/8/43 469/3/43 470/8/43
f 467/3/3 471/3/3 469/3/3
f 471/3/3 467/3/3 472/3/3
f 463/7/42 472/3/42 464/7/42
f 472/3/42 463/7/42 471/3/42
f 475/7/1 474/7/1 473/7/1
f 474/7/1 475/7/1 476/7/1
f 478/8/39 474/7/39 477/8/39
f 474/7/39 478/8/39 473/7/39
f 481/3/40 480/8/40 479/3/40
f 480/8/40 481/3/40 482/8/40
f 479/3/3 483/3/3 481/3/3
f 483/3/3 479/3/3 484/3/3
f 475/7/39 484/3/39 476/7/39
f 484/3/39 475/7/39 483/3/39
f 487/7/1 486/7/1 485/7/1
f 486/7/1 487/7/1 488/7/1
f 490/8/39 486/7/39 489/8/39
f 486/7/39 490/8/39 485/7/39
f 493/3/40 492/8/40 491/3/40
f 492/8/40 493/3/40 494/8/40
f 491/3/3 495/3/3 493/3/3
f 495/3/3 491/3/3 496/3/3
f 487/7/39 496/3/39 488/7/39
f 496/3/39 487/7/39 495/3/39
f 499/7/1 498/7/1 497/7/1
f 498/7/1 499/7/1 500/7/1
f 502/8/39 498/7/39 501/8/39
f 498/7/39 502/8/39 497/7/39
f 505/3/40 504/8/40 503/3/40
f 504/8/40 505/3/40 506/8/40
f 503/3/3 507/3/3 505/3/3
f 507/3/3 503/3/3 508/3/3
f 499/7/39 508/3/39 500/7/39
f 508/3/39 499/7/39 507/3/39
f 511/8/44 510/7/44 509/8/44
f 510/7/44 511/8/44 512/7/44
f 510/7/45 513/8/45 509/8/45
f 513/8/45 510/7/45 514/7/45
f 517/3/46 516/8/46 515/3/46
f 516/8/46 517/3/46 518/8/46
f 521/3/21 520/7/45 519/7/21
f 520/7/45 521/3/21 522/3/45
f 523/7/1 510/7/1 512/7/1
f 510/7/1 523/7/1 519/7/1
f 519/7/1 523/7/1 524/7/1
f 520/7/1 510/7/1 519/7/1
f 510/7/1 520/7/1 514/7/1
f 521/3/3 525/3/3 522/3/3
f 525/3/3 521/3/3 515/3/3
f 515/3/3 521/3/3 517/3/3
f 517/3/3 521/3/3 526/3/3
f 526/3/3 521/3/3 527/3/3
f 523/7/44 527/3/17 524/7/17
f 527/3/17 523/7/44 526/3/44
f 524/7/17 521/3/21 519/7/21
f 521/3/21 524/7/17 527/3/17
f 525/3/47 516/8/47 528/8/47
f 516/8/47 525/3/47 515/3/47
f 531/10/5 530/9/49 529/9/48
f 530/9/49 531/10/5 532/10/50
f 535/9/52 534/10/9 533/9/51
f 534/10/9 535/9/52 536/10/53
f 530/9/50 538/8/6 537/8/50
f 538/8/6 530/9/50 539/9/6
f 531/10/5 541/9/55 540/10/54
f 541/9/55 531/10/5 529/9/48
f 542/10/6 535/9/52 539/9/56
f 535/9/52 542/10/6 536/10/53
f 544/10/8 541/9/55 543/9/57
f 541/9/55 544/10/8 540/10/54
f 546/10/59 543/9/57 545/9/58
f 543/9/57 546/10/59 544/10/8
f 548/3/61 531/10/5 547/3/60
f 531/10/5 548/3/61 532/10/50
f 539/9/6 549/8/53 538/8/6
f 549/8/53 539/9/6 535/9/53
f 545/9/59 551/8/8 550/8/59
f 551/8/8 545/9/59 543/9/8
f 552/8/9 545/9/59 550/8/59
f 545/9/59 552/8/9 533/9/9
f 532/10/50 539/9/56 530/9/49
f 539/9/56 532/10/50 542/10/6
f 553/3/62 544/10/8 546/10/59
f 544/10/8 553/3/62 554/3/63
f 555/3/64 531/10/5 540/10/54
f 531/10/5 555/3/64 547/3/60
f 554/3/63 540/10/54 544/10/8
f 540/10/54 554/3/63 555/3/64
f 545/9/58 534/10/9 546/10/59
f 534/10/9 545/9/58 533/9/51
f 556/3/65 536/10/53 542/10/6
f 536/10/53 556/3/65 557/3/66
f 534/10/9 553/3/62 546/10/59
f 553/3/62 534/10/9 558/3/67
f 555/3/3 548/3/3 547/3/3
f 548/3/3 555/3/3 554/3/3
f 548/3/3 554/3/3 556/3/3
f 556/3/3 554/3/3 553/3/3
f 556/3/3 553/3/3 557/3/3
f 557/3/3 553/3/3 558/3/3
f 529/9/5 559/8/54 541/9/54
f 559/8/54 529/9/5 560/8/5
f 543/9/8 559/8/54 551/8/8
f 559/8/54 543/9/8 541/9/54
f 534/10/9 557/3/66 558/3/67
f 557/3/66 534/10/9 536/10/53
f 530/9/50 560/8/5 529/9/5
f 560/8/5 530/9/50 537/8/50
f 548/3/61 542/10/6 532/10/50
f 542/10/6 548/3/61 556/3/65
f 549/8/53 533/9/9 552/8/9
f 533/9/9 549/8/53 535/9/53
f 563/10/5 562/9/49 561/9/48
f 562/9/49 563/10/5 564/10/50
f 567/9/52 566/10/9 565/9/51
f 566/10/9 567/9/52 568/10/53
f 562/9/50 570/8/6 569/8/50
f 570/8/6 562/9/50 571/9/6
f 563/10/5 573/9/55 572/10/54
f 573/9/55 563/10/5 561/9/48
f 574/10/6 567/9/52 571/9/56
f 567/9/52 574/10/6 568/10/53
f 576/10/8 573/9/55 575/9/57
f 573/9/55 576/10/8 572/10/54
f 578/10/59 575/9/57 577/9/58
f 575/9/57 578/10/59 576/10/8
f 580/3/61 563/10/5 579/3/60
f 563/10/5 580/3/61 564/10/50
f 571/9/6 581/8/53 570/8/6
f 581/8/53 571/9/6 567/9/53
f 577/9/59 583/8/8 582/8/59
f 583/8/8 577/9/59 575/9/8
f 584/8/9 577/9/59 582/8/59
f 577/9/59 584/8/9 565/9/9
f 564/10/50 571/9/56 562/9/49
f 571/9/56 564/10/50 574/10/6
f 585/3/62 576/10/8 578/10/59
f 576/10/8 585/3/62 586/3/63
f 587/3/64 563/10/5 572/10/54
f 563/10/5 587/3/64 579/3/60
f 586/3/63 572/10/54 576/10/8
f 572/10/54 586/3/63 587/3/64
f 577/9/58 566/10/9 578/10/59
f 566/10/9 577/9/58 565/9/51
f 588/3/65 568/10/53 574/10/6
f 568/10/53 588/3/65 589/3/66
f 566/10/9 585/3/62 578/10/59
f 585/3/62 566/10/9 590/3/67
f 587/3/3 580/3/3 579/3/3
f 580/3/3 587/3/3 586/3/3
f 580/3/3 586/3/3 588/3/3
f 588/3/3 586/3/3 585/3/3
f 588/3/3 585/3/3 589/3/3
f 589/3/3 585/3/3 590/3/3
f 561/9/5 591/8/54 573/9/54
f 591/8/54 561/9/5 592/8/5
f 575/9/8 591/8/54 583/8/8
f 591/8/54 575/9/8 573/9/54
f 566/10/9 589/3/66 590/3/67
f 589/3/66 566/10/9 568/10/53
f 562/9/50 592/8/5 561/9/5
f 592/8/5 562/9/50 569/8/50
f 580/3/61 574/10/6 564/10/50
f 574/10/6 580/3/61 588/3/65
f 581/8/53 565/9/9 584/8/9
f 565/9/9 581/8/53 567/9/53
f 595/7/1 594/7/1 593/7/1
f 594/7/1 595/7/1 596/7/1
f 598/8/30 594/7/30 597/8/30
f 594/7/30 598/8/30 593/7/30
f 601/3/15 600/8/15 599/3/15
f 600/8/15 601/3/15 602/8/15
f 599/3/3 603/3/3 601/3/3
f 603/3/3 599/3/3 604/3/3
f 595/7/30 604/3/30 596/7/30
f 604/3/30 595/7/30 603/3/30
f 607/3/53 606/1/9 605/3/9
f 606/1/9 607/3/53 608/1/53
f 605/3/9 610/1/59 609/3/59
f 610/1/59 605/3/9 606/1/9
f 610/1/59 611/3/8 609/3/59
f 611/3/8 610/1/59 612/1/8
f 612/1/8 613/3/54 611/3/8
f 613/3/54 612/1/8 614/1/54
f 615/1/5 613/3/54 614/1/54
f 613/3/54 615/1/5 616/3/5
f 617/1/50 616/3/5 615/1/5
f 616/3/5 617/1/50 618/3/50
f 617/1/50 619/3/6 618/3/50
f 619/3/6 617/1/50 620/1/6
f 620/1/6 607/3/53 619/3/6
f 607/3/53 620/1/6 608/1/53
f 623/11/1 622/11/1 621/11/1
f 622/11/1 623/11/1 624/11/1
f 622/11/1 624/11/1 625/11/1
f 625/11/1 624/11/1 626/11/1
f 625/11/1 626/11/1 627/11/1
f 627/11/1 626/11/1 628/11/1
f 631/7/3 630/7/3 629/7/3
f 630/7/3 631/7/3 632/7/3
f 630/7/3 632/7/3 633/7/3
f 633/7/3 632/7/3 634/7/3
f 633/7/3 634/7/3 635/7/3
f 635/7/3 634/7/3 636/7/3
f 635/7/69 637/12/68 633/7/68
f 637/12/68 635/7/69 638/12/69
f 640/12/71 631/7/70 639/12/70
f 631/7/70 640/12/71 632/7/71
f 629/7/72 642/12/73 641/12/72
f 642/12/73 629/7/72 630/7/73
f 636/7/74 638/12/69 635/7/69
f 638/12/69 636/7/74 643/12/74
f 644/12/75 632/7/71 640/12/71
f 632/7/71 644/12/75 634/7/75
f 639/12/70 629/7/72 641/12/72
f 629/7/72 639/12/70 631/7/70
f 630/7/73 637/12/68 642/12/73
f 637/12/68 630/7/73 633/7/68
f 644/12/75 636/7/74 634/7/75
f 636/7/74 644/12/75 643/12/74
f 637/12/6 626/11/53 624/11/6
f 626/11/53 637/12/6 638/12/53
f 640/12/8 622/11/54 625/11/8
f 622/11/54 640/12/8 639/12/54
f 642/12/50 621/11/5 641/12/5
f 621/11/5 642/12/50 623/11/50
f 628/11/9 644/12/59 627/11/59
f 644/12/59 628/11/9 643/12/9
f 642/12/50 624/11/6 623/11/50
f 624/11/6 642/12/50 637/12/6
f 626/11/53 643/12/9 628/11/9
f 643/12/9 626/11/53 638/12/53
f 641/12/5 622/11/54 639/12/54
f 622/11/54 641/12/5 621/11/5
f 644/12/59 625/11/8 627/11/59
f 625/11/8 644/12/59 640/12/8
f 647/11/76 646/7/8 645/7/76
f 646/7/8 647/11/76 648/11/8
f 651/11/77 650/7/5 649/11/5
f 650/7/5 651/11/77 652/7/77
f 648/11/8 653/7/78 646/7/8
f 653/7/78 648/11/8 654/11/78
f 649/11/5 653/7/78 654/11/78
f 653/7/78 649/11/5 650/7/5
f 651/11/77 655/7/6 652/7/77
f 655/7/6 651/11/77 656/11/6
f 656/11/6 657/7/79 655/7/6
f 657/7/79 656/11/6 658/11/79
f 657/7/79 660/11/9 659/7/9
f 660/11/9 657/7/79 658/11/79
f 659/7/9 647/11/76 645/7/76
f 647/11/76 659/7/9 660/11/9
f 652/7/1 653/7/1 650/7/1
f 653/7/1 652/7/1 655/7/1
f 653/7/1 655/7/1 646/7/1
f 646/7/1 655/7/1 657/7/1
f 646/7/1 657/7/1 645/7/1
f 645/7/1 657/7/1 659/7/1
f 663/11/1 662/11/1 661/11/1
f 662/11/1 663/11/1 664/11/1
f 667/7/80 666/7/3 665/7/3
f 666/7/3 667/7/80 668/7/80
f 666/7/6 663/11/6 661/11/6
f 663/11/6 666/7/6 669/13/6
f 669/13/6 666/7/6 668/7/6
f 666/7/5 662/11/5 665/7/5
f 662/11/5 666/7/5 661/11/5
f 670/13/8 662/11/8 664/11/8
f 662/11/8 670/13/8 665/7/8
f 665/7/8 670/13/8 667/7/8
f 663/11/9 670/13/81 664/11/9
f 670/13/81 663/11/9 669/13/81
f 669/13/81 667/7/80 670/13/81
f 667/7/80 669/13/81 668/7/80
f 673/11/9 672/7/59 671/11/59
f 672/7/59 673/11/9 674/7/9
f 672/7/59 675/11/8 671/11/59
f 675/11/8 672/7/59 676/7/8
f 679/7/50 678/11/5 677/7/5
f 678/11/5 679/7/50 680/11/50
f 677/7/5 682/11/54 681/7/54
f 682/11/54 677/7/5 678/11/5
f 683/11/53 674/7/9 673/11/9
f 674/7/9 683/11/53 684/7/53
f 686/7/6 683/11/53 685/11/6
f 683/11/53 686/7/6 684/7/53
f 676/7/8 682/11/54 675/11/8
f 682/11/54 676/7/8 681/7/54
f 679/7/50 685/11/6 680/11/50
f 685/11/6 679/7/50 686/7/6
f 681/7/3 679/7/3 677/7/3
f 679/7/3 681/7/3 676/7/3
f 679/7/3 676/7/3 686/7/3
f 686/7/3 676/7/3 672/7/3
f 686/7/3 672/7/3 684/7/3
f 684/7/3 672/7/3 674/7/3
f 680/11/1 682/11/1 678/11/1
f 682/11/1 680/11/1 685/11/1
f 682/11/1 685/11/1 675/11/1
f 675/11/1 685/11/1 683/11/1
f 675/11/1 683/11/1 671/11/1
f 671/11/1 683/11/1 673/11/1
f 689/11/9 688/7/59 687/11/59
f 688/7/59 689/11/9 690/7/9
f 688/7/59 691/11/8 687/11/59
f 691/11/8 688/7/59 692/7/8
f 695/7/50 694/11/5 693/7/5
f 694/11/5 695/7/50 696/11/50
f 693/7/5 698/11/54 697/7/54
f 698/11/54 693/7/5 694/11/5
f 699/11/53 690/7/9 689/11/9
f 690/7/9 699/11/53 700/7/53
f 702/7/6 699/11/53 701/11/6
f 699/11/53 702/7/6 700/7/53
f 692/7/8 698/11/54 691/11/8
f 698/11/54 692/7/8 697/7/54
f 695/7/50 701/11/6 696/11/50
f 701/11/6 695/7/50 702/7/6
f 697/7/3 695/7/3 693/7/3
f 695/7/3 697/7/3 692/7/3
f 695/7/3 692/7/3 702/7/3
f 702/7/3 692/7/3 688/7/3
f 702/7/3 688/7/3 700/7/3
f 700/7/3 688/7/3 690/7/3
f 696/11/1 698/11/1 694/11/1
f 698/11/1 696/11/1 701/11/1
f 698/11/1 701/11/1 691/11/1
f 691/11/1 701/11/1 699/11/1
f 691/11/1 699/11/1 687/11/1
f 687/11/1 699/11/1 689/11/1
f 705/11/9 704/7/59 703/11/59
f 704/7/59 705/11/9 706/7/9
f 704/7/59 707/11/8 703/11/59
f 707/11/8 704/7/59 708/7/8
f 711/7/50 710/11/5 709/7/5
f 710/11/5 711/7/50 712/11/50
f 709/7/5 714/11/54 713/7/54
f 714/11/54 709/7/5 710/11/5
f 715/11/53 706/7/9 705/11/9
f 706/7/9 715/11/53 716/7/53
f 718/7/6 715/11/53 717/11/6
f 715/11/53 718/7/6 716/7/53
f 708/7/8 714/11/54 707/11/8
f 714/11/54 708/7/8 713/7/54
f 711/7/50 717/11/6 712/11/50
f 717/11/6 711/7/50 718/7/6
f 713/7/3 711/7/3 709/7/3
f 711/7/3 713/7/3 708/7/3
f 711/7/3 708/7/3 718/7/3
f 718/7/3 708/7/3 704/7/3
f 718/7/3 704/7/3 716/7/3
f 716/7/3 704/7/3 706/7/3
f 712/11/1 714/11/1 710/11/1
f 714/11/1 712/11/1 717/11/1
f 714/11/1 717/11/1 707/11/1
f 707/11/1 717/11/1 715/11/1
f 707/11/1 715/11/1 703/11/1
f 703/11/1 715/11/1 705/11/1
f 721/11/9 720/7/59 719/11/59
f 720/7/59 721/11/9 722/7/9
f 720/7/59 723/11/8 719/11/59
f 723/11/8 720/7/59 724/7/8
f 727/7/50 726/11/5 725/7/5
f 726/11/5 727/7/50 728/11/50
f 725/7/5 730/11/54 729/7/54
f 730/11/54 725/7/5 726/11/5
f 731/11/53 722/7/9 721/11/9
f 722/7/9 731/11/53 732/7/53
f 734/7/6 731/11/53 733/11/6
f 731/11/53 734/7/6 732/7/53
f 724/7/8 730/11/54 723/11/8
f 730/11/54 724/7/8 729/7/54
f 727/7/50 733/11/6 728/11/50
f 733/11/6 727/7/50 734/7/6
f 729/7/3 727/7/3 725/7/3
f 727/7/3 729/7/3 724/7/3
f 727/7/3 724/7/3 734/7/3
f 734/7/3 724/7/3 720/7/3
f 734/7/3 720/7/3 732/7/3
f 732/7/3 720/7/3 722/7/3
f 728/11/1 730/11/1 726/11/1
f 730/11/1 728/11/1 733/11/1
f 730/11/1 733/11/1 723/11/1
f 723/11/1 733/11/1 731/11/1
f 723/11/1 731/11/1 719/11/1
f 719/11/1 731/11/1 721/11/1
f 769/11/9 770/7/9 772/11/59
f 774/7/59 772/11/59 770/7/9
f 771/11/1 767/11/1 772/11/1
f 769/11/1 772/11/1 767/11/1
f 768/7/3 773/7/3 770/7/3
f 774/7/3 770/7/3 773/7/3
f 768/7/5 767/11/5 773/7/54
f 771/11/54 773/7/54 767/11/5
f 774/7/59 773/7/54 772/11/59
f 771/11/54 772/11/59 773/7/54
f 770/7/6 769/11/6 768/7/6
f 767/11/6 768/7/6 769/11/6
f 744/1/8 757/6/8 735/1/8
f 759/6/8 735/1/8 757/6/8
f 735/1/8 759/6/8 736/14/8
f 761/15/8 736/14/8 759/6/8
f 763/7/8 765/7/8 761/15/8
f 765/7/8 755/15/8 761/15/8
f 755/15/8 736/14/8 761/15/8
f 736/14/8 755/15/8 739/14/8
f 755/15/8 748/6/8 739/14/8
f 739/14/8 748/6/8 740/1/8
f 748/6/8 750/6/18 740/1/8
f 746/1/18 740/1/8 750/6/18
f 766/7/85 756/15/82 765/7/85
f 755/15/82 765/7/85 756/15/82
f 762/15/83 764/7/84 761/15/83
f 763/7/84 761/15/83 764/7/84
f 766/7/85 765/7/85 764/7/84
f 763/7/84 764/7/84 765/7/85
f 760/6/9 762/15/83 759/6/9
f 761/15/83 759/6/9 762/15/83
f 754/6/16 747/1/16 750/6/18
f 746/1/18 750/6/18 747/1/16
f 753/6/5 745/1/5 754/6/16
f 747/1/16 754/6/16 745/1/5
f 760/6/3 759/6/3 758/6/3
f 757/6/3 758/6/3 759/6/3
f 756/15/82 749/6/5 755/15/82
f 748/6/5 755/15/82 749/6/5
f 754/6/3 750/6/3 753/6/3
f 753/6/3 750/6/3 752/6/3
f 752/6/3 750/6/3 751/6/3
f 751/6/3 750/6/3 749/6/3
f 748/6/3 749/6/3 750/6/3
f 747/1/1 745/1/1 746/1/1
f 746/1/1 745/1/1 740/1/1
f 740/1/1 745/1/1 742/1/1
f 742/1/1 745/1/1 737/1/1
f 737/1/1 744/1/1 735/1/1
f 737/1/1 745/1/1 744/1/1
f 743/1/1 744/1/1 745/1/1
f 739/14/1 741/14/1 736/14/1
f 738/14/1 736/14/1 741/14/1
f 742/1/9 741/14/9 740/1/9
f 739/14/9 740/1/9 741/14/9
f 738/14/5 737/1/5 736/14/5
f 735/1/5 736/14/5 737/1/5
f 805/11/9 806/7/9 808/11/59
f 810/7/59 808/11/59 806/7/9
f 807/11/1 803/11/1 808/11/1
f 805/11/1 808/11/1 803/11/1
f 804/7/3 809/7/3 806/7/3
f 810/7/3 806/7/3 809/7/3
f 804/7/5 803/11/5 809/7/54
f 807/11/54 809/7/54 803/11/5
f 810/7/59 809/7/54 808/11/59
f 807/11/54 808/11/59 809/7/54
f 806/7/6 805/11/6 804/7/6
f 803/11/6 804/7/6 805/11/6
f 784/1/8 793/6/8 775/1/8
f 795/6/8 775/1/8 793/6/8
f 775/1/8 795/6/8 776/14/8
f 797/15/8 776/14/8 795/6/8
f 799/7/8 801/7/8 797/15/8
f 801/7/8 791/15/8 797/15/8
f 791/15/8 776/14/8 797/15/8
f 776/14/8 791/15/8 779/14/8
f 791/15/8 787/6/8 779/14/8
f 779/14/8 787/6/8 780/1/8
f 787/6/8 789/6/8 780/1/8
f 786/1/8 780/1/8 789/6/8
f 802/7/85 792/15/82 801/7/85
f 791/15/82 801/7/85 792/15/82
f 798/15/83 800/7/84 797/15/83
f 799/7/84 797/15/83 800/7/84
f 802/7/85 801/7/85 800/7/84
f 799/7/84 800/7/84 801/7/85
f 796/6/9 798/15/83 795/6/9
f 797/15/83 795/6/9 798/15/83
f 796/6/3 795/6/3 794/6/3
f 793/6/3 794/6/3 795/6/3
f 792/15/82 788/6/5 791/15/82
f 787/6/5 791/15/82 788/6/5
f 790/6/3 789/6/3 788/6/3
f 787/6/3 788/6/3 789/6/3
f 786/1/1 785/1/1 780/1/1
f 780/1/1 785/1/1 782/1/1
f 782/1/1 785/1/1 777/1/1
f 777/1/1 784/1/1 775/1/1
f 777/1/1 785/1/1 784/1/1
f 783/1/1 784/1/1 785/1/1
f 779/14/1 781/14/1 776/14/1
f 778/14/1 776/14/1 781/14/1
f 782/1/9 781/14/9 780/1/9
f 779/14/9 780/1/9 781/14/9
f 778/14/5 777/1/5 776/14/5
f 775/1/5 776/14/5 777/1/5
f 850/19/8 813/20/8 854/19/8
f 854/19/8 813/20/8 855/19/8
f 854/19/8 855/19/8 859/18/8
f 813/20/8 850/19/8 811/20/8
f 850/19/8 849/18/8 811/20/8
f 860/18/8 859/18/8 855/19/8
f 859/18/8 860/18/8 849/18/8
f 811/20/8 849/18/8 816/1/8
f 860/18/8 857/18/8 849/18/8
f 857/18/8 816/1/8 849/18/8
f 816/1/8 857/18/8 818/1/8
f 813/20/8 818/1/8 857/18/8
f 855/19/8 813/20/8 856/19/8
f 856/19/8 813/20/8 857/18/8
f 857/18/7 860/18/3 858/18/7
f 860/18/3 859/18/3 858/18/7
f 858/18/7 859/18/3 851/18/4
f 849/18/4 851/18/4 859/18/3
f 858/18/7 853/19/10 857/18/7
f 856/19/10 857/18/7 853/19/10
f 856/19/10 853/19/10 855/19/1
f 855/19/1 853/19/10 854/19/1
f 854/19/1 853/19/10 850/19/2
f 852/19/2 850/19/2 853/19/10
f 852/19/2 851/18/4 850/19/2
f 849/18/4 850/19/2 851/18/4
f 842/6/16 839/1/16 846/6/18
f 838/1/18 846/6/18 839/1/16
f 844/6/8 846/6/18 840/1/8
f 838/1/18 840/1/8 846/6/18
f 843/6/3 842/6/3 848/6/3
f 848/6/3 842/6/3 847/6/3
f 842/6/3 846/6/3 847/6/3
f 847/6/3 846/6/3 845/6/3
f 844/6/3 845/6/3 846/6/3
f 843/6/5 837/1/5 842/6/16
f 839/1/16 842/6/16 837/1/5
f 841/1/1 840/1/1 836/1/1
f 838/1/1 836/1/1 840/1/1
f 839/1/1 837/1/1 838/1/1
f 838/1/1 837/1/1 836/1/1
f 835/1/1 836/1/1 837/1/1
f 831/7/8 833/7/8 827/15/8
f 833/7/8 824/15/8 827/15/8
f 824/15/8 812/14/8 827/15/8
f 812/14/8 815/16/8 827/15/8
f 812/14/8 824/15/8 814/14/8
f 827/15/8 815/16/8 828/17/8
f 814/14/8 824/15/8 817/16/8
f 817/16/8 828/17/8 815/16/8
f 824/15/8 823/17/8 817/16/8
f 817/16/8 823/17/8 828/17/8
f 828/17/8 823/17/8 820/11/8
f 822/11/8 820/11/8 823/17/8
f 834/7/85 826/15/82 833/7/85
f 824/15/82 833/7/85 826/15/82
f 829/15/83 832/7/84 827/15/83
f 831/7/84 827/15/83 832/7/84
f 825/17/88 821/11/87 823/17/88
f 822/11/87 823/17/88 821/11/87
f 819/11/86 830/17/89 820/11/86
f 828/17/89 820/11/86 830/17/89
f 834/7/85 833/7/85 832/7/84
f 831/7/84 832/7/84 833/7/85
f 830/17/89 829/15/83 828/17/89
f 827/15/83 828/17/89 829/15/83
f 826/15/82 825/17/88 824/15/82
f 823/17/88 824/15/82 825/17/88
f 822/11/87 821/11/87 820/11/86
f 819/11/86 820/11/86 821/11/87
f 818/16/7 813/14/10 817/16/7
f 814/14/10 817/16/7 813/14/10
f 818/16/7 817/16/7 816/16/4
f 815/16/4 816/16/4 817/16/7
f 811/14/2 816/16/4 812/14/2
f 815/16/4 812/14/2 816/16/4
f 814/14/10 813/14/10 812/14/2
f 811/14/2 812/14/2 813/14/10
f 900/19/8 863/20/8 904/19/8
f 904/19/8 863/20/8 905/19/8
f 904/19/8 905/19/8 909/18/8
f 863/20/8 900/19/8 861/20/8
f 900/19/8 899/18/8 861/20/8
f 910/18/8 909/18/8 905/19/8
f 909/18/8 910/18/8 899/18/8
f 861/20/8 899/18/8 866/1/8
f 910/18/8 907/18/8 899/18/8
f 907/18/8 866/1/8 899/18/8
f 866/1/8 907/18/8 868/1/8
f 863/20/8 868/1/8 907/18/8
f 905/19/8 863/20/8 906/19/8
f 906/19/8 863/20/8 907/18/8
f 907/18/7 910/18/3 908/18/7
f 910/18/3 909/18/3 908/18/7
f 908/18/7 909/18/3 901/18/4
f 899/18/4 901/18/4 909/18/3
f 908/18/7 903/19/10 907/18/7
f 906/19/10 907/18/7 903/19/10
f 906/19/10 903/19/10 905/19/1
f 905/19/1 903/19/10 904/19/1
f 904/19/1 903/19/10 900/19/2
f 902/19/2 900/19/2 903/19/10
f 902/19/2 901/18/4 900/19/2
f 899/18/4 900/19/2 901/18/4
f 892/6/16 889/1/16 896/6/18
f 888/1/18 896/6/18 889/1/16
f 894/6/8 896/6/18 890/1/8
f 888/1/18 890/1/8 896/6/18
f 893/6/3 892/6/3 898/6/3
f 898/6/3 892/6/3 897/6/3
f 892/6/3 896/6/3 897/6/3
f 897/6/3 896/6/3 895/6/3
f 894/6/3 895/6/3 896/6/3
f 893/6/5 887/1/5 892/6/16
f 889/1/16 892/6/16 887/1/5
f 891/1/1 890/1/1 886/1/1
f 888/1/1 886/1/1 890/1/1
f 889/1/1 887/1/1 888/1/1
f 888/1/1 887/1/1 886/1/1
f 885/1/1 886/1/1 887/1/1
f 881/7/8 883/7/8 877/15/8
f 883/7/8 874/15/8 877/15/8
f 874/15/8 862/14/8 877/15/8
f 862/14/8 865/16/8 877/15/8
f 862/14/8 874/15/8 864/14/8
f 877/15/8 865/16/8 878/17/8
f 864/14/8 874/15/8 867/16/8
f 867/16/8 878/17/8 865/16/8
f 874/15/8 873/17/8 867/16/8
f 867/16/8 873/17/8 878/17/8
f 878/17/8 873/17/8 870/11/8
f 872/11/8 870/11/8 873/17/8
f 884/7/85 876/15/82 883/7/85
f 874/15/82 883/7/85 876/15/82
f 879/15/83 882/7/84 877/15/83
f 881/7/84 877/15/83 882/7/84
f 875/17/88 871/11/87 873/17/88
f 872/11/87 873/17/88 871/11/87
f 869/11/86 880/17/89 870/11/86
f 878/17/89 870/11/86 880/17/89
f 884/7/85 883/7/85 882/7/84
f 881/7/84 882/7/84 883/7/85
f 880/17/89 879/15/83 878/17/89
f 877/15/83 878/17/89 879/15/83
f 876/15/82 875/17/88 874/15/82
f 873/17/88 874/15/82 875/17/88
f 872/11/87 871/11/87 870/11/86
f 869/11/86 870/11/86 871/11/87
f 868/16/7 863/14/10 867/16/7
f 864/14/10 867/16/7 863/14/10
f 868/16/7 867/16/7 866/16/4
f 865/16/4 866/16/4 867/16/7
f 861/14/2 866/16/4 862/14/2
f 865/16/4 862/14/2 866/16/4
f 864/14/10 863/14/10 862/14/2
f 861/14/2 862/14/2 863/14/10
f 913/14/2 912/16/4 911/14/2
f 912/16/4 913/14/2 914/16/4
f 917/17/89 916/15/83 915/17/89
f 916/15/83 917/17/89 918/15/83
f 920/11/86 915/17/89 919/11/86
f 915/17/89 920/11/86 917/17/89
f 918/15/83 921/7/84 916/15/83
f 921/7/84 918/15/83 922/7/84
f 920/11/86 924/11/87 923/11/87
f 924/11/87 920/11/86 919/11/86
f 927/1/1 926/1/1 925/1/1
f 926/1/1 927/1/1 928/1/1
f 912/16/4 930/16/7 929/16/7
f 930/16/7 912/16/4 914/16/4
f 921/7/84 932/7/85 931/7/85
f 932/7/85 921/7/84 922/7/84
f 915/17/8 924/11/8 919/11/8
f 924/11/8 915/17/8 933/17/8
f 933/17/8 915/17/8 912/16/8
f 912/16/8 915/17/8 916/15/8
f 929/16/8 933/17/8 912/16/8
f 912/16/8 916/15/8 911/14/8
f 933/17/8 929/16/8 934/15/8
f 911/14/8 916/15/8 935/14/8
f 934/15/8 929/16/8 935/14/8
f 934/15/8 935/14/8 916/15/8
f 934/15/8 916/15/8 921/7/8
f 934/15/8 921/7/8 931/7/8
f 936/15/82 933/17/88 934/15/82
f 933/17/88 936/15/82 937/17/88
f 937/17/88 924/11/87 933/17/88
f 924/11/87 937/17/88 923/11/87
f 938/6/8 926/1/8 928/1/8
f 926/1/8 938/6/8 939/6/8
f 913/14/2 935/14/10 940/14/10
f 935/14/10 913/14/2 911/14/2
f 930/16/7 935/14/10 929/16/7
f 935/14/10 930/16/7 940/14/10
f 938/6/3 941/6/3 939/6/3
f 941/6/3 938/6/3 942/6/3
f 932/7/85 934/15/82 931/7/85
f 934/15/82 932/7/85 936/15/82
f 945/19/2 944/18/4 943/19/2
f 944/18/4 945/19/2 946/18/4
f 949/18/7 948/19/10 947/18/7
f 948/19/10 949/18/7 950/19/10
f 945/19/2 948/19/10 950/19/10
f 948/19/10 945/19/2 951/19/1
f 951/19/1 945/19/2 952/19/1
f 952/19/1 945/19/2 953/19/1
f 953/19/1 945/19/2 954/19/1
f 954/19/1 945/19/2 943/19/2
f 955/18/3 949/18/7 947/18/7
f 949/18/7 955/18/3 946/18/4
f 946/18/4 955/18/3 956/18/3
f 946/18/4 956/18/3 957/18/3
f 946/18/4 957/18/3 958/18/3
f 946/18/4 958/18/3 944/18/4
f 944/18/8 913/20/8 943/19/8
f 943/19/8 913/20/8 954/19/8
f 944/18/8 914/1/8 913/20/8
f 914/1/8 944/18/8 930/1/8
f 947/18/8 930/1/8 944/18/8
f 947/18/8 944/18/8 958/18/8
f 930/1/8 947/18/8 940/20/8
f 954/19/8 957/18/8 958/18/8
f 947/18/8 958/18/8 957/18/8
f 957/18/8 954/19/8 953/19/8
f 954/19/8 913/20/8 953/19/8
f 947/18/8 957/18/8 956/18/8
f 953/19/8 913/20/8 952/19/8
f 940/20/8 947/18/8 948/19/8
f 940/20/8 948/19/8 913/20/8
f 947/18/8 956/18/8 955/18/8
f 952/19/8 955/18/8 956/18/8
f 951/19/8 913/20/8 948/19/8
f 955/18/8 952/19/8 951/19/8
f 952/19/8 913/20/8 951/19/8
f 961/14/2 960/16/4 959/14/2
f 960/16/4 961/14/2 962/16/4
f 965/17/89 964/15/83 963/17/89
f 964/15/83 965/17/89 966/15/83
f 968/11/86 963/17/89 967/11/86
f 963/17/89 968/11/86 965/17/89
f 966/15/83 969/7/84 964/15/83
f 969/7/84 966/15/83 970/7/84
f 968/11/86 972/11/87 971/11/87
f 972/11/87 968/11/86 967/11/86
f 975/1/1 974/1/1 973/1/1
f 974/1/1 975/1/1 976/1/1
f 960/16/4 978/16/7 977/16/7
f 978/16/7 960/16/4 962/16/4
f 969/7/84 980/7/85 979/7/85
f 980/7/85 969/7/84 970/7/84
f 963/17/8 972/11/8 967/11/8
f 972/11/8 963/17/8 981/17/8
f 981/17/8 963/17/8 960/16/8
f 960/16/8 963/17/8 964/15/8
f 977/16/8 981/17/8 960/16/8
f 960/16/8 964/15/8 959/14/8
f 981/17/8 977/16/8 982/15/8
f 959/14/8 964/15/8 983/14/8
f 982/15/8 977/16/8 983/14/8
f 982/15/8 983/14/8 964/15/8
f 982/15/8 964/15/8 969/7/8
f 982/15/8 969/7/8 979/7/8
f 984/15/82 981/17/88 982/15/82
f 981/17/88 984/15/82 985/17/88
f 985/17/88 972/11/87 981/17/88
f 972/11/87 985/17/88 971/11/87
f 986/6/8 974/1/8 976/1/8
f 974/1/8 986/6/8 987/6/8
f 961/14/2 983/14/10 988/14/10
f 983/14/10 961/14/2 959/14/2
f 978/16/7 983/14/10 977/16/7
f 983/14/10 978/16/7 988/14/10
f 986/6/3 989/6/3 987/6/3
f 989/6/3 986/6/3 990/6/3
f 980/7/85 982/15/82 979/7/85
f 982/15/82 980/7/85 984/15/82
f 993/19/2 992/18/4 991/19/2
f 992/18/4 993/19/2 994/18/4
f 997/18/7 996/19/10 995/18/7
f 996/19/10 997/18/7 998/19/10
f 993/19/2 996/19/10 998/19/10
f 996/19/10 993/19/2 999/19/1
f 999/19/1 993/19/2 1000/19/1
f 1000/19/1 993/19/2 1001/19/1
f 1001/19/1 993/19/2 1002/19/1
f 1002/19/1 993/19/2 991/19/2
f 1003/18/3 997/18/7 995/18/7
f 997/18/7 1003/18/3 994/18/4
f 994/18/4 1003/18/3 1004/18/3
f 994/18/4 1004/18/3 1005/18/3
f 994/18/4 1005/18/3 1006/18/3
f 994/18/4 1006/18/3 992/18/4
f 992/18/8 961/20/8 991/19/8
f 991/19/8 961/20/8 1002/19/8
f 992/18/8 962/1/8 961/20/8
f 962/1/8 992/18/8 978/1/8
f 995/18/8 978/1/8 992/18/8
f 995/18/8 992/18/8 1006/18/8
f 978/1/8 995/18/8 988/20/8
f 1002/19/8 1005/18/8 1006/18/8
f 995/18/8 1006/18/8 1005/18/8
f 1005/18/8 1002/19/8 1001/19/8
f 1002/19/8 961/20/8 1001/19/8
f 995/18/8 1005/18/8 1004/18/8
f 1001/19/8 961/20/8 1000/19/8
f 988/20/8 995/18/8 996/19/8
f 988/20/8 996/19/8 961/20/8
f 995/18/8 1004/18/8 1003/18/8
f 1000/19/8 1003/18/8 1004/18/8
f 999/19/8 961/20/8 996/19/8
f 1003/18/8 1000/19/8 999/19/8
f 1000/19/8 961/20/8 999/19/8
f 1009/14/2 1008/16/4 1007/14/2
f 1008/16/4 1009/14/2 1010/16/4
f 1013/17/89 1012/15/83 1011/17/89
f 1012/15/83 1013/17/89 1014/15/83
f 1016/11/86 1011/17/89 1015/11/86
f 1011/17/89 1016/11/86 1013/17/89
f 1014/15/83 1017/7/84 1012/15/83
f 1017/7/84 1014/15/83 1018/7/84
f 1016/11/86 1020/11/87 1019/11/87
f 1020/11/87 1016/11/86 1015/11/86
f 1023/1/1 1022/1/1 1021/1/1
f 1022/1/1 1023/1/1 1024/1/1
f 1008/16/4 1026/16/7 1025/16/7
f 1026/16/7 1008/16/4 1010/16/4
f 1017/7/84 1028/7/85 1027/7/85
f 1028/7/85 1017/7/84 1018/7/84
f 1011/17/8 1020/11/8 1015/11/8
f 1020/11/8 1011/17/8 1029/17/8
f 1029/17/8 1011/17/8 1008/16/8
f 1008/16/8 1011/17/8 1012/15/8
f 1025/16/8 1029/17/8 1008/16/8
f 1008/16/8 1012/15/8 1007/14/8
f 1029/17/8 1025/16/8 1030/15/8
f 1007/14/8 1012/15/8 1031/14/8
f 1030/15/8 1025/16/8 1031/14/8
f 1030/15/8 1031/14/8 1012/15/8
f 1030/15/8 1012/15/8 1017/7/8
f 1030/15/8 1017/7/8 1027/7/8
f 1032/15/82 1029/17/88 1030/15/82
f 1029/17/88 1032/15/82 1033/17/88
f 1033/17/88 1020/11/87 1029/17/88
f 1020/11/87 1033/17/88 1019/11/87
f 1034/6/8 1022/1/8 1024/1/8
f 1022/1/8 1034/6/8 1035/6/8
f 1009/14/2 1031/14/10 1036/14/10
f 1031/14/10 1009/14/2 1007/14/2
f 1026/16/7 1031/14/10 1025/16/7
f 1031/14/10 1026/16/7 1036/14/10
f 1034/6/3 1037/6/3 1035/6/3
f 1037/6/3 1034/6/3 1038/6/3
f 1028/7/85 1030/15/82 1027/7/85
f 1030/15/82 1028/7/85 1032/15/82
f 1041/19/2 1040/18/4 1039/19/2
f 1040/18/4 1041/19/2 1042/18/4
f 1045/18/7 1044/19/10 1043/18/7
f 1044/19/10 1045/18/7 1046/19/10
f 1041/19/2 1044/19/10 1046/19/10
f 1044/19/10 1041/19/2 1047/19/1
f 1047/19/1 1041/19/2 1048/19/1
f 1048/19/1 1041/19/2 1049/19/1
f 1049/19/1 1041/19/2 1050/19/1
f 1050/19/1 1041/19/2 1039/19/2
f 1051/18/3 1045/18/7 1043/18/7
f 1045/18/7 1051/18/3 1042/18/4
f 1042/18/4 1051/18/3 1052/18/3
f 1042/18/4 1052/18/3 1053/18/3
f 1042/18/4 1053/18/3 1054/18/3
f 1042/18/4 1054/18/3 1040/18/4
f 1040/18/8 1009/20/8 1039/19/8
f 1039/19/8 1009/20/8 1050/19/8
f 1040/18/8 1010/1/8 1009/20/8
f 1010/1/8 1040/18/8 1026/1/8
f 1043/18/8 1026/1/8 1040/18/8
f 1043/18/8 1040/18/8 1054/18/8
f 1026/1/8 1043/18/8 1036/20/8
f 1050/19/8 1053/18/8 1054/18/8
f 1043/18/8 1054/18/8 1053/18/8
f 1053/18/8 1050/19/8 1049/19/8
f 1050/19/8 1009/20/8 1049/19/8
f 1043/18/8 1053/18/8 1052/18/8
f 1049/19/8 1009/20/8 1048/19/8
f 1036/20/8 1043/18/8 1044/19/8
f 1036/20/8 1044/19/8 1009/20/8
f 1043/18/8 1052/18/8 1051/18/8
f 1048/19/8 1051/18/8 1052/18/8
f 1047/19/8 1009/20/8 1044/19/8
f 1051/18/8 1048/19/8 1047/19/8
f 1048/19/8 1009/20/8 1047/19/8
f 1057/14/2 1056/14/10 1055/14/10
f 1056/14/10 1057/14/2 1058/14/2
f 1060/16/7 1056/14/10 1059/16/7
f 1056/14/10 1060/16/7 1055/14/10
f 1061/16/4 1060/16/7 1059/16/7
f 1060/16/7 1061/16/4 1062/16/4
f 1057/14/2 1061/16/4 1058/14/2
f 1061/16/4 1057/14/2 1062/16/4
f 1065/11/86 1064/11/87 1063/11/87
f 1064/11/87 1065/11/86 1066/11/86
f 1069/17/89 1068/15/83 1067/17/89
f 1068/15/83 1069/17/89 1070/15/83
f 1073/15/82 1072/17/88 1071/15/82
f 1072/17/88 1073/15/82 1074/17/88
f 1077/7/84 1076/7/85 1075/7/85
f 1076/7/85 1077/7/84 1078/7/84
f 1074/17/88 1064/11/87 1072/17/88
f 1064/11/87 1074/17/88 1063/11/87
f 1065/11/86 1067/17/89 1066/11/86
f 1067/17/89 1065/11/86 1069/17/89
f 1076/7/85 1071/15/82 1075/7/85
f 1071/15/82 1076/7/85 1073/15/82
f 1070/15/83 1077/7/84 1068/15/83
f 1077/7/84 1070/15/83 1078/7/84
f 1067/17/8 1064/11/8 1066/11/8
f 1064/11/8 1067/17/8 1072/17/8
f 1072/17/8 1067/17/8 1061/16/8
f 1061/16/8 1067/17/8 1068/15/8
f 1059/16/8 1072/17/8 1061/16/8
f 1061/16/8 1068/15/8 1058/14/8
f 1072/17/8 1059/16/8 1071/15/8
f 1058/14/8 1068/15/8 1056/14/8
f 1071/15/8 1059/16/8 1056/14/8
f 1071/15/8 1056/14/8 1068/15/8
f 1071/15/8 1068/15/8 1077/7/8
f 1071/15/8 1077/7/8 1075/7/8
f 1081/1/1 1080/1/1 1079/1/1
f 1080/1/1 1081/1/1 1082/1/1
f 1082/1/1 1081/1/1 1083/1/1
f 1084/1/1 1080/1/1 1082/1/1
f 1080/1/1 1084/1/1 1085/1/1
f 1081/1/9 1086/6/22 1083/1/22
f 1086/6/22 1081/1/9 1087/6/9
f 1090/6/3 1089/6/3 1088/6/3
f 1089/6/3 1090/6/3 1091/6/3
f 1091/6/3 1090/6/3 1086/6/3
f 1091/6/3 1086/6/3 1092/6/3
f 1092/6/3 1086/6/3 1087/6/3
f 1090/6/19 1084/1/8 1082/1/19
f 1084/1/8 1090/6/19 1088/6/8
f 1083/1/22 1090/6/19 1082/1/19
f 1090/6/19 1083/1/22 1086/6/22
f 1095/18/7 1094/19/10 1093/18/7
f 1094/19/10 1095/18/7 1096/19/10
f 1097/19/2 1094/19/10 1096/19/10
f 1094/19/10 1097/19/2 1098/19/1
f 1098/19/1 1097/19/2 1099/19/1
f 1099/19/1 1097/19/2 1100/19/2
f 1097/19/2 1101/18/4 1100/19/2
f 1101/18/4 1097/19/2 1102/18/4
f 1103/18/3 1095/18/7 1093/18/7
f 1095/18/7 1103/18/3 1102/18/4
f 1102/18/4 1103/18/3 1104/18/3
f 1102/18/4 1104/18/3 1101/18/4
f 1101/18/8 1057/20/8 1100/19/8
f 1100/19/8 1057/20/8 1099/19/8
f 1101/18/8 1062/1/8 1057/20/8
f 1062/1/8 1101/18/8 1060/1/8
f 1093/18/8 1060/1/8 1101/18/8
f 1093/18/8 1101/18/8 1104/18/8
f 1060/1/8 1093/18/8 1055/20/8
f 1093/18/8 1104/18/8 1103/18/8
f 1099/19/8 1103/18/8 1104/18/8
f 1055/20/8 1093/18/8 1094/19/8
f 1055/20/8 1094/19/8 1057/20/8
f 1103/18/8 1099/19/8 1098/19/8
f 1099/19/8 1057/20/8 1098/19/8
f 1098/19/8 1057/20/8 1094/19/8
f 1107/14/2 1106/14/10 1105/14/10
f 1106/14/10 1107/14/2 1108/14/2
f 1110/16/7 1106/14/10 1109/16/7
f 1106/14/10 1110/16/7 1105/14/10
f 1111/16/4 1110/16/7 1109/16/7
f 1110/16/7 1111/16/4 1112/16/4
f 1107/14/2 1111/16/4 1108/14/2
f 1111/16/4 1107/14/2 1112/16/4
f 1115/11/86 1114/11/87 1113/11/87
f 1114/11/87 1115/11/86 1116/11/86
f 1119/17/89 1118/15/83 1117/17/89
f 1118/15/83 1119/17/89 1120/15/83
f 1123/15/82 1122/17/88 1121/15/82
f 1122/17/88 1123/15/82 1124/17/88
f 1127/7/84 1126/7/85 1125/7/85
f 1126/7/85 1127/7/84 1128/7/84
f 1124/17/88 1114/11/87 1122/17/88
f 1114/11/87 1124/17/88 1113/11/87
f 1115/11/86 1117/17/89 1116/11/86
f 1117/17/89 1115/11/86 1119/17/89
f 1126/7/85 1121/15/82 1125/7/85
f 1121/15/82 1126/7/85 1123/15/82
f 1120/15/83 1127/7/84 1118/15/83
f 1127/7/84 1120/15/83 1128/7/84
f 1117/17/8 1114/11/8 1116/11/8
f 1114/11/8 1117/17/8 1122/17/8
f 1122/17/8 1117/17/8 1111/16/8
f 1111/16/8 1117/17/8 1118/15/8
f 1109/16/8 1122/17/8 1111/16/8
f 1111/16/8 1118/15/8 1108/14/8
f 1122/17/8 1109/16/8 1121/15/8
f 1108/14/8 1118/15/8 1106/14/8
f 1121/15/8 1109/16/8 1106/14/8
f 1121/15/8 1106/14/8 1118/15/8
f 1121/15/8 1118/15/8 1127/7/8
f 1121/15/8 1127/7/8 1125/7/8
f 1131/1/1 1130/1/1 1129/1/1
f 1130/1/1 1131/1/1 1132/1/1
f 1132/1/1 1131/1/1 1133/1/1
f 1134/1/1 1130/1/1 1132/1/1
f 1130/1/1 1134/1/1 1135/1/1
f 1131/1/9 1136/6/22 1133/1/22
f 1136/6/22 1131/1/9 1137/6/9
f 1140/6/3 1139/6/3 1138/6/3
f 1139/6/3 1140/6/3 1141/6/3
f 1141/6/3 1140/6/3 1136/6/3
f 1141/6/3 1136/6/3 1142/6/3
f 1142/6/3 1136/6/3 1137/6/3
f 1140/6/19 1134/1/8 1132/1/19
f 1134/1/8 1140/6/19 1138/6/8
f 1133/1/22 1140/6/19 1132/1/19
f 1140/6/19 1133/1/22 1136/6/22
f 1145/18/7 1144/19/10 1143/18/7
f 1144/19/10 1145/18/7 1146/19/10
f 1147/19/2 1144/19/10 1146/19/10
f 1144/19/10 1147/19/2 1148/19/1
f 1148/19/1 1147/19/2 1149/19/1
f 1149/19/1 1147/19/2 1150/19/2
f 1147/19/2 1151/18/4 1150/19/2
f 1151/18/4 1147/19/2 1152/18/4
f 1153/18/3 1145/18/7 1143/18/7
f 1145/18/7 1153/18/3 1152/18/4
f 1152/18/4 1153/18/3 1154/18/3
f 1152/18/4 1154/18/3 1151/18/4
f 1151/18/8 1107/20/8 1150/19/8
f 1150/19/8 1107/20/8 1149/19/8
f 1151/18/8 1112/1/8 1107/20/8
f 1112/1/8 1151/18/8 1110/1/8
f 1143/18/8 1110/1/8 1151/18/8
f 1143/18/8 1151/18/8 1154/18/8
f 1110/1/8 1143/18/8 1105/20/8
f 1143/18/8 1154/18/8 1153/18/8
f 1149/19/8 1153/18/8 1154/18/8
f 1105/20/8 1143/18/8 1144/19/8
f 1105/20/8 1144/19/8 1107/20/8
f 1153/18/8 1149/19/8 1148/19/8
f 1149/19/8 1107/20/8 1148/19/8
f 1148/19/8 1107/20/8 1144/19/8
f 1157/14/91 1156/14/90 1155/14/90
f 1156/14/90 1157/14/91 1158/14/91
f 1160/16/92 1156/14/90 1159/16/92
f 1156/14/90 1160/16/92 1155/14/90
f 1161/16/93 1160/16/92 1159/16/92
f 1160/16/92 1161/16/93 1162/16/93
f 1157/14/91 1161/16/93 1158/14/91
f 1161/16/93 1157/14/91 1162/16/93
f 1165/11/95 1164/11/94 1163/11/94
f 1164/11/94 1165/11/95 1166/11/95
f 1169/17/96 1168/15/97 1167/17/96
f 1168/15/97 1169/17/96 1170/15/97
f 1173/15/98 1172/17/99 1171/15/98
f 1172/17/99 1173/15/98 1174/17/99
f 1177/7/101 1176/7/100 1175/7/100
f 1176/7/100 1177/7/101 1178/7/101
f 1174/17/99 1164/11/94 1172/17/99
f 1164/11/94 1174/17/99 1163/11/94
f 1165/11/95 1167/17/96 1166/11/95
f 1167/17/96 1165/11/95 1169/17/96
f 1176/7/100 1171/15/98 1175/7/100
f 1171/15/98 1176/7/100 1173/15/98
f 1170/15/97 1177/7/101 1168/15/97
f 1177/7/101 1170/15/97 1178/7/101
f 1167/17/102 1164/11/102 1166/11/102
f 1164/11/102 1167/17/102 1172/17/102
f 1172/17/102 1167/17/102 1161/16/102
f 1161/16/102 1167/17/102 1168/15/102
f 1159/16/102 1172/17/102 1161/16/102
f 1161/16/102 1168/15/102 1158/14/102
f 1172/17/102 1159/16/102 1171/15/102
f 1158/14/102 1168/15/102 1156/14/102
f 1171/15/102 1159/16/102 1156/14/102
f 1171/15/102 1156/14/102 1168/15/102
f 1171/15/102 1168/15/102 1177/7/102
f 1171/15/102 1177/7/102 1175/7/102
f 1181/1/1 1180/1/1 1179/1/1
f 1180/1/1 1181/1/1 1182/1/1
f 1183/6/102 1180/1/102 1182/1/102
f 1180/1/102 1183/6/102 1184/6/102
f 1183/6/3 1185/6/3 1184/6/3
f 1185/6/3 1183/6/3 1186/6/3
f 1189/18/92 1188/19/90 1187/18/92
f 1188/19/90 1189/18/92 1190/19/90
f 1191/19/91 1188/19/90 1190/19/90
f 1188/19/90 1191/19/91 1192/19/1
f 1192/19/1 1191/19/91 1193/19/1
f 1193/19/1 1191/19/91 1194/19/91
f 1191/19/91 1195/18/93 1194/19/91
f 1195/18/93 1191/19/91 1196/18/93
f 1197/18/3 1189/18/92 1187/18/92
f 1189/18/92 1197/18/3 1196/18/93
f 1196/18/93 1197/18/3 1198/18/3
f 1196/18/93 1198/18/3 1195/18/93
f 1195/18/102 1199/20/102 1194/19/102
f 1194/19/102 1199/20/102 1193/19/102
f 1195/18/102 1200/1/102 1199/20/102
f 1200/1/102 1195/18/102 1201/1/102
f 1187/18/102 1201/1/102 1195/18/102
f 1187/18/102 1195/18/102 1198/18/102
f 1201/1/102 1187/18/102 1202/20/102
f 1187/18/102 1198/18/102 1197/18/102
f 1193/19/102 1197/18/102 1198/18/102
f 1202/20/102 1187/18/102 1188/19/102
f 1202/20/102 1188/19/102 1199/20/102
f 1197/18/102 1193/19/102 1192/19/102
f 1193/19/102 1199/20/102 1192/19/102
f 1192/19/102 1199/20/102 1188/19/102
f 1257/11/9 1258/7/9 1260/11/59
f 1262/7/59 1260/11/59 1258/7/9
f 1259/11/1 1255/11/1 1260/11/1
f 1257/11/1 1260/11/1 1255/11/1
f 1256/7/3 1261/7/3 1258/7/3
f 1262/7/3 1258/7/3 1261/7/3
f 1256/7/5 1255/11/5 1261/7/54
f 1259/11/54 1261/7/54 1255/11/5
f 1262/7/59 1261/7/54 1260/11/59
f 1259/11/54 1260/11/59 1261/7/54
f 1258/7/6 1257/11/6 1256/7/6
f 1255/11/6 1256/7/6 1257/11/6
f 1251/3/8 1253/3/8 1248/1/8
f 1250/1/8 1248/1/8 1253/3/8
f 1254/3/4 1253/3/4 1252/3/7
f 1251/3/7 1252/3/7 1253/3/4
f 1254/3/4 1249/1/2 1253/3/4
f 1250/1/2 1253/3/4 1249/1/2
f 1247/1/10 1252/3/7 1248/1/10
f 1251/3/7 1248/1/10 1252/3/7
f 1250/1/2 1249/1/2 1248/1/10
f 1247/1/10 1248/1/10 1249/1/2
f 1243/8/2 1236/21/4 1244/8/2
f 1244/8/2 1236/21/4 1246/22/5
f 1246/22/5 1236/21/4 1245/17/5
f 1235/21/4 1245/17/5 1236/21/4
f 1239/8/10 1241/8/10 1244/8/2
f 1243/8/2 1244/8/2 1241/8/10
f 1238/21/7 1241/8/10 1237/21/7
f 1237/21/7 1241/8/10 1242/17/9
f 1242/17/9 1241/8/10 1240/22/9
f 1239/8/10 1240/22/9 1241/8/10
f 1238/21/7 1237/21/7 1236/21/4
f 1235/21/4 1236/21/4 1237/21/7
f 1221/1/1 1234/1/1 1208/1/1
f 1208/1/1 1234/1/1 1210/1/1
f 1210/1/1 1234/1/1 1205/1/1
f 1205/1/1 1227/1/1 1203/1/1
f 1205/1/1 1234/1/1 1227/1/1
f 1227/1/1 1234/1/1 1212/1/1
f 1214/1/1 1212/1/1 1234/1/1
f 1232/7/85 1220/15/82 1223/7/85
f 1219/15/82 1223/7/85 1220/15/82
f 1233/15/83 1231/7/84 1222/15/83
f 1224/7/84 1222/15/83 1231/7/84
f 1230/6/9 1233/15/83 1225/6/9
f 1222/15/83 1225/6/9 1233/15/83
f 1232/7/85 1223/7/85 1231/7/84
f 1224/7/84 1231/7/84 1223/7/85
f 1230/6/3 1225/6/3 1229/6/3
f 1225/6/3 1226/6/3 1229/6/3
f 1229/6/3 1226/6/3 1228/6/3
f 1226/6/3 1211/6/3 1228/6/3
f 1213/6/3 1228/6/3 1211/6/3
f 1212/1/22 1211/6/22 1227/1/19
f 1226/6/19 1227/1/19 1211/6/22
f 1227/1/19 1226/6/19 1203/1/8
f 1225/6/8 1203/1/8 1226/6/19
f 1203/1/8 1225/6/8 1204/14/8
f 1222/15/8 1204/14/8 1225/6/8
f 1224/7/8 1223/7/8 1222/15/8
f 1223/7/8 1219/15/8 1222/15/8
f 1219/15/8 1204/14/8 1222/15/8
f 1204/14/8 1219/15/8 1207/14/8
f 1219/15/8 1215/6/8 1207/14/8
f 1207/14/8 1215/6/8 1208/1/8
f 1215/6/8 1217/6/8 1208/1/8
f 1221/1/8 1208/1/8 1217/6/8
f 1220/15/82 1216/6/5 1219/15/82
f 1215/6/5 1219/15/82 1216/6/5
f 1218/6/3 1217/6/3 1216/6/3
f 1215/6/3 1216/6/3 1217/6/3
f 1214/1/9 1213/6/9 1212/1/22
f 1211/6/22 1212/1/22 1213/6/9
f 1207/14/1 1209/14/1 1204/14/1
f 1206/14/1 1204/14/1 1209/14/1
f 1210/1/9 1209/14/9 1208/1/9
f 1207/14/9 1208/1/9 1209/14/9
f 1206/14/5 1205/1/5 1204/14/5
f 1203/1/5 1204/14/5 1205/1/5
f 1265/14/2 1264/16/4 1263/14/2
f 1264/16/4 1265/14/2 1266/16/4
f 1269/17/89 1268/15/83 1267/17/89
f 1268/15/83 1269/17/89 1270/15/83
f 1272/11/86 1267/17/89 1271/11/86
f 1267/17/89 1272/11/86 1269/17/89
f 1270/15/83 1273/7/84 1268/15/83
f 1273/7/84 1270/15/83 1274/7/84
f 1272/11/86 1276/11/87 1275/11/87
f 1276/11/87 1272/11/86 1271/11/86
f 1279/1/1 1278/1/1 1277/1/1
f 1278/1/1 1279/1/1 1280/1/1
f 1264/16/4 1282/16/7 1281/16/7
f 1282/16/7 1264/16/4 1266/16/4
f 1273/7/84 1284/7/85 1283/7/85
f 1284/7/85 1273/7/84 1274/7/84
f 1267/17/8 1276/11/8 1271/11/8
f 1276/11/8 1267/17/8 1285/17/8
f 1285/17/8 1267/17/8 1264/16/8
f 1264/16/8 1267/17/8 1268/15/8
f 1281/16/8 1285/17/8 1264/16/8
f 1264/16/8 1268/15/8 1263/14/8
f 1285/17/8 1281/16/8 1286/15/8
f 1263/14/8 1268/15/8 1287/14/8
f 1286/15/8 1281/16/8 1287/14/8
f 1286/15/8 1287/14/8 1268/15/8
f 1286/15/8 1268/15/8 1273/7/8
f 1286/15/8 1273/7/8 1283/7/8
f 1288/15/82 1285/17/88 1286/15/82
f 1285/17/88 1288/15/82 1289/17/88
f 1289/17/88 1276/11/87 1285/17/88
f 1276/11/87 1289/17/88 1275/11/87
f 1290/6/8 1278/1/8 1280/1/8
f 1278/1/8 1290/6/8 1291/6/8
f 1265/14/2 1287/14/10 1292/14/10
f 1287/14/10 1265/14/2 1263/14/2
f 1282/16/7 1287/14/10 1281/16/7
f 1287/14/10 1282/16/7 1292/14/10
f 1290/6/3 1293/6/3 1291/6/3
f 1293/6/3 1290/6/3 1294/6/3
f 1284/7/85 1286/15/82 1283/7/85
f 1286/15/82 1284/7/85 1288/15/82
f 1297/19/2 1296/18/4 1295/19/2
f 1296/18/4 1297/19/2 1298/18/4
f 1301/18/7 1300/19/10 1299/18/7
f 1300/19/10 1301/18/7 1302/19/10
f 1297/19/2 1300/19/10 1302/19/10
f 1300/19/10 1297/19/2 1303/19/1
f 1303/19/1 1297/19/2 1304/19/1
f 1304/19/1 1297/19/2 1305/19/1
f 1305/19/1 1297/19/2 1306/19/1
f 1306/19/1 1297/19/2 1295/19/2
f 1307/18/3 1301/18/7 1299/18/7
f 1301/18/7 1307/18/3 1298/18/4
f 1298/18/4 1307/18/3 1308/18/3
f 1298/18/4 1308/18/3 1309/18/3
f 1298/18/4 1309/18/3 1310/18/3
f 1298/18/4 1310/18/3 1296/18/4
f 1296/18/8 1265/20/8 1295/19/8
f 1295/19/8 1265/20/8 1306/19/8
f 1296/18/8 1266/1/8 1265/20/8
f 1266/1/8 1296/18/8 1282/1/8
f 1299/18/8 1282/1/8 1296/18/8
f 1299/18/8 1296/18/8 1310/18/8
f 1282/1/8 1299/18/8 1292/20/8
f 1306/19/8 1309/18/8 1310/18/8
f 1299/18/8 1310/18/8 1309/18/8
f 1309/18/8 1306/19/8 1305/19/8
f 1306/19/8 1265/20/8 1305/19/8
f 1299/18/8 1309/18/8 1308/18/8
f 1305/19/8 1265/20/8 1304/19/8
f 1292/20/8 1299/18/8 1300/19/8
f 1292/20/8 1300/19/8 1265/20/8
f 1299/18/8 1308/18/8 1307/18/8
f 1304/19/8 1307/18/8 1308/18/8
f 1303/19/8 1265/20/8 1300/19/8
f 1307/18/8 1304/19/8 1303/19/8
f 1304/19/8 1265/20/8 1303/19/8
f 1311/24/11 23/23/11 24/23/11
f 23/23/11 1311/24/11 1312/24/11
f 1313/24/11 31/23/11 32/23/11
f 31/23/11 1313/24/11 1314/24/11
f 1317/24/15 44/23/15 1315/24/15
f 43/23/15 1315/24/15 44/23/15
f 1316/24/13 1315/24/13 42/23/13
f 43/23/13 42/23/13 1315/24/13
f 1318/24/11 51/23/11 52/23/11
f 51/23/11 1318/24/11 1319/24/11
f 1322/24/3 1321/24/3 1320/24/3
f 1321/24/3 1322/24/3 1323/24/3
f 1324/24/37 311/23/37 312/23/37
f 311/23/37 1324/24/37 1325/24/37
f 1326/24/37 322/23/37 323/23/37
f 322/23/37 1326/24/37 1327/24/37
f 324/23/39 1326/24/39 323/23/39
f 1326/24/39 324/23/39 1328/24/39
f 1329/24/13 363/23/13 364/23/13
f 363/23/13 1329/24/13 1330/24/13
f 760/23/8 758/23/8 762/25/8
f 1333/24/8 762/25/8 758/23/8
f 764/26/8 762/25/8 1333/24/8
f 1331/24/8 764/26/8 1333/24/8
f 764/26/8 1331/24/8 766/26/8
f 766/26/8 1331/24/8 756/25/8
f 756/25/8 1331/24/8 749/23/8
f 751/23/8 749/23/8 1331/24/8
f 1332/24/5 752/23/5 1331/24/5
f 751/23/5 1331/24/5 752/23/5
f 796/23/8 794/23/8 798/25/8
f 1335/24/8 798/25/8 794/23/8
f 800/26/8 798/25/8 1335/24/8
f 1334/24/8 800/26/8 1335/24/8
f 800/26/8 1334/24/8 802/26/8
f 802/26/8 1334/24/8 792/25/8
f 792/25/8 1334/24/8 788/23/8
f 790/23/8 788/23/8 1334/24/8
f 1230/23/8 1229/23/8 1233/25/8
f 1336/24/8 1233/25/8 1229/23/8
f 1231/26/8 1233/25/8 1336/24/8
f 1338/24/8 1231/26/8 1336/24/8
f 1231/26/8 1338/24/8 1232/26/8
f 1232/26/8 1338/24/8 1220/25/8
f 1220/25/8 1338/24/8 1216/23/8
f 1218/23/8 1216/23/8 1338/24/8
f 1228/23/9 1337/24/9 1229/23/9
f 1336/24/9 1229/23/9 1337/24/9
f 1339/28/13 59/27/13 60/27/13
f 59/27/13 1339/28/13 1340/28/13
f 1341/28/11 67/27/11 68/27/11
f 67/27/11 1341/28/11 1342/28/11
f 1343/28/11 75/27/11 76/27/11
f 75/27/11 1343/28/11 1344/28/11
f 1345/28/11 83/27/11 84/27/11
f 83/27/11 1345/28/11 1346/28/11
f 1347/28/11 91/27/11 92/27/11
f 91/27/11 1347/28/11 1348/28/11
f 1349/28/13 99/27/13 100/27/13
f 99/27/13 1349/28/13 1350/28/13
f 1351/28/11 139/27/11 140/27/11
f 139/27/11 1351/28/11 1352/28/11
f 1353/28/37 278/27/37 279/27/37
f 278/27/37 1353/28/37 1354/28/37
f 280/27/39 1353/28/39 279/27/39
f 1353/28/39 280/27/39 1355/28/39
f 1357/28/15 292/27/15 1356/28/15
f 291/27/15 1356/28/15 292/27/15
f 511/28/13 1356/28/13 290/27/13
f 291/27/13 290/27/13 1356/28/13
f 1358/28/11 299/27/11 300/27/11
f 299/27/11 1358/28/11 1359/28/11
f 1362/28/15 336/27/15 1360/28/15
f 335/27/15 1360/28/15 336/27/15
f 1361/28/13 1360/28/13 334/27/13
f 335/27/13 334/27/13 1360/28/13
f 441/28/37 346/27/37 347/27/37
f 346/27/37 441/28/37 445/28/37
f 348/27/39 441/28/39 347/27/39
f 441/28/39 348/27/39 443/28/39
f 1363/28/37 355/27/37 356/27/37
f 355/27/37 1363/28/37 1364/28/37
f 1366/29/3 374/29/3 1365/29/3
f 374/29/3 1366/29/3 372/29/3
f 384/29/3 1367/29/3 396/29/3
f 1367/29/3 384/29/3 386/29/3
f 404/29/3 1368/29/3 416/29/3
f 1368/29/3 404/29/3 406/29/3
f 1370/29/3 426/29/3 1369/29/3
f 426/29/3 1370/29/3 424/29/3
f 1372/29/3 438/29/3 1371/29/3
f 438/29/3 1372/29/3 436/29/3
f 448/29/3 1373/29/3 460/29/3
f 1373/29/3 448/29/3 450/29/3
f 1375/29/3 470/29/3 1374/29/3
f 470/29/3 1375/29/3 468/29/3
f 1377/29/3 482/29/3 1376/29/3
f 482/29/3 1377/29/3 480/29/3
f 1379/29/3 494/29/3 1378/29/3
f 494/29/3 1379/29/3 492/29/3
f 1381/29/3 506/29/3 1380/29/3
f 506/29/3 1381/29/3 504/29/3
f 516/29/3 1382/29/3 528/29/3
f 1382/29/3 516/29/3 518/29/3
f 1384/29/3 602/29/3 1383/29/3
f 602/29/3 1384/29/3 600/29/3
f 1388/30/8 1387/30/8 1386/28/8
f 1385/28/8 1386/28/8 1387/30/8
f 1392/30/8 1391/30/8 1390/28/8
f 1389/28/8 1390/28/8 1391/30/8
f 834/33/8 886/28/8 826/31/8
f 826/31/8 886/28/8 825/32/8
f 832/33/8 886/28/8 834/33/8
f 886/28/8 847/27/8 825/32/8
f 886/28/8 832/33/8 891/28/8
f 825/32/8 847/27/8 821/34/8
f 845/27/8 821/34/8 847/27/8
f 821/34/8 845/27/8 819/34/8
f 819/34/8 845/27/8 830/32/8
f 891/28/8 830/32/8 845/27/8
f 832/33/8 829/31/8 891/28/8
f 829/31/8 830/32/8 891/28/8
f 885/28/5 848/27/5 886/28/5
f 847/27/5 886/28/5 848/27/5
f 884/33/8 1393/28/8 876/31/8
f 876/31/8 1393/28/8 875/32/8
f 882/33/8 1393/28/8 884/33/8
f 1393/28/8 897/27/8 875/32/8
f 1393/28/8 882/33/8 1395/28/8
f 875/32/8 897/27/8 871/34/8
f 895/27/8 871/34/8 897/27/8
f 871/34/8 895/27/8 869/34/8
f 869/34/8 895/27/8 880/32/8
f 1395/28/8 880/32/8 895/27/8
f 882/33/8 879/31/8 1395/28/8
f 879/31/8 880/32/8 1395/28/8
f 1394/28/5 898/27/5 1393/28/5
f 897/27/5 1393/28/5 898/27/5
f 918/31/8 975/28/8 922/33/8
f 922/33/8 975/28/8 932/33/8
f 917/32/8 975/28/8 918/31/8
f 917/32/8 942/27/8 975/28/8
f 920/34/8 942/27/8 917/32/8
f 973/28/8 932/33/8 975/28/8
f 973/28/8 936/31/8 932/33/8
f 973/28/8 937/32/8 936/31/8
f 942/27/8 920/34/8 941/27/8
f 941/27/8 937/32/8 973/28/8
f 923/34/8 941/27/8 920/34/8
f 937/32/8 941/27/8 923/34/8
f 966/31/8 1396/28/8 970/33/8
f 970/33/8 1396/28/8 980/33/8
f 965/32/8 1396/28/8 966/31/8
f 965/32/8 990/27/8 1396/28/8
f 968/34/8 990/27/8 965/32/8
f 1397/28/8 980/33/8 1396/28/8
f 1397/28/8 984/31/8 980/33/8
f 1397/28/8 985/32/8 984/31/8
f 990/27/8 968/34/8 989/27/8
f 989/27/8 985/32/8 1397/28/8
f 971/34/8 989/27/8 968/34/8
f 985/32/8 989/27/8 971/34/8
f 1014/31/8 1398/28/8 1018/33/8
f 1018/33/8 1398/28/8 1028/33/8
f 1013/32/8 1398/28/8 1014/31/8
f 1013/32/8 1038/27/8 1398/28/8
f 1016/34/8 1038/27/8 1013/32/8
f 1399/28/8 1028/33/8 1398/28/8
f 1399/28/8 1032/31/8 1028/33/8
f 1399/28/8 1033/32/8 1032/31/8
f 1038/27/8 1016/34/8 1037/27/8
f 1037/27/8 1033/32/8 1399/28/8
f 1019/34/8 1037/27/8 1016/34/8
f 1033/32/8 1037/27/8 1019/34/8
f 1092/27/9 1400/28/9 1091/27/9
f 1400/28/9 1092/27/9 1401/28/9
f 1402/28/8 1074/32/8 1073/31/8
f 1402/28/8 1073/31/8 1076/33/8
f 1089/27/8 1074/32/8 1402/28/8
f 1074/32/8 1089/27/8 1063/34/8
f 1063/34/8 1089/27/8 1065/34/8
f 1091/27/8 1065/34/8 1089/27/8
f 1065/34/8 1091/27/8 1069/32/8
f 1402/28/8 1076/33/8 1400/28/8
f 1069/32/8 1091/27/8 1400/28/8
f 1078/33/8 1400/28/8 1076/33/8
f 1069/32/8 1400/28/8 1070/31/8
f 1070/31/8 1400/28/8 1078/33/8
f 1142/27/9 1080/28/9 1141/27/9
f 1080/28/9 1142/27/9 1079/28/9
f 1085/28/8 1124/32/8 1123/31/8
f 1085/28/8 1123/31/8 1126/33/8
f 1139/27/8 1124/32/8 1085/28/8
f 1124/32/8 1139/27/8 1113/34/8
f 1113/34/8 1139/27/8 1115/34/8
f 1141/27/8 1115/34/8 1139/27/8
f 1115/34/8 1141/27/8 1119/32/8
f 1085/28/8 1126/33/8 1080/28/8
f 1119/32/8 1141/27/8 1080/28/8
f 1128/33/8 1080/28/8 1126/33/8
f 1119/32/8 1080/28/8 1120/31/8
f 1120/31/8 1080/28/8 1128/33/8
f 1403/28/102 1174/32/102 1173/31/102
f 1403/28/102 1173/31/102 1176/33/102
f 1185/27/102 1174/32/102 1403/28/102
f 1174/32/102 1185/27/102 1163/34/102
f 1163/34/102 1185/27/102 1165/34/102
f 1186/27/102 1165/34/102 1185/27/102
f 1165/34/102 1186/27/102 1169/32/102
f 1403/28/102 1176/33/102 1404/28/102
f 1169/32/102 1186/27/102 1404/28/102
f 1178/33/102 1404/28/102 1176/33/102
f 1169/32/102 1404/28/102 1170/31/102
f 1170/31/102 1404/28/102 1178/33/102
f 1209/36/8 1244/29/8 1206/36/8
f 1244/29/8 1209/36/8 1239/29/8
f 1244/29/8 1246/37/8 1206/36/8
f 1239/29/8 1209/36/8 1240/37/8
f 1246/37/8 1245/32/8 1206/36/8
f 1246/37/8 1240/37/8 1245/32/8
f 1240/37/8 1209/36/8 1242/32/8
f 1242/32/8 1245/32/8 1240/37/8
f 1245/32/8 1235/35/8 1206/36/8
f 1242/32/8 1209/36/8 1237/35/8
f 1206/36/8 1235/35/8 1205/30/8
f 1237/35/8 1205/30/8 1235/35/8
f 1209/36/8 1210/30/8 1237/35/8
f 1205/30/8 1237/35/8 1210/30/8
f 1270/31/8 1023/28/8 1274/33/8
f 1274/33/8 1023/28/8 1284/33/8
f 1269/32/8 1023/28/8 1270/31/8
f 1269/32/8 1294/27/8 1023/28/8
f 1272/34/8 1294/27/8 1269/32/8
f 1021/28/8 1284/33/8 1023/28/8
f 1021/28/8 1288/31/8 1284/33/8
f 1021/28/8 1289/32/8 1288/31/8
f 1294/27/8 1272/34/8 1293/27/8
f 1293/27/8 1289/32/8 1021/28/8
f 1275/34/8 1293/27/8 1272/34/8
f 1289/32/8 1293/27/8 1275/34/8

usemtl colormap-specular

f 852/39/8 853/39/8 851/38/8
f 858/38/8 851/38/8 853/39/8
f 902/39/8 903/39/8 901/38/8
f 908/38/8 901/38/8 903/39/8
f 945/39/8 949/38/8 946/38/8
f 949/38/8 945/39/8 950/39/8
f 993/39/8 997/38/8 994/38/8
f 997/38/8 993/39/8 998/39/8
f 1041/39/8 1045/38/8 1042/38/8
f 1045/38/8 1041/39/8 1046/39/8
f 1097/39/8 1095/38/8 1102/38/8
f 1095/38/8 1097/39/8 1096/39/8
f 1147/39/8 1145/38/8 1152/38/8
f 1145/38/8 1147/39/8 1146/39/8
f 1191/39/102 1189/38/102 1196/38/102
f 1189/38/102 1191/39/102 1190/39/102
f 1243/41/8 1241/41/8 1236/40/8
f 1238/40/8 1236/40/8 1241/41/8
f 1297/39/8 1301/38/8 1298/38/8
f 1301/38/8 1297/39/8 1302/39/8

g building-a




usemtl colormap

f 2/1/1 1/1/1 15/2/10
f 11/2/10 15/2/10 1/1/1
f 12/5/9 13/4/7 16/5/9
f 14/4/7 16/5/9 13/4/7
f 11/2/10 12/5/9 15/2/10
f 16/5/9 15/2/10 12/5/9
f 5/3/8 7/4/8 14/4/8
f 14/4/8 7/4/8 16/5/8
f 7/4/8 9/5/8 16/5/8
f 16/5/8 9/5/8 15/2/8
f 9/5/8 4/2/8 15/2/8
f 2/1/8 15/2/8 4/2/8
f 6/3/3 5/3/3 13/4/7
f 14/4/7 13/4/7 5/3/3
f 6/3/6 13/4/6 8/4/6
f 8/4/6 13/4/6 10/5/6
f 13/4/6 12/5/6 10/5/6
f 10/5/6 12/5/6 3/2/6
f 12/5/6 11/2/6 3/2/6
f 1/1/6 3/2/6 11/2/6
f 3/2/2 4/2/2 10/5/5
f 9/5/5 10/5/5 4/2/2
f 10/5/5 9/5/5 8/4/4
f 7/4/4 8/4/4 9/5/5
f 8/4/4 7/4/4 6/3/3
f 5/3/3 6/3/3 7/4/4
f 4/2/2 3/2/2 2/1/1
f 1/1/1 2/1/1 3/2/2
f 19/1/1 18/1/1 17/1/1
f 18/1/1 19/1/1 20/1/1
f 21/6/11 17/1/11 18/1/11
f 17/1/11 21/6/11 22/6/11
f 21/6/3 23/6/3 22/6/3
f 23/6/3 21/6/3 24/6/3
f 27/1/1 26/1/1 25/1/1
f 26/1/1 27/1/1 28/1/1
f 29/6/11 25/1/11 26/1/11
f 25/1/11 29/6/11 30/6/11
f 29/6/3 31/6/3 30/6/3
f 31/6/3 29/6/3 32/6/3
f 43/6/3 44/6/3 40/6/3
f 40/6/3 38/6/3 43/6/3
f 38/6/3 35/6/3 43/6/3
f 43/6/3 35/6/3 42/6/3
f 36/6/3 42/6/3 35/6/3
f 37/1/1 39/1/1 33/1/1
f 33/1/1 39/1/1 34/1/1
f 41/1/1 34/1/1 39/1/1
f 35/6/12 38/6/14 33/1/12
f 37/1/14 33/1/12 38/6/14
f 40/6/15 39/1/15 38/6/14
f 37/1/14 38/6/14 39/1/15
f 36/6/13 35/6/12 34/1/13
f 33/1/12 34/1/13 35/6/12
f 47/1/1 46/1/1 45/1/1
f 46/1/1 47/1/1 48/1/1
f 49/6/11 45/1/11 46/1/11
f 45/1/11 49/6/11 50/6/11
f 49/6/3 51/6/3 50/6/3
f 51/6/3 49/6/3 52/6/3
f 55/1/1 54/1/1 53/1/1
f 54/1/1 55/1/1 56/1/1
f 57/6/13 53/1/13 54/1/13
f 53/1/13 57/6/13 58/6/13
f 57/6/3 59/6/3 58/6/3
f 59/6/3 57/6/3 60/6/3
f 63/1/1 62/1/1 61/1/1
f 62/1/1 63/1/1 64/1/1
f 65/6/11 61/1/11 62/1/11
f 61/1/11 65/6/11 66/6/11
f 65/6/3 67/6/3 66/6/3
f 67/6/3 65/6/3 68/6/3
f 71/1/1 70/1/1 69/1/1
f 70/1/1 71/1/1 72/1/1
f 73/6/11 69/1/11 70/1/11
f 69/1/11 73/6/11 74/6/11
f 73/6/3 75/6/3 74/6/3
f 75/6/3 73/6/3 76/6/3
f 79/1/1 78/1/1 77/1/1
f 78/1/1 79/1/1 80/1/1
f 81/6/11 77/1/11 78/1/11
f 77/1/11 81/6/11 82/6/11
f 81/6/3 83/6/3 82/6/3
f 83/6/3 81/6/3 84/6/3
f 87/1/1 86/1/1 85/1/1
f 86/1/1 87/1/1 88/1/1
f 89/6/11 85/1/11 86/1/11
f 85/1/11 89/6/11 90/6/11
f 89/6/3 91/6/3 90/6/3
f 91/6/3 89/6/3 92/6/3
f 95/1/1 94/1/1 93/1/1
f 94/1/1 95/1/1 96/1/1
f 97/6/13 93/1/13 94/1/13
f 93/1/13 97/6/13 98/6/13
f 97/6/3 99/6/3 98/6/3
f 99/6/3 97/6/3 100/6/3
f 110/3/3 109/3/3 103/4/7
f 101/4/7 103/4/7 109/3/3
f 116/1/1 115/1/1 113/2/10
f 114/2/10 113/2/10 115/1/1
f 106/5/5 105/5/5 112/4/4
f 111/4/4 112/4/4 105/5/5
f 107/2/2 108/2/2 116/1/1
f 115/1/1 116/1/1 108/2/2
f 114/2/10 104/5/9 113/2/10
f 102/5/9 113/2/10 104/5/9
f 112/4/4 111/4/4 110/3/3
f 109/3/3 110/3/3 111/4/4
f 108/2/2 107/2/2 106/5/5
f 105/5/5 106/5/5 107/2/2
f 104/5/9 103/4/7 102/5/9
f 101/4/7 102/5/9 103/4/7
f 120/3/3 118/3/3 128/3/3
f 118/3/3 123/3/3 128/3/3
f 128/3/3 123/3/3 127/3/3
f 123/3/3 124/3/3 127/3/3
f 127/3/3 124/3/3 131/3/3
f 129/3/3 131/3/3 124/3/3
f 130/1/22 129/3/22 122/1/19
f 124/3/19 122/1/19 129/3/22
f 125/1/20 127/3/20 132/1/23
f 131/3/23 132/1/23 127/3/20
f 128/3/21 126/1/21 120/3/17
f 119/1/17 120/3/17 126/1/21
f 118/3/16 117/1/16 123/3/18
f 121/1/18 123/3/18 117/1/16
f 132/1/23 131/3/23 130/1/22
f 129/3/22 130/1/22 131/3/23
f 128/3/21 127/3/20 126/1/21
f 125/1/20 126/1/21 127/3/20
f 124/3/19 123/3/18 122/1/19
f 121/1/18 122/1/19 123/3/18
f 120/3/17 119/1/17 118/3/16
f 117/1/16 118/3/16 119/1/17
f 135/1/1 134/1/1 133/1/1
f 134/1/1 135/1/1 136/1/1
f 137/6/11 133/1/11 134/1/11
f 133/1/11 137/6/11 138/6/11
f 137/6/3 139/6/3 138/6/3
f 139/6/3 137/6/3 140/6/3
f 143/5/9 146/4/7 141/5/9
f 145/4/7 141/5/9 146/4/7
f 156/4/4 155/4/4 148/3/3
f 147/3/3 148/3/3 155/4/4
f 154/5/5 153/5/5 156/4/4
f 155/4/4 156/4/4 153/5/5
f 151/2/2 152/2/2 154/5/5
f 153/5/5 154/5/5 152/2/2
f 150/1/1 149/1/1 142/2/10
f 144/2/10 142/2/10 149/1/1
f 152/2/2 151/2/2 150/1/1
f 149/1/1 150/1/1 151/2/2
f 148/3/3 147/3/3 146/4/7
f 145/4/7 146/4/7 147/3/3
f 144/2/10 143/5/9 142/2/10
f 141/5/9 142/2/10 143/5/9
f 165/2/10 166/5/9 169/2/10
f 171/5/9 169/2/10 166/5/9
f 163/2/2 164/2/2 167/5/5
f 170/5/5 167/5/5 164/2/2
f 166/5/9 158/4/7 171/5/9
f 157/4/7 171/5/9 158/4/7
f 167/5/5 170/5/5 168/4/4
f 172/4/4 168/4/4 170/5/5
f 168/4/4 172/4/4 160/3/3
f 159/3/3 160/3/3 172/4/4
f 159/3/8 172/4/8 157/4/8
f 157/4/8 172/4/8 171/5/8
f 172/4/8 170/5/8 171/5/8
f 171/5/8 170/5/8 169/2/8
f 170/5/8 164/2/8 169/2/8
f 162/1/8 169/2/8 164/2/8
f 162/1/1 161/1/1 169/2/10
f 165/2/10 169/2/10 161/1/1
f 160/3/6 158/4/6 168/4/6
f 168/4/6 158/4/6 167/5/6
f 158/4/6 166/5/6 167/5/6
f 167/5/6 166/5/6 163/2/6
f 166/5/6 165/2/6 163/2/6
f 161/1/6 163/2/6 165/2/6
f 164/2/2 163/2/2 162/1/1
f 161/1/1 162/1/1 163/2/2
f 160/3/3 159/3/3 158/4/7
f 157/4/7 158/4/7 159/3/3
f 176/3/3 174/3/3 184/3/3
f 174/3/3 179/3/3 184/3/3
f 184/3/3 179/3/3 183/3/3
f 179/3/3 180/3/3 183/3/3
f 183/3/3 180/3/3 187/3/3
f 185/3/3 187/3/3 180/3/3
f 186/1/28 185/3/28 178/1/25
f 180/3/25 178/1/25 185/3/28
f 181/1/26 183/3/26 188/1/29
f 187/3/29 188/1/29 183/3/26
f 184/3/27 182/1/27 176/3/24
f 175/1/24 176/3/24 182/1/27
f 174/3/14 173/1/14 179/3/12
f 177/1/12 179/3/12 173/1/14
f 188/1/29 187/3/29 186/1/28
f 185/3/28 186/1/28 187/3/29
f 184/3/27 183/3/26 182/1/27
f 181/1/26 182/1/27 183/3/26
f 180/3/25 179/3/12 178/1/25
f 177/1/12 178/1/25 179/3/12
f 176/3/24 175/1/24 174/3/14
f 173/1/14 174/3/14 175/1/24
f 191/5/30 194/4/32 189/5/30
f 193/4/32 189/5/30 194/4/32
f 204/4/34 203/4/34 196/3/3
f 195/3/3 196/3/3 203/4/34
f 202/5/15 201/5/15 204/4/34
f 203/4/34 204/4/34 201/5/15
f 199/2/33 200/2/33 202/5/15
f 201/5/15 202/5/15 200/2/33
f 198/1/1 197/1/1 190/2/31
f 192/2/31 190/2/31 197/1/1
f 200/2/33 199/2/33 198/1/1
f 197/1/1 198/1/1 199/2/33
f 196/3/3 195/3/3 194/4/32
f 193/4/32 194/4/32 195/3/3
f 192/2/31 191/5/30 190/2/31
f 189/5/30 190/2/31 191/5/30
f 214/3/3 213/3/3 207/4/32
f 205/4/32 207/4/32 213/3/3
f 220/1/1 219/1/1 217/2/31
f 218/2/31 217/2/31 219/1/1
f 210/5/15 209/5/15 216/4/34
f 215/4/34 216/4/34 209/5/15
f 211/2/33 212/2/33 220/1/1
f 219/1/1 220/1/1 212/2/33
f 218/2/31 208/5/30 217/2/31
f 206/5/30 217/2/31 208/5/30
f 216/4/34 215/4/34 214/3/3
f 213/3/3 214/3/3 215/4/34
f 212/2/33 211/2/33 210/5/15
f 209/5/15 210/5/15 211/2/33
f 208/5/30 207/4/32 206/5/30
f 205/4/32 206/5/30 207/4/32
f 222/1/1 221/1/1 235/2/31
f 231/2/31 235/2/31 221/1/1
f 232/5/30 233/4/32 236/5/30
f 234/4/32 236/5/30 233/4/32
f 231/2/31 232/5/30 235/2/31
f 236/5/30 235/2/31 232/5/30
f 225/3/13 227/4/13 234/4/13
f 234/4/13 227/4/13 236/5/13
f 227/4/13 229/5/13 236/5/13
f 236/5/13 229/5/13 235/2/13
f 229/5/13 224/2/13 235/2/13
f 222/1/13 235/2/13 224/2/13
f 226/3/3 225/3/3 233/4/32
f 234/4/32 233/4/32 225/3/3
f 226/3/35 233/4/35 228/4/35
f 228/4/35 233/4/35 230/5/35
f 233/4/35 232/5/35 230/5/35
f 230/5/35 232/5/35 223/2/35
f 232/5/35 231/2/35 223/2/35
f 221/1/35 223/2/35 231/2/35
f 223/2/33 224/2/33 230/5/15
f 229/5/15 230/5/15 224/2/33
f 230/5/15 229/5/15 228/4/34
f 227/4/34 228/4/34 229/5/15
f 228/4/34 227/4/34 226/3/3
f 225/3/3 226/3/3 227/4/34
f 224/2/33 223/2/33 222/1/1
f 221/1/1 222/1/1 223/2/33
f 240/3/3 238/3/3 248/3/3
f 238/3/3 243/3/3 248/3/3
f 248/3/3 243/3/3 247/3/3
f 243/3/3 244/3/3 247/3/3
f 247/3/3 244/3/3 251/3/3
f 249/3/3 251/3/3 244/3/3
f 250/1/28 249/3/28 242/1/25
f 244/3/25 242/1/25 249/3/28
f 245/1/26 247/3/26 252/1/29
f 251/3/29 252/1/29 247/3/26
f 248/3/27 246/1/27 240/3/24
f 239/1/24 240/3/24 246/1/27
f 238/3/14 237/1/14 243/3/12
f 241/1/12 243/3/12 237/1/14
f 252/1/29 251/3/29 250/1/28
f 249/3/28 250/1/28 251/3/29
f 248/3/27 247/3/26 246/1/27
f 245/1/26 246/1/27 247/3/26
f 244/3/25 243/3/12 242/1/25
f 241/1/12 242/1/25 243/3/12
f 240/3/24 239/1/24 238/3/14
f 237/1/14 238/3/14 239/1/24
f 261/2/31 262/5/30 265/2/31
f 267/5/30 265/2/31 262/5/30
f 259/2/33 260/2/33 263/5/15
f 266/5/15 263/5/15 260/2/33
f 262/5/30 254/4/32 267/5/30
f 253/4/32 267/5/30 254/4/32
f 263/5/15 266/5/15 264/4/34
f 268/4/34 264/4/34 266/5/15
f 264/4/34 268/4/34 256/3/3
f 255/3/3 256/3/3 268/4/34
f 255/3/13 268/4/13 253/4/13
f 253/4/13 268/4/13 267/5/13
f 268/4/13 266/5/13 267/5/13
f 267/5/13 266/5/13 265/2/13
f 266/5/13 260/2/13 265/2/13
f 258/1/13 265/2/13 260/2/13
f 258/1/1 257/1/1 265/2/31
f 261/2/31 265/2/31 257/1/1
f 256/3/35 254/4/35 264/4/35
f 264/4/35 254/4/35 263/5/35
f 254/4/35 262/5/35 263/5/35
f 263/5/35 262/5/35 259/2/35
f 262/5/35 261/2/35 259/2/35
f 257/1/35 259/2/35 261/2/35
f 260/2/33 259/2/33 258/1/1
f 257/1/1 258/1/1 259/2/33
f 256/3/3 255/3/3 254/4/32
f 253/4/32 254/4/32 255/3/3
f 271/6/36 270/1/37 269/1/36
f 270/1/37 271/6/36 272/6/37
f 275/1/39 274/6/38 273/1/38
f 274/6/38 275/1/39 276/6/39
f 274/6/38 269/1/36 273/1/38
f 269/1/36 274/6/38 271/6/36
f 275/1/1 270/1/1 277/1/1
f 270/1/1 275/1/1 269/1/1
f 269/1/1 275/1/1 273/1/1
f 272/6/3 279/6/3 278/6/3
f 279/6/3 272/6/3 271/6/3
f 279/6/3 271/6/3 274/6/3
f 279/6/3 274/6/3 280/6/3
f 280/6/3 274/6/3 276/6/3
f 291/6/3 292/6/3 288/6/3
f 288/6/3 286/6/3 291/6/3
f 286/6/3 283/6/3 291/6/3
f 291/6/3 283/6/3 290/6/3
f 284/6/3 290/6/3 283/6/3
f 285/1/1 287/1/1 281/1/1
f 281/1/1 287/1/1 282/1/1
f 289/1/1 282/1/1 287/1/1
f 283/6/12 286/6/14 281/1/12
f 285/1/14 281/1/12 286/6/14
f 288/6/15 287/1/15 286/6/14
f 285/1/14 286/6/14 287/1/15
f 284/6/13 283/6/12 282/1/13
f 281/1/12 282/1/13 283/6/12
f 295/1/1 294/1/1 293/1/1
f 294/1/1 295/1/1 296/1/1
f 297/6/11 293/1/11 294/1/11
f 293/1/11 297/6/11 298/6/11
f 297/6/3 299/6/3 298/6/3
f 299/6/3 297/6/3 300/6/3
f 303/1/1 302/1/1 301/1/1
f 302/1/1 303/1/1 304/1/1
f 307/1/1 306/1/1 305/1/1
f 306/1/1 307/1/1 308/1/1
f 309/6/37 305/1/37 306/1/37
f 305/1/37 309/6/37 310/6/37
f 309/6/3 311/6/3 310/6/3
f 311/6/3 309/6/3 312/6/3
f 315/6/36 314/1/37 313/1/36
f 314/1/37 315/6/36 316/6/37
f 319/1/39 318/6/38 317/1/38
f 318/6/38 319/1/39 320/6/39
f 318/6/38 313/1/36 317/1/38
f 313/1/36 318/6/38 315/6/36
f 319/1/1 314/1/1 321/1/1
f 314/1/1 319/1/1 313/1/1
f 313/1/1 319/1/1 317/1/1
f 315/6/3 322/6/3 316/6/3
f 322/6/3 315/6/3 323/6/3
f 323/6/3 315/6/3 318/6/3
f 323/6/3 318/6/3 324/6/3
f 324/6/3 318/6/3 320/6/3
f 335/6/3 336/6/3 332/6/3
f 332/6/3 330/6/3 335/6/3
f 330/6/3 327/6/3 335/6/3
f 335/6/3 327/6/3 334/6/3
f 328/6/3 334/6/3 327/6/3
f 329/1/1 331/1/1 325/1/1
f 325/1/1 331/1/1 326/1/1
f 333/1/1 326/1/1 331/1/1
f 327/6/12 330/6/14 325/1/12
f 329/1/14 325/1/12 330/6/14
f 332/6/15 331/1/15 330/6/14
f 329/1/14 330/6/14 331/1/15
f 328/6/13 327/6/12 326/1/13
f 325/1/12 326/1/13 327/6/12
f 339/6/36 338/1/37 337/1/36
f 338/1/37 339/6/36 340/6/37
f 343/1/39 342/6/38 341/1/38
f 342/6/38 343/1/39 344/6/39
f 342/6/38 337/1/36 341/1/38
f 337/1/36 342/6/38 339/6/36
f 343/1/1 338/1/1 345/1/1
f 338/1/1 343/1/1 337/1/1
f 337/1/1 343/1/1 341/1/1
f 340/6/3 347/6/3 346/6/3
f 347/6/3 340/6/3 339/6/3
f 347/6/3 339/6/3 342/6/3
f 347/6/3 342/6/3 348/6/3
f 348/6/3 342/6/3 344/6/3
f 351/1/1 350/1/1 349/1/1
f 350/1/1 351/1/1 352/1/1
f 353/6/37 349/1/37 350/1/37
f 349/1/37 353/6/37 354/6/37
f 353/6/3 355/6/3 354/6/3
f 355/6/3 353/6/3 356/6/3
f 359/1/1 358/1/1 357/1/1
f 358/1/1 359/1/1 360/1/1
f 361/6/13 357/1/13 358/1/13
f 357/1/13 361/6/13 362/6/13
f 361/6/3 363/6/3 362/6/3
f 363/6/3 361/6/3 364/6/3
f 367/7/1 366/7/1 365/7/1
f 366/7/1 367/7/1 368/7/1
f 370/8/30 366/7/30 369/8/30
f 366/7/30 370/8/30 365/7/30
f 373/3/15 372/8/15 371/3/15
f 372/8/15 373/3/15 374/8/15
f 371/3/3 375/3/3 373/3/3
f 375/3/3 371/3/3 376/3/3
f 367/7/30 376/3/30 368/7/30
f 376/3/30 367/7/30 375/3/30
f 379/8/9 378/7/9 377/8/9
f 378/7/9 379/8/9 380/7/9
f 378/7/8 381/8/8 377/8/8
f 381/8/8 378/7/8 382/7/8
f 385/3/5 384/8/5 383/3/5
f 384/8/5 385/3/5 386/8/5
f 389/3/19 388/7/8 387/7/19
f 388/7/8 389/3/19 390/3/8
f 391/7/1 378/7/1 380/7/1
f 378/7/1 391/7/1 387/7/1
f 387/7/1 391/7/1 392/7/1
f 388/7/1 378/7/1 387/7/1
f 378/7/1 388/7/1 382/7/1
f 389/3/3 393/3/3 390/3/3
f 393/3/3 389/3/3 383/3/3
f 383/3/3 389/3/3 385/3/3
f 385/3/3 389/3/3 394/3/3
f 394/3/3 389/3/3 395/3/3
f 391/7/9 395/3/22 392/7/22
f 395/3/22 391/7/9 394/3/9
f 392/7/22 389/3/19 387/7/19
f 389/3/19 392/7/22 395/3/22
f 393/3/6 384/8/6 396/8/6
f 384/8/6 393/3/6 383/3/6
f 399/8/30 398/7/30 397/8/30
f 398/7/30 399/8/30 400/7/30
f 398/7/13 401/8/13 397/8/13
f 401/8/13 398/7/13 402/7/13
f 405/3/15 404/8/15 403/3/15
f 404/8/15 405/3/15 406/8/15
f 409/3/25 408/7/13 407/7/25
f 408/7/13 409/3/25 410/3/13
f 411/7/1 398/7/1 400/7/1
f 398/7/1 411/7/1 407/7/1
f 407/7/1 411/7/1 412/7/1
f 408/7/1 398/7/1 407/7/1
f 398/7/1 408/7/1 402/7/1
f 409/3/3 413/3/3 410/3/3
f 413/3/3 409/3/3 403/3/3
f 403/3/3 409/3/3 405/3/3
f 405/3/3 409/3/3 414/3/3
f 414/3/3 409/3/3 415/3/3
f 411/7/30 415/3/28 412/7/28
f 415/3/28 411/7/30 414/3/30
f 412/7/28 409/3/25 407/7/25
f 409/3/25 412/7/28 415/3/28
f 413/3/35 404/8/35 416/8/35
f 404/8/35 413/3/35 403/3/35
f 419/7/1 418/7/1 417/7/1
f 418/7/1 419/7/1 420/7/1
f 422/8/30 418/7/30 421/8/30
f 418/7/30 422/8/30 417/7/30
f 425/3/15 424/8/15 423/3/15
f 424/8/15 425/3/15 426/8/15
f 423/3/3 427/3/3 425/3/3
f 427/3/3 423/3/3 428/3/3
f 419/7/30 428/3/30 420/7/30
f 428/3/30 419/7/30 427/3/30
f 431/7/1 430/7/1 429/7/1
f 430/7/1 431/7/1 432/7/1
f 434/8/9 430/7/9 433/8/9
f 430/7/9 434/8/9 429/7/9
f 437/3/5 436/8/5 435/3/5
f 436/8/5 437/3/5 438/8/5
f 435/3/3 439/3/3 437/3/3
f 439/3/3 435/3/3 440/3/3
f 431/7/9 440/3/9 432/7/9
f 440/3/9 431/7/9 439/3/9
f 443/8/39 442/7/39 441/8/39
f 442/7/39 443/8/39 444/7/39
f 442/7/37 445/8/37 441/8/37
f 445/8/37 442/7/37 446/7/37
f 449/3/40 448/8/40 447/3/40
f 448/8/40 449/3/40 450/8/40
f 453/3/36 452/7/37 451/7/36
f 452/7/37 453/3/36 454/3/37
f 455/7/1 442/7/1 444/7/1
f 442/7/1 455/7/1 451/7/1
f 451/7/1 455/7/1 456/7/1
f 452/7/1 442/7/1 451/7/1
f 442/7/1 452/7/1 446/7/1
f 453/3/3 457/3/3 454/3/3
f 457/3/3 453/3/3 447/3/3
f 447/3/3 453/3/3 449/3/3
f 449/3/3 453/3/3 458/3/3
f 458/3/3 453/3/3 459/3/3
f 455/7/39 459/3/38 456/7/38
f 459/3/38 455/7/39 458/3/39
f 456/7/38 453/3/36 451/7/36
f 453/3/36 456/7/38 459/3/38
f 457/3/41 448/8/41 460/8/41
f 448/8/41 457/3/41 447/3/41
f 463/7/1 462/7/1 461/7/1
f 462/7/1 463/7/1 464/7/1
f 466/8/42 462/7/42 465/8/42
f 462/7/42 466/8/42 461/7/42
f 469/3/43 468/8/43 467/3/43
f 468/8/43 469/3/43 470/8/43
f 467/3/3 471/3/3 469/3/3
f 471/3/3 467/3/3 472/3/3
f 463/7/42 472/3/42 464/7/42
f 472/3/42 463/7/42 471/3/42
f 475/7/1 474/7/1 473/7/1
f 474/7/1 475/7/1 476/7/1
f 478/8/39 474/7/39 477/8/39
f 474/7/39 478/8/39 473/7/39
f 481/3/40 480/8/40 479/3/40
f 480/8/40 481/3/40 482/8/40
f 479/3/3 483/3/3 481/3/3
f 483/3/3 479/3/3 484/3/3
f 475/7/39 484/3/39 476/7/39
f 484/3/39 475/7/39 483/3/39
f 487/7/1 486/7/1 485/7/1
f 486/7/1 487/7/1 488/7/1
f 490/8/39 486/7/39 489/8/39
f 486/7/39 490/8/39 485/7/39
f 493/3/40 492/8/40 491/3/40
f 492/8/40 493/3/40 494/8/40
f 491/3/3 495/3/3 493/3/3
f 495/3/3 491/3/3 496/3/3
f 487/7/39 496/3/39 488/7/39
f 496/3/39 487/7/39 495/3/39
f 499/7/1 498/7/1 497/7/1
f 498/7/1 499/7/1 500/7/1
f 502/8/39 498/7/39 501/8/39
f 498/7/39 502/8/39 497/7/39
f 505/3/40 504/8/40 503/3/40
f 504/8/40 505/3/40 506/8/40
f 503/3/3 507/3/3 505/3/3
f 507/3/3 503/3/3 508/3/3
f 499/7/39 508/3/39 500/7/39
f 508/3/39 499/7/39 507/3/39
f 511/8/44 510/7/44 509/8/44
f 510/7/44 511/8/44 512/7/44
f 510/7/45 513/8/45 509/8/45
f 513/8/45 510/7/45 514/7/45
f 517/3/46 516/8/46 515/3/46
f 516/8/46 517/3/46 518/8/46
f 521/3/21 520/7/45 519/7/21
f 520/7/45 521/3/21 522/3/45
f 523/7/1 510/7/1 512/7/1
f 510/7/1 523/7/1 519/7/1
f 519/7/1 523/7/1 524/7/1
f 520/7/1 510/7/1 519/7/1
f 510/7/1 520/7/1 514/7/1
f 521/3/3 525/3/3 522/3/3
f 525/3/3 521/3/3 515/3/3
f 515/3/3 521/3/3 517/3/3
f 517/3/3 521/3/3 526/3/3
f 526/3/3 521/3/3 527/3/3
f 523/7/44 527/3/17 524/7/17
f 527/3/17 523/7/44 526/3/44
f 524/7/17 521/3/21 519/7/21
f 521/3/21 524/7/17 527/3/17
f 525/3/47 516/8/47 528/8/47
f 516/8/47 525/3/47 515/3/47
f 531/10/5 530/9/49 529/9/48
f 530/9/49 531/10/5 532/10/50
f 535/9/52 534/10/9 533/9/51
f 534/10/9 535/9/52 536/10/53
f 530/9/50 538/8/6 537/8/50
f 538/8/6 530/9/50 539/9/6
f 531/10/5 541/9/55 540/10/54
f 541/9/55 531/10/5 529/9/48
f 542/10/6 535/9/52 539/9/56
f 535/9/52 542/10/6 536/10/53
f 544/10/8 541/9/55 543/9/57
f 541/9/55 544/10/8 540/10/54
f 546/10/59 543/9/57 545/9/58
f 543/9/57 546/10/59 544/10/8
f 548/3/61 531/10/5 547/3/60
f 531/10/5 548/3/61 532/10/50
f 539/9/6 549/8/53 538/8/6
f 549/8/53 539/9/6 535/9/53
f 545/9/59 551/8/8 550/8/59
f 551/8/8 545/9/59 543/9/8
f 552/8/9 545/9/59 550/8/59
f 545/9/59 552/8/9 533/9/9
f 532/10/50 539/9/56 530/9/49
f 539/9/56 532/10/50 542/10/6
f 553/3/62 544/10/8 546/10/59
f 544/10/8 553/3/62 554/3/63
f 555/3/64 531/10/5 540/10/54
f 531/10/5 555/3/64 547/3/60
f 554/3/63 540/10/54 544/10/8
f 540/10/54 554/3/63 555/3/64
f 545/9/58 534/10/9 546/10/59
f 534/10/9 545/9/58 533/9/51
f 556/3/65 536/10/53 542/10/6
f 536/10/53 556/3/65 557/3/66
f 534/10/9 553/3/62 546/10/59
f 553/3/62 534/10/9 558/3/67
f 555/3/3 548/3/3 547/3/3
f 548/3/3 555/3/3 554/3/3
f 548/3/3 554/3/3 556/3/3
f 556/3/3 554/3/3 553/3/3
f 556/3/3 553/3/3 557/3/3
f 557/3/3 553/3/3 558/3/3
f 529/9/5 559/8/54 541/9/54
f 559/8/54 529/9/5 560/8/5
f 543/9/8 559/8/54 551/8/8
f 559/8/54 543/9/8 541/9/54
f 534/10/9 557/3/66 558/3/67
f 557/3/66 534/10/9 536/10/53
f 530/9/50 560/8/5 529/9/5
f 560/8/5 530/9/50 537/8/50
f 548/3/61 542/10/6 532/10/50
f 542/10/6 548/3/61 556/3/65
f 549/8/53 533/9/9 552/8/9
f 533/9/9 549/8/53 535/9/53
f 563/10/5 562/9/49 561/9/48
f 562/9/49 563/10/5 564/10/50
f 567/9/52 566/10/9 565/9/51
f 566/10/9 567/9/52 568/10/53
f 562/9/50 570/8/6 569/8/50
f 570/8/6 562/9/50 571/9/6
f 563/10/5 573/9/55 572/10/54
f 573/9/55 563/10/5 561/9/48
f 574/10/6 567/9/52 571/9/56
f 567/9/52 574/10/6 568/10/53
f 576/10/8 573/9/55 575/9/57
f 573/9/55 576/10/8 572/10/54
f 578/10/59 575/9/57 577/9/58
f 575/9/57 578/10/59 576/10/8
f 580/3/61 563/10/5 579/3/60
f 563/10/5 580/3/61 564/10/50
f 571/9/6 581/8/53 570/8/6
f 581/8/53 571/9/6 567/9/53
f 577/9/59 583/8/8 582/8/59
f 583/8/8 577/9/59 575/9/8
f 584/8/9 577/9/59 582/8/59
f 577/9/59 584/8/9 565/9/9
f 564/10/50 571/9/56 562/9/49
f 571/9/56 564/10/50 574/10/6
f 585/3/62 576/10/8 578/10/59
f 576/10/8 585/3/62 586/3/63
f 587/3/64 563/10/5 572/10/54
f 563/10/5 587/3/64 579/3/60
f 586/3/63 572/10/54 576/10/8
f 572/10/54 586/3/63 587/3/64
f 577/9/58 566/10/9 578/10/59
f 566/10/9 577/9/58 565/9/51
f 588/3/65 568/10/53 574/10/6
f 568/10/53 588/3/65 589/3/66
f 566/10/9 585/3/62 578/10/59
f 585/3/62 566/10/9 590/3/67
f 587/3/3 580/3/3 579/3/3
f 580/3/3 587/3/3 586/3/3
f 580/3/3 586/3/3 588/3/3
f 588/3/3 586/3/3 585/3/3
f 588/3/3 585/3/3 589/3/3
f 589/3/3 585/3/3 590/3/3
f 561/9/5 591/8/54 573/9/54
f 591/8/54 561/9/5 592/8/5
f 575/9/8 591/8/54 583/8/8
f 591/8/54 575/9/8 573/9/54
f 566/10/9 589/3/66 590/3/67
f 589/3/66 566/10/9 568/10/53
f 562/9/50 592/8/5 561/9/5
f 592/8/5 562/9/50 569/8/50
f 580/3/61 574/10/6 564/10/50
f 574/10/6 580/3/61 588/3/65
f 581/8/53 565/9/9 584/8/9
f 565/9/9 581/8/53 567/9/53
f 595/7/1 594/7/1 593/7/1
f 594/7/1 595/7/1 596/7/1
f 598/8/30 594/7/30 597/8/30
f 594/7/30 598/8/30 593/7/30
f 601/3/15 600/8/15 599/3/15
f 600/8/15 601/3/15 602/8/15
f 599/3/3 603/3/3 601/3/3
f 603/3/3 599/3/3 604/3/3
f 595/7/30 604/3/30 596/7/30
f 604/3/30 595/7/30 603/3/30
f 607/3/53 606/1/9 605/3/9
f 606/1/9 607/3/53 608/1/53
f 605/3/9 610/1/59 609/3/59
f 610/1/59 605/3/9 606/1/9
f 610/1/59 611/3/8 609/3/59
f 611/3/8 610/1/59 612/1/8
f 612/1/8 613/3/54 611/3/8
f 613/3/54 612/1/8 614/1/54
f 615/1/5 613/3/54 614/1/54
f 613/3/54 615/1/5 616/3/5
f 617/1/50 616/3/5 615/1/5
f 616/3/5 617/1/50 618/3/50
f 617/1/50 619/3/6 618/3/50
f 619/3/6 617/1/50 620/1/6
f 620/1/6 607/3/53 619/3/6
f 607/3/53 620/1/6 608/1/53
f 623/11/1 622/11/1 621/11/1
f 622/11/1 623/11/1 624/11/1
f 622/11/1 624/11/1 625/11/1
f 625/11/1 624/11/1 626/11/1
f 625/11/1 626/11/1 627/11/1
f 627/11/1 626/11/1 628/11/1
f 631/7/3 630/7/3 629/7/3
f 630/7/3 631/7/3 632/7/3
f 630/7/3 632/7/3 633/7/3
f 633/7/3 632/7/3 634/7/3
f 633/7/3 634/7/3 635/7/3
f 635/7/3 634/7/3 636/7/3
f 635/7/69 637/12/68 633/7/68
f 637/12/68 635/7/69 638/12/69
f 640/12/71 631/7/70 639/12/70
f 631/7/70 640/12/71 632/7/71
f 629/7/72 642/12/73 641/12/72
f 642/12/73 629/7/72 630/7/73
f 636/7/74 638/12/69 635/7/69
f 638/12/69 636/7/74 643/12/74
f 644/12/75 632/7/71 640/12/71
f 632/7/71 644/12/75 634/7/75
f 639/12/70 629/7/72 641/12/72
f 629/7/72 639/12/70 631/7/70
f 630/7/73 637/12/68 642/12/73
f 637/12/68 630/7/73 633/7/68
f 644/12/75 636/7/74 634/7/75
f 636/7/74 644/12/75 643/12/74
f 637/12/6 626/11/53 624/11/6
f 626/11/53 637/12/6 638/12/53
f 640/12/8 622/11/54 625/11/8
f 622/11/54 640/12/8 639/12/54
f 642/12/50 621/11/5 641/12/5
f 621/11/5 642/12/50 623/11/50
f 628/11/9 644/12/59 627/11/59
f 644/12/59 628/11/9 643/12/9
f 642/12/50 624/11/6 623/11/50
f 624/11/6 642/12/50 637/12/6
f 626/11/53 643/12/9 628/11/9
f 643/12/9 626/11/53 638/12/53
f 641/12/5 622/11/54 639/12/54
f 622/11/54 641/12/5 621/11/5
f 644/12/59 625/11/8 627/11/59
f 625/11/8 644/12/59 640/12/8
f 647/11/76 646/7/8 645/7/76
f 646/7/8 647/11/76 648/11/8
f 651/11/77 650/7/5 649/11/5
f 650/7/5 651/11/77 652/7/77
f 648/11/8 653/7/78 646/7/8
f 653/7/78 648/11/8 654/11/78
f 649/11/5 653/7/78 654/11/78
f 653/7/78 649/11/5 650/7/5
f 651/11/77 655/7/6 652/7/77
f 655/7/6 651/11/77 656/11/6
f 656/11/6 657/7/79 655/7/6
f 657/7/79 656/11/6 658/11/79
f 657/7/79 660/11/9 659/7/9
f 660/11/9 657/7/79 658/11/79
f 659/7/9 647/11/76 645/7/76
f 647/11/76 659/7/9 660/11/9
f 652/7/1 653/7/1 650/7/1
f 653/7/1 652/7/1 655/7/1
f 653/7/1 655/7/1 646/7/1
f 646/7/1 655/7/1 657/7/1
f 646/7/1 657/7/1 645/7/1
f 645/7/1 657/7/1 659/7/1
f 663/11/1 662/11/1 661/11/1
f 662/11/1 663/11/1 664/11/1
f 667/7/80 666/7/3 665/7/3
f 666/7/3 667/7/80 668/7/80
f 666/7/6 663/11/6 661/11/6
f 663/11/6 666/7/6 669/13/6
f 669/13/6 666/7/6 668/7/6
f 666/7/5 662/11/5 665/7/5
f 662/11/5 666/7/5 661/11/5
f 670/13/8 662/11/8 664/11/8
f 662/11/8 670/13/8 665/7/8
f 665/7/8 670/13/8 667/7/8
f 663/11/9 670/13/81 664/11/9
f 670/13/81 663/11/9 669/13/81
f 669/13/81 667/7/80 670/13/81
f 667/7/80 669/13/81 668/7/80
f 673/11/9 672/7/59 671/11/59
f 672/7/59 673/11/9 674/7/9
f 672/7/59 675/11/8 671/11/59
f 675/11/8 672/7/59 676/7/8
f 679/7/50 678/11/5 677/7/5
f 678/11/5 679/7/50 680/11/50
f 677/7/5 682/11/54 681/7/54
f 682/11/54 677/7/5 678/11/5
f 683/11/53 674/7/9 673/11/9
f 674/7/9 683/11/53 684/7/53
f 686/7/6 683/11/53 685/11/6
f 683/11/53 686/7/6 684/7/53
f 676/7/8 682/11/54 675/11/8
f 682/11/54 676/7/8 681/7/54
f 679/7/50 685/11/6 680/11/50
f 685/11/6 679/7/50 686/7/6
f 681/7/3 679/7/3 677/7/3
f 679/7/3 681/7/3 676/7/3
f 679/7/3 676/7/3 686/7/3
f 686/7/3 676/7/3 672/7/3
f 686/7/3 672/7/3 684/7/3
f 684/7/3 672/7/3 674/7/3
f 680/11/1 682/11/1 678/11/1
f 682/11/1 680/11/1 685/11/1
f 682/11/1 685/11/1 675/11/1
f 675/11/1 685/11/1 683/11/1
f 675/11/1 683/11/1 671/11/1
f 671/11/1 683/11/1 673/11/1
f 689/11/9 688/7/59 687/11/59
f 688/7/59 689/11/9 690/7/9
f 688/7/59 691/11/8 687/11/59
f 691/11/8 688/7/59 692/7/8
f 695/7/50 694/11/5 693/7/5
f 694/11/5 695/7/50 696/11/50
f 693/7/5 698/11/54 697/7/54
f 698/11/54 693/7/5 694/11/5
f 699/11/53 690/7/9 689/11/9
f 690/7/9 699/11/53 700/7/53
f 702/7/6 699/11/53 701/11/6
f 699/11/53 702/7/6 700/7/53
f 692/7/8 698/11/54 691/11/8
f 698/11/54 692/7/8 697/7/54
f 695/7/50 701/11/6 696/11/50
f 701/11/6 695/7/50 702/7/6
f 697/7/3 695/7/3 693/7/3
f 695/7/3 697/7/3 692/7/3
f 695/7/3 692/7/3 702/7/3
f 702/7/3 692/7/3 688/7/3
f 702/7/3 688/7/3 700/7/3
f 700/7/3 688/7/3 690/7/3
f 696/11/1 698/11/1 694/11/1
f 698/11/1 696/11/1 701/11/1
f 698/11/1 701/11/1 691/11/1
f 691/11/1 701/11/1 699/11/1
f 691/11/1 699/11/1 687/11/1
f 687/11/1 699/11/1 689/11/1
f 705/11/9 704/7/59 703/11/59
f 704/7/59 705/11/9 706/7/9
f 704/7/59 707/11/8 703/11/59
f 707/11/8 704/7/59 708/7/8
f 711/7/50 710/11/5 709/7/5
f 710/11/5 711/7/50 712/11/50
f 709/7/5 714/11/54 713/7/54
f 714/11/54 709/7/5 710/11/5
f 715/11/53 706/7/9 705/11/9
f 706/7/9 715/11/53 716/7/53
f 718/7/6 715/11/53 717/11/6
f 715/11/53 718/7/6 716/7/53
f 708/7/8 714/11/54 707/11/8
f 714/11/54 708/7/8 713/7/54
f 711/7/50 717/11/6 712/11/50
f 717/11/6 711/7/50 718/7/6
f 713/7/3 711/7/3 709/7/3
f 711/7/3 713/7/3 708/7/3
f 711/7/3 708/7/3 718/7/3
f 718/7/3 708/7/3 704/7/3
f 718/7/3 704/7/3 716/7/3
f 716/7/3 704/7/3 706/7/3
f 712/11/1 714/11/1 710/11/1
f 714/11/1 712/11/1 717/11/1
f 714/11/1 717/11/1 707/11/1
f 707/11/1 717/11/1 715/11/1
f 707/11/1 715/11/1 703/11/1
f 703/11/1 715/11/1 705/11/1
f 721/11/9 720/7/59 719/11/59
f 720/7/59 721/11/9 722/7/9
f 720/7/59 723/11/8 719/11/59
f 723/11/8 720/7/59 724/7/8
f 727/7/50 726/11/5 725/7/5
f 726/11/5 727/7/50 728/11/50
f 725/7/5 730/11/54 729/7/54
f 730/11/54 725/7/5 726/11/5
f 731/11/53 722/7/9 721/11/9
f 722/7/9 731/11/53 732/7/53
f 734/7/6 731/11/53 733/11/6
f 731/11/53 734/7/6 732/7/53
f 724/7/8 730/11/54 723/11/8
f 730/11/54 724/7/8 729/7/54
f 727/7/50 733/11/6 728/11/50
f 733/11/6 727/7/50 734/7/6
f 729/7/3 727/7/3 725/7/3
f 727/7/3 729/7/3 724/7/3
f 727/7/3 724/7/3 734/7/3
f 734/7/3 724/7/3 720/7/3
f 734/7/3 720/7/3 732/7/3
f 732/7/3 720/7/3 722/7/3
f 728/11/1 730/11/1 726/11/1
f 730/11/1 728/11/1 733/11/1
f 730/11/1 733/11/1 723/11/1
f 723/11/1 733/11/1 731/11/1
f 723/11/1 731/11/1 719/11/1
f 719/11/1 731/11/1 721/11/1
f 769/11/9 770/7/9 772/11/59
f 774/7/59 772/11/59 770/7/9
f 771/11/1 767/11/1 772/11/1
f 769/11/1 772/11/1 767/11/1
f 768/7/3 773/7/3 770/7/3
f 774/7/3 770/7/3 773/7/3
f 768/7/5 767/11/5 773/7/54
f 771/11/54 773/7/54 767/11/5
f 774/7/59 773/7/54 772/11/59
f 771/11/54 772/11/59 773/7/54
f 770/7/6 769/11/6 768/7/6
f 767/11/6 768/7/6 769/11/6
f 744/1/8 757/6/8 735/1/8
f 759/6/8 735/1/8 757/6/8
f 735/1/8 759/6/8 736/14/8
f 761/15/8 736/14/8 759/6/8
f 763/7/8 765/7/8 761/15/8
f 765/7/8 755/15/8 761/15/8
f 755/15/8 736/14/8 761/15/8
f 736/14/8 755/15/8 739/14/8
f 755/15/8 748/6/8 739/14/8
f 739/14/8 748/6/8 740/1/8
f 748/6/8 750/6/18 740/1/8
f 746/1/18 740/1/8 750/6/18
f 766/7/85 756/15/82 765/7/85
f 755/15/82 765/7/85 756/15/82
f 762/15/83 764/7/84 761/15/83
f 763/7/84 761/15/83 764/7/84
f 766/7/85 765/7/85 764/7/84
f 763/7/84 764/7/84 765/7/85
f 760/6/9 762/15/83 759/6/9
f 761/15/83 759/6/9 762/15/83
f 754/6/16 747/1/16 750/6/18
f 746/1/18 750/6/18 747/1/16
f 753/6/5 745/1/5 754/6/16
f 747/1/16 754/6/16 745/1/5
f 760/6/3 759/6/3 758/6/3
f 757/6/3 758/6/3 759/6/3
f 756/15/82 749/6/5 755/15/82
f 748/6/5 755/15/82 749/6/5
f 754/6/3 750/6/3 753/6/3
f 753/6/3 750/6/3 752/6/3
f 752/6/3 750/6/3 751/6/3
f 751/6/3 750/6/3 749/6/3
f 748/6/3 749/6/3 750/6/3
f 747/1/1 745/1/1 746/1/1
f 746/1/1 745/1/1 740/1/1
f 740/1/1 745/1/1 742/1/1
f 742/1/1 745/1/1 737/1/1
f 737/1/1 744/1/1 735/1/1
f 737/1/1 745/1/1 744/1/1
f 743/1/1 744/1/1 745/1/1
f 739/14/1 741/14/1 736/14/1
f 738/14/1 736/14/1 741/14/1
f 742/1/9 741/14/9 740/1/9
f 739/14/9 740/1/9 741/14/9
f 738/14/5 737/1/5 736/14/5
f 735/1/5 736/14/5 737/1/5
f 805/11/9 806/7/9 808/11/59
f 810/7/59 808/11/59 806/7/9
f 807/11/1 803/11/1 808/11/1
f 805/11/1 808/11/1 803/11/1
f 804/7/3 809/7/3 806/7/3
f 810/7/3 806/7/3 809/7/3
f 804/7/5 803/11/5 809/7/54
f 807/11/54 809/7/54 803/11/5
f 810/7/59 809/7/54 808/11/59
f 807/11/54 808/11/59 809/7/54
f 806/7/6 805/11/6 804/7/6
f 803/11/6 804/7/6 805/11/6
f 784/1/8 793/6/8 775/1/8
f 795/6/8 775/1/8 793/6/8
f 775/1/8 795/6/8 776/14/8
f 797/15/8 776/14/8 795/6/8
f 799/7/8 801/7/8 797/15/8
f 801/7/8 791/15/8 797/15/8
f 791/15/8 776/14/8 797/15/8
f 776/14/8 791/15/8 779/14/8
f 791/15/8 787/6/8 779/14/8
f 779/14/8 787/6/8 780/1/8
f 787/6/8 789/6/8 780/1/8
f 786/1/8 780/1/8 789/6/8
f 802/7/85 792/15/82 801/7/85
f 791/15/82 801/7/85 792/15/82
f 798/15/83 800/7/84 797/15/83
f 799/7/84 797/15/83 800/7/84
f 802/7/85 801/7/85 800/7/84
f 799/7/84 800/7/84 801/7/85
f 796/6/9 798/15/83 795/6/9
f 797/15/83 795/6/9 798/15/83
f 796/6/3 795/6/3 794/6/3
f 793/6/3 794/6/3 795/6/3
f 792/15/82 788/6/5 791/15/82
f 787/6/5 791/15/82 788/6/5
f 790/6/3 789/6/3 788/6/3
f 787/6/3 788/6/3 789/6/3
f 786/1/1 785/1/1 780/1/1
f 780/1/1 785/1/1 782/1/1
f 782/1/1 785/1/1 777/1/1
f 777/1/1 784/1/1 775/1/1
f 777/1/1 785/1/1 784/1/1
f 783/1/1 784/1/1 785/1/1
f 779/14/1 781/14/1 776/14/1
f 778/14/1 776/14/1 781/14/1
f 782/1/9 781/14/9 780/1/9
f 779/14/9 780/1/9 781/14/9
f 778/14/5 777/1/5 776/14/5
f 775/1/5 776/14/5 777/1/5
f 850/19/8 813/20/8 854/19/8
f 854/19/8 813/20/8 855/19/8
f 854/19/8 855/19/8 859/18/8
f 813/20/8 850/19/8 811/20/8
f 850/19/8 849/18/8 811/20/8
f 860/18/8 859/18/8 855/19/8
f 859/18/8 860/18/8 849/18/8
f 811/20/8 849/18/8 816/1/8
f 860/18/8 857/18/8 849/18/8
f 857/18/8 816/1/8 849/18/8
f 816/1/8 857/18/8 818/1/8
f 813/20/8 818/1/8 857/18/8
f 855/19/8 813/20/8 856/19/8
f 856/19/8 813/20/8 857/18/8
f 857/18/7 860/18/3 858/18/7
f 860/18/3 859/18/3 858/18/7
f 858/18/7 859/18/3 851/18/4
f 849/18/4 851/18/4 859/18/3
f 858/18/7 853/19/10 857/18/7
f 856/19/10 857/18/7 853/19/10
f 856/19/10 853/19/10 855/19/1
f 855/19/1 853/19/10 854/19/1
f 854/19/1 853/19/10 850/19/2
f 852/19/2 850/19/2 853/19/10
f 852/19/2 851/18/4 850/19/2
f 849/18/4 850/19/2 851/18/4
f 842/6/16 839/1/16 846/6/18
f 838/1/18 846/6/18 839/1/16
f 844/6/8 846/6/18 840/1/8
f 838/1/18 840/1/8 846/6/18
f 843/6/3 842/6/3 848/6/3
f 848/6/3 842/6/3 847/6/3
f 842/6/3 846/6/3 847/6/3
f 847/6/3 846/6/3 845/6/3
f 844/6/3 845/6/3 846/6/3
f 843/6/5 837/1/5 842/6/16
f 839/1/16 842/6/16 837/1/5
f 841/1/1 840/1/1 836/1/1
f 838/1/1 836/1/1 840/1/1
f 839/1/1 837/1/1 838/1/1
f 838/1/1 837/1/1 836/1/1
f 835/1/1 836/1/1 837/1/1
f 831/7/8 833/7/8 827/15/8
f 833/7/8 824/15/8 827/15/8
f 824/15/8 812/14/8 827/15/8
f 812/14/8 815/16/8 827/15/8
f 812/14/8 824/15/8 814/14/8
f 827/15/8 815/16/8 828/17/8
f 814/14/8 824/15/8 817/16/8
f 817/16/8 828/17/8 815/16/8
f 824/15/8 823/17/8 817/16/8
f 817/16/8 823/17/8 828/17/8
f 828/17/8 823/17/8 820/11/8
f 822/11/8 820/11/8 823/17/8
f 834/7/85 826/15/82 833/7/85
f 824/15/82 833/7/85 826/15/82
f 829/15/83 832/7/84 827/15/83
f 831/7/84 827/15/83 832/7/84
f 825/17/88 821/11/87 823/17/88
f 822/11/87 823/17/88 821/11/87
f 819/11/86 830/17/89 820/11/86
f 828/17/89 820/11/86 830/17/89
f 834/7/85 833/7/85 832/7/84
f 831/7/84 832/7/84 833/7/85
f 830/17/89 829/15/83 828/17/89
f 827/15/83 828/17/89 829/15/83
f 826/15/82 825/17/88 824/15/82
f 823/17/88 824/15/82 825/17/88
f 822/11/87 821/11/87 820/11/86
f 819/11/86 820/11/86 821/11/87
f 818/16/7 813/14/10 817/16/7
f 814/14/10 817/16/7 813/14/10
f 818/16/7 817/16/7 816/16/4
f 815/16/4 816/16/4 817/16/7
f 811/14/2 816/16/4 812/14/2
f 815/16/4 812/14/2 816/16/4
f 814/14/10 813/14/10 812/14/2
f 811/14/2 812/14/2 813/14/10
f 900/19/8 863/20/8 904/19/8
f 904/19/8 863/20/8 905/19/8
f 904/19/8 905/19/8 909/18/8
f 863/20/8 900/19/8 861/20/8
f 900/19/8 899/18/8 861/20/8
f 910/18/8 909/18/8 905/19/8
f 909/18/8 910/18/8 899/18/8
f 861/20/8 899/18/8 866/1/8
f 910/18/8 907/18/8 899/18/8
f 907/18/8 866/1/8 899/18/8
f 866/1/8 907/18/8 868/1/8
f 863/20/8 868/1/8 907/18/8
f 905/19/8 863/20/8 906/19/8
f 906/19/8 863/20/8 907/18/8
f 907/18/7 910/18/3 908/18/7
f 910/18/3 909/18/3 908/18/7
f 908/18/7 909/18/3 901/18/4
f 899/18/4 901/18/4 909/18/3
f 908/18/7 903/19/10 907/18/7
f 906/19/10 907/18/7 903/19/10
f 906/19/10 903/19/10 905/19/1
f 905/19/1 903/19/10 904/19/1
f 904/19/1 903/19/10 900/19/2
f 902/19/2 900/19/2 903/19/10
f 902/19/2 901/18/4 900/19/2
f 899/18/4 900/19/2 901/18/4
f 892/6/16 889/1/16 896/6/18
f 888/1/18 896/6/18 889/1/16
f 894/6/8 896/6/18 890/1/8
f 888/1/18 890/1/8 896/6/18
f 893/6/3 892/6/3 898/6/3
f 898/6/3 892/6/3 897/6/3
f 892/6/3 896/6/3 897/6/3
f 897/6/3 896/6/3 895/6/3
f 894/6/3 895/6/3 896/6/3
f 893/6/5 887/1/5 892/6/16
f 889/1/16 892/6/16 887/1/5
f 891/1/1 890/1/1 886/1/1
f 888/1/1 886/1/1 890/1/1
f 889/1/1 887/1/1 888/1/1
f 888/1/1 887/1/1 886/1/1
f 885/1/1 886/1/1 887/1/1
f 881/7/8 883/7/8 877/15/8
f 883/7/8 874/15/8 877/15/8
f 874/15/8 862/14/8 877/15/8
f 862/14/8 865/16/8 877/15/8
f 862/14/8 874/15/8 864/14/8
f 877/15/8 865/16/8 878/17/8
f 864/14/8 874/15/8 867/16/8
f 867/16/8 878/17/8 865/16/8
f 874/15/8 873/17/8 867/16/8
f 867/16/8 873/17/8 878/17/8
f 878/17/8 873/17/8 870/11/8
f 872/11/8 870/11/8 873/17/8
f 884/7/85 876/15/82 883/7/85
f 874/15/82 883/7/85 876/15/82
f 879/15/83 882/7/84 877/15/83
f 881/7/84 877/15/83 882/7/84
f 875/17/88 871/11/87 873/17/88
f 872/11/87 873/17/88 871/11/87
f 869/11/86 880/17/89 870/11/86
f 878/17/89 870/11/86 880/17/89
f 884/7/85 883/7/85 882/7/84
f 881/7/84 882/7/84 883/7/85
f 880/17/89 879/15/83 878/17/89
f 877/15/83 878/17/89 879/15/83
f 876/15/82 875/17/88 874/15/82
f 873/17/88 874/15/82 875/17/88
f 872/11/87 871/11/87 870/11/86
f 869/11/86 870/11/86 871/11/87
f 868/16/7 863/14/10 867/16/7
f 864/14/10 867/16/7 863/14/10
f 868/16/7 867/16/7 866/16/4
f 865/16/4 866/16/4 867/16/7
f 861/14/2 866/16/4 862/14/2
f 865/16/4 862/14/2 866/16/4
f 864/14/10 863/14/10 862/14/2
f 861/14/2 862/14/2 863/14/10
f 913/14/2 912/16/4 911/14/2
f 912/16/4 913/14/2 914/16/4
f 917/17/89 916/15/83 915/17/89
f 916/15/83 917/17/89 918/15/83
f 920/11/86 915/17/89 919/11/86
f 915/17/89 920/11/86 917/17/89
f 918/15/83 921/7/84 916/15/83
f 921/7/84 918/15/83 922/7/84
f 920/11/86 924/11/87 923/11/87
f 924/11/87 920/11/86 919/11/86
f 927/1/1 926/1/1 925/1/1
f 926/1/1 927/1/1 928/1/1
f 912/16/4 930/16/7 929/16/7
f 930/16/7 912/16/4 914/16/4
f 921/7/84 932/7/85 931/7/85
f 932/7/85 921/7/84 922/7/84
f 915/17/8 924/11/8 919/11/8
f 924/11/8 915/17/8 933/17/8
f 933/17/8 915/17/8 912/16/8
f 912/16/8 915/17/8 916/15/8
f 929/16/8 933/17/8 912/16/8
f 912/16/8 916/15/8 911/14/8
f 933/17/8 929/16/8 934/15/8
f 911/14/8 916/15/8 935/14/8
f 934/15/8 929/16/8 935/14/8
f 934/15/8 935/14/8 916/15/8
f 934/15/8 916/15/8 921/7/8
f 934/15/8 921/7/8 931/7/8
f 936/15/82 933/17/88 934/15/82
f 933/17/88 936/15/82 937/17/88
f 937/17/88 924/11/87 933/17/88
f 924/11/87 937/17/88 923/11/87
f 938/6/8 926/1/8 928/1/8
f 926/1/8 938/6/8 939/6/8
f 913/14/2 935/14/10 940/14/10
f 935/14/10 913/14/2 911/14/2
f 930/16/7 935/14/10 929/16/7
f 935/14/10 930/16/7 940/14/10
f 938/6/3 941/6/3 939/6/3
f 941/6/3 938/6/3 942/6/3
f 932/7/85 934/15/82 931/7/85
f 934/15/82 932/7/85 936/15/82
f 945/19/2 944/18/4 943/19/2
f 944/18/4 945/19/2 946/18/4
f 949/18/7 948/19/10 947/18/7
f 948/19/10 949/18/7 950/19/10
f 945/19/2 948/19/10 950/19/10
f 948/19/10 945/19/2 951/19/1
f 951/19/1 945/19/2 952/19/1
f 952/19/1 945/19/2 953/19/1
f 953/19/1 945/19/2 954/19/1
f 954/19/1 945/19/2 943/19/2
f 955/18/3 949/18/7 947/18/7
f 949/18/7 955/18/3 946/18/4
f 946/18/4 955/18/3 956/18/3
f 946/18/4 956/18/3 957/18/3
f 946/18/4 957/18/3 958/18/3
f 946/18/4 958/18/3 944/18/4
f 944/18/8 913/20/8 943/19/8
f 943/19/8 913/20/8 954/19/8
f 944/18/8 914/1/8 913/20/8
f 914/1/8 944/18/8 930/1/8
f 947/18/8 930/1/8 944/18/8
f 947/18/8 944/18/8 958/18/8
f 930/1/8 947/18/8 940/20/8
f 954/19/8 957/18/8 958/18/8
f 947/18/8 958/18/8 957/18/8
f 957/18/8 954/19/8 953/19/8
f 954/19/8 913/20/8 953/19/8
f 947/18/8 957/18/8 956/18/8
f 953/19/8 913/20/8 952/19/8
f 940/20/8 947/18/8 948/19/8
f 940/20/8 948/19/8 913/20/8
f 947/18/8 956/18/8 955/18/8
f 952/19/8 955/18/8 956/18/8
f 951/19/8 913/20/8 948/19/8
f 955/18/8 952/19/8 951/19/8
f 952/19/8 913/20/8 951/19/8
f 961/14/2 960/16/4 959/14/2
f 960/16/4 961/14/2 962/16/4
f 965/17/89 964/15/83 963/17/89
f 964/15/83 965/17/89 966/15/83
f 968/11/86 963/17/89 967/11/86
f 963/17/89 968/11/86 965/17/89
f 966/15/83 969/7/84 964/15/83
f 969/7/84 966/15/83 970/7/84
f 968/11/86 972/11/87 971/11/87
f 972/11/87 968/11/86 967/11/86
f 975/1/1 974/1/1 973/1/1
f 974/1/1 975/1/1 976/1/1
f 960/16/4 978/16/7 977/16/7
f 978/16/7 960/16/4 962/16/4
f 969/7/84 980/7/85 979/7/85
f 980/7/85 969/7/84 970/7/84
f 963/17/8 972/11/8 967/11/8
f 972/11/8 963/17/8 981/17/8
f 981/17/8 963/17/8 960/16/8
f 960/16/8 963/17/8 964/15/8
f 977/16/8 981/17/8 960/16/8
f 960/16/8 964/15/8 959/14/8
f 981/17/8 977/16/8 982/15/8
f 959/14/8 964/15/8 983/14/8
f 982/15/8 977/16/8 983/14/8
f 982/15/8 983/14/8 964/15/8
f 982/15/8 964/15/8 969/7/8
f 982/15/8 969/7/8 979/7/8
f 984/15/82 981/17/88 982/15/82
f 981/17/88 984/15/82 985/17/88
f 985/17/88 972/11/87 981/17/88
f 972/11/87 985/17/88 971/11/87
f 986/6/8 974/1/8 976/1/8
f 974/1/8 986/6/8 987/6/8
f 961/14/2 983/14/10 988/14/10
f 983/14/10 961/14/2 959/14/2
f 978/16/7 983/14/10 977/16/7
f 983/14/10 978/16/7 988/14/10
f 986/6/3 989/6/3 987/6/3
f 989/6/3 986/6/3 990/6/3
f 980/7/85 982/15/82 979/7/85
f 982/15/82 980/7/85 984/15/82
f 993/19/2 992/18/4 991/19/2
f 992/18/4 993/19/2 994/18/4
f 997/18/7 996/19/10 995/18/7
f 996/19/10 997/18/7 998/19/10
f 993/19/2 996/19/10 998/19/10
f 996/19/10 993/19/2 999/19/1
f 999/19/1 993/19/2 1000/19/1
f 1000/19/1 993/19/2 1001/19/1
f 1001/19/1 993/19/2 1002/19/1
f 1002/19/1 993/19/2 991/19/2
f 1003/18/3 997/18/7 995/18/7
f 997/18/7 1003/18/3 994/18/4
f 994/18/4 1003/18/3 1004/18/3
f 994/18/4 1004/18/3 1005/18/3
f 994/18/4 1005/18/3 1006/18/3
f 994/18/4 1006/18/3 992/18/4
f 992/18/8 961/20/8 991/19/8
f 991/19/8 961/20/8 1002/19/8
f 992/18/8 962/1/8 961/20/8
f 962/1/8 992/18/8 978/1/8
f 995/18/8 978/1/8 992/18/8
f 995/18/8 992/18/8 1006/18/8
f 978/1/8 995/18/8 988/20/8
f 1002/19/8 1005/18/8 1006/18/8
f 995/18/8 1006/18/8 1005/18/8
f 1005/18/8 1002/19/8 1001/19/8
f 1002/19/8 961/20/8 1001/19/8
f 995/18/8 1005/18/8 1004/18/8
f 1001/19/8 961/20/8 1000/19/8
f 988/20/8 995/18/8 996/19/8
f 988/20/8 996/19/8 961/20/8
f 995/18/8 1004/18/8 1003/18/8
f 1000/19/8 1003/18/8 1004/18/8
f 999/19/8 961/20/8 996/19/8
f 1003/18/8 1000/19/8 999/19/8
f 1000/19/8 961/20/8 999/19/8
f 1009/14/2 1008/16/4 1007/14/2
f 1008/16/4 1009/14/2 1010/16/4
f 1013/17/89 1012/15/83 1011/17/89
f 1012/15/83 1013/17/89 1014/15/83
f 1016/11/86 1011/17/89 1015/11/86
f 1011/17/89 1016/11/86 1013/17/89
f 1014/15/83 1017/7/84 1012/15/83
f 1017/7/84 1014/15/83 1018/7/84
f 1016/11/86 1020/11/87 1019/11/87
f 1020/11/87 1016/11/86 1015/11/86
f 1023/1/1 1022/1/1 1021/1/1
f 1022/1/1 1023/1/1 1024/1/1
f 1008/16/4 1026/16/7 1025/16/7
f 1026/16/7 1008/16/4 1010/16/4
f 1017/7/84 1028/7/85 1027/7/85
f 1028/7/85 1017/7/84 1018/7/84
f 1011/17/8 1020/11/8 1015/11/8
f 1020/11/8 1011/17/8 1029/17/8
f 1029/17/8 1011/17/8 1008/16/8
f 1008/16/8 1011/17/8 1012/15/8
f 1025/16/8 1029/17/8 1008/16/8
f 1008/16/8 1012/15/8 1007/14/8
f 1029/17/8 1025/16/8 1030/15/8
f 1007/14/8 1012/15/8 1031/14/8
f 1030/15/8 1025/16/8 1031/14/8
f 1030/15/8 1031/14/8 1012/15/8
f 1030/15/8 1012/15/8 1017/7/8
f 1030/15/8 1017/7/8 1027/7/8
f 1032/15/82 1029/17/88 1030/15/82
f 1029/17/88 1032/15/82 1033/17/88
f 1033/17/88 1020/11/87 1029/17/88
f 1020/11/87 1033/17/88 1019/11/87
f 1034/6/8 1022/1/8 1024/1/8
f 1022/1/8 1034/6/8 1035/6/8
f 1009/14/2 1031/14/10 1036/14/10
f 1031/14/10 1009/14/2 1007/14/2
f 1026/16/7 1031/14/10 1025/16/7
f 1031/14/10 1026/16/7 1036/14/10
f 1034/6/3 1037/6/3 1035/6/3
f 1037/6/3 1034/6/3 1038/6/3
f 1028/7/85 1030/15/82 1027/7/85
f 1030/15/82 1028/7/85 1032/15/82
f 1041/19/2 1040/18/4 1039/19/2
f 1040/18/4 1041/19/2 1042/18/4
f 1045/18/7 1044/19/10 1043/18/7
f 1044/19/10 1045/18/7 1046/19/10
f 1041/19/2 1044/19/10 1046/19/10
f 1044/19/10 1041/19/2 1047/19/1
f 1047/19/1 1041/19/2 1048/19/1
f 1048/19/1 1041/19/2 1049/19/1
f 1049/19/1 1041/19/2 1050/19/1
f 1050/19/1 1041/19/2 1039/19/2
f 1051/18/3 1045/18/7 1043/18/7
f 1045/18/7 1051/18/3 1042/18/4
f 1042/18/4 1051/18/3 1052/18/3
f 1042/18/4 1052/18/3 1053/18/3
f 1042/18/4 1053/18/3 1054/18/3
f 1042/18/4 1054/18/3 1040/18/4
f 1040/18/8 1009/20/8 1039/19/8
f 1039/19/8 1009/20/8 1050/19/8
f 1040/18/8 1010/1/8 1009/20/8
f 1010/1/8 1040/18/8 1026/1/8
f 1043/18/8 1026/1/8 1040/18/8
f 1043/18/8 1040/18/8 1054/18/8
f 1026/1/8 1043/18/8 1036/20/8
f 1050/19/8 1053/18/8 1054/18/8
f 1043/18/8 1054/18/8 1053/18/8
f 1053/18/8 1050/19/8 1049/19/8
f 1050/19/8 1009/20/8 1049/19/8
f 1043/18/8 1053/18/8 1052/18/8
f 1049/19/8 1009/20/8 1048/19/8
f 1036/20/8 1043/18/8 1044/19/8
f 1036/20/8 1044/19/8 1009/20/8
f 1043/18/8 1052/18/8 1051/18/8
f 1048/19/8 1051/18/8 1052/18/8
f 1047/19/8 1009/20/8 1044/19/8
f 1051/18/8 1048/19/8 1047/19/8
f 1048/19/8 1009/20/8 1047/19/8
f 1057/14/2 1056/14/10 1055/14/10
f 1056/14/10 1057/14/2 1058/14/2
f 1060/16/7 1056/14/10 1059/16/7
f 1056/14/10 1060/16/7 1055/14/10
f 1061/16/4 1060/16/7 1059/16/7
f 1060/16/7 1061/16/4 1062/16/4
f 1057/14/2 1061/16/4 1058/14/2
f 1061/16/4 1057/14/2 1062/16/4
f 1065/11/86 1064/11/87 1063/11/87
f 1064/11/87 1065/11/86 1066/11/86
f 1069/17/89 1068/15/83 1067/17/89
f 1068/15/83 1069/17/89 1070/15/83
f 1073/15/82 1072/17/88 1071/15/82
f 1072/17/88 1073/15/82 1074/17/88
f 1077/7/84 1076/7/85 1075/7/85
f 1076/7/85 1077/7/84 1078/7/84
f 1074/17/88 1064/11/87 1072/17/88
f 1064/11/87 1074/17/88 1063/11/87
f 1065/11/86 1067/17/89 1066/11/86
f 1067/17/89 1065/11/86 1069/17/89
f 1076/7/85 1071/15/82 1075/7/85
f 1071/15/82 1076/7/85 1073/15/82
f 1070/15/83 1077/7/84 1068/15/83
f 1077/7/84 1070/15/83 1078/7/84
f 1067/17/8 1064/11/8 1066/11/8
f 1064/11/8 1067/17/8 1072/17/8
f 1072/17/8 1067/17/8 1061/16/8
f 1061/16/8 1067/17/8 1068/15/8
f 1059/16/8 1072/17/8 1061/16/8
f 1061/16/8 1068/15/8 1058/14/8
f 1072/17/8 1059/16/8 1071/15/8
f 1058/14/8 1068/15/8 1056/14/8
f 1071/15/8 1059/16/8 1056/14/8
f 1071/15/8 1056/14/8 1068/15/8
f 1071/15/8 1068/15/8 1077/7/8
f 1071/15/8 1077/7/8 1075/7/8
f 1081/1/1 1080/1/1 1079/1/1
f 1080/1/1 1081/1/1 1082/1/1
f 1082/1/1 1081/1/1 1083/1/1
f 1084/1/1 1080/1/1 1082/1/1
f 1080/1/1 1084/1/1 1085/1/1
f 1081/1/9 1086/6/22 1083/1/22
f 1086/6/22 1081/1/9 1087/6/9
f 1090/6/3 1089/6/3 1088/6/3
f 1089/6/3 1090/6/3 1091/6/3
f 1091/6/3 1090/6/3 1086/6/3
f 1091/6/3 1086/6/3 1092/6/3
f 1092/6/3 1086/6/3 1087/6/3
f 1090/6/19 1084/1/8 1082/1/19
f 1084/1/8 1090/6/19 1088/6/8
f 1083/1/22 1090/6/19 1082/1/19
f 1090/6/19 1083/1/22 1086/6/22
f 1095/18/7 1094/19/10 1093/18/7
f 1094/19/10 1095/18/7 1096/19/10
f 1097/19/2 1094/19/10 1096/19/10
f 1094/19/10 1097/19/2 1098/19/1
f 1098/19/1 1097/19/2 1099/19/1
f 1099/19/1 1097/19/2 1100/19/2
f 1097/19/2 1101/18/4 1100/19/2
f 1101/18/4 1097/19/2 1102/18/4
f 1103/18/3 1095/18/7 1093/18/7
f 1095/18/7 1103/18/3 1102/18/4
f 1102/18/4 1103/18/3 1104/18/3
f 1102/18/4 1104/18/3 1101/18/4
f 1101/18/8 1057/20/8 1100/19/8
f 1100/19/8 1057/20/8 1099/19/8
f 1101/18/8 1062/1/8 1057/20/8
f 1062/1/8 1101/18/8 1060/1/8
f 1093/18/8 1060/1/8 1101/18/8
f 1093/18/8 1101/18/8 1104/18/8
f 1060/1/8 1093/18/8 1055/20/8
f 1093/18/8 1104/18/8 1103/18/8
f 1099/19/8 1103/18/8 1104/18/8
f 1055/20/8 1093/18/8 1094/19/8
f 1055/20/8 1094/19/8 1057/20/8
f 1103/18/8 1099/19/8 1098/19/8
f 1099/19/8 1057/20/8 1098/19/8
f 1098/19/8 1057/20/8 1094/19/8
f 1107/14/2 1106/14/10 1105/14/10
f 1106/14/10 1107/14/2 1108/14/2
f 1110/16/7 1106/14/10 1109/16/7
f 1106/14/10 1110/16/7 1105/14/10
f 1111/16/4 1110/16/7 1109/16/7
f 1110/16/7 1111/16/4 1112/16/4
f 1107/14/2 1111/16/4 1108/14/2
f 1111/16/4 1107/14/2 1112/16/4
f 1115/11/86 1114/11/87 1113/11/87
f 1114/11/87 1115/11/86 1116/11/86
f 1119/17/89 1118/15/83 1117/17/89
f 1118/15/83 1119/17/89 1120/15/83
f 1123/15/82 1122/17/88 1121/15/82
f 1122/17/88 1123/15/82 1124/17/88
f 1127/7/84 1126/7/85 1125/7/85
f 1126/7/85 1127/7/84 1128/7/84
f 1124/17/88 1114/11/87 1122/17/88
f 1114/11/87 1124/17/88 1113/11/87
f 1115/11/86 1117/17/89 1116/11/86
f 1117/17/89 1115/11/86 1119/17/89
f 1126/7/85 1121/15/82 1125/7/85
f 1121/15/82 1126/7/85 1123/15/82
f 1120/15/83 1127/7/84 1118/15/83
f 1127/7/84 1120/15/83 1128/7/84
f 1117/17/8 1114/11/8 1116/11/8
f 1114/11/8 1117/17/8 1122/17/8
f 1122/17/8 1117/17/8 1111/16/8
f 1111/16/8 1117/17/8 1118/15/8
f 1109/16/8 1122/17/8 1111/16/8
f 1111/16/8 1118/15/8 1108/14/8
f 1122/17/8 1109/16/8 1121/15/8
f 1108/14/8 1118/15/8 1106/14/8
f 1121/15/8 1109/16/8 1106/14/8
f 1121/15/8 1106/14/8 1118/15/8
f 1121/15/8 1118/15/8 1127/7/8
f 1121/15/8 1127/7/8 1125/7/8
f 1131/1/1 1130/1/1 1129/1/1
f 1130/1/1 1131/1/1 1132/1/1
f 1132/1/1 1131/1/1 1133/1/1
f 1134/1/1 1130/1/1 1132/1/1
f 1130/1/1 1134/1/1 1135/1/1
f 1131/1/9 1136/6/22 1133/1/22
f 1136/6/22 1131/1/9 1137/6/9
f 1140/6/3 1139/6/3 1138/6/3
f 1139/6/3 1140/6/3 1141/6/3
f 1141/6/3 1140/6/3 1136/6/3
f 1141/6/3 1136/6/3 1142/6/3
f 1142/6/3 1136/6/3 1137/6/3
f 1140/6/19 1134/1/8 1132/1/19
f 1134/1/8 1140/6/19 1138/6/8
f 1133/1/22 1140/6/19 1132/1/19
f 1140/6/19 1133/1/22 1136/6/22
f 1145/18/7 1144/19/10 1143/18/7
f 1144/19/10 1145/18/7 1146/19/10
f 1147/19/2 1144/19/10 1146/19/10
f 1144/19/10 1147/19/2 1148/19/1
f 1148/19/1 1147/19/2 1149/19/1
f 1149/19/1 1147/19/2 1150/19/2
f 1147/19/2 1151/18/4 1150/19/2
f 1151/18/4 1147/19/2 1152/18/4
f 1153/18/3 1145/18/7 1143/18/7
f 1145/18/7 1153/18/3 1152/18/4
f 1152/18/4 1153/18/3 1154/18/3
f 1152/18/4 1154/18/3 1151/18/4
f 1151/18/8 1107/20/8 1150/19/8
f 1150/19/8 1107/20/8 1149/19/8
f 1151/18/8 1112/1/8 1107/20/8
f 1112/1/8 1151/18/8 1110/1/8
f 1143/18/8 1110/1/8 1151/18/8
f 1143/18/8 1151/18/8 1154/18/8
f 1110/1/8 1143/18/8 1105/20/8
f 1143/18/8 1154/18/8 1153/18/8
f 1149/19/8 1153/18/8 1154/18/8
f 1105/20/8 1143/18/8 1144/19/8
f 1105/20/8 1144/19/8 1107/20/8
f 1153/18/8 1149/19/8 1148/19/8
f 1149/19/8 1107/20/8 1148/19/8
f 1148/19/8 1107/20/8 1144/19/8
f 1157/14/91 1156/14/90 1155/14/90
f 1156/14/90 1157/14/91 1158/14/91
f 1160/16/92 1156/14/90 1159/16/92
f 1156/14/90 1160/16/92 1155/14/90
f 1161/16/93 1160/16/92 1159/16/92
f 1160/16/92 1161/16/93 1162/16/93
f 1157/14/91 1161/16/93 1158/14/91
f 1161/16/93 1157/14/91 1162/16/93
f 1165/11/95 1164/11/94 1163/11/94
f 1164/11/94 1165/11/95 1166/11/95
f 1169/17/96 1168/15/97 1167/17/96
f 1168/15/97 1169/17/96 1170/15/97
f 1173/15/98 1172/17/99 1171/15/98
f 1172/17/99 1173/15/98 1174/17/99
f 1177/7/101 1176/7/100 1175/7/100
f 1176/7/100 1177/7/101 1178/7/101
f 1174/17/99 1164/11/94 1172/17/99
f 1164/11/94 1174/17/99 1163/11/94
f 1165/11/95 1167/17/96 1166/11/95
f 1167/17/96 1165/11/95 1169/17/96
f 1176/7/100 1171/15/98 1175/7/100
f 1171/15/98 1176/7/100 1173/15/98
f 1170/15/97 1177/7/101 1168/15/97
f 1177/7/101 1170/15/97 1178/7/101
f 1167/17/102 1164/11/102 1166/11/102
f 1164/11/102 1167/17/102 1172/17/102
f 1172/17/102 1167/17/102 1161/16/102
f 1161/16/102 1167/17/102 1168/15/102
f 1159/16/102 1172/17/102 1161/16/102
f 1161/16/102 1168/15/102 1158/14/102
f 1172/17/102 1159/16/102 1171/15/102
f 1158/14/102 1168/15/102 1156/14/102
f 1171/15/102 1159/16/102 1156/14/102
f 1171/15/102 1156/14/102 1168/15/102
f 1171/15/102 1168/15/102 1177/7/102
f 1171/15/102 1177/7/102 1175/7/102
f 1181/1/1 1180/1/1 1179/1/1
f 1180/1/1 1181/1/1 1182/1/1
f 1183/6/102 1180/1/102 1182/1/102
f 1180/1/102 1183/6/102 1184/6/102
f 1183/6/3 1185/6/3 1184/6/3
f 1185/6/3 1183/6/3 1186/6/3
f 1189/18/92 1188/19/90 1187/18/92
f 1188/19/90 1189/18/92 1190/19/90
f 1191/19/91 1188/19/90 1190/19/90
f 1188/19/90 1191/19/91 1192/19/1
f 1192/19/1 1191/19/91 1193/19/1
f 1193/19/1 1191/19/91 1194/19/91
f 1191/19/91 1195/18/93 1194/19/91
f 1195/18/93 1191/19/91 1196/18/93
f 1197/18/3 1189/18/92 1187/18/92
f 1189/18/92 1197/18/3 1196/18/93
f 1196/18/93 1197/18/3 1198/18/3
f 1196/18/93 1198/18/3 1195/18/93
f 1195/18/102 1199/20/102 1194/19/102
f 1194/19/102 1199/20/102 1193/19/102
f 1195/18/102 1200/1/102 1199/20/102
f 1200/1/102 1195/18/102 1201/1/102
f 1187/18/102 1201/1/102 1195/18/102
f 1187/18/102 1195/18/102 1198/18/102
f 1201/1/102 1187/18/102 1202/20/102
f 1187/18/102 1198/18/102 1197/18/102
f 1193/19/102 1197/18/102 1198/18/102
f 1202/20/102 1187/18/102 1188/19/102
f 1202/20/102 1188/19/102 1199/20/102
f 1197/18/102 1193/19/102 1192/19/102
f 1193/19/102 1199/20/102 1192/19/102
f 1192/19/102 1199/20/102 1188/19/102
f 1257/11/9 1258/7/9 1260/11/59
f 1262/7/59 1260/11/59 1258/7/9
f 1259/11/1 1255/11/1 1260/11/1
f 1257/11/1 1260/11/1 1255/11/1
f 1256/7/3 1261/7/3 1258/7/3
f 1262/7/3 1258/7/3 1261/7/3
f 1256/7/5 1255/11/5 1261/7/54
f 1259/11/54 1261/7/54 1255/11/5
f 1262/7/59 1261/7/54 1260/11/59
f 1259/11/54 1260/11/59 1261/7/54
f 1258/7/6 1257/11/6 1256/7/6
f 1255/11/6 1256/7/6 1257/11/6
f 1251/3/8 1253/3/8 1248/1/8
f 1250/1/8 1248/1/8 1253/3/8
f 1254/3/4 1253/3/4 1252/3/7
f 1251/3/7 1252/3/7 1253/3/4
f 1254/3/4 1249/1/2 1253/3/4
f 1250/1/2 1253/3/4 1249/1/2
f 1247/1/10 1252/3/7 1248/1/10
f 1251/3/7 1248/1/10 1252/3/7
f 1250/1/2 1249/1/2 1248/1/10
f 1247/1/10 1248/1/10 1249/1/2
f 1243/8/2 1236/21/4 1244/8/2
f 1244/8/2 1236/21/4 1246/22/5
f 1246/22/5 1236/21/4 1245/17/5
f 1235/21/4 1245/17/5 1236/21/4
f 1239/8/10 1241/8/10 1244/8/2
f 1243/8/2 1244/8/2 1241/8/10
f 1238/21/7 1241/8/10 1237/21/7
f 1237/21/7 1241/8/10 1242/17/9
f 1242/17/9 1241/8/10 1240/22/9
f 1239/8/10 1240/22/9 1241/8/10
f 1238/21/7 1237/21/7 1236/21/4
f 1235/21/4 1236/21/4 1237/21/7
f 1221/1/1 1234/1/1 1208/1/1
f 1208/1/1 1234/1/1 1210/1/1
f 1210/1/1 1234/1/1 1205/1/1
f 1205/1/1 1227/1/1 1203/1/1
f 1205/1/1 1234/1/1 1227/1/1
f 1227/1/1 1234/1/1 1212/1/1
f 1214/1/1 1212/1/1 1234/1/1
f 1232/7/85 1220/15/82 1223/7/85
f 1219/15/82 1223/7/85 1220/15/82
f 1233/15/83 1231/7/84 1222/15/83
f 1224/7/84 1222/15/83 1231/7/84
f 1230/6/9 1233/15/83 1225/6/9
f 1222/15/83 1225/6/9 1233/15/83
f 1232/7/85 1223/7/85 1231/7/84
f 1224/7/84 1231/7/84 1223/7/85
f 1230/6/3 1225/6/3 1229/6/3
f 1225/6/3 1226/6/3 1229/6/3
f 1229/6/3 1226/6/3 1228/6/3
f 1226/6/3 1211/6/3 1228/6/3
f 1213/6/3 1228/6/3 1211/6/3
f 1212/1/22 1211/6/22 1227/1/19
f 1226/6/19 1227/1/19 1211/6/22
f 1227/1/19 1226/6/19 1203/1/8
f 1225/6/8 1203/1/8 1226/6/19
f 1203/1/8 1225/6/8 1204/14/8
f 1222/15/8 1204/14/8 1225/6/8
f 1224/7/8 1223/7/8 1222/15/8
f 1223/7/8 1219/15/8 1222/15/8
f 1219/15/8 1204/14/8 1222/15/8
f 1204/14/8 1219/15/8 1207/14/8
f 1219/15/8 1215/6/8 1207/14/8
f 1207/14/8 1215/6/8 1208/1/8
f 1215/6/8 1217/6/8 1208/1/8
f 1221/1/8 1208/1/8 1217/6/8
f 1220/15/82 1216/6/5 1219/15/82
f 1215/6/5 1219/15/82 1216/6/5
f 1218/6/3 1217/6/3 1216/6/3
f 1215/6/3 1216/6/3 1217/6/3
f 1214/1/9 1213/6/9 1212/1/22
f 1211/6/22 1212/1/22 1213/6/9
f 1207/14/1 1209/14/1 1204/14/1
f 1206/14/1 1204/14/1 1209/14/1
f 1210/1/9 1209/14/9 1208/1/9
f 1207/14/9 1208/1/9 1209/14/9
f 1206/14/5 1205/1/5 1204/14/5
f 1203/1/5 1204/14/5 1205/1/5
f 1265/14/2 1264/16/4 1263/14/2
f 1264/16/4 1265/14/2 1266/16/4
f 1269/17/89 1268/15/83 1267/17/89
f 1268/15/83 1269/17/89 1270/15/83
f 1272/11/86 1267/17/89 1271/11/86
f 1267/17/89 1272/11/86 1269/17/89
f 1270/15/83 1273/7/84 1268/15/83
f 1273/7/84 1270/15/83 1274/7/84
f 1272/11/86 1276/11/87 1275/11/87
f 1276/11/87 1272/11/86 1271/11/86
f 1279/1/1 1278/1/1 1277/1/1
f 1278/1/1 1279/1/1 1280/1/1
f 1264/16/4 1282/16/7 1281/16/7
f 1282/16/7 1264/16/4 1266/16/4
f 1273/7/84 1284/7/85 1283/7/85
f 1284/7/85 1273/7/84 1274/7/84
f 1267/17/8 1276/11/8 1271/11/8
f 1276/11/8 1267/17/8 1285/17/8
f 1285/17/8 1267/17/8 1264/16/8
f 1264/16/8 1267/17/8 1268/15/8
f 1281/16/8 1285/17/8 1264/16/8
f 1264/16/8 1268/15/8 1263/14/8
f 1285/17/8 1281/16/8 1286/15/8
f 1263/14/8 1268/15/8 1287/14/8
f 1286/15/8 1281/16/8 1287/14/8
f 1286/15/8 1287/14/8 1268/15/8
f 1286/15/8 1268/15/8 1273/7/8
f 1286/15/8 1273/7/8 1283/7/8
f 1288/15/82 1285/17/88 1286/15/82
f 1285/17/88 1288/15/82 1289/17/88
f 1289/17/88 1276/11/87 1285/17/88
f 1276/11/87 1289/17/88 1275/11/87
f 1290/6/8 1278/1/8 1280/1/8
f 1278/1/8 1290/6/8 1291/6/8
f 1265/14/2 1287/14/10 1292/14/10
f 1287/14/10 1265/14/2 1263/14/2
f 1282/16/7 1287/14/10 1281/16/7
f 1287/14/10 1282/16/7 1292/14/10
f 1290/6/3 1293/6/3 1291/6/3
f 1293/6/3 1290/6/3 1294/6/3
f 1284/7/85 1286/15/82 1283/7/85
f 1286/15/82 1284/7/85 1288/15/82
f 1297/19/2 1296/18/4 1295/19/2
f 1296/18/4 1297/19/2 1298/18/4
f 1301/18/7 1300/19/10 1299/18/7
f 1300/19/10 1301/18/7 1302/19/10
f 1297/19/2 1300/19/10 1302/19/10
f 1300/19/10 1297/19/2 1303/19/1
f 1303/19/1 1297/19/2 1304/19/1
f 1304/19/1 1297/19/2 1305/19/1
f 1305/19/1 1297/19/2 1306/19/1
f 1306/19/1 1297/19/2 1295/19/2
f 1307/18/3 1301/18/7 1299/18/7
f 1301/18/7 1307/18/3 1298/18/4
f 1298/18/4 1307/18/3 1308/18/3
f 1298/18/4 1308/18/3 1309/18/3
f 1298/18/4 1309/18/3 1310/18/3
f 1298/18/4 1310/18/3 1296/18/4
f 1296/18/8 1265/20/8 1295/19/8
f 1295/19/8 1265/20/8 1306/19/8
f 1296/18/8 1266/1/8 1265/20/8
f 1266/1/8 1296/18/8 1282/1/8
f 1299/18/8 1282/1/8 1296/18/8
f 1299/18/8 1296/18/8 1310/18/8
f 1282/1/8 1299/18/8 1292/20/8
f 1306/19/8 1309/18/8 1310/18/8
f 1299/18/8 1310/18/8 1309/18/8
f 1309/18/8 1306/19/8 1305/19/8
f 1306/19/8 1265/20/8 1305/19/8
f 1299/18/8 1309/18/8 1308/18/8
f 1305/19/8 1265/20/8 1304/19/8
f 1292/20/8 1299/18/8 1300/19/8
f 1292/20/8 1300/19/8 1265/20/8
f 1299/18/8 1308/18/8 1307/18/8
f 1304/19/8 1307/18/8 1308/18/8
f 1303/19/8 1265/20/8 1300/19/8
f 1307/18/8 1304/19/8 1303/19/8
f 1304/19/8 1265/20/8 1303/19/8
f 1311/24/11 23/23/11 24/23/11
f 23/23/11 1311/24/11 1312/24/11
f 1313/24/11 31/23/11 32/23/11
f 31/23/11 1313/24/11 1314/24/11
f 1317/24/15 44/23/15 1315/24/15
f 43/23/15 1315/24/15 44/23/15
f 1316/24/13 1315/24/13 42/23/13
f 43/23/13 42/23/13 1315/24/13
f 1318/24/11 51/23/11 52/23/11
f 51/23/11 1318/24/11 1319/24/11
f 1322/24/3 1321/24/3 1320/24/3
f 1321/24/3 1322/24/3 1323/24/3
f 1324/24/37 311/23/37 312/23/37
f 311/23/37 1324/24/37 1325/24/37
f 1326/24/37 322/23/37 323/23/37
f 322/23/37 1326/24/37 1327/24/37
f 324/23/39 1326/24/39 323/23/39
f 1326/24/39 324/23/39 1328/24/39
f 1329/24/13 363/23/13 364/23/13
f 363/23/13 1329/24/13 1330/24/13
f 760/23/8 758/23/8 762/25/8
f 1333/24/8 762/25/8 758/23/8
f 764/26/8 762/25/8 1333/24/8
f 1331/24/8 764/26/8 1333/24/8
f 764/26/8 1331/24/8 766/26/8
f 766/26/8 1331/24/8 756/25/8
f 756/25/8 1331/24/8 749/23/8
f 751/23/8 749/23/8 1331/24/8
f 1332/24/5 752/23/5 1331/24/5
f 751/23/5 1331/24/5 752/23/5
f 796/23/8 794/23/8 798/25/8
f 1335/24/8 798/25/8 794/23/8
f 800/26/8 798/25/8 1335/24/8
f 1334/24/8 800/26/8 1335/24/8
f 800/26/8 1334/24/8 802/26/8
f 802/26/8 1334/24/8 792/25/8
f 792/25/8 1334/24/8 788/23/8
f 790/23/8 788/23/8 1334/24/8
f 1230/23/8 1229/23/8 1233/25/8
f 1336/24/8 1233/25/8 1229/23/8
f 1231/26/8 1233/25/8 1336/24/8
f 1338/24/8 1231/26/8 1336/24/8
f 1231/26/8 1338/24/8 1232/26/8
f 1232/26/8 1338/24/8 1220/25/8
f 1220/25/8 1338/24/8 1216/23/8
f 1218/23/8 1216/23/8 1338/24/8
f 1228/23/9 1337/24/9 1229/23/9
f 1336/24/9 1229/23/9 1337/24/9
f 1339/28/13 59/27/13 60/27/13
f 59/27/13 1339/28/13 1340/28/13
f 1341/28/11 67/27/11 68/27/11
f 67/27/11 1341/28/11 1342/28/11
f 1343/28/11 75/27/11 76/27/11
f 75/27/11 1343/28/11 1344/28/11
f 1345/28/11 83/27/11 84/27/11
f 83/27/11 1345/28/11 1346/28/11
f 1347/28/11 91/27/11 92/27/11
f 91/27/11 1347/28/11 1348/28/11
f 1349/28/13 99/27/13 100/27/13
f 99/27/13 1349/28/13 1350/28/13
f 1351/28/11 139/27/11 140/27/11
f 139/27/11 1351/28/11 1352/28/11
f 1353/28/37 278/27/37 279/27/37
f 278/27/37 1353/28/37 1354/28/37
f 280/27/39 1353/28/39 279/27/39
f 1353/28/39 280/27/39 1355/28/39
f 1357/28/15 292/27/15 1356/28/15
f 291/27/15 1356/28/15 292/27/15
f 511/28/13 1356/28/13 290/27/13
f 291/27/13 290/27/13 1356/28/13
f 1358/28/11 299/27/11 300/27/11
f 299/27/11 1358/28/11 1359/28/11
f 1362/28/15 336/27/15 1360/28/15
f 335/27/15 1360/28/15 336/27/15
f 1361/28/13 1360/28/13 334/27/13
f 335/27/13 334/27/13 1360/28/13
f 441/28/37 346/27/37 347/27/37
f 346/27/37 441/28/37 445/28/37
f 348/27/39 441/28/39 347/27/39
f 441/28/39 348/27/39 443/28/39
f 1363/28/37 355/27/37 356/27/37
f 355/27/37 1363/28/37 1364/28/37
f 1366/29/3 374/29/3 1365/29/3
f 374/29/3 1366/29/3 372/29/3
f 384/29/3 1367/29/3 396/29/3
f 1367/29/3 384/29/3 386/29/3
f 404/29/3 1368/29/3 416/29/3
f 1368/29/3 404/29/3 406/29/3
f 1370/29/3 426/29/3 1369/29/3
f 426/29/3 1370/29/3 424/29/3
f 1372/29/3 438/29/3 1371/29/3
f 438/29/3 1372/29/3 436/29/3
f 448/29/3 1373/29/3 460/29/3
f 1373/29/3 448/29/3 450/29/3
f 1375/29/3 470/29/3 1374/29/3
f 470/29/3 1375/29/3 468/29/3
f 1377/29/3 482/29/3 1376/29/3
f 482/29/3 1377/29/3 480/29/3
f 1379/29/3 494/29/3 1378/29/3
f 494/29/3 1379/29/3 492/29/3
f 1381/29/3 506/29/3 1380/29/3
f 506/29/3 1381/29/3 504/29/3
f 516/29/3 1382/29/3 528/29/3
f 1382/29/3 516/29/3 518/29/3
f 1384/29/3 602/29/3 1383/29/3
f 602/29/3 1384/29/3 600/29/3
f 1388/30/8 1387/30/8 1386/28/8
f 1385/28/8 1386/28/8 1387/30/8
f 1392/30/8 1391/30/8 1390/28/8
f 1389/28/8 1390/28/8 1391/30/8
f 834/33/8 886/28/8 826/31/8
f 826/31/8 886/28/8 825/32/8
f 832/33/8 886/28/8 834/33/8
f 886/28/8 847/27/8 825/32/8
f 886/28/8 832/33/8 891/28/8
f 825/32/8 847/27/8 821/34/8
f 845/27/8 821/34/8 847/27/8
f 821/34/8 845/27/8 819/34/8
f 819/34/8 845/27/8 830/32/8
f 891/28/8 830/32/8 845/27/8
f 832/33/8 829/31/8 891/28/8
f 829/31/8 830/32/8 891/28/8
f 885/28/5 848/27/5 886/28/5
f 847/27/5 886/28/5 848/27/5
f 884/33/8 1393/28/8 876/31/8
f 876/31/8 1393/28/8 875/32/8
f 882/33/8 1393/28/8 884/33/8
f 1393/28/8 897/27/8 875/32/8
f 1393/28/8 882/33/8 1395/28/8
f 875/32/8 897/27/8 871/34/8
f 895/27/8 871/34/8 897/27/8
f 871/34/8 895/27/8 869/34/8
f 869/34/8 895/27/8 880/32/8
f 1395/28/8 880/32/8 895/27/8
f 882/33/8 879/31/8 1395/28/8
f 879/31/8 880/32/8 1395/28/8
f 1394/28/5 898/27/5 1393/28/5
f 897/27/5 1393/28/5 898/27/5
f 918/31/8 975/28/8 922/33/8
f 922/33/8 975/28/8 932/33/8
f 917/32/8 975/28/8 918/31/8
f 917/32/8 942/27/8 975/28/8
f 920/34/8 942/27/8 917/32/8
f 973/28/8 932/33/8 975/28/8
f 973/28/8 936/31/8 932/33/8
f 973/28/8 937/32/8 936/31/8
f 942/27/8 920/34/8 941/27/8
f 941/27/8 937/32/8 973/28/8
f 923/34/8 941/27/8 920/34/8
f 937/32/8 941/27/8 923/34/8
f 966/31/8 1396/28/8 970/33/8
f 970/33/8 1396/28/8 980/33/8
f 965/32/8 1396/28/8 966/31/8
f 965/32/8 990/27/8 1396/28/8
f 968/34/8 990/27/8 965/32/8
f 1397/28/8 980/33/8 1396/28/8
f 1397/28/8 984/31/8 980/33/8
f 1397/28/8 985/32/8 984/31/8
f 990/27/8 968/34/8 989/27/8
f 989/27/8 985/32/8 1397/28/8
f 971/34/8 989/27/8 968/34/8
f 985/32/8 989/27/8 971/34/8
f 1014/31/8 1398/28/8 1018/33/8
f 1018/33/8 1398/28/8 1028/33/8
f 1013/32/8 1398/28/8 1014/31/8
f 1013/32/8 1038/27/8 1398/28/8
f 1016/34/8 1038/27/8 1013/32/8
f 1399/28/8 1028/33/8 1398/28/8
f 1399/28/8 1032/31/8 1028/33/8
f 1399/28/8 1033/32/8 1032/31/8
f 1038/27/8 1016/34/8 1037/27/8
f 1037/27/8 1033/32/8 1399/28/8
f 1019/34/8 1037/27/8 1016/34/8
f 1033/32/8 1037/27/8 1019/34/8
f 1092/27/9 1400/28/9 1091/27/9
f 1400/28/9 1092/27/9 1401/28/9
f 1402/28/8 1074/32/8 1073/31/8
f 1402/28/8 1073/31/8 1076/33/8
f 1089/27/8 1074/32/8 1402/28/8
f 1074/32/8 1089/27/8 1063/34/8
f 1063/34/8 1089/27/8 1065/34/8
f 1091/27/8 1065/34/8 1089/27/8
f 1065/34/8 1091/27/8 1069/32/8
f 1402/28/8 1076/33/8 1400/28/8
f 1069/32/8 1091/27/8 1400/28/8
f 1078/33/8 1400/28/8 1076/33/8
f 1069/32/8 1400/28/8 1070/31/8
f 1070/31/8 1400/28/8 1078/33/8
f 1142/27/9 1080/28/9 1141/27/9
f 1080/28/9 1142/27/9 1079/28/9
f 1085/28/8 1124/32/8 1123/31/8
f 1085/28/8 1123/31/8 1126/33/8
f 1139/27/8 1124/32/8 1085/28/8
f 1124/32/8 1139/27/8 1113/34/8
f 1113/34/8 1139/27/8 1115/34/8
f 1141/27/8 1115/34/8 1139/27/8
f 1115/34/8 1141/27/8 1119/32/8
f 1085/28/8 1126/33/8 1080/28/8
f 1119/32/8 1141/27/8 1080/28/8
f 1128/33/8 1080/28/8 1126/33/8
f 1119/32/8 1080/28/8 1120/31/8
f 1120/31/8 1080/28/8 1128/33/8
f 1403/28/102 1174/32/102 1173/31/102
f 1403/28/102 1173/31/102 1176/33/102
f 1185/27/102 1174/32/102 1403/28/102
f 1174/32/102 1185/27/102 1163/34/102
f 1163/34/102 1185/27/102 1165/34/102
f 1186/27/102 1165/34/102 1185/27/102
f 1165/34/102 1186/27/102 1169/32/102
f 1403/28/102 1176/33/102 1404/28/102
f 1169/32/102 1186/27/102 1404/28/102
f 1178/33/102 1404/28/102 1176/33/102
f 1169/32/102 1404/28/102 1170/31/102
f 1170/31/102 1404/28/102 1178/33/102
f 1209/36/8 1244/29/8 1206/36/8
f 1244/29/8 1209/36/8 1239/29/8
f 1244/29/8 1246/37/8 1206/36/8
f 1239/29/8 1209/36/8 1240/37/8
f 1246/37/8 1245/32/8 1206/36/8
f 1246/37/8 1240/37/8 1245/32/8
f 1240/37/8 1209/36/8 1242/32/8
f 1242/32/8 1245/32/8 1240/37/8
f 1245/32/8 1235/35/8 1206/36/8
f 1242/32/8 1209/36/8 1237/35/8
f 1206/36/8 1235/35/8 1205/30/8
f 1237/35/8 1205/30/8 1235/35/8
f 1209/36/8 1210/30/8 1237/35/8
f 1205/30/8 1237/35/8 1210/30/8
f 1270/31/8 1023/28/8 1274/33/8
f 1274/33/8 1023/28/8 1284/33/8
f 1269/32/8 1023/28/8 1270/31/8
f 1269/32/8 1294/27/8 1023/28/8
f 1272/34/8 1294/27/8 1269/32/8
f 1021/28/8 1284/33/8 1023/28/8
f 1021/28/8 1288/31/8 1284/33/8
f 1021/28/8 1289/32/8 1288/31/8
f 1294/27/8 1272/34/8 1293/27/8
f 1293/27/8 1289/32/8 1021/28/8
f 1275/34/8 1293/27/8 1272/34/8
f 1289/32/8 1293/27/8 1275/34/8

usemtl colormap-specular

f 852/39/8 853/39/8 851/38/8
f 858/38/8 851/38/8 853/39/8
f 902/39/8 903/39/8 901/38/8
f 908/38/8 901/38/8 903/39/8
f 945/39/8 949/38/8 946/38/8
f 949/38/8 945/39/8 950/39/8
f 993/39/8 997/38/8 994/38/8
f 997/38/8 993/39/8 998/39/8
f 1041/39/8 1045/38/8 1042/38/8
f 1045/38/8 1041/39/8 1046/39/8
f 1097/39/8 1095/38/8 1102/38/8
f 1095/38/8 1097/39/8 1096/39/8
f 1147/39/8 1145/38/8 1152/38/8
f 1145/38/8 1147/39/8 1146/39/8
f 1191/39/102 1189/38/102 1196/38/102
f 1189/38/102 1191/39/102 1190/39/102
f 1243/41/8 1241/41/8 1236/40/8
f 1238/40/8 1236/40/8 1241/41/8
f 1297/39/8 1301/38/8 1298/38/8
f 1301/38/8 1297/39/8 1302/39/8

