# Created by Kenney (www.kenney.nl)

mtllib building-r.mtl

g building-r

v 1.221794 0.85 0.6139998 1 1 1
v 1.221794 0.85 0.2139998 1 1 1
v 1.221794 1.2 0.6139998 1 1 1
v 1.221794 1.2 0.2139998 1 1 1
v 0.821794 0.85 0.6139998 1 1 1
v 0.821794 1.2 0.6139998 1 1 1
v 0.008377612 0.4268328 -0.6360003 1 1 1
v 0.4217941 0.633541 -0.6360003 1 1 1
v 0.02179402 0.4 -0.6360003 1 1 1
v 0.4217941 0.6 -0.6360003 1 1 1
v -0.02292734 0.3776393 -0.5860002 1 1 1
v -0.03634375 0.4044721 -0.5860002 1 1 1
v -0.009828761 0.3841886 -0.6213556 1 1 1
v -0.02324517 0.4110214 -0.6213556 1 1 1
v -0.0229273 0.3776393 -0.1860002 1 1 1
v -0.03634371 0.4044721 -0.1860002 1 1 1
v 0.8352103 0.4268328 -0.6360003 1 1 1
v 0.4217938 0.633541 -0.6360003 1 1 1
v 0.8217939 0.4 -0.6360003 1 1 1
v 0.4217938 0.6 -0.6360003 1 1 1
v 0.8665152 0.3776393 -0.5860002 1 1 1
v 0.8799316 0.4044721 -0.5860002 1 1 1
v 0.8534166 0.3841886 -0.6213556 1 1 1
v 0.866833 0.4110214 -0.6213556 1 1 1
v 0.8665152 0.3776393 -0.1860002 1 1 1
v 0.8799316 0.4044721 -0.1860002 1 1 1
v 0.421794 0.85 0.6139998 1 1 1
v 0.4217939 0.85 0.2139998 1 1 1
v 0.421794 1.2 0.6139998 1 1 1
v 0.4217939 1.2 0.2139998 1 1 1
v 1.221794 0.45 -0.1859998 1 1 1
v 0.8217941 0.45 -0.1859998 1 1 1
v 1.221794 0.8 -0.1859998 1 1 1
v 0.8217941 0.8 -0.1859998 1 1 1
v 1.221794 0.45 0.2140002 1 1 1
v 1.221794 0.8 0.2140002 1 1 1
v 0.4217939 0.45 -0.1859998 1 1 1
v 0.421794 0.45 0.2140002 1 1 1
v 0.4217939 0.8 -0.1859998 1 1 1
v 0.421794 0.8 0.2140002 1 1 1
v 0.821794 0.45 -0.1859999 1 1 1
v 0.821794 0.8 -0.1859999 1 1 1
v 1.221794 0.45 0.6139998 1 1 1
v 1.221794 0.45 0.2139998 1 1 1
v 1.221794 0.8 0.6139998 1 1 1
v 1.221794 0.8 0.2139998 1 1 1
v 0.821794 0.45 0.6139998 1 1 1
v 0.821794 0.8 0.6139998 1 1 1
v 0.421794 0.45 0.6139998 1 1 1
v 0.4217939 0.45 0.2139998 1 1 1
v 0.421794 0.8 0.6139998 1 1 1
v 0.4217939 0.8 0.2139998 1 1 1
v -1.028206 0.6 0.01399975 1 1 1
v -1.028206 0.55 0.01399975 1 1 1
v -0.6282061 0.6 0.01399969 1 1 1
v -0.6282061 0.55 0.01399969 1 1 1
v -1.028206 0.55 0.4139998 1 1 1
v -1.028206 0.7 0.4139998 1 1 1
v -0.628206 0.55 0.4139997 1 1 1
v -0.628206 0.7 0.4139997 1 1 1
v -0.968206 0.6854479 0.3557912 1 1 1
v -0.968206 0.666045 0.360642 1 1 1
v -0.688206 0.6854479 0.3557912 1 1 1
v -0.688206 0.666045 0.3606419 1 1 1
v -0.6882061 0.5951493 0.07705899 1 1 1
v -0.6882061 0.6145521 0.07220827 1 1 1
v -0.6882061 0.6298507 0.1334026 1 1 1
v -0.6882061 0.6347014 0.1528054 1 1 1
v -0.6882061 0.6652986 0.275194 1 1 1
v -0.688206 0.6701493 0.2945969 1 1 1
v -0.9682061 0.5951493 0.07705902 1 1 1
v -0.9682061 0.6145521 0.0722083 1 1 1
v -0.9682061 0.6298507 0.1334026 1 1 1
v -0.968206 0.6347014 0.1528054 1 1 1
v -0.968206 0.6652986 0.2751941 1 1 1
v -0.968206 0.6701493 0.2945969 1 1 1
v -0.668206 0.6902986 0.375194 1 1 1
v -0.6682061 0.6097014 0.05280542 1 1 1
v -0.9882061 0.6097014 0.05280545 1 1 1
v -0.988206 0.6902986 0.3751941 1 1 1
v -0.6482061 0.6902986 0.375194 1 1 1
v -0.6482061 0.6097014 0.05280542 1 1 1
v -0.668206 0.6951493 0.3945969 1 1 1
v -0.6682061 0.6048507 0.03340256 1 1 1
v -0.9882061 0.6048507 0.03340259 1 1 1
v -1.008206 0.6097014 0.05280545 1 1 1
v -0.988206 0.6951493 0.3945969 1 1 1
v -1.008206 0.6902986 0.3751941 1 1 1
v 0.821794 0.45 0.614 1 1 1
v 0.421794 0.45 0.614 1 1 1
v 0.821794 0.8 0.614 1 1 1
v 0.421794 0.8 0.614 1 1 1
v 0.821794 0.85 0.614 1 1 1
v 0.421794 0.85 0.614 1 1 1
v 0.821794 1.2 0.614 1 1 1
v 0.421794 1.2 0.614 1 1 1
v 1.171794 1.2 0.2140002 1 1 1
v 0.821794 1.2 0.2140002 1 1 1
v 1.171794 1.2 -0.1359998 1 1 1
v 0.821794 1.2 -0.1359999 1 1 1
v 0.4717939 1.2 0.2139998 1 1 1
v 0.821794 1.2 0.2139997 1 1 1
v 0.471794 1.2 0.5639998 1 1 1
v 0.821794 1.2 0.5639998 1 1 1
v 0.8217941 1.2 0.5639998 1 1 1
v 0.8217941 1.2 0.2139998 1 1 1
v 1.171794 1.2 0.5639998 1 1 1
v 1.171794 1.2 0.2139998 1 1 1
v -0.378206 0.5 0.2140002 1 1 1
v -0.378206 0.5 -0.1359999 1 1 1
v 0.02179404 0.5 0.2140002 1 1 1
v 0.02179408 0.5 -0.1359998 1 1 1
v 0.3717939 0.5 0.2139998 1 1 1
v 0.02179389 0.5 0.2139997 1 1 1
v 0.3717939 0.5 0.5639998 1 1 1
v 0.02179384 0.5 0.5639998 1 1 1
v -0.3782061 0.5 0.2139997 1 1 1
v -0.378206 0.5 0.5639998 1 1 1
v -0.7782061 0.5 0.2139998 1 1 1
v -0.7782061 0.5 0.5639998 1 1 1
v 0.3717939 0.5 0.2140002 1 1 1
v 0.02179383 0.5 0.2140002 1 1 1
v 0.3717939 0.5 -0.1359998 1 1 1
v 0.02179387 0.5 -0.1359999 1 1 1
v 0.821794 1.2 -0.1359998 1 1 1
v 0.821794 1.2 0.2140002 1 1 1
v 0.471794 1.2 -0.1359998 1 1 1
v 0.471794 1.2 0.2140002 1 1 1
v -0.378206 0.5 0.2139997 1 1 1
v 0.0217941 0.5 0.2139998 1 1 1
v 0.02179405 0.5 0.5639998 1 1 1
v -1.128206 0.5 0.2139998 1 1 1
v -0.7782061 0.5 0.2139997 1 1 1
v -1.128206 0.5 0.5639998 1 1 1
v -0.778206 0.5 0.5639998 1 1 1
v -0.7782061 0.5 0.2140002 1 1 1
v -0.7782061 0.5 -0.1359999 1 1 1
v -0.3782061 0.5 0.2140002 1 1 1
v -0.378206 0.5 -0.1359998 1 1 1
v -0.7782061 0.5 -0.1359998 1 1 1
v -0.7782061 0.5 0.2140002 1 1 1
v -1.128206 0.5 -0.1359998 1 1 1
v -1.128206 0.5 0.2140002 1 1 1
v -1.178206 1.967704E-16 0.4839995 1 1 1
v -1.178206 0.03 0.3739994 1 1 1
v -1.178206 1.967704E-16 0.3439994 1 1 1
v -1.178206 0.27 0.3439994 1 1 1
v -1.178206 0.03 0.4539995 1 1 1
v -1.178206 0.27 0.4839995 1 1 1
v -1.178206 0.12 0.3739994 1 1 1
v -1.178206 0.12 0.4539995 1 1 1
v -1.178206 0.15 0.3739994 1 1 1
v -1.178206 0.15 0.4539995 1 1 1
v -1.178206 0.24 0.3739994 1 1 1
v -1.178206 0.24 0.4539995 1 1 1
v 0.421794 0.85 -0.1859998 1 1 1
v 0.421794 1.2 -0.1859998 1 1 1
v 0.421794 0.85 0.2140002 1 1 1
v 0.421794 1.2 0.2140002 1 1 1
v 1.221794 1.2 -0.1859998 1 1 1
v 1.221794 0.85 -0.1859998 1 1 1
v 1.221794 1.2 0.2140002 1 1 1
v 1.221794 0.85 0.2140002 1 1 1
v 1.171794 1.08 -0.1859998 1 1 1
v 1.171794 0.92 -0.1859998 1 1 1
v 1.151794 1.1 -0.1859998 1 1 1
v 1.151794 0.9 -0.1859998 1 1 1
v 0.491794 0.9 -0.1859998 1 1 1
v 0.471794 0.92 -0.1859998 1 1 1
v 0.491794 1.1 -0.1859998 1 1 1
v 0.471794 1.08 -0.1859998 1 1 1
v -1.048206 1.967704E-16 -0.1860002 1 1 1
v -0.938206 0.03 -0.1860002 1 1 1
v -0.908206 1.967704E-16 -0.1860002 1 1 1
v -0.908206 0.27 -0.1860002 1 1 1
v -1.018206 0.03 -0.1860002 1 1 1
v -1.048206 0.27 -0.1860002 1 1 1
v -0.938206 0.12 -0.1860002 1 1 1
v -1.018206 0.12 -0.1860002 1 1 1
v -0.938206 0.15 -0.1860002 1 1 1
v -1.018206 0.15 -0.1860002 1 1 1
v -0.938206 0.24 -0.1860002 1 1 1
v -1.018206 0.24 -0.1860002 1 1 1
v -0.5082061 2.292633E-16 0.6140002 1 1 1
v -0.6482061 2.292633E-16 0.6140002 1 1 1
v -0.5082061 0.27 0.6140002 1 1 1
v -0.6482061 0.27 0.6140002 1 1 1
v 0.651794 1.861178E-16 -0.586 1 1 1
v 0.1917939 1.861178E-16 -0.586 1 1 1
v 0.651794 0.27 -0.586 1 1 1
v 0.1917939 0.27 -0.586 1 1 1
v 1.241794 0.8 0.6139998 1 1 1
v 1.241794 0.8 0.2139998 1 1 1
v 1.241794 0.85 0.6139998 1 1 1
v 1.241794 0.85 0.2139998 1 1 1
v 1.221794 0.8 0.6339998 1 1 1
v 1.221794 0.85 0.6339998 1 1 1
v 0.821794 0.8 0.6339998 1 1 1
v 0.821794 0.85 0.6339998 1 1 1
v 0.8217941 0.8 0.2139997 1 1 1
v 0.4217941 0.633541 -0.1860003 1 1 1
v 0.02179408 0.4 -0.1860002 1 1 1
v 0.4217941 0.6 -0.1860003 1 1 1
v 0.4217941 0.6 -0.5860003 1 1 1
v 0.4217938 0.633541 -0.1860003 1 1 1
v 0.8217938 0.4 -0.1860002 1 1 1
v 0.4217938 0.6 -0.1860003 1 1 1
v 0.4217938 0.6 -0.5860003 1 1 1
v -0.3782061 5.639933E-18 -0.206 1 1 1
v -0.7782061 5.639933E-18 -0.206 1 1 1
v -0.3782061 5.639933E-18 0.2139999 1 1 1
v -0.7782061 5.639933E-18 0.2139999 1 1 1
v -0.7782061 0.05 -0.206 1 1 1
v -0.3782061 0.05 -0.206 1 1 1
v -0.3782061 0.05 -0.1860001 1 1 1
v -0.7782061 0.05 -0.1860001 1 1 1
v 0.02179404 5.639933E-18 -0.206 1 1 1
v -0.378206 5.639933E-18 -0.206 1 1 1
v 0.02179404 5.639933E-18 0.2139999 1 1 1
v -0.378206 5.639933E-18 0.2139999 1 1 1
v -0.378206 0.05 -0.206 1 1 1
v 0.02179404 0.05 -0.206 1 1 1
v 0.02179404 0.05 -0.1860001 1 1 1
v -0.378206 0.05 -0.1860001 1 1 1
v 0.401794 0.8 0.6139998 1 1 1
v 0.401794 0.8 0.2139998 1 1 1
v 0.401794 0.85 0.6139998 1 1 1
v 0.401794 0.85 0.2139998 1 1 1
v 0.421794 0.8 0.6339998 1 1 1
v 0.421794 0.85 0.6339998 1 1 1
v 0.821794 0.8 0.2139997 1 1 1
v 1.221794 0.4 -0.2059998 1 1 1
v 0.8217941 0.4 -0.2059998 1 1 1
v 1.221794 0.45 -0.2059998 1 1 1
v 0.8217941 0.45 -0.2059998 1 1 1
v 1.241794 0.4 -0.1859998 1 1 1
v 1.241794 0.45 -0.1859998 1 1 1
v 1.241794 0.4 0.2140002 1 1 1
v 1.241794 0.45 0.2140002 1 1 1
v 0.8217941 0.4 0.2140002 1 1 1
v 1.221794 6.706504E-18 -0.2059998 1 1 1
v 0.8217941 6.706504E-18 -0.2059998 1 1 1
v 1.221794 0.05 -0.2059998 1 1 1
v 0.8217941 0.05 -0.2059998 1 1 1
v 1.241794 6.706504E-18 -0.1859998 1 1 1
v 1.241794 0.05 -0.1859998 1 1 1
v 1.241794 6.706504E-18 0.2140002 1 1 1
v 1.241794 0.05 0.2140002 1 1 1
v 0.8217941 6.706504E-18 0.2140002 1 1 1
v 0.8217941 0.05 -0.1859998 1 1 1
v 1.221794 0.05 -0.1859998 1 1 1
v 1.221794 0.05 0.2140002 1 1 1
v 0.421794 6.706504E-18 0.634 1 1 1
v 0.821794 6.706504E-18 0.634 1 1 1
v 0.421794 6.706504E-18 0.214 1 1 1
v 0.821794 6.706504E-18 0.214 1 1 1
v 0.821794 0.05 0.634 1 1 1
v 0.421794 0.05 0.634 1 1 1
v 0.421794 0.05 0.614 1 1 1
v 0.821794 0.05 0.614 1 1 1
v 0.401794 0.4 -0.1859998 1 1 1
v 0.401794 0.4 0.2140002 1 1 1
v 0.401794 0.45 -0.1859998 1 1 1
v 0.401794 0.45 0.2140002 1 1 1
v 0.4217939 0.4 -0.2059998 1 1 1
v 0.4217939 0.45 -0.2059998 1 1 1
v 0.821794 0.4 -0.2059999 1 1 1
v 0.821794 0.45 -0.2059999 1 1 1
v 0.821794 0.4 0.2140002 1 1 1
v -0.378206 0 0.634 1 1 1
v 0.02179404 0 0.634 1 1 1
v -0.378206 0 0.214 1 1 1
v 0.02179404 0 0.214 1 1 1
v 0.02179404 0.05 0.634 1 1 1
v -0.378206 0.05 0.634 1 1 1
v -0.378206 0.05 0.614 1 1 1
v 0.02179404 0.05 0.614 1 1 1
v 1.241794 0.4 0.6139998 1 1 1
v 1.241794 0.4 0.2139998 1 1 1
v 1.241794 0.45 0.6139998 1 1 1
v 1.241794 0.45 0.2139998 1 1 1
v 1.221794 0.4 0.6339998 1 1 1
v 1.221794 0.45 0.6339998 1 1 1
v 0.821794 0.4 0.6339998 1 1 1
v 0.821794 0.45 0.6339998 1 1 1
v 0.8217941 0.4 0.2139997 1 1 1
v 0.401794 0.4 0.6139998 1 1 1
v 0.401794 0.4 0.2139998 1 1 1
v 0.401794 0.45 0.6139998 1 1 1
v 0.401794 0.45 0.2139998 1 1 1
v 0.421794 0.4 0.6339998 1 1 1
v 0.421794 0.45 0.6339998 1 1 1
v 0.821794 0.4 0.2139997 1 1 1
v -1.028206 0.55 -0.006000236 1 1 1
v -0.6282061 0.55 -0.006000295 1 1 1
v -1.048206 0.55 0.01399975 1 1 1
v -0.6082061 0.55 0.01399969 1 1 1
v -1.048206 0.55 0.4139998 1 1 1
v -0.608206 0.55 0.4139997 1 1 1
v -0.628206 0.55 0.4339997 1 1 1
v -1.028206 0.55 0.4339998 1 1 1
v -1.028206 0.5 0.4339998 1 1 1
v -0.628206 0.5 0.4339997 1 1 1
v -1.048206 0.5 0.4139998 1 1 1
v -1.048206 0.5 0.01399975 1 1 1
v -0.608206 0.5 0.4139997 1 1 1
v -0.6082061 0.5 0.01399969 1 1 1
v -1.028206 0.5 -0.006000236 1 1 1
v -0.6282061 0.5 -0.006000295 1 1 1
v -0.9882061 0.6291043 0.04795474 1 1 1
v -0.988206 0.7097014 0.3703434 1 1 1
v -0.6682061 0.6291043 0.04795471 1 1 1
v -0.668206 0.7097014 0.3703433 1 1 1
v -0.9882061 0.6242536 0.02855189 1 1 1
v -0.6682061 0.6242536 0.02855186 1 1 1
v -1.008206 0.6291043 0.04795474 1 1 1
v -1.008206 0.7097014 0.3703434 1 1 1
v -0.988206 0.7145522 0.3897462 1 1 1
v -0.668206 0.7145522 0.3897462 1 1 1
v -0.6482061 0.6291043 0.04795471 1 1 1
v -0.6482061 0.7097014 0.3703433 1 1 1
v 0.8217939 6.706504E-18 0.2139999 1 1 1
v 0.8217939 6.706504E-18 -0.1860001 1 1 1
v 0.02179393 6.706504E-18 0.2139999 1 1 1
v 0.02179393 6.706504E-18 -0.1860001 1 1 1
v 0.421794 0.4 0.634 1 1 1
v 0.821794 0.4 0.634 1 1 1
v 0.421794 0.4 0.214 1 1 1
v 0.821794 0.4 0.214 1 1 1
v 0.821794 0.45 0.634 1 1 1
v 0.421794 0.45 0.634 1 1 1
v 1.241794 6.706504E-18 0.6139998 1 1 1
v 1.241794 6.706504E-18 0.2139998 1 1 1
v 1.241794 0.05 0.6139998 1 1 1
v 1.241794 0.05 0.2139998 1 1 1
v 1.221794 6.706504E-18 0.6339998 1 1 1
v 1.221794 0.05 0.6339998 1 1 1
v 0.821794 6.706504E-18 0.6339998 1 1 1
v 0.821794 0.05 0.6339998 1 1 1
v 0.8217941 6.706504E-18 0.2139997 1 1 1
v 1.221794 0.05 0.2139998 1 1 1
v 1.221794 0.05 0.6139998 1 1 1
v 0.821794 0.05 0.6139998 1 1 1
v 0.421794 0.8 0.634 1 1 1
v 0.821794 0.8 0.634 1 1 1
v 0.421794 0.8 0.214 1 1 1
v 0.821794 0.8 0.214 1 1 1
v 0.821794 0.85 0.634 1 1 1
v 0.421794 0.85 0.634 1 1 1
v 0.02179389 5.639933E-18 0.634 1 1 1
v 0.4217939 5.639933E-18 0.634 1 1 1
v 0.02179389 5.639933E-18 0.214 1 1 1
v 0.4217939 5.639933E-18 0.214 1 1 1
v 0.4217939 0.05 0.634 1 1 1
v 0.02179389 0.05 0.634 1 1 1
v 0.02179389 0.05 0.614 1 1 1
v 0.4217939 0.05 0.614 1 1 1
v -0.5782059 5.639936E-18 -0.2360001 1 1 1
v -0.5782059 0.18 -0.2360001 1 1 1
v -0.5782059 5.639936E-18 -0.07600014 1 1 1
v -0.5782059 0.18 -0.07600014 1 1 1
v -0.598206 5.639936E-18 -0.2560001 1 1 1
v -0.758206 5.639936E-18 -0.2560001 1 1 1
v -0.598206 0.18 -0.2560001 1 1 1
v -0.758206 0.18 -0.2560001 1 1 1
v -0.758206 5.639936E-18 -0.05600014 1 1 1
v -0.598206 5.639936E-18 -0.05600014 1 1 1
v -0.758206 0.18 -0.05600014 1 1 1
v -0.598206 0.18 -0.05600014 1 1 1
v -0.778206 0.18 -0.2360001 1 1 1
v -0.778206 5.639936E-18 -0.2360001 1 1 1
v -0.778206 0.18 -0.07600014 1 1 1
v -0.778206 5.639936E-18 -0.07600014 1 1 1
v 1.221794 1.2 -0.1859998 1 1 1
v 1.221794 1.23 -0.1859998 1 1 1
v 0.8217941 1.2 -0.1859999 1 1 1
v 0.8217941 1.23 -0.1859999 1 1 1
v 1.221794 1.2 0.2140002 1 1 1
v 1.221794 1.23 0.2140002 1 1 1
v 1.171794 1.28 -0.1359998 1 1 1
v 0.821794 1.28 -0.1359999 1 1 1
v 1.241794 1.23 -0.1859998 1 1 1
v 1.241794 1.23 0.2140002 1 1 1
v 1.241794 1.28 -0.1859998 1 1 1
v 1.241794 1.28 0.2140002 1 1 1
v 0.8217941 1.23 -0.2059999 1 1 1
v 1.221794 1.23 -0.2059998 1 1 1
v 1.171794 1.28 0.2140002 1 1 1
v 0.8217941 1.28 -0.2059999 1 1 1
v 1.221794 1.28 -0.2059998 1 1 1
v 0.421794 1.23 0.6139998 1 1 1
v 0.821794 1.23 0.6139998 1 1 1
v 0.4217939 1.23 0.2139998 1 1 1
v 0.471794 1.28 0.5639998 1 1 1
v 0.821794 1.28 0.5639998 1 1 1
v 0.401794 1.23 0.6139998 1 1 1
v 0.401794 1.23 0.2139998 1 1 1
v 0.401794 1.28 0.6139998 1 1 1
v 0.401794 1.28 0.2139998 1 1 1
v 0.821794 1.23 0.6339998 1 1 1
v 0.421794 1.23 0.6339998 1 1 1
v 0.4717939 1.28 0.2139998 1 1 1
v 0.821794 1.28 0.6339998 1 1 1
v 0.421794 1.28 0.6339998 1 1 1
v 1.221794 1.2 0.6139998 1 1 1
v 1.221794 1.23 0.6139998 1 1 1
v 1.221794 1.23 0.2139998 1 1 1
v 0.8217941 1.2 0.6139998 1 1 1
v 0.8217941 1.23 0.6139998 1 1 1
v 1.171794 1.28 0.5639998 1 1 1
v 1.171794 1.28 0.2139998 1 1 1
v 1.221794 1.23 0.6339998 1 1 1
v 0.8217941 1.23 0.6339998 1 1 1
v 1.221794 1.28 0.6339998 1 1 1
v 0.8217941 1.28 0.6339998 1 1 1
v 1.241794 1.23 0.2139998 1 1 1
v 1.241794 1.23 0.6139998 1 1 1
v 0.8217941 1.28 0.5639998 1 1 1
v 1.241794 1.28 0.2139998 1 1 1
v 1.241794 1.28 0.6139998 1 1 1
v 0.3590038 0.559 -0.05301619 1 1 1
v 0.3503634 0.559 -0.03215653 1 1 1
v 0.3737538 0.5885 -0.05301619 1 1 1
v 0.3607932 0.5885 -0.02172671 1 1 1
v 0.3000038 0.559 -0.05301619 1 1 1
v 0.2852538 0.5885 -0.05301619 1 1 1
v 0.3086441 0.559 -0.03215653 1 1 1
v 0.2982143 0.5885 -0.02172671 1 1 1
v 0.3503634 0.5 -0.03215653 1 1 1
v 0.3295038 0.5 -0.02351619 1 1 1
v 0.3295038 0.559 -0.02351619 1 1 1
v 0.3607932 0.5885 -0.08430566 1 1 1
v 0.3503634 0.559 -0.07387584 1 1 1
v 0.3295038 0.5885 -0.008766185 1 1 1
v 0.3295038 0.559 -0.08251619 1 1 1
v 0.3295038 0.5885 -0.09726618 1 1 1
v 0.3086441 0.559 -0.07387584 1 1 1
v 0.2982143 0.5885 -0.08430566 1 1 1
v 0.3590038 0.618 -0.05301619 1 1 1
v 0.3503634 0.618 -0.03215653 1 1 1
v 0.3086441 0.5 -0.03215653 1 1 1
v 0.3086441 0.5 -0.07387584 1 1 1
v 0.3295038 0.5 -0.08251619 1 1 1
v 0.3000038 0.5 -0.05301619 1 1 1
v 0.3086441 0.618 -0.07387584 1 1 1
v 0.3295038 0.618 -0.08251619 1 1 1
v 0.3503634 0.618 -0.07387584 1 1 1
v 0.3295038 0.618 -0.02351619 1 1 1
v 0.3086441 0.618 -0.03215653 1 1 1
v 0.3000038 0.618 -0.05301619 1 1 1
v 0.3503634 0.5 -0.07387584 1 1 1
v 0.3590038 0.5 -0.05301619 1 1 1
v -0.378206 0.53 -0.1859999 1 1 1
v 0.0217941 0.53 -0.1859998 1 1 1
v -0.378206 0.53 -0.2059999 1 1 1
v 0.0217941 0.53 -0.2059998 1 1 1
v 0.0217941 0.5 -0.1859998 1 1 1
v -0.378206 0.5 -0.1859999 1 1 1
v 0.02179408 0.58 -0.1359998 1 1 1
v -0.378206 0.58 -0.1359999 1 1 1
v -0.378206 0.58 -0.2059999 1 1 1
v 0.0217941 0.58 -0.2059998 1 1 1
v 1.082717 1.334 0.008465767 1 1 1
v 1.074077 1.334 0.02932542 1 1 1
v 1.097467 1.3635 0.008465767 1 1 1
v 1.084507 1.3635 0.03975524 1 1 1
v 1.023717 1.334 0.008465767 1 1 1
v 1.008967 1.3635 0.008465767 1 1 1
v 1.032358 1.334 0.02932542 1 1 1
v 1.021928 1.3635 0.03975524 1 1 1
v 1.074077 1.2 0.02932542 1 1 1
v 1.053217 1.2 0.03796577 1 1 1
v 1.053217 1.334 0.03796577 1 1 1
v 1.084507 1.3635 -0.02282371 1 1 1
v 1.074077 1.334 -0.01239388 1 1 1
v 1.053217 1.3635 0.05271577 1 1 1
v 1.053217 1.334 -0.02103423 1 1 1
v 1.053217 1.3635 -0.03578423 1 1 1
v 1.032358 1.334 -0.01239388 1 1 1
v 1.021928 1.3635 -0.02282371 1 1 1
v 1.082717 1.393 0.008465767 1 1 1
v 1.074077 1.393 0.02932542 1 1 1
v 1.032358 1.2 0.02932542 1 1 1
v 1.032358 1.2 -0.01239388 1 1 1
v 1.053217 1.2 -0.02103423 1 1 1
v 1.023717 1.2 0.008465767 1 1 1
v 1.032358 1.393 -0.01239388 1 1 1
v 1.053217 1.393 -0.02103423 1 1 1
v 1.074077 1.393 -0.01239388 1 1 1
v 1.053217 1.393 0.03796577 1 1 1
v 1.032358 1.393 0.02932542 1 1 1
v 1.023717 1.393 0.008465767 1 1 1
v 1.074077 1.2 -0.01239388 1 1 1
v 1.082717 1.2 0.008465767 1 1 1
v 0.9827175 1.334 0.008465767 1 1 1
v 0.9740772 1.334 0.02932542 1 1 1
v 0.9974675 1.3635 0.008465767 1 1 1
v 0.984507 1.3635 0.03975524 1 1 1
v 0.9237175 1.334 0.008465767 1 1 1
v 0.9089675 1.3635 0.008465767 1 1 1
v 0.9323578 1.334 0.02932542 1 1 1
v 0.921928 1.3635 0.03975524 1 1 1
v 0.9740772 1.2 0.02932542 1 1 1
v 0.9532175 1.2 0.03796577 1 1 1
v 0.9532175 1.334 0.03796577 1 1 1
v 0.984507 1.3635 -0.02282371 1 1 1
v 0.9740772 1.334 -0.01239388 1 1 1
v 0.9532175 1.3635 0.05271577 1 1 1
v 0.9532175 1.334 -0.02103423 1 1 1
v 0.9532175 1.3635 -0.03578423 1 1 1
v 0.9323578 1.334 -0.01239388 1 1 1
v 0.921928 1.3635 -0.02282371 1 1 1
v 0.9827175 1.393 0.008465767 1 1 1
v 0.9740772 1.393 0.02932542 1 1 1
v 0.9323578 1.2 0.02932542 1 1 1
v 0.9323578 1.2 -0.01239388 1 1 1
v 0.9532175 1.2 -0.02103423 1 1 1
v 0.9237175 1.2 0.008465767 1 1 1
v 0.9323578 1.393 -0.01239388 1 1 1
v 0.9532175 1.393 -0.02103423 1 1 1
v 0.9740772 1.393 -0.01239388 1 1 1
v 0.9532175 1.393 0.03796577 1 1 1
v 0.9323578 1.393 0.02932542 1 1 1
v 0.9237175 1.393 0.008465767 1 1 1
v 0.9740772 1.2 -0.01239388 1 1 1
v 0.9827175 1.2 0.008465767 1 1 1
v 0.4217939 0.5 0.6139998 1 1 1
v 0.4217939 0.53 0.6139998 1 1 1
v 0.02179383 0.5 0.6139998 1 1 1
v 0.02179383 0.53 0.6139998 1 1 1
v 0.4217939 0.5 0.2139998 1 1 1
v 0.4217939 0.53 0.2139998 1 1 1
v 0.3717939 0.58 0.5639998 1 1 1
v 0.02179384 0.58 0.5639998 1 1 1
v 0.4417939 0.53 0.6139998 1 1 1
v 0.4417939 0.53 0.2139998 1 1 1
v 0.4417939 0.58 0.6139998 1 1 1
v 0.4417939 0.58 0.2139998 1 1 1
v 0.02179383 0.53 0.6339998 1 1 1
v 0.4217939 0.53 0.6339998 1 1 1
v 0.3717939 0.58 0.2139998 1 1 1
v 0.02179383 0.58 0.6339998 1 1 1
v 0.4217939 0.58 0.6339998 1 1 1
v -0.378206 0.53 0.6139998 1 1 1
v -0.7782061 0.53 0.6139998 1 1 1
v -0.378206 0.53 0.6339998 1 1 1
v -0.7782061 0.53 0.6339998 1 1 1
v -0.7782061 0.5 0.6139998 1 1 1
v -0.378206 0.5 0.6139998 1 1 1
v -0.7782061 0.58 0.5639998 1 1 1
v -0.378206 0.58 0.5639998 1 1 1
v -0.378206 0.58 0.6339998 1 1 1
v -0.7782061 0.58 0.6339998 1 1 1
v 0.4217939 0.5 -0.1859998 1 1 1
v 0.4217939 0.53 -0.1859998 1 1 1
v 0.02179389 0.5 -0.1859999 1 1 1
v 0.02179389 0.53 -0.1859999 1 1 1
v 0.4217939 0.5 0.2140002 1 1 1
v 0.4217939 0.53 0.2140002 1 1 1
v 0.3717939 0.58 -0.1359998 1 1 1
v 0.02179387 0.58 -0.1359999 1 1 1
v 0.4417939 0.53 -0.1859998 1 1 1
v 0.4417939 0.53 0.2140002 1 1 1
v 0.4417939 0.58 -0.1859998 1 1 1
v 0.4417939 0.58 0.2140002 1 1 1
v 0.02179389 0.53 -0.2059999 1 1 1
v 0.4217939 0.53 -0.2059998 1 1 1
v 0.3717939 0.58 0.2140002 1 1 1
v 0.02179389 0.58 -0.2059999 1 1 1
v 0.4217939 0.58 -0.2059998 1 1 1
v 0.421794 1.2 -0.1859998 1 1 1
v 0.421794 1.23 -0.1859998 1 1 1
v 0.421794 1.2 0.2140002 1 1 1
v 0.421794 1.23 0.2140002 1 1 1
v 0.821794 1.2 -0.1859998 1 1 1
v 0.821794 1.23 -0.1859998 1 1 1
v 0.471794 1.28 -0.1359998 1 1 1
v 0.471794 1.28 0.2140002 1 1 1
v 0.421794 1.23 -0.2059998 1 1 1
v 0.821794 1.23 -0.2059998 1 1 1
v 0.421794 1.28 -0.2059998 1 1 1
v 0.821794 1.28 -0.2059998 1 1 1
v 0.401794 1.23 0.2140002 1 1 1
v 0.401794 1.23 -0.1859998 1 1 1
v 0.821794 1.28 -0.1359998 1 1 1
v 0.401794 1.28 0.2140002 1 1 1
v 0.401794 1.28 -0.1859998 1 1 1
v 0.02179404 0.53 0.6139998 1 1 1
v 0.02179404 0.53 0.6339998 1 1 1
v 0.02179404 0.5 0.6139998 1 1 1
v 0.02179405 0.58 0.5639998 1 1 1
v 0.02179404 0.58 0.6339998 1 1 1
v -1.178206 0.5 0.6139998 1 1 1
v -1.178206 0.53 0.6139998 1 1 1
v -0.778206 0.5 0.6139998 1 1 1
v -0.778206 0.53 0.6139998 1 1 1
v -1.178206 0.5 0.2139998 1 1 1
v -1.178206 0.53 0.2139998 1 1 1
v -1.128206 0.58 0.5639998 1 1 1
v -0.778206 0.58 0.5639998 1 1 1
v -1.198206 0.53 0.6139998 1 1 1
v -1.198206 0.53 0.2139998 1 1 1
v -1.198206 0.58 0.6139998 1 1 1
v -1.198206 0.58 0.2139998 1 1 1
v -0.778206 0.53 0.6339998 1 1 1
v -1.178206 0.53 0.6339998 1 1 1
v -1.128206 0.58 0.2139998 1 1 1
v -0.778206 0.58 0.6339998 1 1 1
v -1.178206 0.58 0.6339998 1 1 1
v -0.7782061 0.53 -0.1859999 1 1 1
v -0.378206 0.53 -0.1859998 1 1 1
v -0.7782061 0.53 -0.2059999 1 1 1
v -0.378206 0.53 -0.2059998 1 1 1
v -0.378206 0.5 -0.1859998 1 1 1
v -0.7782061 0.5 -0.1859999 1 1 1
v -0.378206 0.58 -0.1359998 1 1 1
v -0.7782061 0.58 -0.1359999 1 1 1
v -0.7782061 0.58 -0.2059999 1 1 1
v -0.378206 0.58 -0.2059998 1 1 1
v -1.178206 0.5 -0.1859998 1 1 1
v -1.178206 0.53 -0.1859998 1 1 1
v -1.178206 0.5 0.2140002 1 1 1
v -1.178206 0.53 0.2140002 1 1 1
v -0.7782061 0.5 -0.1859998 1 1 1
v -0.7782061 0.53 -0.1859998 1 1 1
v -1.128206 0.58 -0.1359998 1 1 1
v -1.128206 0.58 0.2140002 1 1 1
v -1.178206 0.53 -0.2059998 1 1 1
v -0.7782061 0.53 -0.2059998 1 1 1
v -1.178206 0.58 -0.2059998 1 1 1
v -0.7782061 0.58 -0.2059998 1 1 1
v -1.198206 0.53 0.2140002 1 1 1
v -1.198206 0.53 -0.1859998 1 1 1
v -0.7782061 0.58 -0.1359998 1 1 1
v -1.198206 0.58 0.2140002 1 1 1
v -1.198206 0.58 -0.1859998 1 1 1
v 0.4217939 0.5 -0.1860001 1 1 1
v 0.4217939 0.4 -0.1860001 1 1 1
v 0.4217939 0.5 0.2139999 1 1 1
v 0.4217939 0.4 0.2139999 1 1 1
v 0.02179389 0.4 -0.1860001 1 1 1
v 0.02179389 0.5 -0.1860001 1 1 1
v -0.378206 0.4 -0.1859999 1 1 1
v 0.02179404 0.4 -0.1859999 1 1 1
v 0.02179404 0.5 -0.1859999 1 1 1
v -0.3782061 0.4 -0.1859999 1 1 1
v -0.7782061 0.4 -0.1859999 1 1 1
v -0.3782061 0.5 -0.1859999 1 1 1
v -1.178206 0.5 -0.1860001 1 1 1
v -1.178206 0.4 -0.1860001 1 1 1
v -1.178206 0.5 0.2139999 1 1 1
v -1.178206 0.4 0.2139999 1 1 1
v -0.7782062 0.4 -0.1860001 1 1 1
v -0.7782062 0.5 -0.1860001 1 1 1
v -0.378206 0.4 0.6139998 1 1 1
v 0.02179404 0.4 0.6139998 1 1 1
v -0.378206 0.5 0.6139998 1 1 1
v 0.4217939 0.5 0.614 1 1 1
v 0.4217939 0.4 0.614 1 1 1
v 0.4217939 0.5 0.214 1 1 1
v 0.4217939 0.4 0.214 1 1 1
v 0.02179389 0.4 0.614 1 1 1
v 0.02179389 0.5 0.614 1 1 1
v -1.178206 0.5 0.6140001 1 1 1
v -1.178206 0.4 0.6140001 1 1 1
v -0.7782061 0.5 0.614 1 1 1
v -0.7782061 0.4 0.614 1 1 1
v -1.178206 0.4 0.214 1 1 1
v -1.178206 0.5 0.214 1 1 1
v -0.7782061 0.4 0.6139998 1 1 1
v -0.3782061 0.4 0.6139998 1 1 1
v -0.3782061 0.5 0.6139998 1 1 1
v -1.198206 1.862438E-16 0.4839995 1 1 1
v -1.198206 0.27 0.4839995 1 1 1
v -1.198206 0.27 0.3439994 1 1 1
v -1.198206 1.862438E-16 0.3439994 1 1 1
v -1.178206 0.05 0.6339995 1 1 1
v -1.178206 5.639933E-18 0.6339995 1 1 1
v -0.7782059 0.05 0.6339995 1 1 1
v -0.7782059 1.629254E-17 0.6339995 1 1 1
v -1.198206 0.05 0.3139994 1 1 1
v -1.178206 0.05 0.3139994 1 1 1
v -1.198206 0.05 0.2139994 1 1 1
v -1.178206 0.05 0.2139994 1 1 1
v -1.198206 0.28 0.3139994 1 1 1
v -1.178206 0.28 0.3139994 1 1 1
v -1.198206 5.76592E-18 0.2139994 1 1 1
v -1.198206 0.28 0.5139995 1 1 1
v -1.198206 0.3 0.3339995 1 1 1
v -1.198206 0.3 0.4939995 1 1 1
v -1.198206 0.05 0.5139995 1 1 1
v -1.198206 0.05 0.6139995 1 1 1
v -1.198206 3.011101E-17 0.6139995 1 1 1
v -0.7782059 0.05 0.6139995 1 1 1
v -1.178206 0.05 0.6139995 1 1 1
v -1.178206 0.05 0.5139995 1 1 1
v -1.178206 0.3 0.4939995 1 1 1
v -1.178206 0.3 0.3339995 1 1 1
v -1.178206 0.28 0.5139995 1 1 1
v -0.778206 1.629254E-17 0.2139993 1 1 1
v -1.158206 0.03 0.4539995 1 1 1
v -1.158206 0.03 0.3739994 1 1 1
v -1.158206 0.24 0.3739994 1 1 1
v -1.158206 0.24 0.4539995 1 1 1
v -1.178206 0.1142649 0.3739998 1 1 1
v -1.189206 0.1142649 0.3739998 1 1 1
v -1.178206 0.1142649 0.3547297 1 1 1
v -1.189206 0.1142649 0.3547297 1 1 1
v -1.189206 0.1557351 0.3739998 1 1 1
v -1.178206 0.1557351 0.3739998 1 1 1
v -1.189206 0.1557351 0.3547297 1 1 1
v -1.178206 0.1557351 0.3547297 1 1 1
v -1.189206 0.1332044 0.3613158 1 1 1
v -1.189206 0.1463153 0.3613158 1 1 1
v -1.189206 0.1332044 0.3922293 1 1 1
v -1.189206 0.1463153 0.3922293 1 1 1
v -1.200206 0.1332044 0.3613158 1 1 1
v -1.200206 0.1332044 0.3922293 1 1 1
v -1.200206 0.1463153 0.3613158 1 1 1
v -1.200206 0.1463153 0.3922293 1 1 1
v -0.166206 0.5162359 0.2140002 1 1 1
v -0.166206 0.5722991 0.07865152 1 1 1
v -0.1662059 0.5722991 0.3493489 1 1 1
v -0.166206 0.7076478 0.02258824 1 1 1
v -0.1662059 0.7076478 0.4054122 1 1 1
v -0.166206 0.8429965 0.07865152 1 1 1
v -0.1662059 0.8429965 0.3493489 1 1 1
v -0.166206 0.8990598 0.2140002 1 1 1
v -0.181206 0.5 0.2140002 1 1 1
v -0.1812059 0.5608187 0.3608294 1 1 1
v -0.1812059 0.7076478 0.4216481 1 1 1
v -0.1812059 0.854477 0.3608294 1 1 1
v -0.181206 0.9152957 0.2140002 1 1 1
v -0.181206 0.5608187 0.06717101 1 1 1
v -0.181206 0.7076478 0.006352365 1 1 1
v -0.181206 0.854477 0.06717101 1 1 1
v -0.2412059 0.5608187 0.3608294 1 1 1
v -0.241206 0.5 0.2140002 1 1 1
v -0.241206 0.9152957 0.2140002 1 1 1
v -0.241206 0.854477 0.06717101 1 1 1
v -0.2412059 0.7076478 0.4216481 1 1 1
v -0.2412059 0.854477 0.3608294 1 1 1
v -0.241206 0.7076478 0.006352365 1 1 1
v -0.241206 0.5608187 0.06717101 1 1 1
v -0.256206 0.5162359 0.2140002 1 1 1
v -0.2562059 0.5722991 0.3493489 1 1 1
v -0.256206 0.5722991 0.07865152 1 1 1
v -0.256206 0.7076478 0.02258824 1 1 1
v -0.2562059 0.7076478 0.4054122 1 1 1
v -0.256206 0.8429965 0.07865152 1 1 1
v -0.2562059 0.8429965 0.3493489 1 1 1
v -0.256206 0.8990598 0.2140002 1 1 1
v -0.3462059 0.8026478 0.2140002 1 1 1
v -0.3462059 0.774823 0.2811754 1 1 1
v -0.336206 0.8076478 0.2140002 1 1 1
v -0.336206 0.7783585 0.2847109 1 1 1
v -0.336206 0.6369371 0.2847109 1 1 1
v -0.336206 0.7076478 0.3140002 1 1 1
v -0.3462059 0.6404727 0.2811754 1 1 1
v -0.3462059 0.7076478 0.3090002 1 1 1
v -0.3462059 0.6404727 0.1468251 1 1 1
v -0.336206 0.6369371 0.1432895 1 1 1
v -0.3462059 0.6126478 0.2140002 1 1 1
v -0.336206 0.6076478 0.2140002 1 1 1
v -0.3462059 0.774823 0.1468251 1 1 1
v -0.336206 0.7783585 0.1432895 1 1 1
v -0.3462059 0.7076478 0.1190002 1 1 1
v -0.336206 0.7076478 0.1140002 1 1 1
v -0.3562059 0.7076478 0.1359232 1 1 1
v -0.3562059 0.6524391 0.1587914 1 1 1
v -0.3562059 0.7628566 0.1587914 1 1 1
v -0.3562059 0.6295708 0.2140002 1 1 1
v -0.3562059 0.7857249 0.2140002 1 1 1
v -0.3562059 0.6524391 0.269209 1 1 1
v -0.3562059 0.7628566 0.269209 1 1 1
v -0.3562059 0.7076478 0.2920772 1 1 1
v 0.241794 0.5162359 0.2140002 1 1 1
v 0.241794 0.5722991 0.07865152 1 1 1
v 0.241794 0.5722991 0.3493489 1 1 1
v 0.241794 0.7076478 0.02258824 1 1 1
v 0.241794 0.7076478 0.4054122 1 1 1
v 0.241794 0.8429965 0.07865152 1 1 1
v 0.241794 0.8429965 0.3493489 1 1 1
v 0.241794 0.8990598 0.2140002 1 1 1
v 0.226794 0.5 0.2140002 1 1 1
v 0.2267941 0.5608187 0.3608294 1 1 1
v 0.2267941 0.7076478 0.4216481 1 1 1
v 0.2267941 0.854477 0.3608294 1 1 1
v 0.226794 0.9152957 0.2140002 1 1 1
v 0.226794 0.5608187 0.06717101 1 1 1
v 0.226794 0.7076478 0.006352365 1 1 1
v 0.226794 0.854477 0.06717101 1 1 1
v 0.166794 0.5608187 0.3608294 1 1 1
v 0.166794 0.5 0.2140002 1 1 1
v 0.166794 0.9152957 0.2140002 1 1 1
v 0.166794 0.854477 0.06717101 1 1 1
v 0.1667941 0.7076478 0.4216481 1 1 1
v 0.166794 0.854477 0.3608294 1 1 1
v 0.166794 0.7076478 0.006352365 1 1 1
v 0.166794 0.5608187 0.06717101 1 1 1
v 0.151794 0.5162359 0.2140002 1 1 1
v 0.151794 0.5722991 0.3493489 1 1 1
v 0.151794 0.5722991 0.07865152 1 1 1
v 0.151794 0.7076478 0.02258824 1 1 1
v 0.151794 0.7076478 0.4054122 1 1 1
v 0.151794 0.8429965 0.07865152 1 1 1
v 0.151794 0.8429965 0.3493489 1 1 1
v 0.151794 0.8990598 0.2140002 1 1 1
v -0.198706 0.5201479 0.006352425 1 1 1
v -0.198706 0.5201479 -0.04364759 1 1 1
v -0.223706 0.5201479 0.006352425 1 1 1
v -0.223706 0.5201479 -0.04364759 1 1 1
v -0.223706 0.7076479 0.006352425 1 1 1
v -0.198706 0.7076479 0.006352425 1 1 1
v -0.198706 0.7076479 0.05635242 1 1 1
v -0.223706 0.7076479 0.05635242 1 1 1
v -0.223706 0.5201479 0.421648 1 1 1
v -0.223706 0.5201479 0.471648 1 1 1
v -0.198706 0.5201479 0.421648 1 1 1
v -0.198706 0.5201479 0.471648 1 1 1
v -0.198706 0.7076479 0.421648 1 1 1
v -0.223706 0.7076479 0.421648 1 1 1
v -0.223706 0.7076479 0.371648 1 1 1
v -0.198706 0.7076479 0.371648 1 1 1
v 0.184294 0.5201479 0.421648 1 1 1
v 0.184294 0.5201479 0.471648 1 1 1
v 0.209294 0.5201479 0.421648 1 1 1
v 0.209294 0.5201479 0.471648 1 1 1
v 0.209294 0.7076479 0.421648 1 1 1
v 0.184294 0.7076479 0.421648 1 1 1
v 0.184294 0.7076479 0.371648 1 1 1
v 0.209294 0.7076479 0.371648 1 1 1
v 0.209294 0.5201479 0.006352425 1 1 1
v 0.209294 0.5201479 -0.04364759 1 1 1
v 0.184294 0.5201479 0.006352425 1 1 1
v 0.184294 0.5201479 -0.04364759 1 1 1
v 0.184294 0.7076479 0.006352425 1 1 1
v 0.209294 0.7076479 0.006352425 1 1 1
v 0.209294 0.7076479 0.05635242 1 1 1
v 0.184294 0.7076479 0.05635242 1 1 1
v -0.5062061 0.6701479 0.1764999 1 1 1
v -0.506206 0.6701479 0.2515 1 1 1
v -0.4874561 0.7263979 0.1764999 1 1 1
v -0.4874561 0.7263979 0.2515 1 1 1
v -0.356206 0.6701479 0.2514999 1 1 1
v -0.431206 0.6701479 0.2515 1 1 1
v -0.356206 0.6701479 0.1764999 1 1 1
v -0.431206 0.6701479 0.1764999 1 1 1
v -0.356206 0.7451478 0.2514999 1 1 1
v -0.356206 0.7451478 0.1764999 1 1 1
v -0.431206 0.7451478 0.2515 1 1 1
v -0.431206 0.7451478 0.1764999 1 1 1
v -0.431206 0.5701479 0.2515 1 1 1
v -0.431206 0.5701479 0.1764999 1 1 1
v -0.5062061 0.5701479 0.2514999 1 1 1
v -0.5062061 0.5701479 0.1764999 1 1 1
v -0.4312062 0.5701479 0.2714999 1 1 1
v -0.4112062 0.5701479 0.2514999 1 1 1
v -0.5062063 0.5701479 0.2714999 1 1 1
v -0.5262063 0.5701479 0.2514999 1 1 1
v -0.4112062 0.5701479 0.1764999 1 1 1
v -0.5262063 0.5701479 0.1764999 1 1 1
v -0.5062063 0.5701479 0.1564999 1 1 1
v -0.4312062 0.5701479 0.1564999 1 1 1
v -0.4312062 0.5201479 0.1564999 1 1 1
v -0.4112062 0.5201479 0.1764999 1 1 1
v -0.5062062 0.5201479 0.2715 1 1 1
v -0.4312062 0.5201479 0.2714999 1 1 1
v -0.5262063 0.5201479 0.1764999 1 1 1
v -0.5262063 0.5201479 0.2515 1 1 1
v -0.4112062 0.5201479 0.2514999 1 1 1
v -0.5062062 0.5201479 0.1564999 1 1 1
v 1.171794 1.08 -0.2059998 1 1 1
v 1.171794 0.92 -0.2059998 1 1 1
v 1.151794 0.9 -0.2059998 1 1 1
v 1.141794 0.93 -0.2059998 1 1 1
v 1.141794 1.07 -0.2059998 1 1 1
v 1.141794 0.93 -0.1859998 1 1 1
v 1.141794 1.07 -0.1859998 1 1 1
v 1.151794 1.1 -0.2059998 1 1 1
v 0.471794 1.08 -0.2059998 1 1 1
v 0.491794 1.1 -0.2059998 1 1 1
v 0.501794 1.07 -0.2059998 1 1 1
v 0.501794 0.93 -0.2059998 1 1 1
v 0.501794 1.07 -0.1859998 1 1 1
v 0.501794 0.93 -0.1859998 1 1 1
v 0.491794 0.9 -0.2059998 1 1 1
v 0.471794 0.92 -0.2059998 1 1 1
v 0.401794 0.8 -0.1859998 1 1 1
v 0.401794 0.85 -0.1859998 1 1 1
v 0.401794 0.8 0.2140002 1 1 1
v 0.401794 0.85 0.2140002 1 1 1
v 1.241794 0.85 -0.1859998 1 1 1
v 1.241794 0.8 -0.1859998 1 1 1
v 1.241794 0.85 0.2140002 1 1 1
v 1.241794 0.8 0.2140002 1 1 1
v 0.421794 0.8 -0.2059998 1 1 1
v 1.221794 0.8 -0.2059998 1 1 1
v 0.421794 0.85 -0.2059998 1 1 1
v 1.221794 0.85 -0.2059998 1 1 1
v 0.421794 0.8 0.2140002 1 1 1
v 0.421794 0.8 -0.1859998 1 1 1
v 1.221794 0.8 -0.1859998 1 1 1
v 1.221794 0.8 0.2140002 1 1 1
v 1.121794 0.95 -0.1860001 1 1 1
v 1.121794 1.05 -0.1860001 1 1 1
v 1.121794 0.95 -0.1660001 1 1 1
v 1.121794 1.05 -0.1660001 1 1 1
v 1.031794 0.95 -0.1860001 1 1 1
v 0.521794 0.95 -0.1660001 1 1 1
v 1.011794 0.95 -0.1860001 1 1 1
v 0.831794 0.95 -0.1860001 1 1 1
v 0.811794 0.95 -0.1860001 1 1 1
v 0.631794 0.95 -0.1860001 1 1 1
v 0.6117941 0.95 -0.1860001 1 1 1
v 0.521794 0.95 -0.1860001 1 1 1
v 0.521794 1.05 -0.1860001 1 1 1
v 0.521794 1.05 -0.1660001 1 1 1
v 1.031794 1.05 -0.1860001 1 1 1
v 1.011794 1.05 -0.1860001 1 1 1
v 0.831794 1.05 -0.1860001 1 1 1
v 0.811794 1.05 -0.1860001 1 1 1
v 0.631794 1.05 -0.1860001 1 1 1
v 0.6117941 1.05 -0.1860001 1 1 1
v 0.501794 1.07 -0.1860001 1 1 1
v 0.501794 0.93 -0.1860001 1 1 1
v 1.141794 0.93 -0.1860001 1 1 1
v 1.141794 1.07 -0.1860001 1 1 1
v -1.228934 0.06399998 -0.1447279 1 1 1
v -1.216206 0.06399998 -0.15 1 1 1
v -1.228934 0.464 -0.1447279 1 1 1
v -1.216206 0.464 -0.15 1 1 1
v -1.198206 0.464 -0.132 1 1 1
v -1.198206 0.06399998 -0.132 1 1 1
v -1.203478 0.464 -0.119272 1 1 1
v -1.203478 0.06399998 -0.119272 1 1 1
v -1.203478 0.06399998 -0.1447279 1 1 1
v -1.203478 0.464 -0.1447279 1 1 1
v -1.216206 0.06399998 -0.114 1 1 1
v -1.216206 0.464 -0.114 1 1 1
v -1.228934 0.06399998 -0.119272 1 1 1
v -1.228934 0.464 -0.119272 1 1 1
v -1.234206 0.06399998 -0.132 1 1 1
v -1.234206 0.464 -0.132 1 1 1
v -1.178206 0.464 -0.114 1 1 1
v -1.178206 0.464 -0.15 1 1 1
v -1.234206 0.464 -0.114 1 1 1
v -1.234206 0.464 -0.15 1 1 1
v -1.178206 0.5 -0.15 1 1 1
v -1.178206 0.5 -0.114 1 1 1
v -1.224206 0.5 -0.15 1 1 1
v -1.224206 0.5 -0.114 1 1 1
v -1.234206 0.49 -0.114 1 1 1
v -1.234206 0.49 -0.15 1 1 1
v -1.234299 0.1247845 -0.1500933 1 1 1
v -1.234299 0.1532155 -0.1500933 1 1 1
v -1.241794 0.1247845 -0.132 1 1 1
v -1.241794 0.1532155 -0.132 1 1 1
v -1.216206 0.1247845 -0.1575879 1 1 1
v -1.216206 0.1532155 -0.1575879 1 1 1
v -1.190618 0.1532155 -0.132 1 1 1
v -1.190618 0.1247845 -0.132 1 1 1
v -1.198113 0.1532155 -0.1139066 1 1 1
v -1.198113 0.1247845 -0.1139066 1 1 1
v -1.198113 0.1532155 -0.1500933 1 1 1
v -1.198113 0.1247845 -0.1500933 1 1 1
v -1.234299 0.1247845 -0.1139066 1 1 1
v -1.234299 0.1532155 -0.1139066 1 1 1
v -1.216206 0.1247845 -0.1064121 1 1 1
v -1.216206 0.1532155 -0.1064121 1 1 1
v -1.234299 0.378707 -0.1500933 1 1 1
v -1.234299 0.407138 -0.1500933 1 1 1
v -1.241794 0.378707 -0.132 1 1 1
v -1.241794 0.407138 -0.132 1 1 1
v -1.216206 0.378707 -0.1575879 1 1 1
v -1.216206 0.407138 -0.1575879 1 1 1
v -1.190618 0.407138 -0.132 1 1 1
v -1.190618 0.378707 -0.132 1 1 1
v -1.198113 0.407138 -0.1139066 1 1 1
v -1.198113 0.378707 -0.1139066 1 1 1
v -1.198113 0.407138 -0.1500933 1 1 1
v -1.198113 0.378707 -0.1500933 1 1 1
v -1.234299 0.378707 -0.1139066 1 1 1
v -1.234299 0.407138 -0.1139066 1 1 1
v -1.216206 0.378707 -0.1064121 1 1 1
v -1.216206 0.407138 -0.1064121 1 1 1
v -0.147478 0.06399998 -0.2367279 1 1 1
v -0.1422059 0.06399998 -0.224 1 1 1
v -0.147478 0.464 -0.2367279 1 1 1
v -0.1422059 0.464 -0.224 1 1 1
v -0.1602059 0.464 -0.206 1 1 1
v -0.1602059 0.06399998 -0.206 1 1 1
v -0.1729338 0.464 -0.211272 1 1 1
v -0.1729338 0.06399998 -0.211272 1 1 1
v -0.147478 0.06399998 -0.211272 1 1 1
v -0.147478 0.464 -0.211272 1 1 1
v -0.1782059 0.06399998 -0.224 1 1 1
v -0.1782059 0.464 -0.224 1 1 1
v -0.1729338 0.06399998 -0.2367279 1 1 1
v -0.1729338 0.464 -0.2367279 1 1 1
v -0.1602059 0.06399998 -0.242 1 1 1
v -0.1602059 0.464 -0.242 1 1 1
v -0.1782059 0.464 -0.186 1 1 1
v -0.1422059 0.464 -0.186 1 1 1
v -0.1782059 0.464 -0.242 1 1 1
v -0.1422059 0.464 -0.242 1 1 1
v -0.1422059 0.5 -0.186 1 1 1
v -0.1782059 0.5 -0.186 1 1 1
v -0.1422059 0.5 -0.232 1 1 1
v -0.1782059 0.5 -0.232 1 1 1
v -0.1782059 0.49 -0.242 1 1 1
v -0.1422059 0.49 -0.242 1 1 1
v -0.1421125 0.1247845 -0.2420934 1 1 1
v -0.1421125 0.1532155 -0.2420934 1 1 1
v -0.1602059 0.1247845 -0.2495879 1 1 1
v -0.1602059 0.1532155 -0.2495879 1 1 1
v -0.134618 0.1247845 -0.224 1 1 1
v -0.134618 0.1532155 -0.224 1 1 1
v -0.1602059 0.1532155 -0.1984121 1 1 1
v -0.1602059 0.1247845 -0.1984121 1 1 1
v -0.1782993 0.1532155 -0.2059066 1 1 1
v -0.1782993 0.1247845 -0.2059066 1 1 1
v -0.1421125 0.1532155 -0.2059066 1 1 1
v -0.1421125 0.1247845 -0.2059066 1 1 1
v -0.1782993 0.1247845 -0.2420934 1 1 1
v -0.1782993 0.1532155 -0.2420934 1 1 1
v -0.1857938 0.1247845 -0.224 1 1 1
v -0.1857938 0.1532155 -0.224 1 1 1
v -0.1421125 0.378707 -0.2420934 1 1 1
v -0.1421125 0.407138 -0.2420934 1 1 1
v -0.1602059 0.378707 -0.2495879 1 1 1
v -0.1602059 0.407138 -0.2495879 1 1 1
v -0.134618 0.378707 -0.224 1 1 1
v -0.134618 0.407138 -0.224 1 1 1
v -0.1602059 0.407138 -0.1984121 1 1 1
v -0.1602059 0.378707 -0.1984121 1 1 1
v -0.1782993 0.407138 -0.2059066 1 1 1
v -0.1782993 0.378707 -0.2059066 1 1 1
v -0.1421125 0.407138 -0.2059066 1 1 1
v -0.1421125 0.378707 -0.2059066 1 1 1
v -0.1782993 0.378707 -0.2420934 1 1 1
v -0.1782993 0.407138 -0.2420934 1 1 1
v -0.1857938 0.378707 -0.224 1 1 1
v -0.1857938 0.407138 -0.224 1 1 1
v 0.3710659 0.6300001 -0.1447279 1 1 1
v 0.3837938 0.6300001 -0.15 1 1 1
v 0.3710659 1.164 -0.1447279 1 1 1
v 0.3837938 1.164 -0.15 1 1 1
v 0.4017938 1.164 -0.132 1 1 1
v 0.4017938 0.6300001 -0.132 1 1 1
v 0.3965217 1.164 -0.119272 1 1 1
v 0.3965217 0.6300001 -0.119272 1 1 1
v 0.3965217 0.6300001 -0.1447279 1 1 1
v 0.3965217 1.164 -0.1447279 1 1 1
v 0.3837938 0.6300001 -0.114 1 1 1
v 0.3837938 1.164 -0.114 1 1 1
v 0.3710659 0.6300001 -0.119272 1 1 1
v 0.3710659 1.164 -0.119272 1 1 1
v 0.3657938 0.6300001 -0.132 1 1 1
v 0.3657938 1.164 -0.132 1 1 1
v 0.4217938 1.164 -0.114 1 1 1
v 0.4217938 1.164 -0.15 1 1 1
v 0.3657938 1.164 -0.114 1 1 1
v 0.3657938 1.164 -0.15 1 1 1
v 0.4217938 1.2 -0.15 1 1 1
v 0.4217938 1.2 -0.114 1 1 1
v 0.3757938 1.2 -0.15 1 1 1
v 0.3757938 1.2 -0.114 1 1 1
v 0.3657938 1.19 -0.114 1 1 1
v 0.3657938 1.19 -0.15 1 1 1
v 0.3657005 1.078707 -0.1500933 1 1 1
v 0.3657005 1.107138 -0.1500933 1 1 1
v 0.3582059 1.078707 -0.132 1 1 1
v 0.3582059 1.107138 -0.132 1 1 1
v 0.3837938 1.078707 -0.1575879 1 1 1
v 0.3837938 1.107138 -0.1575879 1 1 1
v 0.4093817 1.107138 -0.132 1 1 1
v 0.4093817 1.078707 -0.132 1 1 1
v 0.4018872 1.107138 -0.1139066 1 1 1
v 0.4018872 1.078707 -0.1139066 1 1 1
v 0.4018872 1.107138 -0.1500933 1 1 1
v 0.4018872 1.078707 -0.1500933 1 1 1
v 0.3657005 1.078707 -0.1139066 1 1 1
v 0.3657005 1.107138 -0.1139066 1 1 1
v 0.3837938 1.078707 -0.1064121 1 1 1
v 0.3837938 1.107138 -0.1064121 1 1 1
v 0.3657005 0.8032155 -0.1500933 1 1 1
v 0.3657005 0.8316465 -0.1500933 1 1 1
v 0.3582059 0.8032155 -0.132 1 1 1
v 0.3582059 0.8316465 -0.132 1 1 1
v 0.3837938 0.8032155 -0.1575879 1 1 1
v 0.3837938 0.8316465 -0.1575879 1 1 1
v 0.4093817 0.8316465 -0.132 1 1 1
v 0.4093817 0.8032155 -0.132 1 1 1
v 0.4018872 0.8316465 -0.1139066 1 1 1
v 0.4018872 0.8032155 -0.1139066 1 1 1
v 0.4018872 0.8316465 -0.1500933 1 1 1
v 0.4018872 0.8032155 -0.1500933 1 1 1
v 0.3657005 0.8032155 -0.1139066 1 1 1
v 0.3657005 0.8316465 -0.1139066 1 1 1
v 0.3837938 0.8032155 -0.1064121 1 1 1
v 0.3837938 0.8316465 -0.1064121 1 1 1
v -1.048206 1.862438E-16 -0.2060002 1 1 1
v -1.048206 0.27 -0.2060002 1 1 1
v -0.908206 0.27 -0.2060002 1 1 1
v -0.908206 1.862438E-16 -0.2060002 1 1 1
v -1.198206 0.05 -0.1860002 1 1 1
v -1.198206 5.639933E-18 -0.1860002 1 1 1
v -1.198206 0.05 0.2139998 1 1 1
v -1.198206 1.629254E-17 0.2139998 1 1 1
v -0.878206 0.05 -0.2060002 1 1 1
v -0.878206 0.05 -0.1860002 1 1 1
v -0.7782061 0.05 -0.2060002 1 1 1
v -0.7782061 0.05 -0.1860002 1 1 1
v -0.878206 0.28 -0.2060002 1 1 1
v -0.878206 0.28 -0.1860002 1 1 1
v -0.7782061 5.76592E-18 -0.2060002 1 1 1
v -1.078206 0.28 -0.2060002 1 1 1
v -0.8982061 0.3 -0.2060002 1 1 1
v -1.058206 0.3 -0.2060002 1 1 1
v -1.078206 0.05 -0.2060002 1 1 1
v -1.178206 0.05 -0.2060002 1 1 1
v -1.178206 3.011101E-17 -0.2060002 1 1 1
v -1.178206 0.05 0.2139998 1 1 1
v -1.178206 0.05 -0.1860002 1 1 1
v -1.078206 0.05 -0.1860002 1 1 1
v -1.058206 0.3 -0.1860002 1 1 1
v -0.8982061 0.3 -0.1860002 1 1 1
v -1.078206 0.28 -0.1860002 1 1 1
v -0.7782061 1.629254E-17 0.2139998 1 1 1
v -1.018206 0.03 -0.1660002 1 1 1
v -0.938206 0.03 -0.1660002 1 1 1
v -0.938206 0.24 -0.1660002 1 1 1
v -1.018206 0.24 -0.1660002 1 1 1
v -0.938206 0.1142649 -0.1860002 1 1 1
v -0.938206 0.1142649 -0.1970002 1 1 1
v -0.918936 0.1142649 -0.1860002 1 1 1
v -0.918936 0.1142649 -0.1970002 1 1 1
v -0.938206 0.1557351 -0.1970002 1 1 1
v -0.938206 0.1557351 -0.1860002 1 1 1
v -0.918936 0.1557351 -0.1970002 1 1 1
v -0.918936 0.1557351 -0.1860002 1 1 1
v -0.925522 0.1332044 -0.1969999 1 1 1
v -0.925522 0.1463153 -0.1969999 1 1 1
v -0.9564355 0.1332044 -0.1969999 1 1 1
v -0.9564355 0.1463153 -0.1969999 1 1 1
v -0.925522 0.1332044 -0.2079999 1 1 1
v -0.9564355 0.1332044 -0.2079999 1 1 1
v -0.925522 0.1463153 -0.2079999 1 1 1
v -0.9564355 0.1463153 -0.2079999 1 1 1
v -0.4782061 0.05 0.6340002 1 1 1
v -0.4782061 0.28 0.6340002 1 1 1
v -0.4782061 0.05 0.6140002 1 1 1
v -0.4782061 0.28 0.6140002 1 1 1
v -0.3782061 0.05 0.6140002 1 1 1
v -0.3782061 0.05 0.6340002 1 1 1
v -0.7782061 0.05 0.6140002 1 1 1
v -0.6782061 0.05 0.6140002 1 1 1
v -0.7782061 0.05 0.6340002 1 1 1
v -0.6782061 0.05 0.6340002 1 1 1
v -0.7782061 4.878542E-17 0.2140002 1 1 1
v -0.7782061 4.511946E-17 0.6340002 1 1 1
v -0.3782061 4.878542E-17 0.2140002 1 1 1
v -0.6482061 2.292633E-16 0.6340002 1 1 1
v -0.5082061 2.292633E-16 0.6340002 1 1 1
v -0.3782061 4.878542E-17 0.6340002 1 1 1
v -0.658206 0.3 0.6140002 1 1 1
v -0.4982061 0.3 0.6140002 1 1 1
v -0.658206 0.3 0.6340002 1 1 1
v -0.4982061 0.3 0.6340002 1 1 1
v -0.6782061 0.28 0.6340002 1 1 1
v -0.6782061 0.28 0.6140002 1 1 1
v -0.5082061 0.27 0.6340002 1 1 1
v -0.6482061 0.27 0.6340002 1 1 1
v -0.5449944 0.09534679 0.6140001 1 1 1
v -0.5449944 0.09534679 0.6250002 1 1 1
v -0.5257244 0.09534679 0.6140001 1 1 1
v -0.5257244 0.09534679 0.6250002 1 1 1
v -0.5449944 0.136817 0.6250002 1 1 1
v -0.5449944 0.136817 0.6140001 1 1 1
v -0.5257244 0.136817 0.6250002 1 1 1
v -0.5257244 0.136817 0.6140001 1 1 1
v -0.5323102 0.1142863 0.6249998 1 1 1
v -0.5323102 0.1273973 0.6249998 1 1 1
v -0.5632237 0.1142863 0.6249998 1 1 1
v -0.5632237 0.1273973 0.6249998 1 1 1
v -0.5323102 0.1142863 0.6359999 1 1 1
v -0.5632237 0.1142863 0.6359999 1 1 1
v -0.5323102 0.1273973 0.6359999 1 1 1
v -0.5632237 0.1273973 0.6359999 1 1 1
v 0.191794 1.861178E-16 -0.6059999 1 1 1
v 0.191794 0.27 -0.6059999 1 1 1
v 0.191794 1.861178E-16 -0.5859999 1 1 1
v 0.191794 0.27 -0.5859999 1 1 1
v 0.651794 0.27 -0.6059999 1 1 1
v 0.651794 1.861178E-16 -0.6059999 1 1 1
v 0.651794 0.27 -0.5859999 1 1 1
v 0.651794 1.861178E-16 -0.5859999 1 1 1
v 0.681794 0.05 -0.6059999 1 1 1
v 0.681794 0.05 -0.5859999 1 1 1
v 0.821794 0.05 -0.6059999 1 1 1
v 0.821794 0.05 -0.5859999 1 1 1
v 0.821794 0.05 -0.1859999 1 1 1
v 0.841794 0.05 -0.1859999 1 1 1
v 0.841794 0.05 -0.5859999 1 1 1
v 0.681794 0.28 -0.6059999 1 1 1
v 0.681794 0.28 -0.5859999 1 1 1
v 0.841794 5.639933E-18 -0.5859999 1 1 1
v 0.841794 5.639933E-18 -0.1859999 1 1 1
v 0.821794 4.543279E-17 -0.6059999 1 1 1
v 0.161794 0.28 -0.6059999 1 1 1
v 0.161794 0.05 -0.6059999 1 1 1
v 0.161794 0.28 -0.5859999 1 1 1
v 0.161794 0.05 -0.5859999 1 1 1
v 0.181794 0.3 -0.6059999 1 1 1
v 0.181794 0.3 -0.5859999 1 1 1
v 0.6617939 0.3 -0.6059999 1 1 1
v 0.6617939 0.3 -0.5859999 1 1 1
v 0.02179396 0.05 -0.6059999 1 1 1
v 0.02179396 2.500865E-17 -0.6059999 1 1 1
v 0.001793981 0.05 -0.5859999 1 1 1
v 0.001793981 5.639933E-18 -0.5859999 1 1 1
v 0.001793981 0.05 -0.1859999 1 1 1
v 0.001793981 5.639933E-18 -0.1859999 1 1 1
v 0.02179396 0.05 -0.5859999 1 1 1
v 0.02179396 0.05 -0.1859999 1 1 1
v 0.4437425 0.03688905 -0.5859998 1 1 1
v 0.4437425 0.05 -0.5859998 1 1 1
v 0.3998453 0.03688905 -0.5859998 1 1 1
v 0.3998453 0.05 -0.5859998 1 1 1
v 0.4437425 0.03688905 -0.5969998 1 1 1
v 0.3998453 0.03688905 -0.5969998 1 1 1
v 0.4437425 0.05 -0.5969998 1 1 1
v 0.3998453 0.05 -0.5969998 1 1 1
v 0.4217941 0.4 -0.5860003 1 1 1
v 0.02179404 0.4 -0.5860003 1 1 1
v 0.4217938 0.4 -0.5860003 1 1 1
v 0.8217939 0.4 -0.5860003 1 1 1
v -0.7782061 0.4 -0.1860001 1 1 1
v -0.3782061 0.4 -0.1860001 1 1 1
v -0.378206 0.4 -0.1860001 1 1 1
v 0.02179404 0.4 -0.1860001 1 1 1
v 1.221794 0.4 -0.1859998 1 1 1
v 0.8217941 0.4 -0.1859998 1 1 1
v 1.221794 0.4 0.2140002 1 1 1
v 0.821794 0.4 0.614 1 1 1
v 0.421794 0.4 0.614 1 1 1
v 0.02179404 0.4 0.614 1 1 1
v -0.378206 0.4 0.614 1 1 1
v 0.8217939 0.4 -0.1860001 1 1 1
v 0.8217939 0.4 0.2139999 1 1 1
v 0.02179393 0.4 -0.1860001 1 1 1
v 0.02179393 0.4 0.2139999 1 1 1
v 1.221794 0.4 0.6139998 1 1 1
v 1.221794 0.4 0.2139998 1 1 1
v 0.821794 0.4 0.6139998 1 1 1
v -1.178206 0.4 0.6139995 1 1 1
v -0.7782059 0.4 0.6139995 1 1 1
v -1.178206 0.4 0.2139994 1 1 1
v -1.178206 0.4 -0.1860002 1 1 1
v -1.178206 0.4 0.2139998 1 1 1
v -0.7782061 0.4 -0.1860002 1 1 1
v -0.3782061 0.4 0.6140002 1 1 1
v -0.4782061 0.3 0.6140002 1 1 1
v -0.6782061 0.3 0.6140002 1 1 1
v -0.7782061 0.4 0.6140002 1 1 1
v 0.821794 0.4 -0.5859999 1 1 1
v 0.821794 0.4 -0.1859999 1 1 1
v 0.02179396 0.4 -0.5859999 1 1 1
v 0.02179396 0.4 -0.1859999 1 1 1
v -0.2862059 0.8391697 0.3455221 1 1 1
v -0.2862059 0.7076479 0.4000003 1 1 1
v 0.2717941 0.8391697 0.3455221 1 1 1
v 0.2717941 0.7076479 0.4000002 1 1 1
v 0.2717941 0.5216479 0.2140002 1 1 1
v -0.286206 0.5216479 0.2140003 1 1 1
v 0.271794 0.576126 0.08247831 1 1 1
v -0.286206 0.576126 0.08247837 1 1 1
v -0.2862059 0.576126 0.3455221 1 1 1
v 0.2717941 0.576126 0.3455221 1 1 1
v -0.286206 0.8936478 0.2140003 1 1 1
v 0.2717941 0.8936478 0.2140002 1 1 1
v -0.286206 0.7076479 0.02800025 1 1 1
v 0.271794 0.7076479 0.02800019 1 1 1
v 0.271794 0.8391697 0.08247831 1 1 1
v 0.3217941 0.8128654 0.1087827 1 1 1
v 0.321794 0.7076479 0.06520016 1 1 1
v 0.3217941 0.8128654 0.3192177 1 1 1
v 0.3217941 0.8564479 0.2140002 1 1 1
v -0.336206 0.8128654 0.3192178 1 1 1
v -0.336206 0.8564479 0.2140003 1 1 1
v -0.336206 0.7076479 0.3628003 1 1 1
v -0.336206 0.6024304 0.3192178 1 1 1
v -0.336206 0.5588478 0.2140003 1 1 1
v -0.336206 0.8128654 0.1087828 1 1 1
v -0.286206 0.8391697 0.08247837 1 1 1
v -0.336206 0.7076479 0.06520025 1 1 1
v -0.336206 0.6024304 0.1087828 1 1 1
v 0.3217941 0.5588478 0.2140002 1 1 1
v 0.3217941 0.6024304 0.1087827 1 1 1
v 0.3217941 0.6024304 0.3192177 1 1 1
v 0.3217941 0.7076479 0.3628002 1 1 1

vn 1 0 1.192093E-07
vn -1.192093E-07 0 1
vn -0.1744942 -0.08724705 -0.9807854
vn -1.192093E-07 0 -1
vn -0.8772412 -0.4386205 -0.1950903
vn -0.6324556 -0.3162278 -0.7071068
vn -0.8944273 -0.4472136 1.06624E-07
vn 0.1744942 -0.08724705 -0.9807854
vn 1.192093E-07 0 -1
vn 0.8772412 -0.4386205 -0.1950903
vn 0.6324556 -0.3162278 -0.7071068
vn 0.8944273 -0.4472136 1.06624E-07
vn -1 0 1.192093E-07
vn 1.192093E-07 0 1
vn -3.181067E-13 0 -1
vn 1 0 -3.181067E-13
vn 1 0 -1.192093E-07
vn -1.1565E-07 -0.2425356 -0.9701427
vn 1.1565E-07 0.2425356 0.9701427
vn -2.89125E-08 0.9701425 -0.2425357
vn 2.137179E-14 0 1
vn 0 1 0
vn -1 0 1.192093E-07
vn -1 0 0
vn 1 0 0
vn 0 0 -1
vn 7.729928E-14 0 1
vn 0.9238796 0 0.3826836
vn 0.3826834 0 0.9238797
vn 0 -1 0
vn -0.4472136 0.8944272 5.331201E-08
vn 0.4472136 -0.8944272 -5.331201E-08
vn 0.4472136 0.8944272 5.331201E-08
vn -0.4472136 -0.8944272 -5.331201E-08
vn -0.9238796 0 0.3826836
vn -0.3826834 0 0.9238797
vn 0.3826834 0 -0.9238795
vn 0.9238795 0 -0.3826834
vn -3.072126E-13 0 -1
vn 1 0 -3.072126E-13
vn -0.9238797 0 -0.3826834
vn -0.3826836 0 -0.9238796
vn 1.09468E-13 0 1
vn 0.3826836 0 0.9238796
vn 0.9238797 0 0.3826834
vn 0.9238796 0 -0.3826836
vn 0.3826834 0 -0.9238797
vn -0.3826836 -0.2240737 -0.8962949
vn 0.3826834 -0.2240737 -0.896295
vn -0.9238797 -0.09281436 -0.3712574
vn -0.9238796 0.09281436 0.3712576
vn -0.3826834 0.2240737 0.896295
vn 0.3826836 0.2240737 0.8962949
vn 0.9238796 -0.09281436 -0.3712576
vn 0.9238797 0.09281436 0.3712574
vn 0.9238795 0 0.3826834
vn -0.3826834 0 -0.9238795
vn -0.3826834 0 0.9238795
vn 0.3826834 0 0.9238795
vn -0.9238795 0 -0.3826834
vn -0.9238795 0 0.3826834
vn 0.9238797 0 -0.3826834
vn 0.3826836 0 -0.9238796
vn -1 0 -1.192093E-07
vn 1 0 -2.122746E-13
vn 2.122746E-13 0 1
vn -1 0 2.122746E-13
vn -2.122746E-13 0 -1
vn 0.8944272 -0.4472136 0
vn 0.6324555 -0.4472136 0.6324555
vn 0.7071068 0 0.7071068
vn -0.8944272 -0.4472136 0
vn -0.6324555 -0.4472136 0.6324555
vn -0.7071068 0 0.7071068
vn 0 0 1
vn 0.7071068 0 -0.7071068
vn 0.6324555 -0.4472136 -0.6324555
vn 0 -0.4472136 0.8944272
vn 0 -0.4472136 -0.8944272
vn -0.6324555 -0.4472136 -0.6324555
vn -0.7071068 0 -0.7071068
vn 0.8944272 0.4472136 0
vn 0.6324555 0.4472136 0.6324555
vn -0.6324555 0.4472136 -0.6324555
vn 0 0.4472136 -0.8944272
vn 0.6324555 0.4472136 -0.6324555
vn 0 0.4472136 0.8944272
vn -0.6324555 0.4472136 0.6324555
vn -0.8944272 0.4472136 0
vn 1 0 -2.137179E-14
vn -1.192093E-07 0 -1
vn 1.192093E-07 0 1
vn -0.3826835 0 0.9238799
vn -1.10135E-07 0.3826834 -0.9238799
vn -0.9238798 0 0.3826837
vn 4.561943E-08 0.9238795 0.3826836
vn -4.561943E-08 0.9238795 -0.3826836
vn 1.10135E-07 0.3826834 0.9238799
vn -8.429372E-08 0.7071068 -0.707107
vn 8.429372E-08 0.7071068 0.707107
vn 8.429372E-08 -0.7071068 0.707107
vn -8.429372E-08 -0.7071068 -0.707107
vn 1 0 -1.192093E-07
vn -0.7071071 0 -0.7071069
vn -0.7071069 0 0.7071071
vn 0.8991194 -0.4377038 -1.071834E-07
vn 0.8991193 -0.3095033 -0.3095035
vn 0.8991194 -0.3095033 0.3095033
vn 0.8991193 0 -0.437704
vn 0.8991194 0 0.4377038
vn 0.8991193 0.3095033 -0.3095035
vn 0.8991194 0.3095033 0.3095033
vn 0.8991194 0.4377038 -1.071834E-07
vn 0.3688517 -0.9294882 -4.397055E-08
vn 0.3688518 -0.6572475 0.6572475
vn 0.3688518 0 0.9294883
vn 0.3688518 0.6572475 0.6572475
vn 0.3688517 0.9294882 -4.397055E-08
vn 0.3688516 -0.6572475 -0.6572476
vn 0.3688516 0 -0.9294884
vn 0.3688516 0.6572475 -0.6572476
vn -0.3688516 -0.6572475 0.6572476
vn -0.3688517 -0.9294882 4.397055E-08
vn -0.3688517 0.9294882 4.397055E-08
vn -0.3688518 0.6572475 -0.6572475
vn -0.3688516 0 0.9294884
vn -0.3688516 0.6572475 0.6572476
vn -0.3688518 0 -0.9294883
vn -0.3688518 -0.6572475 -0.6572475
vn -0.8991194 -0.4377038 1.071834E-07
vn -0.8991193 -0.3095033 0.3095035
vn -0.8991194 -0.3095033 -0.3095033
vn -0.8991194 0 -0.4377038
vn -0.8991193 0 0.437704
vn -0.8991194 0.3095033 -0.3095033
vn -0.8991193 0.3095033 0.3095035
vn -0.8991194 0.4377038 1.071834E-07
vn -0.6489789 0.7608063 0
vn -0.6489789 0.5379713 0.5379714
vn -0.4472136 0.8944272 0
vn -0.4472136 0.6324555 0.6324555
vn -0.4472136 -0.6324555 0.6324555
vn -0.4472136 0 0.8944272
vn -0.6489789 -0.5379713 0.5379714
vn -0.6489789 0 0.7608063
vn -0.6489789 -0.5379713 -0.5379713
vn -0.4472136 -0.6324555 -0.6324555
vn -0.6489789 -0.7608063 0
vn -0.4472136 -0.8944272 0
vn -0.6489789 0.5379713 -0.5379713
vn -0.4472136 0.6324555 -0.6324555
vn -0.6489789 0 -0.7608063
vn -0.4472136 0 -0.8944272
vn -0.9465197 0 -0.3226461
vn -0.9465197 -0.2281453 -0.2281452
vn -0.9465197 0.2281453 -0.2281452
vn -0.9465197 -0.3226461 0
vn -0.9465197 0.3226461 0
vn -0.9465197 -0.2281453 0.2281453
vn -0.9465197 0.2281453 0.2281453
vn -0.9465197 0 0.3226462
vn 0 0.2576627 -0.9662349
vn 0 -0.2576627 0.9662349
vn -1.439782E-08 0.2576627 0.9662349
vn -1 0 -1.490095E-08
vn 1.439782E-08 -0.2576627 -0.9662349
vn 1 0 1.490095E-08
vn -0.9870878 0.1601824 1.1767E-07
vn -0.707107 0.7071068 8.429372E-08
vn -0.1601823 0.9870875 1.909522E-08
vn 0.3826834 0 -0.9238799
vn 0.3826835 0 -0.9238799
vn 0.9238798 0 -0.3826837
vn 0.9238798 0 -0.3826836
vn -0.3826836 0 0.9238799
vn -0.3826834 0 0.9238799
vn 0.3826836 0 0.9238798
vn 0.3826836 0 0.9238798
vn -0.9238799 -3.469277E-07 -0.3826835
vn -0.9238798 0 0.3826838
vn -0.9238799 -3.469277E-07 -0.3826834
vn -0.9238798 0 0.3826835
vn 0.9238799 0 0.3826835
vn 0.9238799 0 0.3826835
vn -0.3826838 0 -0.9238798
vn -0.3826836 0 -0.9238798
vn 0.9238795 0.3826834 0
vn 0.9238795 -0.3826834 0
vn 0.3826834 -0.9238795 0
vn -0.7071068 0.7071068 0
vn -0.7071068 -0.7071068 0
vn 0.3826834 0.9238795 0
vn -0.9238795 0.3826834 0
vn -0.3826834 0.9238795 0
vn 0.7071068 -0.7071068 0
vn 0.7071068 0.7071068 0
vn -0.3826834 -0.9238795 0
vn -0.9238795 -0.3826834 0
vn -0.7071068 0 -0.7071068
vn 0.7071068 0 0.7071068
vn 0.7071068 0 -0.7071068
vn -0.7071068 0 0.7071068
vn -0.3662924 0.9304998 0
vn -0.9179972 0.3965869 0
vn 0.7071069 0 -0.7071068
vn -0.7071069 0 0.7071068
vn 0.7071068 0 0.7071069
vn -0.7071068 0 -0.7071069
vn 4.366546E-08 0.9304998 -0.3662924
vn 1.094338E-07 0.396587 -0.9179972
vn 0.7071071 0 -0.7071069
vn 1.192093E-07 0 -1
vn 1 0 1.192093E-07
vn -1.192093E-07 0 1
vn -0.7071071 0 0.7071069
vn 0.7071069 0 0.7071071
vn -0.7071069 0 -0.7071071
vn -1 0 -1.192093E-07
vn 1 0 -7.729928E-14
vn 0.9238795 0.3826834 -7.141522E-14
vn -0.3826834 0.9238795 2.958115E-14
vn 0.3826834 0.9238795 -2.958115E-14
vn -0.9238795 0.3826834 7.141522E-14
vn -1 0 7.729928E-14
vn -0.7071068 -0.7071068 5.465884E-14
vn 0.7071068 -0.7071068 -5.465884E-14
vn -0.7071068 0.7071068 5.465884E-14
vn 0.7071068 0.7071068 -5.465884E-14
vn -7.729928E-14 0 -1
vn -0.2936306 0.6759367 0.6759368
vn -0.2936306 0 0.9559192
vn 0.2936307 0.6759367 0.6759367
vn 0.2936308 0 0.9559191
vn 0.2936307 -0.955919 -3.500351E-08
vn -0.2936307 -0.955919 3.500351E-08
vn 0.2936306 -0.6759367 -0.6759368
vn -0.2936307 -0.6759367 -0.6759367
vn -0.2936306 -0.6759367 0.6759368
vn 0.2936307 -0.6759367 0.6759367
vn -0.2936307 0.955919 3.500351E-08
vn 0.2936307 0.955919 -3.500351E-08
vn -0.2936308 0 -0.9559191
vn 0.2936306 0 -0.9559192
vn 0.2936306 0.6759367 -0.6759368
vn 0.5969147 0.5673151 -0.5673152
vn 0.5969147 0 -0.8023049
vn 0.5969148 0.5673151 0.5673151
vn 0.5969148 0.8023047 -7.115779E-08
vn -0.5969147 0.5673151 0.5673152
vn -0.5969148 0.8023047 7.115779E-08
vn -0.5969147 0 0.8023049
vn -0.5969147 -0.5673151 0.5673152
vn -0.5969148 -0.8023047 7.115779E-08
vn -0.5969148 0.5673151 -0.5673151
vn -0.2936307 0.6759367 -0.6759367
vn -0.5969149 0 -0.8023048
vn -0.5969148 -0.5673151 -0.5673151
vn 0.5969148 -0.5673151 0.5673151
vn 0.5969148 -0.8023047 -7.115779E-08
vn 0.5969147 -0.5673151 -0.5673152
vn 0.5969149 0 0.8023048

vt 0.71875 0.3
vt 0.71875 0.475
vt 0.71875 0.3134472
vt 0.71875 0.292476
vt 0.71875 0.448786
vt 0.71875 0.275
vt 0.71875 0.2959712
vt 0.71875 0.2801186
vt 0.71875 0.3010898
vt 0.71875 0.3682174
vt 0.71875 0.3216087
vt 0.71875 0.4614349
vt 0.71875 0.4478697
vt 0.71875 0.4297829
vt 0.71875 0.3636957
vt 0.71875 0.3817826
vt 0.71875 0.3960435
vt 0.71875 0.4005652
vt 0.71875 0.4290871
vt 0.71875 0.4336088
vt 0.71875 0.4523914
vt 0.71875 0.3772609
vt 0.71875 0.4569132
vt 0.71875 0.3727391
vt 0.71875 0.395
vt 0.71875 0.29
vt 0.71875 0.41
vt 0.71875 0.335
vt 0.71875 0.35
vt 0.71875 0.415
vt 0.71875 0.425
vt 0.71875 0.325
vt 0.59375 0.275
vt 0.59375 0.3
vt 0.59375 0.475
vt 0.59375 0.2959712
vt 0.59375 0.3010898
vt 0.59375 0.3134472
vt 0.59375 0.292476
vt 0.59375 0.448786
vt 0.59375 0.2801186
vt 0.59375 0.3216087
vt 0.59375 0.3772609
vt 0.59375 0.4523914
vt 0.59375 0.3953477
vt 0.59375 0.4704783
vt 0.59375 0.390826
vt 0.59375 0.3727391
vt 0.59375 0.4569132
vt 0.59375 0.395
vt 0.59375 0.425
vt 0.59375 0.435
vt 0.59375 0.455
vt 0.59375 0.450544
vt 0.59375 0.462772
vt 0.59375 0.41
vt 0.59375 0.415
vt 0.59375 0.29
vt 0.59375 0.35
vt 0.59375 0.335
vt 0.59375 0.325
vt 0.59375 0.2828189
vt 0.59375 0.3098181
vt 0.59375 0.375
vt 0.59375 0.4401819
vt 0.59375 0.4671811
vt 0.59375 0.3042893
vt 0.59375 0.4457107
vt 0.59375 0.47
vt 0.59375 0.4421751
vt 0.59375 0.3078249
vt 0.59375 0.28
vt 0.59375 0.3197912
vt 0.59375 0.4302088
vt 0.59375 0.296923
vt 0.59375 0.453077
vt 0.59375 0.4083334
vt 0.59375 0.4583333
vt 0.59375 0.3194444
vt 0.59375 0.425
vt 0.59375 0.325
vt 0.59375 0.34
vt 0.59375 0.2864286
vt 0.59375 0.3435714
vt 0.59375 0.355
vt 0.59375 0.3972222
vt 0.59375 0.4164383
vt 0.96875 0.292476
vt 0.96875 0.448786
vt 0.96875 0.3
vt 0.96875 0.475
vt 0.96875 0.415
vt 0.96875 0.425
vt 0.71875 0.6957107
vt 0.71875 0.625
vt 0.71875 0.525
vt 0.71875 0.5542893
vt 0.71875 0.725
vt 0.71875 0.6815686
vt 0.71875 0.705
vt 0.71875 0.5684314
vt 0.71875 0.545
vt 0.59375 0.1136957
vt 0.59375 0.1797829
vt 0.59375 0.04
vt 0.59375 0.145
vt 0.59375 0.03642857
vt 0.59375 0.09357143

usemtl colormap

f 6/2/2 5/1/2 3/2/2
f 1/1/2 3/2/2 5/1/2
f 4/2/1 3/2/1 2/1/1
f 1/1/1 2/1/1 3/2/1
f 12/7/5 11/6/5 16/7/7
f 15/6/7 16/7/7 11/6/5
f 9/4/3 13/8/6 7/3/3
f 14/9/6 7/3/3 13/8/6
f 14/9/6 13/8/6 12/7/5
f 11/6/5 12/7/5 13/8/6
f 10/5/4 9/4/3 8/2/4
f 7/3/3 8/2/4 9/4/3
f 19/4/8 18/2/9 17/3/8
f 18/2/9 19/4/8 20/5/9
f 23/8/11 22/7/10 21/6/10
f 22/7/10 23/8/11 24/9/11
f 23/8/11 17/3/8 24/9/11
f 17/3/8 23/8/11 19/4/8
f 21/6/10 26/7/12 25/6/12
f 26/7/12 21/6/10 22/7/10
f 29/2/13 28/1/13 27/1/13
f 28/1/13 29/2/13 30/2/13
f 5/1/14 29/2/14 27/1/14
f 29/2/14 5/1/14 6/2/14
f 36/2/16 35/1/16 33/2/16
f 31/1/16 33/2/16 35/1/16
f 34/2/15 33/2/15 32/1/15
f 31/1/15 32/1/15 33/2/15
f 42/2/4 41/1/4 39/2/4
f 37/1/4 39/2/4 41/1/4
f 40/2/13 39/2/13 38/1/13
f 37/1/13 38/1/13 39/2/13
f 48/2/2 47/1/2 45/2/2
f 43/1/2 45/2/2 47/1/2
f 46/2/1 45/2/1 44/1/1
f 43/1/1 44/1/1 45/2/1
f 51/2/13 50/1/13 49/1/13
f 50/1/13 51/2/13 52/2/13
f 47/1/14 51/2/14 49/1/14
f 51/2/14 47/1/14 48/2/14
f 55/10/4 54/11/4 53/10/4
f 54/11/4 55/10/4 56/11/4
f 58/12/13 54/11/13 57/11/13
f 54/11/13 58/12/13 53/10/13
f 55/10/17 59/11/17 56/11/17
f 59/11/17 55/10/17 60/12/17
f 59/11/14 58/12/14 57/11/14
f 58/12/14 59/11/14 60/12/14
f 63/13/18 62/14/18 61/13/18
f 62/14/18 63/13/18 64/14/18
f 64/14/13 66/16/13 65/15/13
f 66/16/13 64/14/13 67/17/13
f 67/17/13 64/14/13 68/18/13
f 68/18/13 64/14/13 69/19/13
f 69/19/13 64/14/13 70/20/13
f 70/20/13 64/14/13 63/13/13
f 65/15/19 72/16/19 71/15/19
f 72/16/19 65/15/19 66/16/19
f 72/16/17 62/14/17 71/15/17
f 62/14/17 72/16/17 73/17/17
f 62/14/17 73/17/17 74/18/17
f 62/14/17 74/18/17 75/19/17
f 62/14/17 75/19/17 76/20/17
f 62/14/17 76/20/17 61/13/17
f 78/22/20 66/16/20 77/21/20
f 66/16/20 78/22/20 79/22/20
f 79/22/20 72/16/20 66/16/20
f 72/16/20 79/22/20 80/21/20
f 72/16/20 80/21/20 73/17/20
f 77/21/20 66/16/20 67/17/20
f 74/18/20 67/17/20 73/17/20
f 73/17/20 80/21/20 74/18/20
f 67/17/20 74/18/20 68/18/20
f 77/21/20 67/17/20 68/18/20
f 74/18/20 80/21/20 75/19/20
f 77/21/20 68/18/20 69/19/20
f 76/20/20 69/19/20 75/19/20
f 75/19/20 80/21/20 76/20/20
f 69/19/20 76/20/20 70/20/20
f 77/21/20 69/19/20 70/20/20
f 76/20/20 80/21/20 61/13/20
f 77/21/20 70/20/20 63/13/20
f 61/13/20 80/21/20 63/13/20
f 77/21/20 63/13/20 80/21/20
f 60/12/20 82/22/20 81/21/20
f 60/12/20 81/21/20 83/23/20
f 55/10/20 82/22/20 60/12/20
f 82/22/20 55/10/20 84/24/20
f 55/10/20 85/24/20 84/24/20
f 53/10/20 85/24/20 55/10/20
f 85/24/20 53/10/20 86/22/20
f 60/12/20 83/23/20 58/12/20
f 86/22/20 53/10/20 58/12/20
f 87/23/20 58/12/20 83/23/20
f 86/22/20 58/12/20 88/21/20
f 88/21/20 58/12/20 87/23/20
f 91/2/21 90/1/21 89/1/21
f 90/1/21 91/2/21 92/2/21
f 95/2/21 94/1/21 93/1/21
f 94/1/21 95/2/21 96/2/21
f 99/25/22 98/25/22 97/25/22
f 98/25/22 99/25/22 100/25/22
f 103/25/22 102/25/22 101/25/22
f 102/25/22 103/25/22 104/25/22
f 107/25/22 106/25/22 105/25/22
f 106/25/22 107/25/22 108/25/22
f 111/25/22 110/25/22 109/25/22
f 110/25/22 111/25/22 112/25/22
f 116/25/22 115/25/22 114/25/22
f 113/25/22 114/25/22 115/25/22
f 119/25/22 118/25/22 117/25/22
f 118/25/22 119/25/22 120/25/22
f 123/25/22 122/25/22 121/25/22
f 122/25/22 123/25/22 124/25/22
f 127/25/22 126/25/22 125/25/22
f 126/25/22 127/25/22 128/25/22
f 131/25/22 130/25/22 118/25/22
f 129/25/22 118/25/22 130/25/22
f 134/25/22 133/25/22 132/25/22
f 133/25/22 134/25/22 135/25/22
f 138/25/22 137/25/22 136/25/22
f 137/25/22 138/25/22 139/25/22
f 142/25/22 141/25/22 140/25/22
f 141/25/22 142/25/22 143/25/22
f 147/27/23 155/25/23 149/27/23
f 155/25/23 147/27/23 154/25/23
f 155/25/23 153/29/23 149/27/23
f 154/25/23 147/27/23 152/29/23
f 153/29/23 151/28/23 149/27/23
f 153/29/23 152/29/23 151/28/23
f 152/29/23 147/27/23 150/28/23
f 150/28/23 151/28/23 152/29/23
f 151/28/23 148/26/23 149/27/23
f 150/28/23 147/27/23 145/26/23
f 149/27/23 148/26/23 144/6/23
f 145/26/23 144/6/23 148/26/23
f 147/27/23 146/6/23 145/26/23
f 144/6/23 145/26/23 146/6/23
f 158/1/24 157/2/24 156/1/24
f 157/2/24 158/1/24 159/2/24
f 162/2/25 161/1/25 160/2/25
f 161/1/25 162/2/25 163/1/25
f 160/2/26 165/28/26 164/30/26
f 160/2/26 164/30/26 166/31/26
f 161/1/26 165/28/26 160/2/26
f 165/28/26 161/1/26 167/32/26
f 167/32/26 161/1/26 168/32/26
f 156/1/26 168/32/26 161/1/26
f 168/32/26 156/1/26 169/28/26
f 160/2/26 166/31/26 157/2/26
f 169/28/26 156/1/26 157/2/26
f 170/31/26 157/2/26 166/31/26
f 169/28/26 157/2/26 171/30/26
f 171/30/26 157/2/26 170/31/26
f 175/27/26 183/25/26 177/27/26
f 183/25/26 175/27/26 182/25/26
f 183/25/26 181/29/26 177/27/26
f 182/25/26 175/27/26 180/29/26
f 181/29/26 179/28/26 177/27/26
f 181/29/26 180/29/26 179/28/26
f 180/29/26 175/27/26 178/28/26
f 178/28/26 179/28/26 180/29/26
f 179/28/26 176/26/26 177/27/26
f 178/28/26 175/27/26 173/26/26
f 177/27/26 176/26/26 172/6/26
f 173/26/26 172/6/26 176/26/26
f 175/27/26 174/6/26 173/26/26
f 172/6/26 173/26/26 174/6/26
f 186/27/27 185/6/27 184/6/27
f 185/6/27 186/27/27 187/27/27
f 191/6/26 190/6/26 189/2/26
f 188/2/26 189/2/26 190/6/26
f 1/34/22 5/34/22 199/34/22
f 199/34/22 197/34/22 1/34/22
f 197/34/22 194/34/22 1/34/22
f 1/34/22 194/34/22 2/34/22
f 195/34/22 2/34/22 194/34/22
f 196/33/30 198/33/30 192/33/30
f 192/33/30 198/33/30 193/33/30
f 200/33/30 193/33/30 198/33/30
f 194/34/28 197/34/29 192/33/28
f 196/33/29 192/33/28 197/34/29
f 199/34/2 198/33/2 197/34/29
f 196/33/29 197/34/29 198/33/2
f 195/34/1 194/34/28 193/33/1
f 192/33/28 193/33/1 194/34/28
f 9/39/32 10/40/32 13/41/32
f 13/41/32 10/40/32 11/33/32
f 10/40/32 204/40/32 11/33/32
f 11/33/32 204/40/32 15/33/32
f 204/40/32 203/40/32 15/33/32
f 202/39/32 15/33/32 203/40/32
f 7/38/31 14/37/31 8/35/31
f 14/37/31 12/36/31 8/35/31
f 12/36/31 16/36/31 8/35/31
f 201/35/31 8/35/31 16/36/31
f 26/36/33 18/35/33 205/35/33
f 18/35/33 26/36/33 22/36/33
f 18/35/33 22/36/33 24/37/33
f 18/35/33 24/37/33 17/38/33
f 207/40/34 25/33/34 206/39/34
f 25/33/34 207/40/34 208/40/34
f 25/33/34 208/40/34 21/33/34
f 21/33/34 208/40/34 20/40/34
f 21/33/34 20/40/34 23/41/34
f 23/41/34 20/40/34 19/39/34
f 211/33/30 210/33/30 209/33/30
f 210/33/30 211/33/30 212/33/30
f 213/34/26 209/33/26 210/33/26
f 209/33/26 213/34/26 214/34/26
f 213/34/22 215/34/22 214/34/22
f 215/34/22 213/34/22 216/34/22
f 219/33/30 218/33/30 217/33/30
f 218/33/30 219/33/30 220/33/30
f 221/34/26 217/33/26 218/33/26
f 217/33/26 221/34/26 222/34/26
f 221/34/22 223/34/22 222/34/22
f 223/34/22 221/34/22 224/34/22
f 227/34/35 226/33/13 225/33/35
f 226/33/13 227/34/35 228/34/13
f 198/33/14 230/34/36 229/33/36
f 230/34/36 198/33/14 199/34/14
f 230/34/36 225/33/35 229/33/36
f 225/33/35 230/34/36 227/34/35
f 198/33/30 226/33/30 231/33/30
f 226/33/30 198/33/30 225/33/30
f 225/33/30 198/33/30 229/33/30
f 228/34/22 27/34/22 28/34/22
f 27/34/22 228/34/22 227/34/22
f 27/34/22 227/34/22 230/34/22
f 27/34/22 230/34/22 5/34/22
f 5/34/22 230/34/22 199/34/22
f 31/34/22 35/34/22 239/34/22
f 239/34/22 237/34/22 31/34/22
f 237/34/22 234/34/22 31/34/22
f 31/34/22 234/34/22 32/34/22
f 235/34/22 32/34/22 234/34/22
f 236/33/30 238/33/30 232/33/30
f 232/33/30 238/33/30 233/33/30
f 240/33/30 233/33/30 238/33/30
f 234/34/37 237/34/38 232/33/37
f 236/33/38 232/33/37 237/34/38
f 239/34/16 238/33/16 237/34/38
f 236/33/38 237/34/38 238/33/16
f 235/34/15 234/34/37 233/33/15
f 232/33/37 233/33/15 234/34/37
f 251/34/22 252/34/22 248/34/22
f 248/34/22 246/34/22 251/34/22
f 246/34/22 243/34/22 251/34/22
f 251/34/22 243/34/22 250/34/22
f 244/34/22 250/34/22 243/34/22
f 245/33/30 247/33/30 241/33/30
f 241/33/30 247/33/30 242/33/30
f 249/33/30 242/33/30 247/33/30
f 243/34/37 246/34/38 241/33/37
f 245/33/38 241/33/37 246/34/38
f 248/34/40 247/33/40 246/34/38
f 245/33/38 246/34/38 247/33/40
f 244/34/39 243/34/37 242/33/39
f 241/33/37 242/33/39 243/34/37
f 255/33/30 254/33/30 253/33/30
f 254/33/30 255/33/30 256/33/30
f 257/34/21 253/33/21 254/33/21
f 253/33/21 257/34/21 258/34/21
f 257/34/22 259/34/22 258/34/22
f 259/34/22 257/34/22 260/34/22
f 37/34/22 41/34/22 268/34/22
f 268/34/22 266/34/22 37/34/22
f 266/34/22 263/34/22 37/34/22
f 37/34/22 263/34/22 38/34/22
f 264/34/22 38/34/22 263/34/22
f 265/33/30 267/33/30 261/33/30
f 261/33/30 267/33/30 262/33/30
f 269/33/30 262/33/30 267/33/30
f 263/34/41 266/34/42 261/33/41
f 265/33/42 261/33/41 266/34/42
f 268/34/4 267/33/4 266/34/42
f 265/33/42 266/34/42 267/33/4
f 264/34/13 263/34/41 262/33/13
f 261/33/41 262/33/13 263/34/41
f 272/33/30 271/33/30 270/33/30
f 271/33/30 272/33/30 273/33/30
f 274/34/43 270/33/43 271/33/43
f 270/33/43 274/34/43 275/34/43
f 274/34/22 276/34/22 275/34/22
f 276/34/22 274/34/22 277/34/22
f 43/34/22 47/34/22 285/34/22
f 285/34/22 283/34/22 43/34/22
f 283/34/22 280/34/22 43/34/22
f 43/34/22 280/34/22 44/34/22
f 281/34/22 44/34/22 280/34/22
f 282/33/30 284/33/30 278/33/30
f 278/33/30 284/33/30 279/33/30
f 286/33/30 279/33/30 284/33/30
f 280/34/28 283/34/29 278/33/28
f 282/33/29 278/33/28 283/34/29
f 285/34/2 284/33/2 283/34/29
f 282/33/29 283/34/29 284/33/2
f 281/34/1 280/34/28 279/33/1
f 278/33/28 279/33/1 280/34/28
f 289/34/35 288/33/13 287/33/35
f 288/33/13 289/34/35 290/34/13
f 284/33/14 292/34/36 291/33/36
f 292/34/36 284/33/14 285/34/14
f 292/34/36 287/33/35 291/33/36
f 287/33/35 292/34/36 289/34/35
f 284/33/30 288/33/30 293/33/30
f 288/33/30 284/33/30 287/33/30
f 287/33/30 284/33/30 291/33/30
f 290/34/22 49/34/22 50/34/22
f 49/34/22 290/34/22 289/34/22
f 49/34/22 289/34/22 292/34/22
f 49/34/22 292/34/22 47/34/22
f 47/34/22 292/34/22 285/34/22
f 296/42/22 295/42/22 294/42/22
f 295/42/22 296/42/22 297/42/22
f 297/42/22 296/42/22 54/42/22
f 298/42/22 54/42/22 296/42/22
f 297/42/22 54/42/22 56/42/22
f 54/42/22 298/42/22 57/42/22
f 297/42/22 56/42/22 59/42/22
f 57/42/22 298/42/22 59/42/22
f 297/42/22 59/42/22 299/42/22
f 299/42/22 59/42/22 300/42/22
f 300/42/22 59/42/22 298/42/22
f 300/42/22 298/42/22 301/42/22
f 303/33/44 301/42/36 302/33/36
f 301/42/36 303/33/44 300/42/44
f 301/42/36 304/33/35 302/33/36
f 304/33/35 301/42/36 298/42/35
f 298/42/35 305/33/41 304/33/35
f 305/33/41 298/42/35 296/42/41
f 307/33/46 299/42/45 306/33/45
f 299/42/45 307/33/46 297/42/46
f 306/33/45 300/42/44 303/33/44
f 300/42/44 306/33/45 299/42/45
f 295/42/47 308/33/42 294/42/42
f 308/33/42 295/42/47 309/33/47
f 297/42/46 309/33/47 295/42/47
f 309/33/47 297/42/46 307/33/46
f 296/42/41 308/33/42 305/33/41
f 308/33/42 296/42/41 294/42/42
f 310/45/17 80/44/17 79/43/17
f 80/44/17 310/45/17 311/46/17
f 78/43/19 310/45/19 79/43/19
f 310/45/19 78/43/19 312/45/19
f 77/44/13 312/45/13 78/43/13
f 312/45/13 77/44/13 313/46/13
f 313/46/18 80/44/18 311/46/18
f 80/44/18 313/46/18 77/44/18
f 315/47/49 85/48/48 314/47/48
f 85/48/48 315/47/49 84/48/49
f 88/44/51 316/45/50 86/43/50
f 316/45/50 88/44/51 317/46/51
f 87/49/52 319/35/53 318/35/52
f 319/35/53 87/49/52 83/49/53
f 320/45/54 81/44/55 82/43/54
f 81/44/55 320/45/54 321/46/55
f 86/43/50 314/47/48 85/48/48
f 314/47/48 86/43/50 316/45/50
f 321/46/55 83/49/53 81/44/55
f 83/49/53 321/46/55 319/35/53
f 87/49/52 317/46/51 88/44/51
f 317/46/51 87/49/52 318/35/52
f 315/47/49 82/43/54 84/48/49
f 82/43/54 315/47/49 320/45/54
f 316/45/20 315/47/20 314/47/20
f 315/47/20 316/45/20 312/45/20
f 312/45/20 320/45/20 315/47/20
f 312/45/20 316/45/20 310/45/20
f 310/45/20 316/45/20 317/46/20
f 310/45/20 317/46/20 311/46/20
f 320/45/20 312/45/20 313/46/20
f 311/46/20 317/46/20 318/35/20
f 311/46/20 318/35/20 313/46/20
f 320/45/20 313/46/20 321/46/20
f 313/46/20 318/35/20 321/46/20
f 321/46/20 318/35/20 319/35/20
f 324/33/30 323/33/30 322/33/30
f 323/33/30 324/33/30 325/33/30
f 328/33/30 327/33/30 326/33/30
f 327/33/30 328/33/30 329/33/30
f 330/34/21 326/33/21 327/33/21
f 326/33/21 330/34/21 331/34/21
f 330/34/22 90/34/22 331/34/22
f 90/34/22 330/34/22 89/34/22
f 342/34/22 343/34/22 339/34/22
f 339/34/22 337/34/22 342/34/22
f 337/34/22 334/34/22 342/34/22
f 342/34/22 334/34/22 341/34/22
f 335/34/22 341/34/22 334/34/22
f 336/33/30 338/33/30 332/33/30
f 332/33/30 338/33/30 333/33/30
f 340/33/30 333/33/30 338/33/30
f 334/34/28 337/34/29 332/33/28
f 336/33/29 332/33/28 337/34/29
f 339/34/2 338/33/2 337/34/29
f 336/33/29 337/34/29 338/33/2
f 335/34/1 334/34/28 333/33/1
f 332/33/28 333/33/1 334/34/28
f 346/33/30 345/33/30 344/33/30
f 345/33/30 346/33/30 347/33/30
f 348/34/21 344/33/21 345/33/21
f 344/33/21 348/34/21 349/34/21
f 348/34/22 94/34/22 349/34/22
f 94/34/22 348/34/22 93/34/22
f 352/33/30 351/33/30 350/33/30
f 351/33/30 352/33/30 353/33/30
f 354/34/43 350/33/43 351/33/43
f 350/33/43 354/34/43 355/34/43
f 354/34/22 356/34/22 355/34/22
f 356/34/22 354/34/22 357/34/22
f 361/35/22 359/35/22 369/35/22
f 359/35/22 364/35/22 369/35/22
f 369/35/22 364/35/22 368/35/22
f 364/35/22 365/35/22 368/35/22
f 368/35/22 365/35/22 372/35/22
f 370/35/22 372/35/22 365/35/22
f 371/33/60 370/35/60 363/33/57
f 365/35/57 363/33/57 370/35/60
f 366/33/58 368/35/58 373/33/61
f 372/35/61 373/33/61 368/35/58
f 369/35/59 367/33/59 361/35/56
f 360/33/56 361/35/56 367/33/59
f 359/35/38 358/33/38 364/35/37
f 362/33/37 364/35/37 358/33/38
f 373/33/61 372/35/61 371/33/60
f 370/35/60 371/33/60 372/35/61
f 369/35/59 368/35/58 367/33/59
f 366/33/58 367/33/59 368/35/58
f 365/35/57 364/35/37 363/33/57
f 362/33/37 363/33/57 364/35/37
f 361/35/56 360/33/56 359/35/38
f 358/33/38 359/35/38 360/33/56
f 376/50/9 375/51/9 374/50/9
f 375/51/9 376/50/9 377/51/9
f 375/51/1 378/50/1 374/50/1
f 378/50/1 375/51/1 379/51/1
f 381/35/2 99/50/2 380/35/2
f 99/50/2 381/35/2 100/50/2
f 384/35/62 383/51/1 382/51/62
f 383/51/1 384/35/62 385/35/1
f 386/51/30 375/51/30 377/51/30
f 375/51/30 386/51/30 382/51/30
f 382/51/30 386/51/30 387/51/30
f 383/51/30 375/51/30 382/51/30
f 375/51/30 383/51/30 379/51/30
f 384/35/22 388/35/22 385/35/22
f 388/35/22 384/35/22 380/35/22
f 380/35/22 384/35/22 381/35/22
f 381/35/22 384/35/22 389/35/22
f 389/35/22 384/35/22 390/35/22
f 386/51/9 390/35/63 387/51/63
f 390/35/63 386/51/9 389/35/9
f 387/51/63 384/35/62 382/51/62
f 384/35/62 387/51/63 390/35/63
f 388/35/64 99/50/64 97/50/64
f 99/50/64 388/35/64 380/35/64
f 6/50/14 391/51/14 29/50/14
f 391/51/14 6/50/14 392/51/14
f 391/51/13 30/50/13 29/50/13
f 30/50/13 391/51/13 393/51/13
f 395/35/4 103/50/4 394/35/4
f 103/50/4 395/35/4 104/50/4
f 398/35/35 397/51/13 396/51/35
f 397/51/13 398/35/35 399/35/13
f 400/51/30 391/51/30 392/51/30
f 391/51/30 400/51/30 396/51/30
f 396/51/30 400/51/30 401/51/30
f 397/51/30 391/51/30 396/51/30
f 391/51/30 397/51/30 393/51/30
f 398/35/22 402/35/22 399/35/22
f 402/35/22 398/35/22 394/35/22
f 394/35/22 398/35/22 395/35/22
f 395/35/22 398/35/22 403/35/22
f 403/35/22 398/35/22 404/35/22
f 400/51/14 404/35/36 401/51/36
f 404/35/36 400/51/14 403/35/14
f 401/51/36 398/35/35 396/51/35
f 398/35/35 401/51/36 404/35/36
f 402/35/17 103/50/17 101/50/17
f 103/50/17 402/35/17 394/35/17
f 4/50/65 406/51/65 405/50/65
f 406/51/65 4/50/65 407/51/65
f 406/51/66 408/50/66 405/50/66
f 408/50/66 406/51/66 409/51/66
f 411/35/67 107/50/67 410/35/67
f 107/50/67 411/35/67 108/50/67
f 414/35/59 413/51/66 412/51/59
f 413/51/66 414/35/59 415/35/66
f 416/51/30 406/51/30 407/51/30
f 406/51/30 416/51/30 412/51/30
f 412/51/30 416/51/30 417/51/30
f 413/51/30 406/51/30 412/51/30
f 406/51/30 413/51/30 409/51/30
f 414/35/22 418/35/22 415/35/22
f 418/35/22 414/35/22 410/35/22
f 410/35/22 414/35/22 411/35/22
f 411/35/22 414/35/22 419/35/22
f 419/35/22 414/35/22 420/35/22
f 416/51/65 420/35/56 417/51/56
f 420/35/56 416/51/65 419/35/65
f 417/51/56 414/35/59 412/51/59
f 414/35/59 417/51/56 420/35/56
f 418/35/68 107/50/68 105/50/68
f 107/50/68 418/35/68 410/35/68
f 423/53/25 422/52/70 421/52/69
f 422/52/70 423/53/25 424/53/71
f 427/52/73 426/53/24 425/52/72
f 426/53/24 427/52/73 428/53/74
f 422/52/71 430/50/75 429/50/71
f 430/50/75 422/52/71 431/52/75
f 423/53/25 433/52/77 432/53/76
f 433/52/77 423/53/25 421/52/69
f 434/53/75 427/52/73 431/52/78
f 427/52/73 434/53/75 428/53/74
f 436/53/26 433/52/77 435/52/79
f 433/52/77 436/53/26 432/53/76
f 438/53/81 435/52/79 437/52/80
f 435/52/79 438/53/81 436/53/26
f 440/35/83 423/53/25 439/35/82
f 423/53/25 440/35/83 424/53/71
f 431/52/75 441/50/74 430/50/75
f 441/50/74 431/52/75 427/52/74
f 437/52/81 443/50/26 442/50/81
f 443/50/26 437/52/81 435/52/26
f 444/50/24 437/52/81 442/50/81
f 437/52/81 444/50/24 425/52/24
f 424/53/71 431/52/78 422/52/70
f 431/52/78 424/53/71 434/53/75
f 445/35/84 436/53/26 438/53/81
f 436/53/26 445/35/84 446/35/85
f 447/35/86 423/53/25 432/53/76
f 423/53/25 447/35/86 439/35/82
f 446/35/85 432/53/76 436/53/26
f 432/53/76 446/35/85 447/35/86
f 437/52/80 426/53/24 438/53/81
f 426/53/24 437/52/80 425/52/72
f 448/35/87 428/53/74 434/53/75
f 428/53/74 448/35/87 449/35/88
f 426/53/24 445/35/84 438/53/81
f 445/35/84 426/53/24 450/35/89
f 447/35/22 440/35/22 439/35/22
f 440/35/22 447/35/22 446/35/22
f 440/35/22 446/35/22 448/35/22
f 448/35/22 446/35/22 445/35/22
f 448/35/22 445/35/22 449/35/22
f 449/35/22 445/35/22 450/35/22
f 421/52/25 451/50/76 433/52/76
f 451/50/76 421/52/25 452/50/25
f 435/52/26 451/50/76 443/50/26
f 451/50/76 435/52/26 433/52/76
f 426/53/24 449/35/88 450/35/89
f 449/35/88 426/53/24 428/53/74
f 422/52/71 452/50/25 421/52/25
f 452/50/25 422/52/71 429/50/71
f 440/35/83 434/53/75 424/53/71
f 434/53/75 440/35/83 448/35/87
f 441/50/74 425/52/24 444/50/24
f 425/52/24 441/50/74 427/52/74
f 455/51/30 454/51/30 453/51/30
f 454/51/30 455/51/30 456/51/30
f 458/50/9 454/51/9 457/50/9
f 454/51/9 458/50/9 453/51/9
f 460/35/2 112/50/2 459/35/2
f 112/50/2 460/35/2 110/50/2
f 459/35/22 461/35/22 460/35/22
f 461/35/22 459/35/22 462/35/22
f 455/51/9 462/35/9 456/51/9
f 462/35/9 455/51/9 461/35/9
f 465/55/25 464/54/70 463/54/69
f 464/54/70 465/55/25 466/55/71
f 469/54/73 468/55/24 467/54/72
f 468/55/24 469/54/73 470/55/74
f 464/54/71 472/50/75 471/50/71
f 472/50/75 464/54/71 473/54/75
f 465/55/25 475/54/77 474/55/76
f 475/54/77 465/55/25 463/54/69
f 476/55/75 469/54/73 473/54/78
f 469/54/73 476/55/75 470/55/74
f 478/55/26 475/54/77 477/54/79
f 475/54/77 478/55/26 474/55/76
f 480/55/81 477/54/79 479/54/80
f 477/54/79 480/55/81 478/55/26
f 482/35/83 465/55/25 481/35/82
f 465/55/25 482/35/83 466/55/71
f 473/54/75 483/50/74 472/50/75
f 483/50/74 473/54/75 469/54/74
f 479/54/81 485/50/26 484/50/81
f 485/50/26 479/54/81 477/54/26
f 486/50/24 479/54/81 484/50/81
f 479/54/81 486/50/24 467/54/24
f 466/55/71 473/54/78 464/54/70
f 473/54/78 466/55/71 476/55/75
f 487/35/84 478/55/26 480/55/81
f 478/55/26 487/35/84 488/35/85
f 489/35/86 465/55/25 474/55/76
f 465/55/25 489/35/86 481/35/82
f 488/35/85 474/55/76 478/55/26
f 474/55/76 488/35/85 489/35/86
f 479/54/80 468/55/24 480/55/81
f 468/55/24 479/54/80 467/54/72
f 490/35/87 470/55/74 476/55/75
f 470/55/74 490/35/87 491/35/88
f 468/55/24 487/35/84 480/55/81
f 487/35/84 468/55/24 492/35/89
f 489/35/22 482/35/22 481/35/22
f 482/35/22 489/35/22 488/35/22
f 482/35/22 488/35/22 490/35/22
f 490/35/22 488/35/22 487/35/22
f 490/35/22 487/35/22 491/35/22
f 491/35/22 487/35/22 492/35/22
f 463/54/25 493/50/76 475/54/76
f 493/50/76 463/54/25 494/50/25
f 477/54/26 493/50/76 485/50/26
f 493/50/76 477/54/26 475/54/76
f 468/55/24 491/35/88 492/35/89
f 491/35/88 468/55/24 470/55/74
f 464/54/71 494/50/25 463/54/25
f 494/50/25 464/54/71 471/50/71
f 482/35/83 476/55/75 466/55/71
f 476/55/75 482/35/83 490/35/87
f 483/50/74 467/54/24 486/50/24
f 467/54/24 483/50/74 469/54/74
f 497/55/25 496/54/70 495/54/69
f 496/54/70 497/55/25 498/55/71
f 501/54/73 500/55/24 499/54/72
f 500/55/24 501/54/73 502/55/74
f 496/54/71 504/50/75 503/50/71
f 504/50/75 496/54/71 505/54/75
f 497/55/25 507/54/77 506/55/76
f 507/54/77 497/55/25 495/54/69
f 508/55/75 501/54/73 505/54/78
f 501/54/73 508/55/75 502/55/74
f 510/55/26 507/54/77 509/54/79
f 507/54/77 510/55/26 506/55/76
f 512/55/81 509/54/79 511/54/80
f 509/54/79 512/55/81 510/55/26
f 514/35/83 497/55/25 513/35/82
f 497/55/25 514/35/83 498/55/71
f 505/54/75 515/50/74 504/50/75
f 515/50/74 505/54/75 501/54/74
f 511/54/81 517/50/26 516/50/81
f 517/50/26 511/54/81 509/54/26
f 518/50/24 511/54/81 516/50/81
f 511/54/81 518/50/24 499/54/24
f 498/55/71 505/54/78 496/54/70
f 505/54/78 498/55/71 508/55/75
f 519/35/84 510/55/26 512/55/81
f 510/55/26 519/35/84 520/35/85
f 521/35/86 497/55/25 506/55/76
f 497/55/25 521/35/86 513/35/82
f 520/35/85 506/55/76 510/55/26
f 506/55/76 520/35/85 521/35/86
f 511/54/80 500/55/24 512/55/81
f 500/55/24 511/54/80 499/54/72
f 522/35/87 502/55/74 508/55/75
f 502/55/74 522/35/87 523/35/88
f 500/55/24 519/35/84 512/55/81
f 519/35/84 500/55/24 524/35/89
f 521/35/22 514/35/22 513/35/22
f 514/35/22 521/35/22 520/35/22
f 514/35/22 520/35/22 522/35/22
f 522/35/22 520/35/22 519/35/22
f 522/35/22 519/35/22 523/35/22
f 523/35/22 519/35/22 524/35/22
f 495/54/25 525/50/76 507/54/76
f 525/50/76 495/54/25 526/50/25
f 509/54/26 525/50/76 517/50/26
f 525/50/76 509/54/26 507/54/76
f 500/55/24 523/35/88 524/35/89
f 523/35/88 500/55/24 502/55/74
f 496/54/71 526/50/25 495/54/25
f 526/50/25 496/54/71 503/50/71
f 514/35/83 508/55/75 498/55/71
f 508/55/75 514/35/83 522/35/87
f 515/50/74 499/54/24 518/50/24
f 499/54/24 515/50/74 501/54/74
f 533/35/64 541/35/64 115/50/64
f 113/50/64 115/50/64 541/35/64
f 543/35/29 540/51/29 537/35/28
f 535/51/28 537/35/28 540/51/29
f 542/35/2 539/51/2 543/35/29
f 540/51/29 543/35/29 539/51/2
f 543/35/22 537/35/22 542/35/22
f 542/35/22 537/35/22 534/35/22
f 534/35/22 537/35/22 533/35/22
f 533/35/22 537/35/22 541/35/22
f 538/35/22 541/35/22 537/35/22
f 532/51/30 536/51/30 528/51/30
f 535/51/30 528/51/30 536/51/30
f 540/51/30 539/51/30 535/51/30
f 535/51/30 539/51/30 528/51/30
f 530/51/30 528/51/30 539/51/30
f 538/35/1 537/35/28 536/51/1
f 535/51/28 536/51/1 537/35/28
f 116/50/9 534/35/9 115/50/9
f 533/35/9 115/50/9 534/35/9
f 532/51/1 528/51/1 531/50/1
f 527/50/1 531/50/1 528/51/1
f 530/51/2 529/50/2 528/51/2
f 527/50/2 528/51/2 529/50/2
f 546/51/30 545/51/30 544/51/30
f 545/51/30 546/51/30 547/51/30
f 549/50/14 545/51/14 548/50/14
f 545/51/14 549/50/14 544/51/14
f 551/35/4 120/50/4 550/35/4
f 120/50/4 551/35/4 118/50/4
f 550/35/22 552/35/22 551/35/22
f 552/35/22 550/35/22 553/35/22
f 546/51/14 553/35/14 547/51/14
f 553/35/14 546/51/14 552/35/14
f 556/50/9 555/51/9 554/50/9
f 555/51/9 556/50/9 557/51/9
f 555/51/1 558/50/1 554/50/1
f 558/50/1 555/51/1 559/51/1
f 561/35/2 123/50/2 560/35/2
f 123/50/2 561/35/2 124/50/2
f 564/35/62 563/51/1 562/51/62
f 563/51/1 564/35/62 565/35/1
f 566/51/30 555/51/30 557/51/30
f 555/51/30 566/51/30 562/51/30
f 562/51/30 566/51/30 567/51/30
f 563/51/30 555/51/30 562/51/30
f 555/51/30 563/51/30 559/51/30
f 564/35/22 568/35/22 565/35/22
f 568/35/22 564/35/22 560/35/22
f 560/35/22 564/35/22 561/35/22
f 561/35/22 564/35/22 569/35/22
f 569/35/22 564/35/22 570/35/22
f 566/51/9 570/35/63 567/51/63
f 570/35/63 566/51/9 569/35/9
f 567/51/63 564/35/62 562/51/62
f 564/35/62 567/51/63 570/35/63
f 568/35/64 123/50/64 121/50/64
f 123/50/64 568/35/64 560/35/64
f 573/50/24 572/51/24 571/50/24
f 572/51/24 573/50/24 574/51/24
f 572/51/26 575/50/26 571/50/26
f 575/50/26 572/51/26 576/51/26
f 578/35/25 127/50/25 577/35/25
f 127/50/25 578/35/25 128/50/25
f 581/35/57 580/51/26 579/51/57
f 580/51/26 581/35/57 582/35/26
f 583/51/30 572/51/30 574/51/30
f 572/51/30 583/51/30 579/51/30
f 579/51/30 583/51/30 584/51/30
f 580/51/30 572/51/30 579/51/30
f 572/51/30 580/51/30 576/51/30
f 581/35/22 585/35/22 582/35/22
f 585/35/22 581/35/22 577/35/22
f 577/35/22 581/35/22 578/35/22
f 578/35/22 581/35/22 586/35/22
f 586/35/22 581/35/22 587/35/22
f 583/51/24 587/35/60 584/51/60
f 587/35/60 583/51/24 586/35/24
f 584/51/60 581/35/57 579/51/57
f 581/35/57 584/51/60 587/35/60
f 585/35/75 127/50/75 125/50/75
f 127/50/75 585/35/75 577/35/75
f 552/35/2 546/51/2 592/35/2
f 589/51/2 592/35/2 546/51/2
f 592/35/22 591/35/22 552/35/22
f 551/35/22 552/35/22 591/35/22
f 118/50/9 551/35/9 131/50/9
f 591/35/9 131/50/9 551/35/9
f 544/51/2 549/50/2 588/51/2
f 590/50/2 588/51/2 549/50/2
f 589/51/30 546/51/30 588/51/30
f 544/51/30 588/51/30 546/51/30
f 595/50/14 594/51/14 593/50/14
f 594/51/14 595/50/14 596/51/14
f 594/51/13 597/50/13 593/50/13
f 597/50/13 594/51/13 598/51/13
f 600/35/4 134/50/4 599/35/4
f 134/50/4 600/35/4 135/50/4
f 603/35/35 602/51/13 601/51/35
f 602/51/13 603/35/35 604/35/13
f 605/51/30 594/51/30 596/51/30
f 594/51/30 605/51/30 601/51/30
f 601/51/30 605/51/30 606/51/30
f 602/51/30 594/51/30 601/51/30
f 594/51/30 602/51/30 598/51/30
f 603/35/22 607/35/22 604/35/22
f 607/35/22 603/35/22 599/35/22
f 599/35/22 603/35/22 600/35/22
f 600/35/22 603/35/22 608/35/22
f 608/35/22 603/35/22 609/35/22
f 605/51/14 609/35/36 606/51/36
f 609/35/36 605/51/14 608/35/14
f 606/51/36 603/35/35 601/51/35
f 603/35/35 606/51/36 609/35/36
f 607/35/17 134/50/17 132/50/17
f 134/50/17 607/35/17 599/35/17
f 612/51/30 611/51/30 610/51/30
f 611/51/30 612/51/30 613/51/30
f 615/50/9 611/51/9 614/50/9
f 611/51/9 615/50/9 610/51/9
f 617/35/2 139/50/2 616/35/2
f 139/50/2 617/35/2 137/50/2
f 616/35/22 618/35/22 617/35/22
f 618/35/22 616/35/22 619/35/22
f 612/51/9 619/35/9 613/51/9
f 619/35/9 612/51/9 618/35/9
f 622/50/24 621/51/24 620/50/24
f 621/51/24 622/50/24 623/51/24
f 621/51/26 624/50/26 620/50/26
f 624/50/26 621/51/26 625/51/26
f 627/35/25 142/50/25 626/35/25
f 142/50/25 627/35/25 143/50/25
f 630/35/57 629/51/26 628/51/57
f 629/51/26 630/35/57 631/35/26
f 632/51/30 621/51/30 623/51/30
f 621/51/30 632/51/30 628/51/30
f 628/51/30 632/51/30 633/51/30
f 629/51/30 621/51/30 628/51/30
f 621/51/30 629/51/30 625/51/30
f 630/35/22 634/35/22 631/35/22
f 634/35/22 630/35/22 626/35/22
f 626/35/22 630/35/22 627/35/22
f 627/35/22 630/35/22 635/35/22
f 635/35/22 630/35/22 636/35/22
f 632/51/24 636/35/60 633/51/60
f 636/35/60 632/51/24 635/35/24
f 633/51/60 630/35/57 628/51/57
f 630/35/57 633/51/60 636/35/60
f 634/35/75 142/50/75 140/50/75
f 142/50/75 634/35/75 626/35/75
f 639/33/25 638/35/25 637/33/25
f 638/35/25 639/33/25 640/35/25
f 642/33/26 638/35/26 641/35/26
f 638/35/26 642/33/26 637/33/26
f 458/33/26 644/35/26 643/35/26
f 644/35/26 458/33/26 645/33/26
f 615/33/26 648/33/26 647/35/26
f 646/35/26 647/35/26 648/33/26
f 649/33/26 654/33/26 650/35/26
f 653/35/26 650/35/26 654/33/26
f 652/35/24 651/33/24 650/35/24
f 649/33/24 650/35/24 651/33/24
f 590/33/21 657/33/21 656/35/21
f 655/35/21 656/35/21 657/33/21
f 658/33/21 663/33/21 659/35/21
f 662/35/21 659/35/21 663/33/21
f 661/35/90 660/33/90 659/35/90
f 658/33/90 659/35/90 660/33/90
f 664/33/13 669/33/13 665/35/13
f 668/35/13 665/35/13 669/33/13
f 667/35/14 666/33/14 665/35/14
f 664/33/14 665/35/14 666/33/14
f 672/33/43 548/33/43 671/35/43
f 670/35/43 671/35/43 548/33/43
f 715/61/92 716/51/92 718/61/105
f 720/51/105 718/61/105 716/51/92
f 717/61/30 713/61/30 718/61/30
f 715/61/30 718/61/30 713/61/30
f 714/51/22 719/51/22 716/51/22
f 720/51/22 716/51/22 719/51/22
f 714/51/91 713/61/91 719/51/104
f 717/61/104 719/51/104 713/61/91
f 720/51/105 719/51/104 718/61/105
f 717/61/104 718/61/105 719/51/104
f 716/51/103 715/61/103 714/51/103
f 713/61/103 714/51/103 715/61/103
f 709/35/23 711/35/23 706/33/23
f 708/33/23 706/33/23 711/35/23
f 712/35/99 711/35/99 710/35/100
f 709/35/100 710/35/100 711/35/99
f 712/35/99 707/33/102 711/35/99
f 708/33/102 711/35/99 707/33/102
f 705/33/101 710/35/100 706/33/101
f 709/35/100 706/33/101 710/35/100
f 708/33/102 707/33/102 706/33/101
f 705/33/101 706/33/101 707/33/102
f 704/50/102 701/58/99 155/50/102
f 155/50/102 701/58/99 153/59/91
f 153/59/91 701/58/99 151/60/91
f 148/58/99 151/60/91 701/58/99
f 154/50/101 703/50/101 155/50/102
f 704/50/102 155/50/102 703/50/101
f 702/58/100 703/50/101 145/58/100
f 145/58/100 703/50/101 150/60/92
f 150/60/92 703/50/101 152/59/92
f 154/50/101 152/59/92 703/50/101
f 702/58/100 145/58/100 701/58/99
f 148/58/99 701/58/99 145/58/100
f 687/33/30 700/33/30 676/33/30
f 676/33/30 700/33/30 146/33/30
f 146/33/30 700/33/30 144/33/30
f 144/33/30 693/33/30 673/33/30
f 144/33/30 700/33/30 693/33/30
f 693/33/30 700/33/30 678/33/30
f 680/33/30 678/33/30 700/33/30
f 698/51/97 686/57/94 689/51/97
f 685/57/94 689/51/97 686/57/94
f 699/57/98 697/51/96 688/57/98
f 690/51/96 688/57/98 697/51/96
f 696/34/92 699/57/98 691/34/92
f 688/57/98 691/34/92 699/57/98
f 698/51/97 689/51/97 697/51/96
f 690/51/96 697/51/96 689/51/97
f 696/34/22 691/34/22 695/34/22
f 691/34/22 692/34/22 695/34/22
f 695/34/22 692/34/22 694/34/22
f 692/34/22 677/34/22 694/34/22
f 679/34/22 694/34/22 677/34/22
f 678/33/93 677/34/93 693/33/95
f 692/34/95 693/33/95 677/34/93
f 693/33/95 692/34/95 673/33/23
f 691/34/23 673/33/23 692/34/95
f 673/33/23 691/34/23 674/56/23
f 688/57/23 674/56/23 691/34/23
f 690/51/23 689/51/23 688/57/23
f 689/51/23 685/57/23 688/57/23
f 685/57/23 674/56/23 688/57/23
f 674/56/23 685/57/23 675/56/23
f 685/57/23 681/34/23 675/56/23
f 675/56/23 681/34/23 676/33/23
f 681/34/23 683/34/23 676/33/23
f 687/33/23 676/33/23 683/34/23
f 686/57/94 682/34/91 685/57/94
f 681/34/91 685/57/94 682/34/91
f 684/34/22 683/34/22 682/34/22
f 681/34/22 682/34/22 683/34/22
f 680/33/92 679/34/92 678/33/93
f 677/34/93 678/33/93 679/34/92
f 675/56/30 147/56/30 674/56/30
f 149/56/30 674/56/30 147/56/30
f 146/33/92 147/56/92 676/33/92
f 675/56/92 676/33/92 147/56/92
f 149/56/91 144/33/91 674/56/91
f 673/33/91 674/56/91 144/33/91
f 858/51/183 871/81/184 861/51/174
f 866/81/173 861/51/174 871/81/184
f 865/81/171 872/61/186 864/51/172
f 863/80/185 864/51/172 872/61/186
f 872/61/186 869/61/179 863/80/185
f 862/80/181 863/80/185 869/61/179
f 859/51/175 860/51/182 867/61/176
f 870/61/180 867/61/176 860/51/182
f 872/61/30 865/81/30 869/61/30
f 865/81/30 866/81/30 869/61/30
f 869/61/30 866/81/30 870/61/30
f 866/81/30 871/81/30 870/61/30
f 871/81/30 868/81/30 870/61/30
f 867/61/30 870/61/30 868/81/30
f 871/81/184 858/51/183 868/81/178
f 857/51/177 868/81/178 858/51/183
f 860/51/182 862/80/181 870/61/180
f 869/61/179 870/61/180 862/80/181
f 868/81/178 857/51/177 867/61/176
f 859/51/175 867/61/176 857/51/177
f 861/51/174 866/81/173 864/51/172
f 865/81/171 864/51/172 866/81/173
f 864/51/22 863/80/22 861/51/22
f 863/80/22 862/80/22 861/51/22
f 862/80/22 860/51/22 861/51/22
f 861/51/22 860/51/22 858/51/22
f 860/51/22 859/51/22 858/51/22
f 857/51/22 858/51/22 859/51/22
f 850/35/91 847/77/91 852/35/91
f 847/77/91 848/77/91 852/35/91
f 848/77/91 854/79/91 852/35/91
f 852/35/91 854/79/91 843/78/91
f 843/78/91 854/79/91 841/77/91
f 856/79/91 841/77/91 854/79/91
f 842/77/168 841/77/168 855/79/23
f 856/79/23 855/79/23 841/77/168
f 855/79/92 853/79/92 842/77/92
f 844/78/92 842/77/92 853/79/92
f 851/35/92 844/78/92 853/79/92
f 846/77/92 851/35/92 853/79/92
f 851/35/92 846/77/92 849/35/92
f 845/77/92 849/35/92 846/77/92
f 848/77/103 846/77/103 854/79/103
f 853/79/103 854/79/103 846/77/103
f 843/78/169 844/78/169 852/35/170
f 851/35/170 852/35/170 844/78/169
f 852/35/170 851/35/170 850/35/22
f 849/35/22 850/35/22 851/35/170
f 848/77/30 847/77/30 846/77/30
f 845/77/30 846/77/30 847/77/30
f 844/78/169 843/78/169 842/77/168
f 841/77/168 842/77/168 843/78/169
f 835/35/30 834/35/30 833/35/30
f 834/35/30 835/35/30 836/35/30
f 837/33/162 834/35/162 836/35/162
f 834/35/162 837/33/162 838/33/162
f 838/33/25 833/35/25 834/35/25
f 833/35/25 838/33/25 839/33/25
f 839/33/163 835/35/163 833/35/163
f 835/35/163 839/33/163 840/33/163
f 835/35/24 837/33/24 836/35/24
f 837/33/24 835/35/24 840/33/24
f 827/35/30 826/35/30 825/35/30
f 826/35/30 827/35/30 828/35/30
f 829/33/164 826/35/164 828/35/164
f 826/35/164 829/33/164 830/33/164
f 830/33/165 825/35/165 826/35/165
f 825/35/165 830/33/165 831/33/165
f 831/33/166 827/35/166 825/35/166
f 827/35/166 831/33/166 832/33/166
f 827/35/167 829/33/167 828/35/167
f 829/33/167 827/35/167 832/33/167
f 819/35/30 818/35/30 817/35/30
f 818/35/30 819/35/30 820/35/30
f 821/33/164 818/35/164 820/35/164
f 818/35/164 821/33/164 822/33/164
f 822/33/165 817/35/165 818/35/165
f 817/35/165 822/33/165 823/33/165
f 823/33/166 819/35/166 817/35/166
f 819/35/166 823/33/166 824/33/166
f 819/35/167 821/33/167 820/35/167
f 821/33/167 819/35/167 824/33/167
f 811/35/30 810/35/30 809/35/30
f 810/35/30 811/35/30 812/35/30
f 813/33/162 810/35/162 812/35/162
f 810/35/162 813/33/162 814/33/162
f 814/33/25 809/35/25 810/35/25
f 809/35/25 814/33/25 815/33/25
f 815/33/163 811/35/163 809/35/163
f 811/35/163 815/33/163 816/33/163
f 811/35/24 813/33/24 812/35/24
f 813/33/24 811/35/24 816/33/24
f 803/63/132 800/67/129 801/62/130
f 794/33/123 801/62/130 800/67/129
f 796/68/125 799/64/128 806/65/135
f 804/64/133 806/65/135 799/64/128
f 805/64/134 802/63/131 797/64/126
f 793/67/122 797/64/126 802/63/131
f 802/63/131 801/62/130 793/67/122
f 794/33/123 793/67/122 801/62/130
f 795/35/124 796/68/125 808/66/137
f 806/65/135 808/66/137 796/68/125
f 798/68/127 807/65/136 797/64/126
f 805/64/134 797/64/126 807/65/136
f 804/64/133 799/64/128 803/63/132
f 800/67/129 803/63/132 799/64/128
f 795/35/124 808/66/137 798/68/127
f 807/65/136 798/68/127 808/66/137
f 790/67/119 785/33/114 800/67/129
f 794/33/123 800/67/129 785/33/114
f 808/66/137 806/65/135 807/65/136
f 807/65/136 806/65/135 805/64/134
f 806/65/135 804/64/133 805/64/134
f 805/64/134 804/64/133 802/63/131
f 804/64/133 803/63/132 802/63/131
f 801/62/130 802/63/131 803/63/132
f 791/64/120 790/67/119 799/64/128
f 800/67/129 799/64/128 790/67/119
f 789/35/118 795/35/124 788/68/117
f 798/68/127 788/68/117 795/35/124
f 791/64/120 799/64/128 792/68/121
f 796/68/125 792/68/121 799/64/128
f 788/68/117 798/68/127 787/64/116
f 797/64/126 787/64/116 798/68/127
f 786/67/115 787/64/116 793/67/122
f 797/64/126 793/67/122 787/64/116
f 796/68/125 795/35/124 792/68/121
f 789/35/118 792/68/121 795/35/124
f 794/33/123 785/33/114 793/67/122
f 786/67/115 793/67/122 785/33/114
f 792/68/121 782/65/111 791/64/120
f 780/64/109 791/64/120 782/65/111
f 778/63/107 777/62/106 790/67/119
f 785/33/114 790/67/119 777/62/106
f 789/35/118 784/66/113 792/68/121
f 782/65/111 792/68/121 784/66/113
f 783/65/112 788/68/117 781/64/110
f 787/64/116 781/64/110 788/68/117
f 780/64/109 778/63/107 791/64/120
f 790/67/119 791/64/120 778/63/107
f 789/35/118 788/68/117 784/66/113
f 783/65/112 784/66/113 788/68/117
f 781/64/110 787/64/116 779/63/108
f 786/67/115 779/63/108 787/64/116
f 779/63/108 786/67/115 777/62/106
f 785/33/114 777/62/106 786/67/115
f 784/66/113 783/65/112 782/65/111
f 783/65/112 781/64/110 782/65/111
f 782/65/111 781/64/110 780/64/109
f 781/64/110 779/63/108 780/64/109
f 780/64/109 779/63/108 778/63/107
f 777/62/106 778/63/107 779/63/108
f 775/74/160 754/70/139 773/76/158
f 753/69/138 773/76/158 754/70/139
f 773/76/158 753/69/138 771/74/156
f 765/70/150 771/74/156 753/69/138
f 760/64/145 776/64/161 759/71/144
f 774/73/159 759/71/144 776/64/161
f 771/74/156 765/70/150 769/64/154
f 767/64/152 769/64/154 765/70/150
f 774/73/159 772/75/157 759/71/144
f 763/72/148 759/71/144 772/75/157
f 760/64/145 754/70/139 776/64/161
f 775/74/160 776/64/161 754/70/139
f 772/75/157 770/73/155 763/72/148
f 761/71/146 763/72/148 770/73/155
f 770/73/155 769/64/154 761/71/146
f 767/64/152 761/71/146 769/64/154
f 776/64/161 775/74/160 774/73/159
f 775/74/160 773/76/158 774/73/159
f 774/73/159 773/76/158 772/75/157
f 773/76/158 771/74/156 772/75/157
f 772/75/157 771/74/156 770/73/155
f 769/64/154 770/73/155 771/74/156
f 757/67/142 759/71/144 764/33/149
f 763/72/148 764/33/149 759/71/144
f 767/64/152 768/64/153 761/71/146
f 762/67/147 761/71/146 768/64/153
f 766/68/151 768/64/153 765/70/150
f 767/64/152 765/70/150 768/64/153
f 756/68/141 754/70/139 758/64/143
f 760/64/145 758/64/143 754/70/139
f 755/35/140 766/68/151 753/69/138
f 765/70/150 753/69/138 766/68/151
f 764/33/149 763/72/148 762/67/147
f 761/71/146 762/67/147 763/72/148
f 760/64/145 759/71/144 758/64/143
f 757/67/142 758/64/143 759/71/144
f 756/68/141 755/35/140 754/70/139
f 753/69/138 754/70/139 755/35/140
f 747/63/132 744/67/129 745/62/130
f 738/33/123 745/62/130 744/67/129
f 740/68/125 743/64/128 750/65/135
f 748/64/133 750/65/135 743/64/128
f 749/64/134 746/63/131 741/64/126
f 737/67/122 741/64/126 746/63/131
f 746/63/131 745/62/130 737/67/122
f 738/33/123 737/67/122 745/62/130
f 739/35/124 740/68/125 752/66/137
f 750/65/135 752/66/137 740/68/125
f 742/68/127 751/65/136 741/64/126
f 749/64/134 741/64/126 751/65/136
f 748/64/133 743/64/128 747/63/132
f 744/67/129 747/63/132 743/64/128
f 739/35/124 752/66/137 742/68/127
f 751/65/136 742/68/127 752/66/137
f 734/67/119 729/33/114 744/67/129
f 738/33/123 744/67/129 729/33/114
f 752/66/137 750/65/135 751/65/136
f 751/65/136 750/65/135 749/64/134
f 750/65/135 748/64/133 749/64/134
f 749/64/134 748/64/133 746/63/131
f 748/64/133 747/63/132 746/63/131
f 745/62/130 746/63/131 747/63/132
f 735/64/120 734/67/119 743/64/128
f 744/67/129 743/64/128 734/67/119
f 733/35/118 739/35/124 732/68/117
f 742/68/127 732/68/117 739/35/124
f 735/64/120 743/64/128 736/68/121
f 740/68/125 736/68/121 743/64/128
f 732/68/117 742/68/127 731/64/116
f 741/64/126 731/64/116 742/68/127
f 730/67/115 731/64/116 737/67/122
f 741/64/126 737/67/122 731/64/116
f 740/68/125 739/35/124 736/68/121
f 733/35/118 736/68/121 739/35/124
f 738/33/123 729/33/114 737/67/122
f 730/67/115 737/67/122 729/33/114
f 736/68/121 726/65/111 735/64/120
f 724/64/109 735/64/120 726/65/111
f 722/63/107 721/62/106 734/67/119
f 729/33/114 734/67/119 721/62/106
f 733/35/118 728/66/113 736/68/121
f 726/65/111 736/68/121 728/66/113
f 727/65/112 732/68/117 725/64/110
f 731/64/116 725/64/110 732/68/117
f 724/64/109 722/63/107 735/64/120
f 734/67/119 735/64/120 722/63/107
f 733/35/118 732/68/117 728/66/113
f 727/65/112 728/66/113 732/68/117
f 725/64/110 731/64/116 723/63/108
f 730/67/115 723/63/108 731/64/116
f 723/63/108 730/67/115 721/62/106
f 729/33/114 721/62/106 730/67/115
f 728/66/113 727/65/112 726/65/111
f 727/65/112 725/64/110 726/65/111
f 726/65/111 725/64/110 724/64/109
f 725/64/110 723/63/108 724/64/109
f 724/64/109 723/63/108 722/63/107
f 721/62/106 722/63/107 723/63/108
f 164/57/187 874/60/188 873/57/187
f 874/60/188 164/57/187 165/60/188
f 165/60/188 875/61/189 874/60/188
f 875/61/189 165/60/188 167/61/189
f 878/82/190 877/56/191 876/82/190
f 877/56/191 878/82/190 879/56/191
f 166/51/192 873/57/187 880/51/192
f 873/57/187 166/51/192 164/57/187
f 171/57/193 882/51/194 881/57/193
f 882/51/194 171/57/193 170/51/194
f 885/56/195 884/82/196 883/56/195
f 884/82/196 885/56/195 886/82/196
f 168/61/197 875/61/189 167/61/189
f 875/61/189 168/61/197 887/61/197
f 169/60/198 881/57/193 888/60/198
f 881/57/193 169/60/198 171/57/193
f 888/60/26 875/61/26 887/61/26
f 875/61/26 888/60/26 874/60/26
f 874/60/26 888/60/26 884/82/26
f 884/82/26 888/60/26 881/57/26
f 876/82/26 874/60/26 884/82/26
f 884/82/26 881/57/26 883/56/26
f 874/60/26 876/82/26 873/57/26
f 883/56/26 881/57/26 877/56/26
f 873/57/26 876/82/26 877/56/26
f 873/57/26 877/56/26 881/57/26
f 873/57/26 881/57/26 882/51/26
f 873/57/26 882/51/26 880/51/26
f 884/82/196 878/82/190 876/82/190
f 878/82/190 884/82/196 886/82/196
f 885/56/195 877/56/191 879/56/191
f 877/56/191 885/56/195 883/56/195
f 882/51/194 166/51/192 880/51/192
f 166/51/192 882/51/194 170/51/194
f 168/61/197 888/60/198 887/61/197
f 888/60/198 168/61/197 169/60/198
f 891/33/24 890/34/60 889/33/60
f 890/34/60 891/33/24 892/34/24
f 895/34/25 894/33/38 893/34/38
f 894/33/38 895/34/25 896/33/25
f 899/34/57 898/33/37 897/33/57
f 898/33/37 899/34/57 900/34/37
f 889/33/60 899/34/57 897/33/57
f 899/34/57 889/33/60 890/34/60
f 893/34/38 898/33/37 900/34/37
f 898/33/37 893/34/38 894/33/38
f 891/33/30 902/33/30 901/33/30
f 902/33/30 891/33/30 897/33/30
f 897/33/30 891/33/30 889/33/30
f 898/33/30 902/33/30 897/33/30
f 898/33/30 903/33/30 902/33/30
f 898/33/30 904/33/30 903/33/30
f 894/33/30 904/33/30 898/33/30
f 904/33/30 894/33/30 896/33/30
f 158/34/22 890/34/22 892/34/22
f 156/34/22 890/34/22 158/34/22
f 156/34/22 899/34/22 890/34/22
f 161/34/22 899/34/22 156/34/22
f 899/34/22 161/34/22 900/34/22
f 163/34/22 900/34/22 161/34/22
f 895/34/22 900/34/22 163/34/22
f 900/34/22 895/34/22 893/34/22
f 907/83/190 906/84/191 905/83/190
f 906/84/191 907/83/190 908/84/191
f 909/83/22 907/83/190 905/83/190
f 907/83/190 909/83/22 910/83/196
f 910/83/196 909/83/22 911/83/22
f 910/83/196 911/83/22 912/83/22
f 910/83/196 912/83/22 913/83/22
f 910/83/196 913/83/22 914/83/22
f 910/83/196 914/83/22 915/83/22
f 910/83/196 915/83/22 916/83/196
f 918/84/195 916/83/196 917/84/195
f 916/83/196 918/84/195 910/83/196
f 918/84/195 906/84/191 908/84/191
f 906/84/191 918/84/195 919/84/30
f 919/84/30 918/84/195 920/84/30
f 920/84/30 918/84/195 921/84/30
f 921/84/30 918/84/195 922/84/30
f 922/84/30 918/84/195 923/84/30
f 923/84/30 918/84/195 924/84/30
f 924/84/30 918/84/195 917/84/195
f 916/83/26 925/85/26 917/84/26
f 917/84/26 925/85/26 924/84/26
f 916/83/26 926/33/26 925/85/26
f 926/33/26 916/83/26 927/33/26
f 905/83/26 927/33/26 916/83/26
f 905/83/26 916/83/26 915/83/26
f 927/33/26 905/83/26 928/85/26
f 924/84/26 914/83/26 915/83/26
f 905/83/26 915/83/26 914/83/26
f 914/83/26 924/84/26 923/84/26
f 924/84/26 925/85/26 923/84/26
f 905/83/26 914/83/26 913/83/26
f 923/84/26 925/85/26 922/84/26
f 928/85/26 905/83/26 906/84/26
f 928/85/26 906/84/26 925/85/26
f 919/84/26 925/85/26 906/84/26
f 905/83/26 913/83/26 912/83/26
f 922/84/26 912/83/26 913/83/26
f 905/83/26 912/83/26 911/83/26
f 912/83/26 922/84/26 921/84/26
f 922/84/26 925/85/26 921/84/26
f 905/83/26 911/83/26 909/83/26
f 921/84/26 925/85/26 920/84/26
f 920/84/26 925/85/26 919/84/26
f 920/84/26 909/83/26 911/83/26
f 909/83/26 920/84/26 919/84/26
f 931/61/199 930/51/26 929/51/199
f 930/51/26 931/61/199 932/61/26
f 935/61/200 934/51/25 933/61/25
f 934/51/25 935/61/200 936/51/200
f 932/61/26 937/51/201 930/51/26
f 937/51/201 932/61/26 938/61/201
f 933/61/25 937/51/201 938/61/201
f 937/51/201 933/61/25 934/51/25
f 935/61/200 939/51/75 936/51/200
f 939/51/75 935/61/200 940/61/75
f 940/61/75 941/51/202 939/51/75
f 941/51/202 940/61/75 942/61/202
f 941/51/202 944/61/24 943/51/24
f 944/61/24 941/51/202 942/61/202
f 943/51/24 931/61/199 929/51/199
f 931/61/199 943/51/24 944/61/24
f 936/51/30 937/51/30 934/51/30
f 937/51/30 936/51/30 939/51/30
f 937/51/30 939/51/30 930/51/30
f 930/51/30 939/51/30 941/51/30
f 930/51/30 941/51/30 929/51/30
f 929/51/30 941/51/30 943/51/30
f 947/61/30 946/61/30 945/61/30
f 946/61/30 947/61/30 948/61/30
f 951/51/203 950/51/22 949/51/22
f 950/51/22 951/51/203 952/51/203
f 950/51/75 947/61/75 945/61/75
f 947/61/75 950/51/75 953/86/75
f 953/86/75 950/51/75 952/51/75
f 950/51/25 946/61/25 949/51/25
f 946/61/25 950/51/25 945/61/25
f 954/86/26 946/61/26 948/61/26
f 946/61/26 954/86/26 949/51/26
f 949/51/26 954/86/26 951/51/26
f 947/61/24 954/86/204 948/61/24
f 954/86/204 947/61/24 953/86/204
f 953/86/204 951/51/203 954/86/204
f 951/51/203 953/86/204 952/51/203
f 957/61/24 956/51/81 955/61/81
f 956/51/81 957/61/24 958/51/24
f 956/51/81 959/61/26 955/61/81
f 959/61/26 956/51/81 960/51/26
f 963/51/71 962/61/25 961/51/25
f 962/61/25 963/51/71 964/61/71
f 961/51/25 966/61/76 965/51/76
f 966/61/76 961/51/25 962/61/25
f 967/61/74 958/51/24 957/61/24
f 958/51/24 967/61/74 968/51/74
f 970/51/75 967/61/74 969/61/75
f 967/61/74 970/51/75 968/51/74
f 960/51/26 966/61/76 959/61/26
f 966/61/76 960/51/26 965/51/76
f 963/51/71 969/61/75 964/61/71
f 969/61/75 963/51/71 970/51/75
f 965/51/22 963/51/22 961/51/22
f 963/51/22 965/51/22 960/51/22
f 963/51/22 960/51/22 970/51/22
f 970/51/22 960/51/22 956/51/22
f 970/51/22 956/51/22 968/51/22
f 968/51/22 956/51/22 958/51/22
f 964/61/30 966/61/30 962/61/30
f 966/61/30 964/61/30 969/61/30
f 966/61/30 969/61/30 959/61/30
f 959/61/30 969/61/30 967/61/30
f 959/61/30 967/61/30 955/61/30
f 955/61/30 967/61/30 957/61/30
f 973/61/24 972/51/81 971/61/81
f 972/51/81 973/61/24 974/51/24
f 972/51/81 975/61/26 971/61/81
f 975/61/26 972/51/81 976/51/26
f 979/51/71 978/61/25 977/51/25
f 978/61/25 979/51/71 980/61/71
f 977/51/25 982/61/76 981/51/76
f 982/61/76 977/51/25 978/61/25
f 983/61/74 974/51/24 973/61/24
f 974/51/24 983/61/74 984/51/74
f 986/51/75 983/61/74 985/61/75
f 983/61/74 986/51/75 984/51/74
f 976/51/26 982/61/76 975/61/26
f 982/61/76 976/51/26 981/51/76
f 979/51/71 985/61/75 980/61/71
f 985/61/75 979/51/71 986/51/75
f 981/51/22 979/51/22 977/51/22
f 979/51/22 981/51/22 976/51/22
f 979/51/22 976/51/22 986/51/22
f 986/51/22 976/51/22 972/51/22
f 986/51/22 972/51/22 984/51/22
f 984/51/22 972/51/22 974/51/22
f 980/61/30 982/61/30 978/61/30
f 982/61/30 980/61/30 985/61/30
f 982/61/30 985/61/30 975/61/30
f 975/61/30 985/61/30 983/61/30
f 975/61/30 983/61/30 971/61/30
f 971/61/30 983/61/30 973/61/30
f 989/61/205 988/51/1 987/51/205
f 988/51/1 989/61/205 990/61/1
f 993/61/206 992/51/2 991/61/2
f 992/51/2 993/61/206 994/51/206
f 990/61/1 995/51/207 988/51/1
f 995/51/207 990/61/1 996/61/207
f 991/61/2 995/51/207 996/61/207
f 995/51/207 991/61/2 992/51/2
f 993/61/206 997/51/64 994/51/206
f 997/51/64 993/61/206 998/61/64
f 998/61/64 999/51/208 997/51/64
f 999/51/208 998/61/64 1000/61/208
f 999/51/208 1002/61/9 1001/51/9
f 1002/61/9 999/51/208 1000/61/208
f 1001/51/9 989/61/205 987/51/205
f 989/61/205 1001/51/9 1002/61/9
f 994/51/30 995/51/30 992/51/30
f 995/51/30 994/51/30 997/51/30
f 995/51/30 997/51/30 988/51/30
f 988/51/30 997/51/30 999/51/30
f 988/51/30 999/51/30 987/51/30
f 987/51/30 999/51/30 1001/51/30
f 1005/61/30 1004/61/30 1003/61/30
f 1004/61/30 1005/61/30 1006/61/30
f 1009/51/209 1008/51/22 1007/51/22
f 1008/51/22 1009/51/209 1010/51/209
f 1008/51/64 1005/61/64 1003/61/64
f 1005/61/64 1008/51/64 1011/86/64
f 1011/86/64 1008/51/64 1010/51/64
f 1008/51/2 1004/61/2 1007/51/2
f 1004/61/2 1008/51/2 1003/61/2
f 1012/86/1 1004/61/1 1006/61/1
f 1004/61/1 1012/86/1 1007/51/1
f 1007/51/1 1012/86/1 1009/51/1
f 1005/61/9 1012/86/210 1006/61/9
f 1012/86/210 1005/61/9 1011/86/210
f 1011/86/210 1009/51/209 1012/86/210
f 1009/51/209 1011/86/210 1010/51/209
f 1015/61/212 1014/51/211 1013/61/211
f 1014/51/211 1015/61/212 1016/51/212
f 1014/51/211 1017/61/213 1013/61/211
f 1017/61/213 1014/51/211 1018/51/213
f 1021/51/215 1020/61/214 1019/51/214
f 1020/61/214 1021/51/215 1022/61/215
f 1019/51/214 1024/61/216 1023/51/216
f 1024/61/216 1019/51/214 1020/61/214
f 1025/61/217 1016/51/212 1015/61/212
f 1016/51/212 1025/61/217 1026/51/217
f 1028/51/218 1025/61/217 1027/61/218
f 1025/61/217 1028/51/218 1026/51/217
f 1018/51/213 1024/61/216 1017/61/213
f 1024/61/216 1018/51/213 1023/51/216
f 1021/51/215 1027/61/218 1022/61/215
f 1027/61/218 1021/51/215 1028/51/218
f 1023/51/22 1021/51/22 1019/51/22
f 1021/51/22 1023/51/22 1018/51/22
f 1021/51/22 1018/51/22 1028/51/22
f 1028/51/22 1018/51/22 1014/51/22
f 1028/51/22 1014/51/22 1026/51/22
f 1026/51/22 1014/51/22 1016/51/22
f 1022/61/30 1024/61/30 1020/61/30
f 1024/61/30 1022/61/30 1027/61/30
f 1024/61/30 1027/61/30 1017/61/30
f 1017/61/30 1027/61/30 1025/61/30
f 1017/61/30 1025/61/30 1013/61/30
f 1013/61/30 1025/61/30 1015/61/30
f 1031/61/212 1030/51/211 1029/61/211
f 1030/51/211 1031/61/212 1032/51/212
f 1030/51/211 1033/61/213 1029/61/211
f 1033/61/213 1030/51/211 1034/51/213
f 1037/51/215 1036/61/214 1035/51/214
f 1036/61/214 1037/51/215 1038/61/215
f 1035/51/214 1040/61/216 1039/51/216
f 1040/61/216 1035/51/214 1036/61/214
f 1041/61/217 1032/51/212 1031/61/212
f 1032/51/212 1041/61/217 1042/51/217
f 1044/51/218 1041/61/217 1043/61/218
f 1041/61/217 1044/51/218 1042/51/217
f 1034/51/213 1040/61/216 1033/61/213
f 1040/61/216 1034/51/213 1039/51/216
f 1037/51/215 1043/61/218 1038/61/215
f 1043/61/218 1037/51/215 1044/51/218
f 1039/51/22 1037/51/22 1035/51/22
f 1037/51/22 1039/51/22 1034/51/22
f 1037/51/22 1034/51/22 1044/51/22
f 1044/51/22 1034/51/22 1030/51/22
f 1044/51/22 1030/51/22 1042/51/22
f 1042/51/22 1030/51/22 1032/51/22
f 1038/61/30 1040/61/30 1036/61/30
f 1040/61/30 1038/61/30 1043/61/30
f 1040/61/30 1043/61/30 1033/61/30
f 1033/61/30 1043/61/30 1041/61/30
f 1033/61/30 1041/61/30 1029/61/30
f 1029/61/30 1041/61/30 1031/61/30
f 1047/61/199 1046/87/26 1045/87/199
f 1046/87/26 1047/61/199 1048/61/26
f 1051/61/200 1050/87/25 1049/61/25
f 1050/87/25 1051/61/200 1052/87/200
f 1048/61/26 1053/87/201 1046/87/26
f 1053/87/201 1048/61/26 1054/61/201
f 1049/61/25 1053/87/201 1054/61/201
f 1053/87/201 1049/61/25 1050/87/25
f 1051/61/200 1055/87/75 1052/87/200
f 1055/87/75 1051/61/200 1056/61/75
f 1056/61/75 1057/87/202 1055/87/75
f 1057/87/202 1056/61/75 1058/61/202
f 1057/87/202 1060/61/24 1059/87/24
f 1060/61/24 1057/87/202 1058/61/202
f 1059/87/24 1047/61/199 1045/87/199
f 1047/61/199 1059/87/24 1060/61/24
f 1052/87/30 1053/87/30 1050/87/30
f 1053/87/30 1052/87/30 1055/87/30
f 1053/87/30 1055/87/30 1046/87/30
f 1046/87/30 1055/87/30 1057/87/30
f 1046/87/30 1057/87/30 1045/87/30
f 1045/87/30 1057/87/30 1059/87/30
f 1063/61/30 1062/61/30 1061/61/30
f 1062/61/30 1063/61/30 1064/61/30
f 1067/51/203 1066/51/22 1065/51/22
f 1066/51/22 1067/51/203 1068/51/203
f 1066/51/75 1063/61/75 1061/61/75
f 1063/61/75 1066/51/75 1069/86/75
f 1069/86/75 1066/51/75 1068/51/75
f 1066/51/25 1062/61/25 1065/51/25
f 1062/61/25 1066/51/25 1061/61/25
f 1070/86/26 1062/61/26 1064/61/26
f 1062/61/26 1070/86/26 1065/51/26
f 1065/51/26 1070/86/26 1067/51/26
f 1063/61/24 1070/86/204 1064/61/24
f 1070/86/204 1063/61/24 1069/86/204
f 1069/86/204 1067/51/203 1070/86/204
f 1067/51/203 1069/86/204 1068/51/203
f 1073/61/24 1072/51/81 1071/61/81
f 1072/51/81 1073/61/24 1074/51/24
f 1072/51/81 1075/61/26 1071/61/81
f 1075/61/26 1072/51/81 1076/51/26
f 1079/51/71 1078/61/25 1077/51/25
f 1078/61/25 1079/51/71 1080/61/71
f 1077/51/25 1082/61/76 1081/51/76
f 1082/61/76 1077/51/25 1078/61/25
f 1083/61/74 1074/51/24 1073/61/24
f 1074/51/24 1083/61/74 1084/51/74
f 1086/51/75 1083/61/74 1085/61/75
f 1083/61/74 1086/51/75 1084/51/74
f 1076/51/26 1082/61/76 1075/61/26
f 1082/61/76 1076/51/26 1081/51/76
f 1079/51/71 1085/61/75 1080/61/71
f 1085/61/75 1079/51/71 1086/51/75
f 1081/51/22 1079/51/22 1077/51/22
f 1079/51/22 1081/51/22 1076/51/22
f 1079/51/22 1076/51/22 1086/51/22
f 1086/51/22 1076/51/22 1072/51/22
f 1086/51/22 1072/51/22 1084/51/22
f 1084/51/22 1072/51/22 1074/51/22
f 1080/61/30 1082/61/30 1078/61/30
f 1082/61/30 1080/61/30 1085/61/30
f 1082/61/30 1085/61/30 1075/61/30
f 1075/61/30 1085/61/30 1083/61/30
f 1075/61/30 1083/61/30 1071/61/30
f 1071/61/30 1083/61/30 1073/61/30
f 1089/61/24 1088/51/81 1087/61/81
f 1088/51/81 1089/61/24 1090/51/24
f 1088/51/81 1091/61/26 1087/61/81
f 1091/61/26 1088/51/81 1092/51/26
f 1095/51/71 1094/61/25 1093/51/25
f 1094/61/25 1095/51/71 1096/61/71
f 1093/51/25 1098/61/76 1097/51/76
f 1098/61/76 1093/51/25 1094/61/25
f 1099/61/74 1090/51/24 1089/61/24
f 1090/51/24 1099/61/74 1100/51/74
f 1102/51/75 1099/61/74 1101/61/75
f 1099/61/74 1102/51/75 1100/51/74
f 1092/51/26 1098/61/76 1091/61/26
f 1098/61/76 1092/51/26 1097/51/76
f 1095/51/71 1101/61/75 1096/61/71
f 1101/61/75 1095/51/71 1102/51/75
f 1097/51/22 1095/51/22 1093/51/22
f 1095/51/22 1097/51/22 1092/51/22
f 1095/51/22 1092/51/22 1102/51/22
f 1102/51/22 1092/51/22 1088/51/22
f 1102/51/22 1088/51/22 1100/51/22
f 1100/51/22 1088/51/22 1090/51/22
f 1096/61/30 1098/61/30 1094/61/30
f 1098/61/30 1096/61/30 1101/61/30
f 1098/61/30 1101/61/30 1091/61/30
f 1091/61/30 1101/61/30 1099/61/30
f 1091/61/30 1099/61/30 1087/61/30
f 1087/61/30 1099/61/30 1089/61/30
f 1145/61/24 1146/51/24 1148/61/81
f 1150/51/81 1148/61/81 1146/51/24
f 1147/61/30 1143/61/30 1148/61/30
f 1145/61/30 1148/61/30 1143/61/30
f 1144/51/22 1149/51/22 1146/51/22
f 1150/51/22 1146/51/22 1149/51/22
f 1144/51/25 1143/61/25 1149/51/76
f 1147/61/76 1149/51/76 1143/61/25
f 1150/51/81 1149/51/76 1148/61/81
f 1147/61/76 1148/61/81 1149/51/76
f 1146/51/75 1145/61/75 1144/51/75
f 1143/61/75 1144/51/75 1145/61/75
f 1139/35/26 1141/35/26 1136/33/26
f 1138/33/26 1136/33/26 1141/35/26
f 1142/35/196 1141/35/196 1140/35/190
f 1139/35/190 1140/35/190 1141/35/196
f 1142/35/196 1137/33/195 1141/35/196
f 1138/33/195 1141/35/196 1137/33/195
f 1135/33/191 1140/35/190 1136/33/191
f 1139/35/190 1136/33/191 1140/35/190
f 1138/33/195 1137/33/195 1136/33/191
f 1135/33/191 1136/33/191 1137/33/195
f 1134/50/195 1131/58/196 183/50/195
f 183/50/195 1131/58/196 181/59/25
f 181/59/25 1131/58/196 179/60/25
f 176/58/196 179/60/25 1131/58/196
f 182/50/191 1133/50/191 183/50/195
f 1134/50/195 183/50/195 1133/50/191
f 1132/58/190 1133/50/191 173/58/190
f 173/58/190 1133/50/191 178/60/24
f 178/60/24 1133/50/191 180/59/24
f 182/50/191 180/59/24 1133/50/191
f 1132/58/190 173/58/190 1131/58/196
f 176/58/196 1131/58/196 173/58/190
f 1117/33/30 1130/33/30 1106/33/30
f 1106/33/30 1130/33/30 174/33/30
f 174/33/30 1130/33/30 172/33/30
f 172/33/30 1123/33/30 1103/33/30
f 172/33/30 1130/33/30 1123/33/30
f 1123/33/30 1130/33/30 1108/33/30
f 1110/33/30 1108/33/30 1130/33/30
f 1128/51/192 1116/57/187 1119/51/192
f 1115/57/187 1119/51/192 1116/57/187
f 1129/57/193 1127/51/194 1118/57/193
f 1120/51/194 1118/57/193 1127/51/194
f 1126/34/24 1129/57/193 1121/34/24
f 1118/57/193 1121/34/24 1129/57/193
f 1128/51/192 1119/51/192 1127/51/194
f 1120/51/194 1127/51/194 1119/51/192
f 1126/34/22 1121/34/22 1125/34/22
f 1121/34/22 1122/34/22 1125/34/22
f 1125/34/22 1122/34/22 1124/34/22
f 1122/34/22 1107/34/22 1124/34/22
f 1109/34/22 1124/34/22 1107/34/22
f 1108/33/60 1107/34/60 1123/33/57
f 1122/34/57 1123/33/57 1107/34/60
f 1123/33/57 1122/34/57 1103/33/26
f 1121/34/26 1103/33/26 1122/34/57
f 1103/33/26 1121/34/26 1104/56/26
f 1118/57/26 1104/56/26 1121/34/26
f 1120/51/26 1119/51/26 1118/57/26
f 1119/51/26 1115/57/26 1118/57/26
f 1115/57/26 1104/56/26 1118/57/26
f 1104/56/26 1115/57/26 1105/56/26
f 1115/57/26 1111/34/26 1105/56/26
f 1105/56/26 1111/34/26 1106/33/26
f 1111/34/26 1113/34/26 1106/33/26
f 1117/33/26 1106/33/26 1113/34/26
f 1116/57/187 1112/34/25 1115/57/187
f 1111/34/25 1115/57/187 1112/34/25
f 1114/34/22 1113/34/22 1112/34/22
f 1111/34/22 1112/34/22 1113/34/22
f 1110/33/24 1109/34/24 1108/33/60
f 1107/34/60 1108/33/60 1109/34/24
f 1105/56/30 175/56/30 1104/56/30
f 177/56/30 1104/56/30 175/56/30
f 174/33/24 175/56/24 1106/33/24
f 1105/56/24 1106/33/24 175/56/24
f 177/56/25 172/33/25 1104/56/25
f 1103/33/25 1104/56/25 172/33/25
f 1153/34/219 1152/57/220 1151/34/219
f 1152/57/220 1153/34/219 1154/57/220
f 1151/34/22 1155/34/22 1153/34/22
f 1155/34/22 1151/34/22 1156/34/22
f 1159/34/22 1158/34/22 1157/34/22
f 1158/34/22 1159/34/22 1160/34/22
f 1163/33/30 1162/33/30 1161/33/30
f 1162/33/30 1163/33/30 185/33/30
f 1164/33/30 1162/33/30 185/33/30
f 185/33/30 1163/33/30 184/33/30
f 184/33/30 1163/33/30 1165/33/30
f 1165/33/30 1163/33/30 1166/33/30
f 1169/51/221 1168/51/222 1167/51/221
f 1168/51/222 1169/51/221 1170/51/222
f 1172/57/223 1160/34/224 1171/57/223
f 1160/34/224 1172/57/223 1158/34/224
f 1154/57/220 1170/51/222 1152/57/220
f 1170/51/222 1154/57/220 1168/51/222
f 1167/51/221 1171/57/223 1169/51/221
f 1171/57/223 1167/51/221 1172/57/223
f 1156/34/27 1165/33/27 1166/33/27
f 1165/33/27 1156/34/27 1151/34/27
f 1165/33/27 1151/34/27 1173/56/27
f 1173/56/27 1151/34/27 1152/57/27
f 1173/56/27 1152/57/27 1174/56/27
f 1171/57/27 1174/56/27 1152/57/27
f 1171/57/27 1152/57/27 1170/51/27
f 1171/57/27 1170/51/27 1169/51/27
f 1160/34/27 1174/56/27 1171/57/27
f 1174/56/27 1160/34/27 1164/33/27
f 1159/34/27 1164/33/27 1160/34/27
f 1164/33/27 1159/34/27 1162/33/27
f 186/56/30 1174/56/30 187/56/30
f 1174/56/30 186/56/30 1173/56/30
f 185/33/219 1174/56/219 1164/33/219
f 1174/56/219 185/33/219 187/56/219
f 186/56/224 1165/33/224 1173/56/224
f 1165/33/224 186/56/224 184/33/224
f 1177/33/226 1176/33/225 1175/33/225
f 1176/33/225 1177/33/226 1178/33/226
f 1180/35/227 1176/33/225 1179/35/227
f 1176/33/225 1180/35/227 1175/33/225
f 1177/33/226 1181/35/228 1178/33/226
f 1181/35/228 1177/33/226 1182/35/228
f 1181/35/228 1180/35/227 1179/35/227
f 1180/35/227 1181/35/228 1182/35/228
f 1181/35/27 1176/33/27 1178/33/27
f 1176/33/27 1181/35/27 1179/35/27
f 1185/61/229 1184/51/229 1183/61/229
f 1184/51/229 1185/61/229 1186/51/229
f 1189/51/71 1188/61/74 1187/61/71
f 1188/61/74 1189/51/71 1190/51/74
f 1183/61/219 1189/51/71 1187/61/71
f 1189/51/71 1183/61/219 1184/51/219
f 1189/51/22 1186/51/22 1190/51/22
f 1186/51/22 1189/51/22 1184/51/22
f 1183/61/30 1188/61/30 1185/61/30
f 1188/61/30 1183/61/30 1187/61/30
f 1186/51/224 1188/61/74 1190/51/74
f 1188/61/74 1186/51/224 1185/61/224
f 1229/61/24 1230/51/24 1232/61/81
f 1234/51/81 1232/61/81 1230/51/24
f 1231/61/30 1227/61/30 1232/61/30
f 1229/61/30 1232/61/30 1227/61/30
f 1228/51/22 1233/51/22 1230/51/22
f 1234/51/22 1230/51/22 1233/51/22
f 1228/51/25 1227/61/25 1233/51/76
f 1231/61/76 1233/51/76 1227/61/25
f 1234/51/81 1233/51/76 1232/61/81
f 1231/61/76 1232/61/81 1233/51/76
f 1230/51/75 1229/61/75 1228/51/75
f 1227/61/75 1228/51/75 1229/61/75
f 1208/33/30 1209/33/30 1210/33/30
f 1210/33/30 1209/33/30 1196/33/30
f 1196/33/30 1209/33/30 1198/33/30
f 1198/33/30 1209/33/30 1193/33/30
f 1193/33/30 1220/33/30 1191/33/30
f 1193/33/30 1209/33/30 1220/33/30
f 1220/33/30 1209/33/30 1222/33/30
f 1224/33/30 1222/33/30 1209/33/30
f 1221/34/22 1223/34/22 1219/34/22
f 1226/34/22 1219/34/22 1223/34/22
f 1225/34/22 1219/34/22 1226/34/22
f 1219/34/22 1225/34/22 1212/34/22
f 1214/34/22 1212/34/22 1225/34/22
f 1222/33/60 1221/34/60 1220/33/57
f 1219/34/57 1220/33/57 1221/34/60
f 1224/33/24 1223/34/24 1222/33/60
f 1221/34/60 1222/33/60 1223/34/24
f 1220/33/57 1219/34/57 1191/33/26
f 1212/34/26 1191/33/26 1219/34/57
f 1191/33/26 1212/34/26 1192/56/26
f 1211/57/26 1192/56/26 1212/34/26
f 1215/51/26 1217/51/26 1211/57/26
f 1217/51/26 1206/57/26 1211/57/26
f 1206/57/26 1192/56/26 1211/57/26
f 1192/56/26 1206/57/26 1195/56/26
f 1206/57/26 1199/34/26 1195/56/26
f 1195/56/26 1199/34/26 1196/33/26
f 1199/34/26 1201/34/37 1196/33/26
f 1210/33/37 1196/33/26 1201/34/37
f 1218/51/192 1207/57/187 1217/51/192
f 1206/57/187 1217/51/192 1207/57/187
f 1213/57/193 1216/51/194 1211/57/193
f 1215/51/194 1211/57/193 1216/51/194
f 1218/51/192 1217/51/192 1216/51/194
f 1215/51/194 1216/51/194 1217/51/192
f 1214/34/24 1213/57/193 1212/34/24
f 1211/57/193 1212/34/24 1213/57/193
f 1205/34/38 1208/33/38 1201/34/37
f 1210/33/37 1201/34/37 1208/33/38
f 1204/34/25 1209/33/25 1205/34/38
f 1208/33/38 1205/34/38 1209/33/25
f 1207/57/187 1200/34/25 1206/57/187
f 1199/34/25 1206/57/187 1200/34/25
f 1205/34/22 1201/34/22 1204/34/22
f 1204/34/22 1201/34/22 1203/34/22
f 1203/34/22 1201/34/22 1202/34/22
f 1202/34/22 1201/34/22 1200/34/22
f 1199/34/22 1200/34/22 1201/34/22
f 1195/56/30 1197/56/30 1192/56/30
f 1194/56/30 1192/56/30 1197/56/30
f 1198/33/24 1197/56/24 1196/33/24
f 1195/56/24 1196/33/24 1197/56/24
f 1194/56/25 1193/33/25 1192/56/25
f 1191/33/25 1192/56/25 1193/33/25
f 1235/88/4 1236/88/4 204/89/4
f 208/89/9 1238/88/9 1237/88/9
f 1239/91/26 215/90/26 216/90/26
f 215/90/26 1239/91/26 1240/91/26
f 1241/91/26 223/90/26 224/90/26
f 223/90/26 1241/91/26 1242/91/26
f 1245/91/40 252/90/40 1243/91/40
f 251/90/40 1243/91/40 252/90/40
f 1244/91/39 1243/91/39 250/90/39
f 251/90/39 250/90/39 1243/91/39
f 1246/91/21 259/90/21 260/90/21
f 259/90/21 1246/91/21 1247/91/21
f 1248/91/43 276/90/43 277/90/43
f 276/90/43 1248/91/43 1249/91/43
f 1252/91/22 1251/91/22 1250/91/22
f 1251/91/22 1252/91/22 1253/91/22
f 1256/91/2 343/90/2 1254/91/2
f 342/90/2 1254/91/2 343/90/2
f 1255/91/1 1254/91/1 341/90/1
f 342/90/1 341/90/1 1254/91/1
f 659/91/43 356/90/43 357/90/43
f 356/90/43 659/91/43 662/91/43
f 696/90/23 695/90/23 699/92/23
f 1257/91/23 699/92/23 695/90/23
f 697/93/23 699/92/23 1257/91/23
f 1259/91/23 697/93/23 1257/91/23
f 697/93/23 1259/91/23 698/93/23
f 698/93/23 1259/91/23 686/92/23
f 686/92/23 1259/91/23 682/90/23
f 684/90/23 682/90/23 1259/91/23
f 694/90/92 1258/91/92 695/90/92
f 1257/91/92 695/90/92 1258/91/92
f 1126/90/26 1125/90/26 1129/92/26
f 1260/91/26 1129/92/26 1125/90/26
f 1127/93/26 1129/92/26 1260/91/26
f 1262/91/26 1127/93/26 1260/91/26
f 1127/93/26 1262/91/26 1128/93/26
f 1128/93/26 1262/91/26 1116/92/26
f 1116/92/26 1262/91/26 1112/90/26
f 1114/90/26 1112/90/26 1262/91/26
f 1124/90/24 1261/91/24 1125/90/24
f 1260/91/24 1125/90/24 1261/91/24
f 1263/91/27 1153/90/27 1155/90/27
f 1153/90/27 1263/91/27 1154/92/27
f 1154/92/27 1263/91/27 1264/93/27
f 1168/93/27 1154/92/27 1264/93/27
f 1264/93/27 1263/91/27 1168/93/27
f 1168/93/27 1263/91/27 1167/93/27
f 1167/93/27 1263/91/27 1265/93/27
f 1266/91/27 1265/93/27 1263/91/27
f 1265/93/27 1172/92/27 1167/93/27
f 1266/91/27 1172/92/27 1265/93/27
f 1157/90/27 1172/92/27 1266/91/27
f 1172/92/27 1157/90/27 1158/90/27
f 1226/90/24 1270/91/24 1225/90/24
f 1269/91/24 1225/90/24 1270/91/24
f 1214/90/26 1225/90/26 1213/92/26
f 1269/91/26 1213/92/26 1225/90/26
f 1216/93/26 1213/92/26 1269/91/26
f 1267/91/26 1216/93/26 1269/91/26
f 1216/93/26 1267/91/26 1218/93/26
f 1218/93/26 1267/91/26 1207/92/26
f 1207/92/26 1267/91/26 1200/90/26
f 1202/90/26 1200/90/26 1267/91/26
f 1268/91/25 1203/90/25 1267/91/25
f 1202/90/25 1267/91/25 1203/90/25
f 1277/97/236 1300/101/260 1275/96/234
f 1299/102/259 1275/96/234 1300/101/260
f 1302/95/261 1288/99/247 1274/95/233
f 1273/94/232 1274/95/233 1288/99/247
f 1301/101/258 1302/95/261 1280/97/239
f 1274/95/233 1280/97/239 1302/95/261
f 1300/101/260 1277/97/236 1287/95/246
f 1284/95/243 1287/95/246 1277/97/236
f 1286/99/245 1285/94/244 1289/100/248
f 1282/98/241 1289/100/248 1285/94/244
f 1299/102/259 1301/101/258 1275/96/234
f 1280/97/239 1275/96/234 1301/101/258
f 1291/100/13 1295/99/13 1290/99/13
f 1290/99/13 1295/99/13 1292/95/13
f 1295/99/13 1297/95/13 1292/95/13
f 1292/95/13 1297/95/13 1293/101/13
f 1297/95/13 1298/101/13 1293/101/13
f 1294/102/13 1293/101/13 1298/101/13
f 1296/94/255 1295/99/254 1281/98/240
f 1291/100/250 1281/98/240 1295/99/254
f 1279/97/238 1272/95/231 1293/101/252
f 1292/95/251 1293/101/252 1272/95/231
f 1298/101/257 1278/97/237 1294/102/253
f 1276/96/235 1294/102/253 1278/97/237
f 1289/100/17 1288/99/17 1286/99/17
f 1286/99/17 1288/99/17 1287/95/17
f 1288/99/17 1302/95/17 1287/95/17
f 1287/95/17 1302/95/17 1300/101/17
f 1302/95/17 1301/101/17 1300/101/17
f 1299/102/17 1300/101/17 1301/101/17
f 1284/95/243 1283/95/242 1285/94/244
f 1296/94/255 1285/94/244 1283/95/242
f 1285/94/244 1296/94/255 1282/98/241
f 1281/98/240 1282/98/241 1296/94/255
f 1278/97/237 1298/101/257 1283/95/242
f 1297/95/256 1283/95/242 1298/101/257
f 1283/95/242 1297/95/256 1296/94/255
f 1295/99/254 1296/94/255 1297/95/256
f 1294/102/253 1276/96/235 1293/101/252
f 1279/97/238 1293/101/252 1276/96/235
f 1272/95/231 1271/94/230 1292/95/251
f 1290/99/249 1292/95/251 1271/94/230
f 1291/100/250 1290/99/249 1281/98/240
f 1271/94/230 1281/98/240 1290/99/249
f 1289/100/248 1282/98/241 1288/99/247
f 1273/94/232 1288/99/247 1282/98/241
f 1287/95/246 1284/95/243 1286/99/245
f 1285/94/244 1286/99/245 1284/95/243
f 1276/96/235 1275/96/234 1279/97/238
f 1280/97/239 1279/97/238 1275/96/234
f 1277/97/236 1278/97/237 1284/95/243
f 1283/95/242 1284/95/243 1278/97/237
f 1282/98/241 1281/98/240 1273/94/232
f 1271/94/230 1273/94/232 1281/98/240
f 1280/97/239 1274/95/233 1279/97/238
f 1272/95/231 1279/97/238 1274/95/233
f 1278/97/237 1277/97/236 1276/96/235
f 1275/96/234 1276/96/235 1277/97/236
f 1274/95/233 1273/94/232 1272/95/231
f 1271/94/230 1272/95/231 1273/94/232

usemtl colormap-specular

f 71/103/20 64/104/20 65/103/20
f 64/104/20 71/103/20 62/104/20
f 704/106/23 703/106/23 701/105/23
f 702/105/23 701/105/23 703/106/23
f 918/108/26 907/107/26 910/107/26
f 907/107/26 918/108/26 908/108/26
f 1134/106/26 1133/106/26 1131/105/26
f 1132/105/26 1131/105/26 1133/106/26

g building-r




usemtl colormap

f 6/2/2 5/1/2 3/2/2
f 1/1/2 3/2/2 5/1/2
f 4/2/1 3/2/1 2/1/1
f 1/1/1 2/1/1 3/2/1
f 12/7/5 11/6/5 16/7/7
f 15/6/7 16/7/7 11/6/5
f 9/4/3 13/8/6 7/3/3
f 14/9/6 7/3/3 13/8/6
f 14/9/6 13/8/6 12/7/5
f 11/6/5 12/7/5 13/8/6
f 10/5/4 9/4/3 8/2/4
f 7/3/3 8/2/4 9/4/3
f 19/4/8 18/2/9 17/3/8
f 18/2/9 19/4/8 20/5/9
f 23/8/11 22/7/10 21/6/10
f 22/7/10 23/8/11 24/9/11
f 23/8/11 17/3/8 24/9/11
f 17/3/8 23/8/11 19/4/8
f 21/6/10 26/7/12 25/6/12
f 26/7/12 21/6/10 22/7/10
f 29/2/13 28/1/13 27/1/13
f 28/1/13 29/2/13 30/2/13
f 5/1/14 29/2/14 27/1/14
f 29/2/14 5/1/14 6/2/14
f 36/2/16 35/1/16 33/2/16
f 31/1/16 33/2/16 35/1/16
f 34/2/15 33/2/15 32/1/15
f 31/1/15 32/1/15 33/2/15
f 42/2/4 41/1/4 39/2/4
f 37/1/4 39/2/4 41/1/4
f 40/2/13 39/2/13 38/1/13
f 37/1/13 38/1/13 39/2/13
f 48/2/2 47/1/2 45/2/2
f 43/1/2 45/2/2 47/1/2
f 46/2/1 45/2/1 44/1/1
f 43/1/1 44/1/1 45/2/1
f 51/2/13 50/1/13 49/1/13
f 50/1/13 51/2/13 52/2/13
f 47/1/14 51/2/14 49/1/14
f 51/2/14 47/1/14 48/2/14
f 55/10/4 54/11/4 53/10/4
f 54/11/4 55/10/4 56/11/4
f 58/12/13 54/11/13 57/11/13
f 54/11/13 58/12/13 53/10/13
f 55/10/17 59/11/17 56/11/17
f 59/11/17 55/10/17 60/12/17
f 59/11/14 58/12/14 57/11/14
f 58/12/14 59/11/14 60/12/14
f 63/13/18 62/14/18 61/13/18
f 62/14/18 63/13/18 64/14/18
f 64/14/13 66/16/13 65/15/13
f 66/16/13 64/14/13 67/17/13
f 67/17/13 64/14/13 68/18/13
f 68/18/13 64/14/13 69/19/13
f 69/19/13 64/14/13 70/20/13
f 70/20/13 64/14/13 63/13/13
f 65/15/19 72/16/19 71/15/19
f 72/16/19 65/15/19 66/16/19
f 72/16/17 62/14/17 71/15/17
f 62/14/17 72/16/17 73/17/17
f 62/14/17 73/17/17 74/18/17
f 62/14/17 74/18/17 75/19/17
f 62/14/17 75/19/17 76/20/17
f 62/14/17 76/20/17 61/13/17
f 78/22/20 66/16/20 77/21/20
f 66/16/20 78/22/20 79/22/20
f 79/22/20 72/16/20 66/16/20
f 72/16/20 79/22/20 80/21/20
f 72/16/20 80/21/20 73/17/20
f 77/21/20 66/16/20 67/17/20
f 74/18/20 67/17/20 73/17/20
f 73/17/20 80/21/20 74/18/20
f 67/17/20 74/18/20 68/18/20
f 77/21/20 67/17/20 68/18/20
f 74/18/20 80/21/20 75/19/20
f 77/21/20 68/18/20 69/19/20
f 76/20/20 69/19/20 75/19/20
f 75/19/20 80/21/20 76/20/20
f 69/19/20 76/20/20 70/20/20
f 77/21/20 69/19/20 70/20/20
f 76/20/20 80/21/20 61/13/20
f 77/21/20 70/20/20 63/13/20
f 61/13/20 80/21/20 63/13/20
f 77/21/20 63/13/20 80/21/20
f 60/12/20 82/22/20 81/21/20
f 60/12/20 81/21/20 83/23/20
f 55/10/20 82/22/20 60/12/20
f 82/22/20 55/10/20 84/24/20
f 55/10/20 85/24/20 84/24/20
f 53/10/20 85/24/20 55/10/20
f 85/24/20 53/10/20 86/22/20
f 60/12/20 83/23/20 58/12/20
f 86/22/20 53/10/20 58/12/20
f 87/23/20 58/12/20 83/23/20
f 86/22/20 58/12/20 88/21/20
f 88/21/20 58/12/20 87/23/20
f 91/2/21 90/1/21 89/1/21
f 90/1/21 91/2/21 92/2/21
f 95/2/21 94/1/21 93/1/21
f 94/1/21 95/2/21 96/2/21
f 99/25/22 98/25/22 97/25/22
f 98/25/22 99/25/22 100/25/22
f 103/25/22 102/25/22 101/25/22
f 102/25/22 103/25/22 104/25/22
f 107/25/22 106/25/22 105/25/22
f 106/25/22 107/25/22 108/25/22
f 111/25/22 110/25/22 109/25/22
f 110/25/22 111/25/22 112/25/22
f 116/25/22 115/25/22 114/25/22
f 113/25/22 114/25/22 115/25/22
f 119/25/22 118/25/22 117/25/22
f 118/25/22 119/25/22 120/25/22
f 123/25/22 122/25/22 121/25/22
f 122/25/22 123/25/22 124/25/22
f 127/25/22 126/25/22 125/25/22
f 126/25/22 127/25/22 128/25/22
f 131/25/22 130/25/22 118/25/22
f 129/25/22 118/25/22 130/25/22
f 134/25/22 133/25/22 132/25/22
f 133/25/22 134/25/22 135/25/22
f 138/25/22 137/25/22 136/25/22
f 137/25/22 138/25/22 139/25/22
f 142/25/22 141/25/22 140/25/22
f 141/25/22 142/25/22 143/25/22
f 147/27/23 155/25/23 149/27/23
f 155/25/23 147/27/23 154/25/23
f 155/25/23 153/29/23 149/27/23
f 154/25/23 147/27/23 152/29/23
f 153/29/23 151/28/23 149/27/23
f 153/29/23 152/29/23 151/28/23
f 152/29/23 147/27/23 150/28/23
f 150/28/23 151/28/23 152/29/23
f 151/28/23 148/26/23 149/27/23
f 150/28/23 147/27/23 145/26/23
f 149/27/23 148/26/23 144/6/23
f 145/26/23 144/6/23 148/26/23
f 147/27/23 146/6/23 145/26/23
f 144/6/23 145/26/23 146/6/23
f 158/1/24 157/2/24 156/1/24
f 157/2/24 158/1/24 159/2/24
f 162/2/25 161/1/25 160/2/25
f 161/1/25 162/2/25 163/1/25
f 160/2/26 165/28/26 164/30/26
f 160/2/26 164/30/26 166/31/26
f 161/1/26 165/28/26 160/2/26
f 165/28/26 161/1/26 167/32/26
f 167/32/26 161/1/26 168/32/26
f 156/1/26 168/32/26 161/1/26
f 168/32/26 156/1/26 169/28/26
f 160/2/26 166/31/26 157/2/26
f 169/28/26 156/1/26 157/2/26
f 170/31/26 157/2/26 166/31/26
f 169/28/26 157/2/26 171/30/26
f 171/30/26 157/2/26 170/31/26
f 175/27/26 183/25/26 177/27/26
f 183/25/26 175/27/26 182/25/26
f 183/25/26 181/29/26 177/27/26
f 182/25/26 175/27/26 180/29/26
f 181/29/26 179/28/26 177/27/26
f 181/29/26 180/29/26 179/28/26
f 180/29/26 175/27/26 178/28/26
f 178/28/26 179/28/26 180/29/26
f 179/28/26 176/26/26 177/27/26
f 178/28/26 175/27/26 173/26/26
f 177/27/26 176/26/26 172/6/26
f 173/26/26 172/6/26 176/26/26
f 175/27/26 174/6/26 173/26/26
f 172/6/26 173/26/26 174/6/26
f 186/27/27 185/6/27 184/6/27
f 185/6/27 186/27/27 187/27/27
f 191/6/26 190/6/26 189/2/26
f 188/2/26 189/2/26 190/6/26
f 1/34/22 5/34/22 199/34/22
f 199/34/22 197/34/22 1/34/22
f 197/34/22 194/34/22 1/34/22
f 1/34/22 194/34/22 2/34/22
f 195/34/22 2/34/22 194/34/22
f 196/33/30 198/33/30 192/33/30
f 192/33/30 198/33/30 193/33/30
f 200/33/30 193/33/30 198/33/30
f 194/34/28 197/34/29 192/33/28
f 196/33/29 192/33/28 197/34/29
f 199/34/2 198/33/2 197/34/29
f 196/33/29 197/34/29 198/33/2
f 195/34/1 194/34/28 193/33/1
f 192/33/28 193/33/1 194/34/28
f 9/39/32 10/40/32 13/41/32
f 13/41/32 10/40/32 11/33/32
f 10/40/32 204/40/32 11/33/32
f 11/33/32 204/40/32 15/33/32
f 204/40/32 203/40/32 15/33/32
f 202/39/32 15/33/32 203/40/32
f 7/38/31 14/37/31 8/35/31
f 14/37/31 12/36/31 8/35/31
f 12/36/31 16/36/31 8/35/31
f 201/35/31 8/35/31 16/36/31
f 26/36/33 18/35/33 205/35/33
f 18/35/33 26/36/33 22/36/33
f 18/35/33 22/36/33 24/37/33
f 18/35/33 24/37/33 17/38/33
f 207/40/34 25/33/34 206/39/34
f 25/33/34 207/40/34 208/40/34
f 25/33/34 208/40/34 21/33/34
f 21/33/34 208/40/34 20/40/34
f 21/33/34 20/40/34 23/41/34
f 23/41/34 20/40/34 19/39/34
f 211/33/30 210/33/30 209/33/30
f 210/33/30 211/33/30 212/33/30
f 213/34/26 209/33/26 210/33/26
f 209/33/26 213/34/26 214/34/26
f 213/34/22 215/34/22 214/34/22
f 215/34/22 213/34/22 216/34/22
f 219/33/30 218/33/30 217/33/30
f 218/33/30 219/33/30 220/33/30
f 221/34/26 217/33/26 218/33/26
f 217/33/26 221/34/26 222/34/26
f 221/34/22 223/34/22 222/34/22
f 223/34/22 221/34/22 224/34/22
f 227/34/35 226/33/13 225/33/35
f 226/33/13 227/34/35 228/34/13
f 198/33/14 230/34/36 229/33/36
f 230/34/36 198/33/14 199/34/14
f 230/34/36 225/33/35 229/33/36
f 225/33/35 230/34/36 227/34/35
f 198/33/30 226/33/30 231/33/30
f 226/33/30 198/33/30 225/33/30
f 225/33/30 198/33/30 229/33/30
f 228/34/22 27/34/22 28/34/22
f 27/34/22 228/34/22 227/34/22
f 27/34/22 227/34/22 230/34/22
f 27/34/22 230/34/22 5/34/22
f 5/34/22 230/34/22 199/34/22
f 31/34/22 35/34/22 239/34/22
f 239/34/22 237/34/22 31/34/22
f 237/34/22 234/34/22 31/34/22
f 31/34/22 234/34/22 32/34/22
f 235/34/22 32/34/22 234/34/22
f 236/33/30 238/33/30 232/33/30
f 232/33/30 238/33/30 233/33/30
f 240/33/30 233/33/30 238/33/30
f 234/34/37 237/34/38 232/33/37
f 236/33/38 232/33/37 237/34/38
f 239/34/16 238/33/16 237/34/38
f 236/33/38 237/34/38 238/33/16
f 235/34/15 234/34/37 233/33/15
f 232/33/37 233/33/15 234/34/37
f 251/34/22 252/34/22 248/34/22
f 248/34/22 246/34/22 251/34/22
f 246/34/22 243/34/22 251/34/22
f 251/34/22 243/34/22 250/34/22
f 244/34/22 250/34/22 243/34/22
f 245/33/30 247/33/30 241/33/30
f 241/33/30 247/33/30 242/33/30
f 249/33/30 242/33/30 247/33/30
f 243/34/37 246/34/38 241/33/37
f 245/33/38 241/33/37 246/34/38
f 248/34/40 247/33/40 246/34/38
f 245/33/38 246/34/38 247/33/40
f 244/34/39 243/34/37 242/33/39
f 241/33/37 242/33/39 243/34/37
f 255/33/30 254/33/30 253/33/30
f 254/33/30 255/33/30 256/33/30
f 257/34/21 253/33/21 254/33/21
f 253/33/21 257/34/21 258/34/21
f 257/34/22 259/34/22 258/34/22
f 259/34/22 257/34/22 260/34/22
f 37/34/22 41/34/22 268/34/22
f 268/34/22 266/34/22 37/34/22
f 266/34/22 263/34/22 37/34/22
f 37/34/22 263/34/22 38/34/22
f 264/34/22 38/34/22 263/34/22
f 265/33/30 267/33/30 261/33/30
f 261/33/30 267/33/30 262/33/30
f 269/33/30 262/33/30 267/33/30
f 263/34/41 266/34/42 261/33/41
f 265/33/42 261/33/41 266/34/42
f 268/34/4 267/33/4 266/34/42
f 265/33/42 266/34/42 267/33/4
f 264/34/13 263/34/41 262/33/13
f 261/33/41 262/33/13 263/34/41
f 272/33/30 271/33/30 270/33/30
f 271/33/30 272/33/30 273/33/30
f 274/34/43 270/33/43 271/33/43
f 270/33/43 274/34/43 275/34/43
f 274/34/22 276/34/22 275/34/22
f 276/34/22 274/34/22 277/34/22
f 43/34/22 47/34/22 285/34/22
f 285/34/22 283/34/22 43/34/22
f 283/34/22 280/34/22 43/34/22
f 43/34/22 280/34/22 44/34/22
f 281/34/22 44/34/22 280/34/22
f 282/33/30 284/33/30 278/33/30
f 278/33/30 284/33/30 279/33/30
f 286/33/30 279/33/30 284/33/30
f 280/34/28 283/34/29 278/33/28
f 282/33/29 278/33/28 283/34/29
f 285/34/2 284/33/2 283/34/29
f 282/33/29 283/34/29 284/33/2
f 281/34/1 280/34/28 279/33/1
f 278/33/28 279/33/1 280/34/28
f 289/34/35 288/33/13 287/33/35
f 288/33/13 289/34/35 290/34/13
f 284/33/14 292/34/36 291/33/36
f 292/34/36 284/33/14 285/34/14
f 292/34/36 287/33/35 291/33/36
f 287/33/35 292/34/36 289/34/35
f 284/33/30 288/33/30 293/33/30
f 288/33/30 284/33/30 287/33/30
f 287/33/30 284/33/30 291/33/30
f 290/34/22 49/34/22 50/34/22
f 49/34/22 290/34/22 289/34/22
f 49/34/22 289/34/22 292/34/22
f 49/34/22 292/34/22 47/34/22
f 47/34/22 292/34/22 285/34/22
f 296/42/22 295/42/22 294/42/22
f 295/42/22 296/42/22 297/42/22
f 297/42/22 296/42/22 54/42/22
f 298/42/22 54/42/22 296/42/22
f 297/42/22 54/42/22 56/42/22
f 54/42/22 298/42/22 57/42/22
f 297/42/22 56/42/22 59/42/22
f 57/42/22 298/42/22 59/42/22
f 297/42/22 59/42/22 299/42/22
f 299/42/22 59/42/22 300/42/22
f 300/42/22 59/42/22 298/42/22
f 300/42/22 298/42/22 301/42/22
f 303/33/44 301/42/36 302/33/36
f 301/42/36 303/33/44 300/42/44
f 301/42/36 304/33/35 302/33/36
f 304/33/35 301/42/36 298/42/35
f 298/42/35 305/33/41 304/33/35
f 305/33/41 298/42/35 296/42/41
f 307/33/46 299/42/45 306/33/45
f 299/42/45 307/33/46 297/42/46
f 306/33/45 300/42/44 303/33/44
f 300/42/44 306/33/45 299/42/45
f 295/42/47 308/33/42 294/42/42
f 308/33/42 295/42/47 309/33/47
f 297/42/46 309/33/47 295/42/47
f 309/33/47 297/42/46 307/33/46
f 296/42/41 308/33/42 305/33/41
f 308/33/42 296/42/41 294/42/42
f 310/45/17 80/44/17 79/43/17
f 80/44/17 310/45/17 311/46/17
f 78/43/19 310/45/19 79/43/19
f 310/45/19 78/43/19 312/45/19
f 77/44/13 312/45/13 78/43/13
f 312/45/13 77/44/13 313/46/13
f 313/46/18 80/44/18 311/46/18
f 80/44/18 313/46/18 77/44/18
f 315/47/49 85/48/48 314/47/48
f 85/48/48 315/47/49 84/48/49
f 88/44/51 316/45/50 86/43/50
f 316/45/50 88/44/51 317/46/51
f 87/49/52 319/35/53 318/35/52
f 319/35/53 87/49/52 83/49/53
f 320/45/54 81/44/55 82/43/54
f 81/44/55 320/45/54 321/46/55
f 86/43/50 314/47/48 85/48/48
f 314/47/48 86/43/50 316/45/50
f 321/46/55 83/49/53 81/44/55
f 83/49/53 321/46/55 319/35/53
f 87/49/52 317/46/51 88/44/51
f 317/46/51 87/49/52 318/35/52
f 315/47/49 82/43/54 84/48/49
f 82/43/54 315/47/49 320/45/54
f 316/45/20 315/47/20 314/47/20
f 315/47/20 316/45/20 312/45/20
f 312/45/20 320/45/20 315/47/20
f 312/45/20 316/45/20 310/45/20
f 310/45/20 316/45/20 317/46/20
f 310/45/20 317/46/20 311/46/20
f 320/45/20 312/45/20 313/46/20
f 311/46/20 317/46/20 318/35/20
f 311/46/20 318/35/20 313/46/20
f 320/45/20 313/46/20 321/46/20
f 313/46/20 318/35/20 321/46/20
f 321/46/20 318/35/20 319/35/20
f 324/33/30 323/33/30 322/33/30
f 323/33/30 324/33/30 325/33/30
f 328/33/30 327/33/30 326/33/30
f 327/33/30 328/33/30 329/33/30
f 330/34/21 326/33/21 327/33/21
f 326/33/21 330/34/21 331/34/21
f 330/34/22 90/34/22 331/34/22
f 90/34/22 330/34/22 89/34/22
f 342/34/22 343/34/22 339/34/22
f 339/34/22 337/34/22 342/34/22
f 337/34/22 334/34/22 342/34/22
f 342/34/22 334/34/22 341/34/22
f 335/34/22 341/34/22 334/34/22
f 336/33/30 338/33/30 332/33/30
f 332/33/30 338/33/30 333/33/30
f 340/33/30 333/33/30 338/33/30
f 334/34/28 337/34/29 332/33/28
f 336/33/29 332/33/28 337/34/29
f 339/34/2 338/33/2 337/34/29
f 336/33/29 337/34/29 338/33/2
f 335/34/1 334/34/28 333/33/1
f 332/33/28 333/33/1 334/34/28
f 346/33/30 345/33/30 344/33/30
f 345/33/30 346/33/30 347/33/30
f 348/34/21 344/33/21 345/33/21
f 344/33/21 348/34/21 349/34/21
f 348/34/22 94/34/22 349/34/22
f 94/34/22 348/34/22 93/34/22
f 352/33/30 351/33/30 350/33/30
f 351/33/30 352/33/30 353/33/30
f 354/34/43 350/33/43 351/33/43
f 350/33/43 354/34/43 355/34/43
f 354/34/22 356/34/22 355/34/22
f 356/34/22 354/34/22 357/34/22
f 361/35/22 359/35/22 369/35/22
f 359/35/22 364/35/22 369/35/22
f 369/35/22 364/35/22 368/35/22
f 364/35/22 365/35/22 368/35/22
f 368/35/22 365/35/22 372/35/22
f 370/35/22 372/35/22 365/35/22
f 371/33/60 370/35/60 363/33/57
f 365/35/57 363/33/57 370/35/60
f 366/33/58 368/35/58 373/33/61
f 372/35/61 373/33/61 368/35/58
f 369/35/59 367/33/59 361/35/56
f 360/33/56 361/35/56 367/33/59
f 359/35/38 358/33/38 364/35/37
f 362/33/37 364/35/37 358/33/38
f 373/33/61 372/35/61 371/33/60
f 370/35/60 371/33/60 372/35/61
f 369/35/59 368/35/58 367/33/59
f 366/33/58 367/33/59 368/35/58
f 365/35/57 364/35/37 363/33/57
f 362/33/37 363/33/57 364/35/37
f 361/35/56 360/33/56 359/35/38
f 358/33/38 359/35/38 360/33/56
f 376/50/9 375/51/9 374/50/9
f 375/51/9 376/50/9 377/51/9
f 375/51/1 378/50/1 374/50/1
f 378/50/1 375/51/1 379/51/1
f 381/35/2 99/50/2 380/35/2
f 99/50/2 381/35/2 100/50/2
f 384/35/62 383/51/1 382/51/62
f 383/51/1 384/35/62 385/35/1
f 386/51/30 375/51/30 377/51/30
f 375/51/30 386/51/30 382/51/30
f 382/51/30 386/51/30 387/51/30
f 383/51/30 375/51/30 382/51/30
f 375/51/30 383/51/30 379/51/30
f 384/35/22 388/35/22 385/35/22
f 388/35/22 384/35/22 380/35/22
f 380/35/22 384/35/22 381/35/22
f 381/35/22 384/35/22 389/35/22
f 389/35/22 384/35/22 390/35/22
f 386/51/9 390/35/63 387/51/63
f 390/35/63 386/51/9 389/35/9
f 387/51/63 384/35/62 382/51/62
f 384/35/62 387/51/63 390/35/63
f 388/35/64 99/50/64 97/50/64
f 99/50/64 388/35/64 380/35/64
f 6/50/14 391/51/14 29/50/14
f 391/51/14 6/50/14 392/51/14
f 391/51/13 30/50/13 29/50/13
f 30/50/13 391/51/13 393/51/13
f 395/35/4 103/50/4 394/35/4
f 103/50/4 395/35/4 104/50/4
f 398/35/35 397/51/13 396/51/35
f 397/51/13 398/35/35 399/35/13
f 400/51/30 391/51/30 392/51/30
f 391/51/30 400/51/30 396/51/30
f 396/51/30 400/51/30 401/51/30
f 397/51/30 391/51/30 396/51/30
f 391/51/30 397/51/30 393/51/30
f 398/35/22 402/35/22 399/35/22
f 402/35/22 398/35/22 394/35/22
f 394/35/22 398/35/22 395/35/22
f 395/35/22 398/35/22 403/35/22
f 403/35/22 398/35/22 404/35/22
f 400/51/14 404/35/36 401/51/36
f 404/35/36 400/51/14 403/35/14
f 401/51/36 398/35/35 396/51/35
f 398/35/35 401/51/36 404/35/36
f 402/35/17 103/50/17 101/50/17
f 103/50/17 402/35/17 394/35/17
f 4/50/65 406/51/65 405/50/65
f 406/51/65 4/50/65 407/51/65
f 406/51/66 408/50/66 405/50/66
f 408/50/66 406/51/66 409/51/66
f 411/35/67 107/50/67 410/35/67
f 107/50/67 411/35/67 108/50/67
f 414/35/59 413/51/66 412/51/59
f 413/51/66 414/35/59 415/35/66
f 416/51/30 406/51/30 407/51/30
f 406/51/30 416/51/30 412/51/30
f 412/51/30 416/51/30 417/51/30
f 413/51/30 406/51/30 412/51/30
f 406/51/30 413/51/30 409/51/30
f 414/35/22 418/35/22 415/35/22
f 418/35/22 414/35/22 410/35/22
f 410/35/22 414/35/22 411/35/22
f 411/35/22 414/35/22 419/35/22
f 419/35/22 414/35/22 420/35/22
f 416/51/65 420/35/56 417/51/56
f 420/35/56 416/51/65 419/35/65
f 417/51/56 414/35/59 412/51/59
f 414/35/59 417/51/56 420/35/56
f 418/35/68 107/50/68 105/50/68
f 107/50/68 418/35/68 410/35/68
f 423/53/25 422/52/70 421/52/69
f 422/52/70 423/53/25 424/53/71
f 427/52/73 426/53/24 425/52/72
f 426/53/24 427/52/73 428/53/74
f 422/52/71 430/50/75 429/50/71
f 430/50/75 422/52/71 431/52/75
f 423/53/25 433/52/77 432/53/76
f 433/52/77 423/53/25 421/52/69
f 434/53/75 427/52/73 431/52/78
f 427/52/73 434/53/75 428/53/74
f 436/53/26 433/52/77 435/52/79
f 433/52/77 436/53/26 432/53/76
f 438/53/81 435/52/79 437/52/80
f 435/52/79 438/53/81 436/53/26
f 440/35/83 423/53/25 439/35/82
f 423/53/25 440/35/83 424/53/71
f 431/52/75 441/50/74 430/50/75
f 441/50/74 431/52/75 427/52/74
f 437/52/81 443/50/26 442/50/81
f 443/50/26 437/52/81 435/52/26
f 444/50/24 437/52/81 442/50/81
f 437/52/81 444/50/24 425/52/24
f 424/53/71 431/52/78 422/52/70
f 431/52/78 424/53/71 434/53/75
f 445/35/84 436/53/26 438/53/81
f 436/53/26 445/35/84 446/35/85
f 447/35/86 423/53/25 432/53/76
f 423/53/25 447/35/86 439/35/82
f 446/35/85 432/53/76 436/53/26
f 432/53/76 446/35/85 447/35/86
f 437/52/80 426/53/24 438/53/81
f 426/53/24 437/52/80 425/52/72
f 448/35/87 428/53/74 434/53/75
f 428/53/74 448/35/87 449/35/88
f 426/53/24 445/35/84 438/53/81
f 445/35/84 426/53/24 450/35/89
f 447/35/22 440/35/22 439/35/22
f 440/35/22 447/35/22 446/35/22
f 440/35/22 446/35/22 448/35/22
f 448/35/22 446/35/22 445/35/22
f 448/35/22 445/35/22 449/35/22
f 449/35/22 445/35/22 450/35/22
f 421/52/25 451/50/76 433/52/76
f 451/50/76 421/52/25 452/50/25
f 435/52/26 451/50/76 443/50/26
f 451/50/76 435/52/26 433/52/76
f 426/53/24 449/35/88 450/35/89
f 449/35/88 426/53/24 428/53/74
f 422/52/71 452/50/25 421/52/25
f 452/50/25 422/52/71 429/50/71
f 440/35/83 434/53/75 424/53/71
f 434/53/75 440/35/83 448/35/87
f 441/50/74 425/52/24 444/50/24
f 425/52/24 441/50/74 427/52/74
f 455/51/30 454/51/30 453/51/30
f 454/51/30 455/51/30 456/51/30
f 458/50/9 454/51/9 457/50/9
f 454/51/9 458/50/9 453/51/9
f 460/35/2 112/50/2 459/35/2
f 112/50/2 460/35/2 110/50/2
f 459/35/22 461/35/22 460/35/22
f 461/35/22 459/35/22 462/35/22
f 455/51/9 462/35/9 456/51/9
f 462/35/9 455/51/9 461/35/9
f 465/55/25 464/54/70 463/54/69
f 464/54/70 465/55/25 466/55/71
f 469/54/73 468/55/24 467/54/72
f 468/55/24 469/54/73 470/55/74
f 464/54/71 472/50/75 471/50/71
f 472/50/75 464/54/71 473/54/75
f 465/55/25 475/54/77 474/55/76
f 475/54/77 465/55/25 463/54/69
f 476/55/75 469/54/73 473/54/78
f 469/54/73 476/55/75 470/55/74
f 478/55/26 475/54/77 477/54/79
f 475/54/77 478/55/26 474/55/76
f 480/55/81 477/54/79 479/54/80
f 477/54/79 480/55/81 478/55/26
f 482/35/83 465/55/25 481/35/82
f 465/55/25 482/35/83 466/55/71
f 473/54/75 483/50/74 472/50/75
f 483/50/74 473/54/75 469/54/74
f 479/54/81 485/50/26 484/50/81
f 485/50/26 479/54/81 477/54/26
f 486/50/24 479/54/81 484/50/81
f 479/54/81 486/50/24 467/54/24
f 466/55/71 473/54/78 464/54/70
f 473/54/78 466/55/71 476/55/75
f 487/35/84 478/55/26 480/55/81
f 478/55/26 487/35/84 488/35/85
f 489/35/86 465/55/25 474/55/76
f 465/55/25 489/35/86 481/35/82
f 488/35/85 474/55/76 478/55/26
f 474/55/76 488/35/85 489/35/86
f 479/54/80 468/55/24 480/55/81
f 468/55/24 479/54/80 467/54/72
f 490/35/87 470/55/74 476/55/75
f 470/55/74 490/35/87 491/35/88
f 468/55/24 487/35/84 480/55/81
f 487/35/84 468/55/24 492/35/89
f 489/35/22 482/35/22 481/35/22
f 482/35/22 489/35/22 488/35/22
f 482/35/22 488/35/22 490/35/22
f 490/35/22 488/35/22 487/35/22
f 490/35/22 487/35/22 491/35/22
f 491/35/22 487/35/22 492/35/22
f 463/54/25 493/50/76 475/54/76
f 493/50/76 463/54/25 494/50/25
f 477/54/26 493/50/76 485/50/26
f 493/50/76 477/54/26 475/54/76
f 468/55/24 491/35/88 492/35/89
f 491/35/88 468/55/24 470/55/74
f 464/54/71 494/50/25 463/54/25
f 494/50/25 464/54/71 471/50/71
f 482/35/83 476/55/75 466/55/71
f 476/55/75 482/35/83 490/35/87
f 483/50/74 467/54/24 486/50/24
f 467/54/24 483/50/74 469/54/74
f 497/55/25 496/54/70 495/54/69
f 496/54/70 497/55/25 498/55/71
f 501/54/73 500/55/24 499/54/72
f 500/55/24 501/54/73 502/55/74
f 496/54/71 504/50/75 503/50/71
f 504/50/75 496/54/71 505/54/75
f 497/55/25 507/54/77 506/55/76
f 507/54/77 497/55/25 495/54/69
f 508/55/75 501/54/73 505/54/78
f 501/54/73 508/55/75 502/55/74
f 510/55/26 507/54/77 509/54/79
f 507/54/77 510/55/26 506/55/76
f 512/55/81 509/54/79 511/54/80
f 509/54/79 512/55/81 510/55/26
f 514/35/83 497/55/25 513/35/82
f 497/55/25 514/35/83 498/55/71
f 505/54/75 515/50/74 504/50/75
f 515/50/74 505/54/75 501/54/74
f 511/54/81 517/50/26 516/50/81
f 517/50/26 511/54/81 509/54/26
f 518/50/24 511/54/81 516/50/81
f 511/54/81 518/50/24 499/54/24
f 498/55/71 505/54/78 496/54/70
f 505/54/78 498/55/71 508/55/75
f 519/35/84 510/55/26 512/55/81
f 510/55/26 519/35/84 520/35/85
f 521/35/86 497/55/25 506/55/76
f 497/55/25 521/35/86 513/35/82
f 520/35/85 506/55/76 510/55/26
f 506/55/76 520/35/85 521/35/86
f 511/54/80 500/55/24 512/55/81
f 500/55/24 511/54/80 499/54/72
f 522/35/87 502/55/74 508/55/75
f 502/55/74 522/35/87 523/35/88
f 500/55/24 519/35/84 512/55/81
f 519/35/84 500/55/24 524/35/89
f 521/35/22 514/35/22 513/35/22
f 514/35/22 521/35/22 520/35/22
f 514/35/22 520/35/22 522/35/22
f 522/35/22 520/35/22 519/35/22
f 522/35/22 519/35/22 523/35/22
f 523/35/22 519/35/22 524/35/22
f 495/54/25 525/50/76 507/54/76
f 525/50/76 495/54/25 526/50/25
f 509/54/26 525/50/76 517/50/26
f 525/50/76 509/54/26 507/54/76
f 500/55/24 523/35/88 524/35/89
f 523/35/88 500/55/24 502/55/74
f 496/54/71 526/50/25 495/54/25
f 526/50/25 496/54/71 503/50/71
f 514/35/83 508/55/75 498/55/71
f 508/55/75 514/35/83 522/35/87
f 515/50/74 499/54/24 518/50/24
f 499/54/24 515/50/74 501/54/74
f 533/35/64 541/35/64 115/50/64
f 113/50/64 115/50/64 541/35/64
f 543/35/29 540/51/29 537/35/28
f 535/51/28 537/35/28 540/51/29
f 542/35/2 539/51/2 543/35/29
f 540/51/29 543/35/29 539/51/2
f 543/35/22 537/35/22 542/35/22
f 542/35/22 537/35/22 534/35/22
f 534/35/22 537/35/22 533/35/22
f 533/35/22 537/35/22 541/35/22
f 538/35/22 541/35/22 537/35/22
f 532/51/30 536/51/30 528/51/30
f 535/51/30 528/51/30 536/51/30
f 540/51/30 539/51/30 535/51/30
f 535/51/30 539/51/30 528/51/30
f 530/51/30 528/51/30 539/51/30
f 538/35/1 537/35/28 536/51/1
f 535/51/28 536/51/1 537/35/28
f 116/50/9 534/35/9 115/50/9
f 533/35/9 115/50/9 534/35/9
f 532/51/1 528/51/1 531/50/1
f 527/50/1 531/50/1 528/51/1
f 530/51/2 529/50/2 528/51/2
f 527/50/2 528/51/2 529/50/2
f 546/51/30 545/51/30 544/51/30
f 545/51/30 546/51/30 547/51/30
f 549/50/14 545/51/14 548/50/14
f 545/51/14 549/50/14 544/51/14
f 551/35/4 120/50/4 550/35/4
f 120/50/4 551/35/4 118/50/4
f 550/35/22 552/35/22 551/35/22
f 552/35/22 550/35/22 553/35/22
f 546/51/14 553/35/14 547/51/14
f 553/35/14 546/51/14 552/35/14
f 556/50/9 555/51/9 554/50/9
f 555/51/9 556/50/9 557/51/9
f 555/51/1 558/50/1 554/50/1
f 558/50/1 555/51/1 559/51/1
f 561/35/2 123/50/2 560/35/2
f 123/50/2 561/35/2 124/50/2
f 564/35/62 563/51/1 562/51/62
f 563/51/1 564/35/62 565/35/1
f 566/51/30 555/51/30 557/51/30
f 555/51/30 566/51/30 562/51/30
f 562/51/30 566/51/30 567/51/30
f 563/51/30 555/51/30 562/51/30
f 555/51/30 563/51/30 559/51/30
f 564/35/22 568/35/22 565/35/22
f 568/35/22 564/35/22 560/35/22
f 560/35/22 564/35/22 561/35/22
f 561/35/22 564/35/22 569/35/22
f 569/35/22 564/35/22 570/35/22
f 566/51/9 570/35/63 567/51/63
f 570/35/63 566/51/9 569/35/9
f 567/51/63 564/35/62 562/51/62
f 564/35/62 567/51/63 570/35/63
f 568/35/64 123/50/64 121/50/64
f 123/50/64 568/35/64 560/35/64
f 573/50/24 572/51/24 571/50/24
f 572/51/24 573/50/24 574/51/24
f 572/51/26 575/50/26 571/50/26
f 575/50/26 572/51/26 576/51/26
f 578/35/25 127/50/25 577/35/25
f 127/50/25 578/35/25 128/50/25
f 581/35/57 580/51/26 579/51/57
f 580/51/26 581/35/57 582/35/26
f 583/51/30 572/51/30 574/51/30
f 572/51/30 583/51/30 579/51/30
f 579/51/30 583/51/30 584/51/30
f 580/51/30 572/51/30 579/51/30
f 572/51/30 580/51/30 576/51/30
f 581/35/22 585/35/22 582/35/22
f 585/35/22 581/35/22 577/35/22
f 577/35/22 581/35/22 578/35/22
f 578/35/22 581/35/22 586/35/22
f 586/35/22 581/35/22 587/35/22
f 583/51/24 587/35/60 584/51/60
f 587/35/60 583/51/24 586/35/24
f 584/51/60 581/35/57 579/51/57
f 581/35/57 584/51/60 587/35/60
f 585/35/75 127/50/75 125/50/75
f 127/50/75 585/35/75 577/35/75
f 552/35/2 546/51/2 592/35/2
f 589/51/2 592/35/2 546/51/2
f 592/35/22 591/35/22 552/35/22
f 551/35/22 552/35/22 591/35/22
f 118/50/9 551/35/9 131/50/9
f 591/35/9 131/50/9 551/35/9
f 544/51/2 549/50/2 588/51/2
f 590/50/2 588/51/2 549/50/2
f 589/51/30 546/51/30 588/51/30
f 544/51/30 588/51/30 546/51/30
f 595/50/14 594/51/14 593/50/14
f 594/51/14 595/50/14 596/51/14
f 594/51/13 597/50/13 593/50/13
f 597/50/13 594/51/13 598/51/13
f 600/35/4 134/50/4 599/35/4
f 134/50/4 600/35/4 135/50/4
f 603/35/35 602/51/13 601/51/35
f 602/51/13 603/35/35 604/35/13
f 605/51/30 594/51/30 596/51/30
f 594/51/30 605/51/30 601/51/30
f 601/51/30 605/51/30 606/51/30
f 602/51/30 594/51/30 601/51/30
f 594/51/30 602/51/30 598/51/30
f 603/35/22 607/35/22 604/35/22
f 607/35/22 603/35/22 599/35/22
f 599/35/22 603/35/22 600/35/22
f 600/35/22 603/35/22 608/35/22
f 608/35/22 603/35/22 609/35/22
f 605/51/14 609/35/36 606/51/36
f 609/35/36 605/51/14 608/35/14
f 606/51/36 603/35/35 601/51/35
f 603/35/35 606/51/36 609/35/36
f 607/35/17 134/50/17 132/50/17
f 134/50/17 607/35/17 599/35/17
f 612/51/30 611/51/30 610/51/30
f 611/51/30 612/51/30 613/51/30
f 615/50/9 611/51/9 614/50/9
f 611/51/9 615/50/9 610/51/9
f 617/35/2 139/50/2 616/35/2
f 139/50/2 617/35/2 137/50/2
f 616/35/22 618/35/22 617/35/22
f 618/35/22 616/35/22 619/35/22
f 612/51/9 619/35/9 613/51/9
f 619/35/9 612/51/9 618/35/9
f 622/50/24 621/51/24 620/50/24
f 621/51/24 622/50/24 623/51/24
f 621/51/26 624/50/26 620/50/26
f 624/50/26 621/51/26 625/51/26
f 627/35/25 142/50/25 626/35/25
f 142/50/25 627/35/25 143/50/25
f 630/35/57 629/51/26 628/51/57
f 629/51/26 630/35/57 631/35/26
f 632/51/30 621/51/30 623/51/30
f 621/51/30 632/51/30 628/51/30
f 628/51/30 632/51/30 633/51/30
f 629/51/30 621/51/30 628/51/30
f 621/51/30 629/51/30 625/51/30
f 630/35/22 634/35/22 631/35/22
f 634/35/22 630/35/22 626/35/22
f 626/35/22 630/35/22 627/35/22
f 627/35/22 630/35/22 635/35/22
f 635/35/22 630/35/22 636/35/22
f 632/51/24 636/35/60 633/51/60
f 636/35/60 632/51/24 635/35/24
f 633/51/60 630/35/57 628/51/57
f 630/35/57 633/51/60 636/35/60
f 634/35/75 142/50/75 140/50/75
f 142/50/75 634/35/75 626/35/75
f 639/33/25 638/35/25 637/33/25
f 638/35/25 639/33/25 640/35/25
f 642/33/26 638/35/26 641/35/26
f 638/35/26 642/33/26 637/33/26
f 458/33/26 644/35/26 643/35/26
f 644/35/26 458/33/26 645/33/26
f 615/33/26 648/33/26 647/35/26
f 646/35/26 647/35/26 648/33/26
f 649/33/26 654/33/26 650/35/26
f 653/35/26 650/35/26 654/33/26
f 652/35/24 651/33/24 650/35/24
f 649/33/24 650/35/24 651/33/24
f 590/33/21 657/33/21 656/35/21
f 655/35/21 656/35/21 657/33/21
f 658/33/21 663/33/21 659/35/21
f 662/35/21 659/35/21 663/33/21
f 661/35/90 660/33/90 659/35/90
f 658/33/90 659/35/90 660/33/90
f 664/33/13 669/33/13 665/35/13
f 668/35/13 665/35/13 669/33/13
f 667/35/14 666/33/14 665/35/14
f 664/33/14 665/35/14 666/33/14
f 672/33/43 548/33/43 671/35/43
f 670/35/43 671/35/43 548/33/43
f 715/61/92 716/51/92 718/61/105
f 720/51/105 718/61/105 716/51/92
f 717/61/30 713/61/30 718/61/30
f 715/61/30 718/61/30 713/61/30
f 714/51/22 719/51/22 716/51/22
f 720/51/22 716/51/22 719/51/22
f 714/51/91 713/61/91 719/51/104
f 717/61/104 719/51/104 713/61/91
f 720/51/105 719/51/104 718/61/105
f 717/61/104 718/61/105 719/51/104
f 716/51/103 715/61/103 714/51/103
f 713/61/103 714/51/103 715/61/103
f 709/35/23 711/35/23 706/33/23
f 708/33/23 706/33/23 711/35/23
f 712/35/99 711/35/99 710/35/100
f 709/35/100 710/35/100 711/35/99
f 712/35/99 707/33/102 711/35/99
f 708/33/102 711/35/99 707/33/102
f 705/33/101 710/35/100 706/33/101
f 709/35/100 706/33/101 710/35/100
f 708/33/102 707/33/102 706/33/101
f 705/33/101 706/33/101 707/33/102
f 704/50/102 701/58/99 155/50/102
f 155/50/102 701/58/99 153/59/91
f 153/59/91 701/58/99 151/60/91
f 148/58/99 151/60/91 701/58/99
f 154/50/101 703/50/101 155/50/102
f 704/50/102 155/50/102 703/50/101
f 702/58/100 703/50/101 145/58/100
f 145/58/100 703/50/101 150/60/92
f 150/60/92 703/50/101 152/59/92
f 154/50/101 152/59/92 703/50/101
f 702/58/100 145/58/100 701/58/99
f 148/58/99 701/58/99 145/58/100
f 687/33/30 700/33/30 676/33/30
f 676/33/30 700/33/30 146/33/30
f 146/33/30 700/33/30 144/33/30
f 144/33/30 693/33/30 673/33/30
f 144/33/30 700/33/30 693/33/30
f 693/33/30 700/33/30 678/33/30
f 680/33/30 678/33/30 700/33/30
f 698/51/97 686/57/94 689/51/97
f 685/57/94 689/51/97 686/57/94
f 699/57/98 697/51/96 688/57/98
f 690/51/96 688/57/98 697/51/96
f 696/34/92 699/57/98 691/34/92
f 688/57/98 691/34/92 699/57/98
f 698/51/97 689/51/97 697/51/96
f 690/51/96 697/51/96 689/51/97
f 696/34/22 691/34/22 695/34/22
f 691/34/22 692/34/22 695/34/22
f 695/34/22 692/34/22 694/34/22
f 692/34/22 677/34/22 694/34/22
f 679/34/22 694/34/22 677/34/22
f 678/33/93 677/34/93 693/33/95
f 692/34/95 693/33/95 677/34/93
f 693/33/95 692/34/95 673/33/23
f 691/34/23 673/33/23 692/34/95
f 673/33/23 691/34/23 674/56/23
f 688/57/23 674/56/23 691/34/23
f 690/51/23 689/51/23 688/57/23
f 689/51/23 685/57/23 688/57/23
f 685/57/23 674/56/23 688/57/23
f 674/56/23 685/57/23 675/56/23
f 685/57/23 681/34/23 675/56/23
f 675/56/23 681/34/23 676/33/23
f 681/34/23 683/34/23 676/33/23
f 687/33/23 676/33/23 683/34/23
f 686/57/94 682/34/91 685/57/94
f 681/34/91 685/57/94 682/34/91
f 684/34/22 683/34/22 682/34/22
f 681/34/22 682/34/22 683/34/22
f 680/33/92 679/34/92 678/33/93
f 677/34/93 678/33/93 679/34/92
f 675/56/30 147/56/30 674/56/30
f 149/56/30 674/56/30 147/56/30
f 146/33/92 147/56/92 676/33/92
f 675/56/92 676/33/92 147/56/92
f 149/56/91 144/33/91 674/56/91
f 673/33/91 674/56/91 144/33/91
f 858/51/183 871/81/184 861/51/174
f 866/81/173 861/51/174 871/81/184
f 865/81/171 872/61/186 864/51/172
f 863/80/185 864/51/172 872/61/186
f 872/61/186 869/61/179 863/80/185
f 862/80/181 863/80/185 869/61/179
f 859/51/175 860/51/182 867/61/176
f 870/61/180 867/61/176 860/51/182
f 872/61/30 865/81/30 869/61/30
f 865/81/30 866/81/30 869/61/30
f 869/61/30 866/81/30 870/61/30
f 866/81/30 871/81/30 870/61/30
f 871/81/30 868/81/30 870/61/30
f 867/61/30 870/61/30 868/81/30
f 871/81/184 858/51/183 868/81/178
f 857/51/177 868/81/178 858/51/183
f 860/51/182 862/80/181 870/61/180
f 869/61/179 870/61/180 862/80/181
f 868/81/178 857/51/177 867/61/176
f 859/51/175 867/61/176 857/51/177
f 861/51/174 866/81/173 864/51/172
f 865/81/171 864/51/172 866/81/173
f 864/51/22 863/80/22 861/51/22
f 863/80/22 862/80/22 861/51/22
f 862/80/22 860/51/22 861/51/22
f 861/51/22 860/51/22 858/51/22
f 860/51/22 859/51/22 858/51/22
f 857/51/22 858/51/22 859/51/22
f 850/35/91 847/77/91 852/35/91
f 847/77/91 848/77/91 852/35/91
f 848/77/91 854/79/91 852/35/91
f 852/35/91 854/79/91 843/78/91
f 843/78/91 854/79/91 841/77/91
f 856/79/91 841/77/91 854/79/91
f 842/77/168 841/77/168 855/79/23
f 856/79/23 855/79/23 841/77/168
f 855/79/92 853/79/92 842/77/92
f 844/78/92 842/77/92 853/79/92
f 851/35/92 844/78/92 853/79/92
f 846/77/92 851/35/92 853/79/92
f 851/35/92 846/77/92 849/35/92
f 845/77/92 849/35/92 846/77/92
f 848/77/103 846/77/103 854/79/103
f 853/79/103 854/79/103 846/77/103
f 843/78/169 844/78/169 852/35/170
f 851/35/170 852/35/170 844/78/169
f 852/35/170 851/35/170 850/35/22
f 849/35/22 850/35/22 851/35/170
f 848/77/30 847/77/30 846/77/30
f 845/77/30 846/77/30 847/77/30
f 844/78/169 843/78/169 842/77/168
f 841/77/168 842/77/168 843/78/169
f 835/35/30 834/35/30 833/35/30
f 834/35/30 835/35/30 836/35/30
f 837/33/162 834/35/162 836/35/162
f 834/35/162 837/33/162 838/33/162
f 838/33/25 833/35/25 834/35/25
f 833/35/25 838/33/25 839/33/25
f 839/33/163 835/35/163 833/35/163
f 835/35/163 839/33/163 840/33/163
f 835/35/24 837/33/24 836/35/24
f 837/33/24 835/35/24 840/33/24
f 827/35/30 826/35/30 825/35/30
f 826/35/30 827/35/30 828/35/30
f 829/33/164 826/35/164 828/35/164
f 826/35/164 829/33/164 830/33/164
f 830/33/165 825/35/165 826/35/165
f 825/35/165 830/33/165 831/33/165
f 831/33/166 827/35/166 825/35/166
f 827/35/166 831/33/166 832/33/166
f 827/35/167 829/33/167 828/35/167
f 829/33/167 827/35/167 832/33/167
f 819/35/30 818/35/30 817/35/30
f 818/35/30 819/35/30 820/35/30
f 821/33/164 818/35/164 820/35/164
f 818/35/164 821/33/164 822/33/164
f 822/33/165 817/35/165 818/35/165
f 817/35/165 822/33/165 823/33/165
f 823/33/166 819/35/166 817/35/166
f 819/35/166 823/33/166 824/33/166
f 819/35/167 821/33/167 820/35/167
f 821/33/167 819/35/167 824/33/167
f 811/35/30 810/35/30 809/35/30
f 810/35/30 811/35/30 812/35/30
f 813/33/162 810/35/162 812/35/162
f 810/35/162 813/33/162 814/33/162
f 814/33/25 809/35/25 810/35/25
f 809/35/25 814/33/25 815/33/25
f 815/33/163 811/35/163 809/35/163
f 811/35/163 815/33/163 816/33/163
f 811/35/24 813/33/24 812/35/24
f 813/33/24 811/35/24 816/33/24
f 803/63/132 800/67/129 801/62/130
f 794/33/123 801/62/130 800/67/129
f 796/68/125 799/64/128 806/65/135
f 804/64/133 806/65/135 799/64/128
f 805/64/134 802/63/131 797/64/126
f 793/67/122 797/64/126 802/63/131
f 802/63/131 801/62/130 793/67/122
f 794/33/123 793/67/122 801/62/130
f 795/35/124 796/68/125 808/66/137
f 806/65/135 808/66/137 796/68/125
f 798/68/127 807/65/136 797/64/126
f 805/64/134 797/64/126 807/65/136
f 804/64/133 799/64/128 803/63/132
f 800/67/129 803/63/132 799/64/128
f 795/35/124 808/66/137 798/68/127
f 807/65/136 798/68/127 808/66/137
f 790/67/119 785/33/114 800/67/129
f 794/33/123 800/67/129 785/33/114
f 808/66/137 806/65/135 807/65/136
f 807/65/136 806/65/135 805/64/134
f 806/65/135 804/64/133 805/64/134
f 805/64/134 804/64/133 802/63/131
f 804/64/133 803/63/132 802/63/131
f 801/62/130 802/63/131 803/63/132
f 791/64/120 790/67/119 799/64/128
f 800/67/129 799/64/128 790/67/119
f 789/35/118 795/35/124 788/68/117
f 798/68/127 788/68/117 795/35/124
f 791/64/120 799/64/128 792/68/121
f 796/68/125 792/68/121 799/64/128
f 788/68/117 798/68/127 787/64/116
f 797/64/126 787/64/116 798/68/127
f 786/67/115 787/64/116 793/67/122
f 797/64/126 793/67/122 787/64/116
f 796/68/125 795/35/124 792/68/121
f 789/35/118 792/68/121 795/35/124
f 794/33/123 785/33/114 793/67/122
f 786/67/115 793/67/122 785/33/114
f 792/68/121 782/65/111 791/64/120
f 780/64/109 791/64/120 782/65/111
f 778/63/107 777/62/106 790/67/119
f 785/33/114 790/67/119 777/62/106
f 789/35/118 784/66/113 792/68/121
f 782/65/111 792/68/121 784/66/113
f 783/65/112 788/68/117 781/64/110
f 787/64/116 781/64/110 788/68/117
f 780/64/109 778/63/107 791/64/120
f 790/67/119 791/64/120 778/63/107
f 789/35/118 788/68/117 784/66/113
f 783/65/112 784/66/113 788/68/117
f 781/64/110 787/64/116 779/63/108
f 786/67/115 779/63/108 787/64/116
f 779/63/108 786/67/115 777/62/106
f 785/33/114 777/62/106 786/67/115
f 784/66/113 783/65/112 782/65/111
f 783/65/112 781/64/110 782/65/111
f 782/65/111 781/64/110 780/64/109
f 781/64/110 779/63/108 780/64/109
f 780/64/109 779/63/108 778/63/107
f 777/62/106 778/63/107 779/63/108
f 775/74/160 754/70/139 773/76/158
f 753/69/138 773/76/158 754/70/139
f 773/76/158 753/69/138 771/74/156
f 765/70/150 771/74/156 753/69/138
f 760/64/145 776/64/161 759/71/144
f 774/73/159 759/71/144 776/64/161
f 771/74/156 765/70/150 769/64/154
f 767/64/152 769/64/154 765/70/150
f 774/73/159 772/75/157 759/71/144
f 763/72/148 759/71/144 772/75/157
f 760/64/145 754/70/139 776/64/161
f 775/74/160 776/64/161 754/70/139
f 772/75/157 770/73/155 763/72/148
f 761/71/146 763/72/148 770/73/155
f 770/73/155 769/64/154 761/71/146
f 767/64/152 761/71/146 769/64/154
f 776/64/161 775/74/160 774/73/159
f 775/74/160 773/76/158 774/73/159
f 774/73/159 773/76/158 772/75/157
f 773/76/158 771/74/156 772/75/157
f 772/75/157 771/74/156 770/73/155
f 769/64/154 770/73/155 771/74/156
f 757/67/142 759/71/144 764/33/149
f 763/72/148 764/33/149 759/71/144
f 767/64/152 768/64/153 761/71/146
f 762/67/147 761/71/146 768/64/153
f 766/68/151 768/64/153 765/70/150
f 767/64/152 765/70/150 768/64/153
f 756/68/141 754/70/139 758/64/143
f 760/64/145 758/64/143 754/70/139
f 755/35/140 766/68/151 753/69/138
f 765/70/150 753/69/138 766/68/151
f 764/33/149 763/72/148 762/67/147
f 761/71/146 762/67/147 763/72/148
f 760/64/145 759/71/144 758/64/143
f 757/67/142 758/64/143 759/71/144
f 756/68/141 755/35/140 754/70/139
f 753/69/138 754/70/139 755/35/140
f 747/63/132 744/67/129 745/62/130
f 738/33/123 745/62/130 744/67/129
f 740/68/125 743/64/128 750/65/135
f 748/64/133 750/65/135 743/64/128
f 749/64/134 746/63/131 741/64/126
f 737/67/122 741/64/126 746/63/131
f 746/63/131 745/62/130 737/67/122
f 738/33/123 737/67/122 745/62/130
f 739/35/124 740/68/125 752/66/137
f 750/65/135 752/66/137 740/68/125
f 742/68/127 751/65/136 741/64/126
f 749/64/134 741/64/126 751/65/136
f 748/64/133 743/64/128 747/63/132
f 744/67/129 747/63/132 743/64/128
f 739/35/124 752/66/137 742/68/127
f 751/65/136 742/68/127 752/66/137
f 734/67/119 729/33/114 744/67/129
f 738/33/123 744/67/129 729/33/114
f 752/66/137 750/65/135 751/65/136
f 751/65/136 750/65/135 749/64/134
f 750/65/135 748/64/133 749/64/134
f 749/64/134 748/64/133 746/63/131
f 748/64/133 747/63/132 746/63/131
f 745/62/130 746/63/131 747/63/132
f 735/64/120 734/67/119 743/64/128
f 744/67/129 743/64/128 734/67/119
f 733/35/118 739/35/124 732/68/117
f 742/68/127 732/68/117 739/35/124
f 735/64/120 743/64/128 736/68/121
f 740/68/125 736/68/121 743/64/128
f 732/68/117 742/68/127 731/64/116
f 741/64/126 731/64/116 742/68/127
f 730/67/115 731/64/116 737/67/122
f 741/64/126 737/67/122 731/64/116
f 740/68/125 739/35/124 736/68/121
f 733/35/118 736/68/121 739/35/124
f 738/33/123 729/33/114 737/67/122
f 730/67/115 737/67/122 729/33/114
f 736/68/121 726/65/111 735/64/120
f 724/64/109 735/64/120 726/65/111
f 722/63/107 721/62/106 734/67/119
f 729/33/114 734/67/119 721/62/106
f 733/35/118 728/66/113 736/68/121
f 726/65/111 736/68/121 728/66/113
f 727/65/112 732/68/117 725/64/110
f 731/64/116 725/64/110 732/68/117
f 724/64/109 722/63/107 735/64/120
f 734/67/119 735/64/120 722/63/107
f 733/35/118 732/68/117 728/66/113
f 727/65/112 728/66/113 732/68/117
f 725/64/110 731/64/116 723/63/108
f 730/67/115 723/63/108 731/64/116
f 723/63/108 730/67/115 721/62/106
f 729/33/114 721/62/106 730/67/115
f 728/66/113 727/65/112 726/65/111
f 727/65/112 725/64/110 726/65/111
f 726/65/111 725/64/110 724/64/109
f 725/64/110 723/63/108 724/64/109
f 724/64/109 723/63/108 722/63/107
f 721/62/106 722/63/107 723/63/108
f 164/57/187 874/60/188 873/57/187
f 874/60/188 164/57/187 165/60/188
f 165/60/188 875/61/189 874/60/188
f 875/61/189 165/60/188 167/61/189
f 878/82/190 877/56/191 876/82/190
f 877/56/191 878/82/190 879/56/191
f 166/51/192 873/57/187 880/51/192
f 873/57/187 166/51/192 164/57/187
f 171/57/193 882/51/194 881/57/193
f 882/51/194 171/57/193 170/51/194
f 885/56/195 884/82/196 883/56/195
f 884/82/196 885/56/195 886/82/196
f 168/61/197 875/61/189 167/61/189
f 875/61/189 168/61/197 887/61/197
f 169/60/198 881/57/193 888/60/198
f 881/57/193 169/60/198 171/57/193
f 888/60/26 875/61/26 887/61/26
f 875/61/26 888/60/26 874/60/26
f 874/60/26 888/60/26 884/82/26
f 884/82/26 888/60/26 881/57/26
f 876/82/26 874/60/26 884/82/26
f 884/82/26 881/57/26 883/56/26
f 874/60/26 876/82/26 873/57/26
f 883/56/26 881/57/26 877/56/26
f 873/57/26 876/82/26 877/56/26
f 873/57/26 877/56/26 881/57/26
f 873/57/26 881/57/26 882/51/26
f 873/57/26 882/51/26 880/51/26
f 884/82/196 878/82/190 876/82/190
f 878/82/190 884/82/196 886/82/196
f 885/56/195 877/56/191 879/56/191
f 877/56/191 885/56/195 883/56/195
f 882/51/194 166/51/192 880/51/192
f 166/51/192 882/51/194 170/51/194
f 168/61/197 888/60/198 887/61/197
f 888/60/198 168/61/197 169/60/198
f 891/33/24 890/34/60 889/33/60
f 890/34/60 891/33/24 892/34/24
f 895/34/25 894/33/38 893/34/38
f 894/33/38 895/34/25 896/33/25
f 899/34/57 898/33/37 897/33/57
f 898/33/37 899/34/57 900/34/37
f 889/33/60 899/34/57 897/33/57
f 899/34/57 889/33/60 890/34/60
f 893/34/38 898/33/37 900/34/37
f 898/33/37 893/34/38 894/33/38
f 891/33/30 902/33/30 901/33/30
f 902/33/30 891/33/30 897/33/30
f 897/33/30 891/33/30 889/33/30
f 898/33/30 902/33/30 897/33/30
f 898/33/30 903/33/30 902/33/30
f 898/33/30 904/33/30 903/33/30
f 894/33/30 904/33/30 898/33/30
f 904/33/30 894/33/30 896/33/30
f 158/34/22 890/34/22 892/34/22
f 156/34/22 890/34/22 158/34/22
f 156/34/22 899/34/22 890/34/22
f 161/34/22 899/34/22 156/34/22
f 899/34/22 161/34/22 900/34/22
f 163/34/22 900/34/22 161/34/22
f 895/34/22 900/34/22 163/34/22
f 900/34/22 895/34/22 893/34/22
f 907/83/190 906/84/191 905/83/190
f 906/84/191 907/83/190 908/84/191
f 909/83/22 907/83/190 905/83/190
f 907/83/190 909/83/22 910/83/196
f 910/83/196 909/83/22 911/83/22
f 910/83/196 911/83/22 912/83/22
f 910/83/196 912/83/22 913/83/22
f 910/83/196 913/83/22 914/83/22
f 910/83/196 914/83/22 915/83/22
f 910/83/196 915/83/22 916/83/196
f 918/84/195 916/83/196 917/84/195
f 916/83/196 918/84/195 910/83/196
f 918/84/195 906/84/191 908/84/191
f 906/84/191 918/84/195 919/84/30
f 919/84/30 918/84/195 920/84/30
f 920/84/30 918/84/195 921/84/30
f 921/84/30 918/84/195 922/84/30
f 922/84/30 918/84/195 923/84/30
f 923/84/30 918/84/195 924/84/30
f 924/84/30 918/84/195 917/84/195
f 916/83/26 925/85/26 917/84/26
f 917/84/26 925/85/26 924/84/26
f 916/83/26 926/33/26 925/85/26
f 926/33/26 916/83/26 927/33/26
f 905/83/26 927/33/26 916/83/26
f 905/83/26 916/83/26 915/83/26
f 927/33/26 905/83/26 928/85/26
f 924/84/26 914/83/26 915/83/26
f 905/83/26 915/83/26 914/83/26
f 914/83/26 924/84/26 923/84/26
f 924/84/26 925/85/26 923/84/26
f 905/83/26 914/83/26 913/83/26
f 923/84/26 925/85/26 922/84/26
f 928/85/26 905/83/26 906/84/26
f 928/85/26 906/84/26 925/85/26
f 919/84/26 925/85/26 906/84/26
f 905/83/26 913/83/26 912/83/26
f 922/84/26 912/83/26 913/83/26
f 905/83/26 912/83/26 911/83/26
f 912/83/26 922/84/26 921/84/26
f 922/84/26 925/85/26 921/84/26
f 905/83/26 911/83/26 909/83/26
f 921/84/26 925/85/26 920/84/26
f 920/84/26 925/85/26 919/84/26
f 920/84/26 909/83/26 911/83/26
f 909/83/26 920/84/26 919/84/26
f 931/61/199 930/51/26 929/51/199
f 930/51/26 931/61/199 932/61/26
f 935/61/200 934/51/25 933/61/25
f 934/51/25 935/61/200 936/51/200
f 932/61/26 937/51/201 930/51/26
f 937/51/201 932/61/26 938/61/201
f 933/61/25 937/51/201 938/61/201
f 937/51/201 933/61/25 934/51/25
f 935/61/200 939/51/75 936/51/200
f 939/51/75 935/61/200 940/61/75
f 940/61/75 941/51/202 939/51/75
f 941/51/202 940/61/75 942/61/202
f 941/51/202 944/61/24 943/51/24
f 944/61/24 941/51/202 942/61/202
f 943/51/24 931/61/199 929/51/199
f 931/61/199 943/51/24 944/61/24
f 936/51/30 937/51/30 934/51/30
f 937/51/30 936/51/30 939/51/30
f 937/51/30 939/51/30 930/51/30
f 930/51/30 939/51/30 941/51/30
f 930/51/30 941/51/30 929/51/30
f 929/51/30 941/51/30 943/51/30
f 947/61/30 946/61/30 945/61/30
f 946/61/30 947/61/30 948/61/30
f 951/51/203 950/51/22 949/51/22
f 950/51/22 951/51/203 952/51/203
f 950/51/75 947/61/75 945/61/75
f 947/61/75 950/51/75 953/86/75
f 953/86/75 950/51/75 952/51/75
f 950/51/25 946/61/25 949/51/25
f 946/61/25 950/51/25 945/61/25
f 954/86/26 946/61/26 948/61/26
f 946/61/26 954/86/26 949/51/26
f 949/51/26 954/86/26 951/51/26
f 947/61/24 954/86/204 948/61/24
f 954/86/204 947/61/24 953/86/204
f 953/86/204 951/51/203 954/86/204
f 951/51/203 953/86/204 952/51/203
f 957/61/24 956/51/81 955/61/81
f 956/51/81 957/61/24 958/51/24
f 956/51/81 959/61/26 955/61/81
f 959/61/26 956/51/81 960/51/26
f 963/51/71 962/61/25 961/51/25
f 962/61/25 963/51/71 964/61/71
f 961/51/25 966/61/76 965/51/76
f 966/61/76 961/51/25 962/61/25
f 967/61/74 958/51/24 957/61/24
f 958/51/24 967/61/74 968/51/74
f 970/51/75 967/61/74 969/61/75
f 967/61/74 970/51/75 968/51/74
f 960/51/26 966/61/76 959/61/26
f 966/61/76 960/51/26 965/51/76
f 963/51/71 969/61/75 964/61/71
f 969/61/75 963/51/71 970/51/75
f 965/51/22 963/51/22 961/51/22
f 963/51/22 965/51/22 960/51/22
f 963/51/22 960/51/22 970/51/22
f 970/51/22 960/51/22 956/51/22
f 970/51/22 956/51/22 968/51/22
f 968/51/22 956/51/22 958/51/22
f 964/61/30 966/61/30 962/61/30
f 966/61/30 964/61/30 969/61/30
f 966/61/30 969/61/30 959/61/30
f 959/61/30 969/61/30 967/61/30
f 959/61/30 967/61/30 955/61/30
f 955/61/30 967/61/30 957/61/30
f 973/61/24 972/51/81 971/61/81
f 972/51/81 973/61/24 974/51/24
f 972/51/81 975/61/26 971/61/81
f 975/61/26 972/51/81 976/51/26
f 979/51/71 978/61/25 977/51/25
f 978/61/25 979/51/71 980/61/71
f 977/51/25 982/61/76 981/51/76
f 982/61/76 977/51/25 978/61/25
f 983/61/74 974/51/24 973/61/24
f 974/51/24 983/61/74 984/51/74
f 986/51/75 983/61/74 985/61/75
f 983/61/74 986/51/75 984/51/74
f 976/51/26 982/61/76 975/61/26
f 982/61/76 976/51/26 981/51/76
f 979/51/71 985/61/75 980/61/71
f 985/61/75 979/51/71 986/51/75
f 981/51/22 979/51/22 977/51/22
f 979/51/22 981/51/22 976/51/22
f 979/51/22 976/51/22 986/51/22
f 986/51/22 976/51/22 972/51/22
f 986/51/22 972/51/22 984/51/22
f 984/51/22 972/51/22 974/51/22
f 980/61/30 982/61/30 978/61/30
f 982/61/30 980/61/30 985/61/30
f 982/61/30 985/61/30 975/61/30
f 975/61/30 985/61/30 983/61/30
f 975/61/30 983/61/30 971/61/30
f 971/61/30 983/61/30 973/61/30
f 989/61/205 988/51/1 987/51/205
f 988/51/1 989/61/205 990/61/1
f 993/61/206 992/51/2 991/61/2
f 992/51/2 993/61/206 994/51/206
f 990/61/1 995/51/207 988/51/1
f 995/51/207 990/61/1 996/61/207
f 991/61/2 995/51/207 996/61/207
f 995/51/207 991/61/2 992/51/2
f 993/61/206 997/51/64 994/51/206
f 997/51/64 993/61/206 998/61/64
f 998/61/64 999/51/208 997/51/64
f 999/51/208 998/61/64 1000/61/208
f 999/51/208 1002/61/9 1001/51/9
f 1002/61/9 999/51/208 1000/61/208
f 1001/51/9 989/61/205 987/51/205
f 989/61/205 1001/51/9 1002/61/9
f 994/51/30 995/51/30 992/51/30
f 995/51/30 994/51/30 997/51/30
f 995/51/30 997/51/30 988/51/30
f 988/51/30 997/51/30 999/51/30
f 988/51/30 999/51/30 987/51/30
f 987/51/30 999/51/30 1001/51/30
f 1005/61/30 1004/61/30 1003/61/30
f 1004/61/30 1005/61/30 1006/61/30
f 1009/51/209 1008/51/22 1007/51/22
f 1008/51/22 1009/51/209 1010/51/209
f 1008/51/64 1005/61/64 1003/61/64
f 1005/61/64 1008/51/64 1011/86/64
f 1011/86/64 1008/51/64 1010/51/64
f 1008/51/2 1004/61/2 1007/51/2
f 1004/61/2 1008/51/2 1003/61/2
f 1012/86/1 1004/61/1 1006/61/1
f 1004/61/1 1012/86/1 1007/51/1
f 1007/51/1 1012/86/1 1009/51/1
f 1005/61/9 1012/86/210 1006/61/9
f 1012/86/210 1005/61/9 1011/86/210
f 1011/86/210 1009/51/209 1012/86/210
f 1009/51/209 1011/86/210 1010/51/209
f 1015/61/212 1014/51/211 1013/61/211
f 1014/51/211 1015/61/212 1016/51/212
f 1014/51/211 1017/61/213 1013/61/211
f 1017/61/213 1014/51/211 1018/51/213
f 1021/51/215 1020/61/214 1019/51/214
f 1020/61/214 1021/51/215 1022/61/215
f 1019/51/214 1024/61/216 1023/51/216
f 1024/61/216 1019/51/214 1020/61/214
f 1025/61/217 1016/51/212 1015/61/212
f 1016/51/212 1025/61/217 1026/51/217
f 1028/51/218 1025/61/217 1027/61/218
f 1025/61/217 1028/51/218 1026/51/217
f 1018/51/213 1024/61/216 1017/61/213
f 1024/61/216 1018/51/213 1023/51/216
f 1021/51/215 1027/61/218 1022/61/215
f 1027/61/218 1021/51/215 1028/51/218
f 1023/51/22 1021/51/22 1019/51/22
f 1021/51/22 1023/51/22 1018/51/22
f 1021/51/22 1018/51/22 1028/51/22
f 1028/51/22 1018/51/22 1014/51/22
f 1028/51/22 1014/51/22 1026/51/22
f 1026/51/22 1014/51/22 1016/51/22
f 1022/61/30 1024/61/30 1020/61/30
f 1024/61/30 1022/61/30 1027/61/30
f 1024/61/30 1027/61/30 1017/61/30
f 1017/61/30 1027/61/30 1025/61/30
f 1017/61/30 1025/61/30 1013/61/30
f 1013/61/30 1025/61/30 1015/61/30
f 1031/61/212 1030/51/211 1029/61/211
f 1030/51/211 1031/61/212 1032/51/212
f 1030/51/211 1033/61/213 1029/61/211
f 1033/61/213 1030/51/211 1034/51/213
f 1037/51/215 1036/61/214 1035/51/214
f 1036/61/214 1037/51/215 1038/61/215
f 1035/51/214 1040/61/216 1039/51/216
f 1040/61/216 1035/51/214 1036/61/214
f 1041/61/217 1032/51/212 1031/61/212
f 1032/51/212 1041/61/217 1042/51/217
f 1044/51/218 1041/61/217 1043/61/218
f 1041/61/217 1044/51/218 1042/51/217
f 1034/51/213 1040/61/216 1033/61/213
f 1040/61/216 1034/51/213 1039/51/216
f 1037/51/215 1043/61/218 1038/61/215
f 1043/61/218 1037/51/215 1044/51/218
f 1039/51/22 1037/51/22 1035/51/22
f 1037/51/22 1039/51/22 1034/51/22
f 1037/51/22 1034/51/22 1044/51/22
f 1044/51/22 1034/51/22 1030/51/22
f 1044/51/22 1030/51/22 1042/51/22
f 1042/51/22 1030/51/22 1032/51/22
f 1038/61/30 1040/61/30 1036/61/30
f 1040/61/30 1038/61/30 1043/61/30
f 1040/61/30 1043/61/30 1033/61/30
f 1033/61/30 1043/61/30 1041/61/30
f 1033/61/30 1041/61/30 1029/61/30
f 1029/61/30 1041/61/30 1031/61/30
f 1047/61/199 1046/87/26 1045/87/199
f 1046/87/26 1047/61/199 1048/61/26
f 1051/61/200 1050/87/25 1049/61/25
f 1050/87/25 1051/61/200 1052/87/200
f 1048/61/26 1053/87/201 1046/87/26
f 1053/87/201 1048/61/26 1054/61/201
f 1049/61/25 1053/87/201 1054/61/201
f 1053/87/201 1049/61/25 1050/87/25
f 1051/61/200 1055/87/75 1052/87/200
f 1055/87/75 1051/61/200 1056/61/75
f 1056/61/75 1057/87/202 1055/87/75
f 1057/87/202 1056/61/75 1058/61/202
f 1057/87/202 1060/61/24 1059/87/24
f 1060/61/24 1057/87/202 1058/61/202
f 1059/87/24 1047/61/199 1045/87/199
f 1047/61/199 1059/87/24 1060/61/24
f 1052/87/30 1053/87/30 1050/87/30
f 1053/87/30 1052/87/30 1055/87/30
f 1053/87/30 1055/87/30 1046/87/30
f 1046/87/30 1055/87/30 1057/87/30
f 1046/87/30 1057/87/30 1045/87/30
f 1045/87/30 1057/87/30 1059/87/30
f 1063/61/30 1062/61/30 1061/61/30
f 1062/61/30 1063/61/30 1064/61/30
f 1067/51/203 1066/51/22 1065/51/22
f 1066/51/22 1067/51/203 1068/51/203
f 1066/51/75 1063/61/75 1061/61/75
f 1063/61/75 1066/51/75 1069/86/75
f 1069/86/75 1066/51/75 1068/51/75
f 1066/51/25 1062/61/25 1065/51/25
f 1062/61/25 1066/51/25 1061/61/25
f 1070/86/26 1062/61/26 1064/61/26
f 1062/61/26 1070/86/26 1065/51/26
f 1065/51/26 1070/86/26 1067/51/26
f 1063/61/24 1070/86/204 1064/61/24
f 1070/86/204 1063/61/24 1069/86/204
f 1069/86/204 1067/51/203 1070/86/204
f 1067/51/203 1069/86/204 1068/51/203
f 1073/61/24 1072/51/81 1071/61/81
f 1072/51/81 1073/61/24 1074/51/24
f 1072/51/81 1075/61/26 1071/61/81
f 1075/61/26 1072/51/81 1076/51/26
f 1079/51/71 1078/61/25 1077/51/25
f 1078/61/25 1079/51/71 1080/61/71
f 1077/51/25 1082/61/76 1081/51/76
f 1082/61/76 1077/51/25 1078/61/25
f 1083/61/74 1074/51/24 1073/61/24
f 1074/51/24 1083/61/74 1084/51/74
f 1086/51/75 1083/61/74 1085/61/75
f 1083/61/74 1086/51/75 1084/51/74
f 1076/51/26 1082/61/76 1075/61/26
f 1082/61/76 1076/51/26 1081/51/76
f 1079/51/71 1085/61/75 1080/61/71
f 1085/61/75 1079/51/71 1086/51/75
f 1081/51/22 1079/51/22 1077/51/22
f 1079/51/22 1081/51/22 1076/51/22
f 1079/51/22 1076/51/22 1086/51/22
f 1086/51/22 1076/51/22 1072/51/22
f 1086/51/22 1072/51/22 1084/51/22
f 1084/51/22 1072/51/22 1074/51/22
f 1080/61/30 1082/61/30 1078/61/30
f 1082/61/30 1080/61/30 1085/61/30
f 1082/61/30 1085/61/30 1075/61/30
f 1075/61/30 1085/61/30 1083/61/30
f 1075/61/30 1083/61/30 1071/61/30
f 1071/61/30 1083/61/30 1073/61/30
f 1089/61/24 1088/51/81 1087/61/81
f 1088/51/81 1089/61/24 1090/51/24
f 1088/51/81 1091/61/26 1087/61/81
f 1091/61/26 1088/51/81 1092/51/26
f 1095/51/71 1094/61/25 1093/51/25
f 1094/61/25 1095/51/71 1096/61/71
f 1093/51/25 1098/61/76 1097/51/76
f 1098/61/76 1093/51/25 1094/61/25
f 1099/61/74 1090/51/24 1089/61/24
f 1090/51/24 1099/61/74 1100/51/74
f 1102/51/75 1099/61/74 1101/61/75
f 1099/61/74 1102/51/75 1100/51/74
f 1092/51/26 1098/61/76 1091/61/26
f 1098/61/76 1092/51/26 1097/51/76
f 1095/51/71 1101/61/75 1096/61/71
f 1101/61/75 1095/51/71 1102/51/75
f 1097/51/22 1095/51/22 1093/51/22
f 1095/51/22 1097/51/22 1092/51/22
f 1095/51/22 1092/51/22 1102/51/22
f 1102/51/22 1092/51/22 1088/51/22
f 1102/51/22 1088/51/22 1100/51/22
f 1100/51/22 1088/51/22 1090/51/22
f 1096/61/30 1098/61/30 1094/61/30
f 1098/61/30 1096/61/30 1101/61/30
f 1098/61/30 1101/61/30 1091/61/30
f 1091/61/30 1101/61/30 1099/61/30
f 1091/61/30 1099/61/30 1087/61/30
f 1087/61/30 1099/61/30 1089/61/30
f 1145/61/24 1146/51/24 1148/61/81
f 1150/51/81 1148/61/81 1146/51/24
f 1147/61/30 1143/61/30 1148/61/30
f 1145/61/30 1148/61/30 1143/61/30
f 1144/51/22 1149/51/22 1146/51/22
f 1150/51/22 1146/51/22 1149/51/22
f 1144/51/25 1143/61/25 1149/51/76
f 1147/61/76 1149/51/76 1143/61/25
f 1150/51/81 1149/51/76 1148/61/81
f 1147/61/76 1148/61/81 1149/51/76
f 1146/51/75 1145/61/75 1144/51/75
f 1143/61/75 1144/51/75 1145/61/75
f 1139/35/26 1141/35/26 1136/33/26
f 1138/33/26 1136/33/26 1141/35/26
f 1142/35/196 1141/35/196 1140/35/190
f 1139/35/190 1140/35/190 1141/35/196
f 1142/35/196 1137/33/195 1141/35/196
f 1138/33/195 1141/35/196 1137/33/195
f 1135/33/191 1140/35/190 1136/33/191
f 1139/35/190 1136/33/191 1140/35/190
f 1138/33/195 1137/33/195 1136/33/191
f 1135/33/191 1136/33/191 1137/33/195
f 1134/50/195 1131/58/196 183/50/195
f 183/50/195 1131/58/196 181/59/25
f 181/59/25 1131/58/196 179/60/25
f 176/58/196 179/60/25 1131/58/196
f 182/50/191 1133/50/191 183/50/195
f 1134/50/195 183/50/195 1133/50/191
f 1132/58/190 1133/50/191 173/58/190
f 173/58/190 1133/50/191 178/60/24
f 178/60/24 1133/50/191 180/59/24
f 182/50/191 180/59/24 1133/50/191
f 1132/58/190 173/58/190 1131/58/196
f 176/58/196 1131/58/196 173/58/190
f 1117/33/30 1130/33/30 1106/33/30
f 1106/33/30 1130/33/30 174/33/30
f 174/33/30 1130/33/30 172/33/30
f 172/33/30 1123/33/30 1103/33/30
f 172/33/30 1130/33/30 1123/33/30
f 1123/33/30 1130/33/30 1108/33/30
f 1110/33/30 1108/33/30 1130/33/30
f 1128/51/192 1116/57/187 1119/51/192
f 1115/57/187 1119/51/192 1116/57/187
f 1129/57/193 1127/51/194 1118/57/193
f 1120/51/194 1118/57/193 1127/51/194
f 1126/34/24 1129/57/193 1121/34/24
f 1118/57/193 1121/34/24 1129/57/193
f 1128/51/192 1119/51/192 1127/51/194
f 1120/51/194 1127/51/194 1119/51/192
f 1126/34/22 1121/34/22 1125/34/22
f 1121/34/22 1122/34/22 1125/34/22
f 1125/34/22 1122/34/22 1124/34/22
f 1122/34/22 1107/34/22 1124/34/22
f 1109/34/22 1124/34/22 1107/34/22
f 1108/33/60 1107/34/60 1123/33/57
f 1122/34/57 1123/33/57 1107/34/60
f 1123/33/57 1122/34/57 1103/33/26
f 1121/34/26 1103/33/26 1122/34/57
f 1103/33/26 1121/34/26 1104/56/26
f 1118/57/26 1104/56/26 1121/34/26
f 1120/51/26 1119/51/26 1118/57/26
f 1119/51/26 1115/57/26 1118/57/26
f 1115/57/26 1104/56/26 1118/57/26
f 1104/56/26 1115/57/26 1105/56/26
f 1115/57/26 1111/34/26 1105/56/26
f 1105/56/26 1111/34/26 1106/33/26
f 1111/34/26 1113/34/26 1106/33/26
f 1117/33/26 1106/33/26 1113/34/26
f 1116/57/187 1112/34/25 1115/57/187
f 1111/34/25 1115/57/187 1112/34/25
f 1114/34/22 1113/34/22 1112/34/22
f 1111/34/22 1112/34/22 1113/34/22
f 1110/33/24 1109/34/24 1108/33/60
f 1107/34/60 1108/33/60 1109/34/24
f 1105/56/30 175/56/30 1104/56/30
f 177/56/30 1104/56/30 175/56/30
f 174/33/24 175/56/24 1106/33/24
f 1105/56/24 1106/33/24 175/56/24
f 177/56/25 172/33/25 1104/56/25
f 1103/33/25 1104/56/25 172/33/25
f 1153/34/219 1152/57/220 1151/34/219
f 1152/57/220 1153/34/219 1154/57/220
f 1151/34/22 1155/34/22 1153/34/22
f 1155/34/22 1151/34/22 1156/34/22
f 1159/34/22 1158/34/22 1157/34/22
f 1158/34/22 1159/34/22 1160/34/22
f 1163/33/30 1162/33/30 1161/33/30
f 1162/33/30 1163/33/30 185/33/30
f 1164/33/30 1162/33/30 185/33/30
f 185/33/30 1163/33/30 184/33/30
f 184/33/30 1163/33/30 1165/33/30
f 1165/33/30 1163/33/30 1166/33/30
f 1169/51/221 1168/51/222 1167/51/221
f 1168/51/222 1169/51/221 1170/51/222
f 1172/57/223 1160/34/224 1171/57/223
f 1160/34/224 1172/57/223 1158/34/224
f 1154/57/220 1170/51/222 1152/57/220
f 1170/51/222 1154/57/220 1168/51/222
f 1167/51/221 1171/57/223 1169/51/221
f 1171/57/223 1167/51/221 1172/57/223
f 1156/34/27 1165/33/27 1166/33/27
f 1165/33/27 1156/34/27 1151/34/27
f 1165/33/27 1151/34/27 1173/56/27
f 1173/56/27 1151/34/27 1152/57/27
f 1173/56/27 1152/57/27 1174/56/27
f 1171/57/27 1174/56/27 1152/57/27
f 1171/57/27 1152/57/27 1170/51/27
f 1171/57/27 1170/51/27 1169/51/27
f 1160/34/27 1174/56/27 1171/57/27
f 1174/56/27 1160/34/27 1164/33/27
f 1159/34/27 1164/33/27 1160/34/27
f 1164/33/27 1159/34/27 1162/33/27
f 186/56/30 1174/56/30 187/56/30
f 1174/56/30 186/56/30 1173/56/30
f 185/33/219 1174/56/219 1164/33/219
f 1174/56/219 185/33/219 187/56/219
f 186/56/224 1165/33/224 1173/56/224
f 1165/33/224 186/56/224 184/33/224
f 1177/33/226 1176/33/225 1175/33/225
f 1176/33/225 1177/33/226 1178/33/226
f 1180/35/227 1176/33/225 1179/35/227
f 1176/33/225 1180/35/227 1175/33/225
f 1177/33/226 1181/35/228 1178/33/226
f 1181/35/228 1177/33/226 1182/35/228
f 1181/35/228 1180/35/227 1179/35/227
f 1180/35/227 1181/35/228 1182/35/228
f 1181/35/27 1176/33/27 1178/33/27
f 1176/33/27 1181/35/27 1179/35/27
f 1185/61/229 1184/51/229 1183/61/229
f 1184/51/229 1185/61/229 1186/51/229
f 1189/51/71 1188/61/74 1187/61/71
f 1188/61/74 1189/51/71 1190/51/74
f 1183/61/219 1189/51/71 1187/61/71
f 1189/51/71 1183/61/219 1184/51/219
f 1189/51/22 1186/51/22 1190/51/22
f 1186/51/22 1189/51/22 1184/51/22
f 1183/61/30 1188/61/30 1185/61/30
f 1188/61/30 1183/61/30 1187/61/30
f 1186/51/224 1188/61/74 1190/51/74
f 1188/61/74 1186/51/224 1185/61/224
f 1229/61/24 1230/51/24 1232/61/81
f 1234/51/81 1232/61/81 1230/51/24
f 1231/61/30 1227/61/30 1232/61/30
f 1229/61/30 1232/61/30 1227/61/30
f 1228/51/22 1233/51/22 1230/51/22
f 1234/51/22 1230/51/22 1233/51/22
f 1228/51/25 1227/61/25 1233/51/76
f 1231/61/76 1233/51/76 1227/61/25
f 1234/51/81 1233/51/76 1232/61/81
f 1231/61/76 1232/61/81 1233/51/76
f 1230/51/75 1229/61/75 1228/51/75
f 1227/61/75 1228/51/75 1229/61/75
f 1208/33/30 1209/33/30 1210/33/30
f 1210/33/30 1209/33/30 1196/33/30
f 1196/33/30 1209/33/30 1198/33/30
f 1198/33/30 1209/33/30 1193/33/30
f 1193/33/30 1220/33/30 1191/33/30
f 1193/33/30 1209/33/30 1220/33/30
f 1220/33/30 1209/33/30 1222/33/30
f 1224/33/30 1222/33/30 1209/33/30
f 1221/34/22 1223/34/22 1219/34/22
f 1226/34/22 1219/34/22 1223/34/22
f 1225/34/22 1219/34/22 1226/34/22
f 1219/34/22 1225/34/22 1212/34/22
f 1214/34/22 1212/34/22 1225/34/22
f 1222/33/60 1221/34/60 1220/33/57
f 1219/34/57 1220/33/57 1221/34/60
f 1224/33/24 1223/34/24 1222/33/60
f 1221/34/60 1222/33/60 1223/34/24
f 1220/33/57 1219/34/57 1191/33/26
f 1212/34/26 1191/33/26 1219/34/57
f 1191/33/26 1212/34/26 1192/56/26
f 1211/57/26 1192/56/26 1212/34/26
f 1215/51/26 1217/51/26 1211/57/26
f 1217/51/26 1206/57/26 1211/57/26
f 1206/57/26 1192/56/26 1211/57/26
f 1192/56/26 1206/57/26 1195/56/26
f 1206/57/26 1199/34/26 1195/56/26
f 1195/56/26 1199/34/26 1196/33/26
f 1199/34/26 1201/34/37 1196/33/26
f 1210/33/37 1196/33/26 1201/34/37
f 1218/51/192 1207/57/187 1217/51/192
f 1206/57/187 1217/51/192 1207/57/187
f 1213/57/193 1216/51/194 1211/57/193
f 1215/51/194 1211/57/193 1216/51/194
f 1218/51/192 1217/51/192 1216/51/194
f 1215/51/194 1216/51/194 1217/51/192
f 1214/34/24 1213/57/193 1212/34/24
f 1211/57/193 1212/34/24 1213/57/193
f 1205/34/38 1208/33/38 1201/34/37
f 1210/33/37 1201/34/37 1208/33/38
f 1204/34/25 1209/33/25 1205/34/38
f 1208/33/38 1205/34/38 1209/33/25
f 1207/57/187 1200/34/25 1206/57/187
f 1199/34/25 1206/57/187 1200/34/25
f 1205/34/22 1201/34/22 1204/34/22
f 1204/34/22 1201/34/22 1203/34/22
f 1203/34/22 1201/34/22 1202/34/22
f 1202/34/22 1201/34/22 1200/34/22
f 1199/34/22 1200/34/22 1201/34/22
f 1195/56/30 1197/56/30 1192/56/30
f 1194/56/30 1192/56/30 1197/56/30
f 1198/33/24 1197/56/24 1196/33/24
f 1195/56/24 1196/33/24 1197/56/24
f 1194/56/25 1193/33/25 1192/56/25
f 1191/33/25 1192/56/25 1193/33/25
f 1235/88/4 1236/88/4 204/89/4
f 208/89/9 1238/88/9 1237/88/9
f 1239/91/26 215/90/26 216/90/26
f 215/90/26 1239/91/26 1240/91/26
f 1241/91/26 223/90/26 224/90/26
f 223/90/26 1241/91/26 1242/91/26
f 1245/91/40 252/90/40 1243/91/40
f 251/90/40 1243/91/40 252/90/40
f 1244/91/39 1243/91/39 250/90/39
f 251/90/39 250/90/39 1243/91/39
f 1246/91/21 259/90/21 260/90/21
f 259/90/21 1246/91/21 1247/91/21
f 1248/91/43 276/90/43 277/90/43
f 276/90/43 1248/91/43 1249/91/43
f 1252/91/22 1251/91/22 1250/91/22
f 1251/91/22 1252/91/22 1253/91/22
f 1256/91/2 343/90/2 1254/91/2
f 342/90/2 1254/91/2 343/90/2
f 1255/91/1 1254/91/1 341/90/1
f 342/90/1 341/90/1 1254/91/1
f 659/91/43 356/90/43 357/90/43
f 356/90/43 659/91/43 662/91/43
f 696/90/23 695/90/23 699/92/23
f 1257/91/23 699/92/23 695/90/23
f 697/93/23 699/92/23 1257/91/23
f 1259/91/23 697/93/23 1257/91/23
f 697/93/23 1259/91/23 698/93/23
f 698/93/23 1259/91/23 686/92/23
f 686/92/23 1259/91/23 682/90/23
f 684/90/23 682/90/23 1259/91/23
f 694/90/92 1258/91/92 695/90/92
f 1257/91/92 695/90/92 1258/91/92
f 1126/90/26 1125/90/26 1129/92/26
f 1260/91/26 1129/92/26 1125/90/26
f 1127/93/26 1129/92/26 1260/91/26
f 1262/91/26 1127/93/26 1260/91/26
f 1127/93/26 1262/91/26 1128/93/26
f 1128/93/26 1262/91/26 1116/92/26
f 1116/92/26 1262/91/26 1112/90/26
f 1114/90/26 1112/90/26 1262/91/26
f 1124/90/24 1261/91/24 1125/90/24
f 1260/91/24 1125/90/24 1261/91/24
f 1263/91/27 1153/90/27 1155/90/27
f 1153/90/27 1263/91/27 1154/92/27
f 1154/92/27 1263/91/27 1264/93/27
f 1168/93/27 1154/92/27 1264/93/27
f 1264/93/27 1263/91/27 1168/93/27
f 1168/93/27 1263/91/27 1167/93/27
f 1167/93/27 1263/91/27 1265/93/27
f 1266/91/27 1265/93/27 1263/91/27
f 1265/93/27 1172/92/27 1167/93/27
f 1266/91/27 1172/92/27 1265/93/27
f 1157/90/27 1172/92/27 1266/91/27
f 1172/92/27 1157/90/27 1158/90/27
f 1226/90/24 1270/91/24 1225/90/24
f 1269/91/24 1225/90/24 1270/91/24
f 1214/90/26 1225/90/26 1213/92/26
f 1269/91/26 1213/92/26 1225/90/26
f 1216/93/26 1213/92/26 1269/91/26
f 1267/91/26 1216/93/26 1269/91/26
f 1216/93/26 1267/91/26 1218/93/26
f 1218/93/26 1267/91/26 1207/92/26
f 1207/92/26 1267/91/26 1200/90/26
f 1202/90/26 1200/90/26 1267/91/26
f 1268/91/25 1203/90/25 1267/91/25
f 1202/90/25 1267/91/25 1203/90/25
f 1277/97/236 1300/101/260 1275/96/234
f 1299/102/259 1275/96/234 1300/101/260
f 1302/95/261 1288/99/247 1274/95/233
f 1273/94/232 1274/95/233 1288/99/247
f 1301/101/258 1302/95/261 1280/97/239
f 1274/95/233 1280/97/239 1302/95/261
f 1300/101/260 1277/97/236 1287/95/246
f 1284/95/243 1287/95/246 1277/97/236
f 1286/99/245 1285/94/244 1289/100/248
f 1282/98/241 1289/100/248 1285/94/244
f 1299/102/259 1301/101/258 1275/96/234
f 1280/97/239 1275/96/234 1301/101/258
f 1291/100/13 1295/99/13 1290/99/13
f 1290/99/13 1295/99/13 1292/95/13
f 1295/99/13 1297/95/13 1292/95/13
f 1292/95/13 1297/95/13 1293/101/13
f 1297/95/13 1298/101/13 1293/101/13
f 1294/102/13 1293/101/13 1298/101/13
f 1296/94/255 1295/99/254 1281/98/240
f 1291/100/250 1281/98/240 1295/99/254
f 1279/97/238 1272/95/231 1293/101/252
f 1292/95/251 1293/101/252 1272/95/231
f 1298/101/257 1278/97/237 1294/102/253
f 1276/96/235 1294/102/253 1278/97/237
f 1289/100/17 1288/99/17 1286/99/17
f 1286/99/17 1288/99/17 1287/95/17
f 1288/99/17 1302/95/17 1287/95/17
f 1287/95/17 1302/95/17 1300/101/17
f 1302/95/17 1301/101/17 1300/101/17
f 1299/102/17 1300/101/17 1301/101/17
f 1284/95/243 1283/95/242 1285/94/244
f 1296/94/255 1285/94/244 1283/95/242
f 1285/94/244 1296/94/255 1282/98/241
f 1281/98/240 1282/98/241 1296/94/255
f 1278/97/237 1298/101/257 1283/95/242
f 1297/95/256 1283/95/242 1298/101/257
f 1283/95/242 1297/95/256 1296/94/255
f 1295/99/254 1296/94/255 1297/95/256
f 1294/102/253 1276/96/235 1293/101/252
f 1279/97/238 1293/101/252 1276/96/235
f 1272/95/231 1271/94/230 1292/95/251
f 1290/99/249 1292/95/251 1271/94/230
f 1291/100/250 1290/99/249 1281/98/240
f 1271/94/230 1281/98/240 1290/99/249
f 1289/100/248 1282/98/241 1288/99/247
f 1273/94/232 1288/99/247 1282/98/241
f 1287/95/246 1284/95/243 1286/99/245
f 1285/94/244 1286/99/245 1284/95/243
f 1276/96/235 1275/96/234 1279/97/238
f 1280/97/239 1279/97/238 1275/96/234
f 1277/97/236 1278/97/237 1284/95/243
f 1283/95/242 1284/95/243 1278/97/237
f 1282/98/241 1281/98/240 1273/94/232
f 1271/94/230 1273/94/232 1281/98/240
f 1280/97/239 1274/95/233 1279/97/238
f 1272/95/231 1279/97/238 1274/95/233
f 1278/97/237 1277/97/236 1276/96/235
f 1275/96/234 1276/96/235 1277/97/236
f 1274/95/233 1273/94/232 1272/95/231
f 1271/94/230 1272/95/231 1273/94/232

usemtl colormap-specular

f 71/103/20 64/104/20 65/103/20
f 64/104/20 71/103/20 62/104/20
f 704/106/23 703/106/23 701/105/23
f 702/105/23 701/105/23 703/106/23
f 918/108/26 907/107/26 910/107/26
f 907/107/26 918/108/26 908/108/26
f 1134/106/26 1133/106/26 1131/105/26
f 1132/105/26 1131/105/26 1133/106/26

