# Created by Kenney (www.kenney.nl)

mtllib building-q.mtl

g building-q

v -0.3782063 0.45 0.8740001 1 1 1
v -0.3782063 0.45 0.474 1 1 1
v -0.3782063 0.8 0.8740001 1 1 1
v -0.3782063 0.8 0.474 1 1 1
v -0.7782063 0.45 0.874 1 1 1
v -0.7782063 0.8 0.874 1 1 1
v -1.178206 0.45 -0.3260002 1 1 1
v -0.7782059 0.45 -0.3260002 1 1 1
v -1.178206 0.8 -0.3260002 1 1 1
v -0.7782059 0.8 -0.3260002 1 1 1
v -1.178206 0.45 0.07399984 1 1 1
v -1.178206 0.8 0.07399984 1 1 1
v -0.3782063 0.45 -0.3260002 1 1 1
v -0.3782063 0.45 0.0739999 1 1 1
v -0.3782063 0.8 -0.3260002 1 1 1
v -0.3782063 0.8 0.0739999 1 1 1
v -0.7782063 0.45 -0.3260002 1 1 1
v -0.7782063 0.8 -0.3260002 1 1 1
v 0.2417939 0.6 -0.1260002 1 1 1
v 0.2417939 0.55 -0.1260002 1 1 1
v 0.2417939 0.6 -0.5260002 1 1 1
v 0.2417939 0.55 -0.5260002 1 1 1
v 0.6417939 0.55 -0.1260002 1 1 1
v 0.6417939 0.7 -0.1260002 1 1 1
v 0.6417939 0.55 -0.5260002 1 1 1
v 0.6417939 0.7 -0.5260002 1 1 1
v 0.5835854 0.6854479 -0.1860002 1 1 1
v 0.5884361 0.666045 -0.1860002 1 1 1
v 0.5835854 0.6854479 -0.4660002 1 1 1
v 0.5884361 0.666045 -0.4660002 1 1 1
v 0.3048532 0.5951493 -0.4660002 1 1 1
v 0.3000025 0.6145521 -0.4660002 1 1 1
v 0.3611968 0.6298507 -0.4660002 1 1 1
v 0.3805996 0.6347014 -0.4660002 1 1 1
v 0.5029882 0.6652986 -0.4660002 1 1 1
v 0.5223911 0.6701493 -0.4660002 1 1 1
v 0.3048532 0.5951493 -0.1860002 1 1 1
v 0.3000025 0.6145521 -0.1860002 1 1 1
v 0.3611968 0.6298507 -0.1860002 1 1 1
v 0.3805996 0.6347014 -0.1860002 1 1 1
v 0.5029882 0.6652986 -0.1860002 1 1 1
v 0.5223911 0.6701493 -0.1860002 1 1 1
v 0.6029882 0.6902986 -0.1660002 1 1 1
v 0.6029882 0.6902986 -0.4860002 1 1 1
v 0.2805996 0.6097014 -0.4860002 1 1 1
v 0.2805996 0.6097014 -0.1660002 1 1 1
v 0.6029882 0.6902986 -0.5060002 1 1 1
v 0.2805996 0.6097014 -0.5060002 1 1 1
v 0.6223911 0.6951493 -0.4860002 1 1 1
v 0.2611968 0.6048507 -0.4860002 1 1 1
v 0.2611968 0.6048507 -0.1660002 1 1 1
v 0.2805996 0.6097014 -0.1460002 1 1 1
v 0.6223911 0.6951493 -0.1660002 1 1 1
v 0.6029882 0.6902986 -0.1460002 1 1 1
v 0.2417939 0.6 0.4740002 1 1 1
v 0.2417939 0.55 0.4740002 1 1 1
v 0.2417939 0.6 0.07400016 1 1 1
v 0.2417939 0.55 0.07400016 1 1 1
v 0.6417939 0.55 0.4740002 1 1 1
v 0.6417939 0.7 0.4740002 1 1 1
v 0.6417939 0.55 0.07400016 1 1 1
v 0.6417939 0.7 0.07400016 1 1 1
v 0.5835854 0.6854479 0.4140002 1 1 1
v 0.5884361 0.666045 0.4140002 1 1 1
v 0.5835854 0.6854479 0.1340002 1 1 1
v 0.5884361 0.666045 0.1340002 1 1 1
v 0.3048532 0.5951493 0.1340002 1 1 1
v 0.3000025 0.6145521 0.1340002 1 1 1
v 0.3611968 0.6298507 0.1340002 1 1 1
v 0.3805996 0.6347014 0.1340002 1 1 1
v 0.5029882 0.6652986 0.1340002 1 1 1
v 0.5223911 0.6701493 0.1340002 1 1 1
v 0.3048532 0.5951493 0.4140002 1 1 1
v 0.3000025 0.6145521 0.4140002 1 1 1
v 0.3611968 0.6298507 0.4140002 1 1 1
v 0.3805996 0.6347014 0.4140002 1 1 1
v 0.5029882 0.6652986 0.4140002 1 1 1
v 0.5223911 0.6701493 0.4140002 1 1 1
v 0.6029882 0.6902986 0.4340002 1 1 1
v 0.6029882 0.6902986 0.1140002 1 1 1
v 0.2805996 0.6097014 0.1140002 1 1 1
v 0.2805996 0.6097014 0.4340002 1 1 1
v 0.6029882 0.6902986 0.09400018 1 1 1
v 0.2805996 0.6097014 0.09400018 1 1 1
v 0.6223911 0.6951493 0.1140002 1 1 1
v 0.2611968 0.6048507 0.1140002 1 1 1
v 0.2611968 0.6048507 0.4340002 1 1 1
v 0.2805996 0.6097014 0.4540002 1 1 1
v 0.6223911 0.6951493 0.4340002 1 1 1
v 0.6029882 0.6902986 0.4540002 1 1 1
v -0.2582061 0.6 0.4740002 1 1 1
v -0.2582061 0.55 0.4740002 1 1 1
v -0.2582061 0.6 0.07400016 1 1 1
v -0.2582061 0.55 0.07400016 1 1 1
v 0.1417939 0.55 0.4740002 1 1 1
v 0.1417939 0.7 0.4740002 1 1 1
v 0.1417939 0.55 0.07400016 1 1 1
v 0.1417939 0.7 0.07400016 1 1 1
v 0.08358537 0.6854479 0.4140002 1 1 1
v 0.08843608 0.666045 0.4140002 1 1 1
v 0.08358537 0.6854479 0.1340002 1 1 1
v 0.08843608 0.666045 0.1340002 1 1 1
v -0.1951468 0.5951493 0.1340002 1 1 1
v -0.1999975 0.6145521 0.1340002 1 1 1
v -0.1388032 0.6298507 0.1340002 1 1 1
v -0.1194004 0.6347014 0.1340002 1 1 1
v 0.002988216 0.6652986 0.1340002 1 1 1
v 0.02239107 0.6701493 0.1340002 1 1 1
v -0.1951468 0.5951493 0.4140002 1 1 1
v -0.1999975 0.6145521 0.4140002 1 1 1
v -0.1388032 0.6298507 0.4140002 1 1 1
v -0.1194004 0.6347014 0.4140002 1 1 1
v 0.002988223 0.6652986 0.4140002 1 1 1
v 0.02239107 0.6701493 0.4140002 1 1 1
v 0.1029882 0.6902986 0.4340002 1 1 1
v 0.1029882 0.6902986 0.1140002 1 1 1
v -0.2194004 0.6097014 0.1140002 1 1 1
v -0.2194004 0.6097014 0.4340002 1 1 1
v 0.1029882 0.6902986 0.09400018 1 1 1
v -0.2194004 0.6097014 0.09400018 1 1 1
v 0.1223911 0.6951493 0.1140002 1 1 1
v -0.2388032 0.6048507 0.1140002 1 1 1
v -0.2388032 0.6048507 0.4340002 1 1 1
v -0.2194004 0.6097014 0.4540002 1 1 1
v 0.1223911 0.6951493 0.4340002 1 1 1
v 0.1029882 0.6902986 0.4540002 1 1 1
v -0.2582061 0.6 -0.1260002 1 1 1
v -0.2582061 0.55 -0.1260002 1 1 1
v -0.2582061 0.6 -0.5260002 1 1 1
v -0.2582061 0.55 -0.5260002 1 1 1
v 0.1417939 0.55 -0.1260002 1 1 1
v 0.1417939 0.7 -0.1260002 1 1 1
v 0.1417939 0.55 -0.5260002 1 1 1
v 0.1417939 0.7 -0.5260002 1 1 1
v 0.08358537 0.6854479 -0.1860002 1 1 1
v 0.08843608 0.666045 -0.1860002 1 1 1
v 0.08358537 0.6854479 -0.4660002 1 1 1
v 0.08843608 0.666045 -0.4660002 1 1 1
v -0.1951468 0.5951493 -0.4660002 1 1 1
v -0.1999975 0.6145521 -0.4660002 1 1 1
v -0.1388032 0.6298507 -0.4660002 1 1 1
v -0.1194004 0.6347014 -0.4660002 1 1 1
v 0.002988216 0.6652986 -0.4660002 1 1 1
v 0.02239107 0.6701493 -0.4660002 1 1 1
v -0.1951468 0.5951493 -0.1860002 1 1 1
v -0.1999975 0.6145521 -0.1860002 1 1 1
v -0.1388032 0.6298507 -0.1860002 1 1 1
v -0.1194004 0.6347014 -0.1860002 1 1 1
v 0.002988223 0.6652986 -0.1860002 1 1 1
v 0.02239107 0.6701493 -0.1860002 1 1 1
v 0.1029882 0.6902986 -0.1660002 1 1 1
v 0.1029882 0.6902986 -0.4860002 1 1 1
v -0.2194004 0.6097014 -0.4860002 1 1 1
v -0.2194004 0.6097014 -0.1660002 1 1 1
v 0.1029882 0.6902986 -0.5060002 1 1 1
v -0.2194004 0.6097014 -0.5060002 1 1 1
v 0.1223911 0.6951493 -0.4860002 1 1 1
v -0.2388032 0.6048507 -0.4860002 1 1 1
v -0.2388032 0.6048507 -0.1660002 1 1 1
v -0.2194004 0.6097014 -0.1460002 1 1 1
v 0.1223911 0.6951493 -0.1660002 1 1 1
v 0.1029882 0.6902986 -0.1460002 1 1 1
v -1.178206 0.45 0.8740001 1 1 1
v -1.178206 0.45 0.474 1 1 1
v -1.178206 0.8 0.8740001 1 1 1
v -1.178206 0.8 0.474 1 1 1
v -0.7782059 0.45 0.874 1 1 1
v -0.7782059 0.8 0.874 1 1 1
v -0.3782058 0.5 -0.6759998 1 1 1
v -0.3782058 0.5 -0.3259998 1 1 1
v -0.7282058 0.5 -0.6759998 1 1 1
v -0.7282058 0.5 -0.3259998 1 1 1
v -0.378206 0.5 -0.3259998 1 1 1
v -0.378206 0.5 -0.6759998 1 1 1
v 0.02179404 0.5 -0.3259997 1 1 1
v 0.02179408 0.5 -0.6759998 1 1 1
v 0.02179407 0.5 -0.3259998 1 1 1
v 0.02179411 0.5 -0.6759998 1 1 1
v 0.4217941 0.5 -0.3259997 1 1 1
v 0.4217942 0.5 -0.6759998 1 1 1
v 0.771794 0.5 -0.3259997 1 1 1
v 0.4217939 0.5 -0.3259998 1 1 1
v 0.771794 0.5 -0.6759998 1 1 1
v 0.421794 0.5 -0.6759998 1 1 1
v 0.421794 0.5 0.824 1 1 1
v 0.421794 0.5 0.474 1 1 1
v 0.771794 0.5 0.824 1 1 1
v 0.771794 0.5 0.474 1 1 1
v 0.02179398 0.5 -0.3260001 1 1 1
v 0.4217941 0.5 -0.3260001 1 1 1
v 0.02179411 0.5 0.8240001 1 1 1
v 0.4217942 0.5 0.824 1 1 1
v -0.3782061 0.5 -0.3260001 1 1 1
v 0.02179395 0.5 -0.3260001 1 1 1
v -0.378206 0.5 0.8240001 1 1 1
v 0.02179408 0.5 0.824 1 1 1
v 0.421794 0.5 0.07400016 1 1 1
v 0.771794 0.5 0.07400016 1 1 1
v 0.421794 0.5 0.4740002 1 1 1
v 0.771794 0.5 0.4740002 1 1 1
v 0.421794 0.5 -0.3259999 1 1 1
v 0.771794 0.5 -0.3259999 1 1 1
v 0.421794 0.5 0.07400008 1 1 1
v 0.771794 0.5 0.07400008 1 1 1
v -0.7782063 0.8 0.07400016 1 1 1
v -0.4282063 0.8 0.07400016 1 1 1
v -0.7782063 0.8 0.4740002 1 1 1
v -0.4282063 0.8 0.4740002 1 1 1
v -1.128206 0.8 0.474 1 1 1
v -0.7782059 0.8 0.474 1 1 1
v -1.128206 0.8 0.8240001 1 1 1
v -0.7782059 0.8 0.824 1 1 1
v -0.4282063 0.8 0.07399988 1 1 1
v -0.7782063 0.8 0.07399984 1 1 1
v -0.4282063 0.8 -0.2760001 1 1 1
v -0.7782063 0.8 -0.2760002 1 1 1
v -0.7782059 0.8 0.4740002 1 1 1
v -1.128206 0.8 0.4740002 1 1 1
v -0.7782059 0.8 0.07400016 1 1 1
v -1.128206 0.8 0.07400016 1 1 1
v -0.7782058 0.8 0.824 1 1 1
v -0.7782058 0.8 0.474 1 1 1
v -0.4282058 0.8 0.824 1 1 1
v -0.4282058 0.8 0.474 1 1 1
v -0.7782059 0.8 -0.2760001 1 1 1
v -0.7782059 0.8 0.07399984 1 1 1
v -1.128206 0.8 -0.2760001 1 1 1
v -1.128206 0.8 0.07399984 1 1 1
v 0.691794 4.618473E-16 -0.7260002 1 1 1
v 0.581794 0.03 -0.7260002 1 1 1
v 0.551794 4.618473E-16 -0.7260002 1 1 1
v 0.551794 0.27 -0.7260002 1 1 1
v 0.6617939 0.03 -0.7260002 1 1 1
v 0.691794 0.27 -0.7260002 1 1 1
v 0.581794 0.12 -0.7260002 1 1 1
v 0.6617939 0.12 -0.7260002 1 1 1
v 0.581794 0.15 -0.7260002 1 1 1
v 0.6617939 0.15 -0.7260002 1 1 1
v 0.581794 0.24 -0.7260002 1 1 1
v 0.6617939 0.24 -0.7260002 1 1 1
v -1.178206 0.68 0.1240001 1 1 1
v -1.178206 0.52 0.1240001 1 1 1
v -1.178206 0.8 0.07400005 1 1 1
v -1.178206 0.7 0.1440001 1 1 1
v -1.178206 0.45 0.07400005 1 1 1
v -1.178206 0.5 0.1440001 1 1 1
v -1.178206 0.5 0.4040002 1 1 1
v -1.178206 0.45 0.4740002 1 1 1
v -1.178206 0.52 0.4240002 1 1 1
v -1.178206 0.8 0.4740002 1 1 1
v -1.178206 0.7 0.4040002 1 1 1
v -1.178206 0.68 0.4240002 1 1 1
v -0.3782067 0.68 0.4240003 1 1 1
v -0.3782067 0.52 0.4240003 1 1 1
v -0.3782067 0.8 0.4740004 1 1 1
v -0.3782067 0.7 0.4040003 1 1 1
v -0.3782067 0.45 0.4740004 1 1 1
v -0.3782067 0.5 0.4040003 1 1 1
v -0.3782067 0.5 0.1440002 1 1 1
v -0.3782067 0.45 0.07400021 1 1 1
v -0.3782067 0.52 0.1240002 1 1 1
v -0.3782067 0.8 0.07400021 1 1 1
v -0.3782067 0.7 0.1440002 1 1 1
v -0.3782067 0.68 0.1240002 1 1 1
v 0.2917941 4.830602E-16 0.874 1 1 1
v 0.1517941 4.830602E-16 0.874 1 1 1
v 0.2917941 0.27 0.874 1 1 1
v 0.1517941 0.27 0.874 1 1 1
v -0.6082063 4.513206E-16 -0.7259998 1 1 1
v -0.1482062 4.513206E-16 -0.7259998 1 1 1
v -0.6082063 0.27 -0.7259998 1 1 1
v -0.1482062 0.27 -0.7259998 1 1 1
v 0.4217938 0.3316326 -0.8538915 1 1 1
v 0.4217938 0.3616326 -0.8538915 1 1 1
v 0.4217938 0.37 -0.7260002 1 1 1
v 0.4217938 0.4 -0.7260002 1 1 1
v 0.4417937 0.3256326 -0.8738915 1 1 1
v 0.8017938 0.3256326 -0.8738915 1 1 1
v 0.4417937 0.3556326 -0.8738915 1 1 1
v 0.8017938 0.3556326 -0.8738915 1 1 1
v 0.8217937 0.3316326 -0.8538915 1 1 1
v 0.8217937 0.3616326 -0.8538915 1 1 1
v 0.8217937 0.4 -0.7260002 1 1 1
v 0.8217937 0.37 -0.7260002 1 1 1
v -0.3582063 0.4 0.8740001 1 1 1
v -0.3582063 0.4 0.474 1 1 1
v -0.3582063 0.45 0.8740001 1 1 1
v -0.3582063 0.45 0.474 1 1 1
v -0.3782063 0.4 0.8940001 1 1 1
v -0.3782063 0.45 0.8940001 1 1 1
v -0.7782063 0.4 0.894 1 1 1
v -0.7782063 0.45 0.894 1 1 1
v -0.7782063 0.4 0.474 1 1 1
v -1.178206 0.4 -0.3460001 1 1 1
v -0.7782059 0.4 -0.3460001 1 1 1
v -1.178206 0.45 -0.3460001 1 1 1
v -0.7782059 0.45 -0.3460001 1 1 1
v -1.198206 0.4 -0.3260002 1 1 1
v -1.198206 0.45 -0.3260002 1 1 1
v -1.198206 0.4 0.07399984 1 1 1
v -1.198206 0.45 0.07399984 1 1 1
v -0.7782059 0.4 0.07399984 1 1 1
v -0.3582063 0.4 -0.3260002 1 1 1
v -0.3582063 0.4 0.0739999 1 1 1
v -0.3582063 0.45 -0.3260002 1 1 1
v -0.3582063 0.45 0.0739999 1 1 1
v -0.3782063 0.4 -0.3460001 1 1 1
v -0.3782063 0.45 -0.3460001 1 1 1
v -0.7782063 0.4 -0.3460002 1 1 1
v -0.7782063 0.45 -0.3460002 1 1 1
v -0.7782063 0.4 0.07399984 1 1 1
v -0.378206 2.989164E-16 0.8939998 1 1 1
v 0.02179404 2.989164E-16 0.8939998 1 1 1
v -0.378206 2.989164E-16 0.4739998 1 1 1
v 0.02179404 2.989164E-16 0.4739998 1 1 1
v 0.02179404 0.05 0.8939998 1 1 1
v -0.378206 0.05 0.8939998 1 1 1
v -0.378206 0.05 0.8739998 1 1 1
v 0.02179404 0.05 0.8739998 1 1 1
v -0.4782061 0.65 -0.326 1 1 1
v -0.4782061 0.725 -0.326 1 1 1
v -0.4782061 0.65 -0.401 1 1 1
v -0.4782061 0.725 -0.401 1 1 1
v -0.4782061 0.55 -0.401 1 1 1
v -0.4782061 0.70625 -0.45725 1 1 1
v -0.4782061 0.65 -0.476 1 1 1
v -0.4782061 0.55 -0.476 1 1 1
v -0.5532061 0.65 -0.476 1 1 1
v -0.5532061 0.70625 -0.45725 1 1 1
v -0.5532061 0.65 -0.326 1 1 1
v -0.5532061 0.65 -0.401 1 1 1
v -0.5532061 0.55 -0.476 1 1 1
v -0.5532061 0.55 -0.401 1 1 1
v -0.5532061 0.725 -0.401 1 1 1
v -0.5532061 0.725 -0.326 1 1 1
v -0.4582061 0.55 -0.476 1 1 1
v -0.4582061 0.5 -0.476 1 1 1
v -0.4582061 0.55 -0.401 1 1 1
v -0.4582061 0.5 -0.401 1 1 1
v -0.5532061 0.5 -0.496 1 1 1
v -0.4782061 0.5 -0.496 1 1 1
v -0.5532061 0.55 -0.4960001 1 1 1
v -0.4782061 0.55 -0.4960001 1 1 1
v -0.5532061 0.5 -0.381 1 1 1
v -0.5532061 0.55 -0.381 1 1 1
v -0.4782061 0.5 -0.381 1 1 1
v -0.4782061 0.55 -0.381 1 1 1
v -0.5732061 0.55 -0.476 1 1 1
v -0.5732061 0.55 -0.401 1 1 1
v -0.5732061 0.5 -0.476 1 1 1
v -0.5732061 0.5 -0.401 1 1 1
v -0.5882596 0.8 -0.09495695 1 1 1
v -0.5882596 0.88 -0.09495695 1 1 1
v -0.5882596 0.8 0.06504305 1 1 1
v -0.5882596 0.88 0.06504305 1 1 1
v -0.6082596 0.8 -0.114957 1 1 1
v -0.7682596 0.8 -0.114957 1 1 1
v -0.6082596 0.88 -0.114957 1 1 1
v -0.7682596 0.88 -0.114957 1 1 1
v -0.7682596 0.8 0.08504305 1 1 1
v -0.6082596 0.8 0.08504305 1 1 1
v -0.7682596 0.88 0.08504305 1 1 1
v -0.6082596 0.88 0.08504305 1 1 1
v -0.7882596 0.88 -0.09495695 1 1 1
v -0.7882596 0.8 -0.09495695 1 1 1
v -0.7882596 0.88 0.06504305 1 1 1
v -0.7882596 0.8 0.06504305 1 1 1
v 0.4217941 2.708428E-16 -0.746 1 1 1
v 0.02179413 2.708428E-16 -0.746 1 1 1
v 0.4217941 2.708428E-16 -0.326 1 1 1
v 0.02179413 2.708428E-16 -0.326 1 1 1
v 0.02179413 0.05 -0.746 1 1 1
v 0.4217941 0.05 -0.746 1 1 1
v 0.4217941 0.05 -0.726 1 1 1
v 0.02179413 0.05 -0.726 1 1 1
v -0.7182593 0.8144121 0.2992587 1 1 1
v -0.7182593 0.8144121 0.2708277 1 1 1
v -0.700166 0.8219066 0.2992587 1 1 1
v -0.700166 0.8219066 0.2708277 1 1 1
v -0.7182593 0.8655879 0.2708277 1 1 1
v -0.7182593 0.8655879 0.2992587 1 1 1
v -0.700166 0.8580934 0.2708277 1 1 1
v -0.700166 0.8580934 0.2992587 1 1 1
v -0.6926714 0.84 0.2708277 1 1 1
v -0.6926714 0.84 0.2992587 1 1 1
v -0.7363527 0.8219066 0.2992587 1 1 1
v -0.7438473 0.84 0.2992587 1 1 1
v -0.7363527 0.8580934 0.2992587 1 1 1
v -0.7363527 0.8580934 0.2708277 1 1 1
v -0.7363527 0.8219066 0.2708277 1 1 1
v -0.7438473 0.84 0.2708277 1 1 1
v -0.5882596 0.8 0.505043 1 1 1
v -0.5882596 0.88 0.505043 1 1 1
v -0.5882596 0.8 0.6650429 1 1 1
v -0.5882596 0.88 0.6650429 1 1 1
v -0.6082596 0.8 0.485043 1 1 1
v -0.7682596 0.8 0.485043 1 1 1
v -0.6082596 0.88 0.485043 1 1 1
v -0.7682596 0.88 0.485043 1 1 1
v -0.7682596 0.8 0.685043 1 1 1
v -0.6082596 0.8 0.685043 1 1 1
v -0.7682596 0.88 0.685043 1 1 1
v -0.6082596 0.88 0.685043 1 1 1
v -0.7882596 0.88 0.505043 1 1 1
v -0.7882596 0.8 0.505043 1 1 1
v -0.7882596 0.88 0.6650429 1 1 1
v -0.7882596 0.8 0.6650429 1 1 1
v -0.6763527 0.8580934 0.2708277 1 1 1
v -0.6763527 0.8580934 0.2992587 1 1 1
v -0.6582594 0.8655879 0.2708277 1 1 1
v -0.6582594 0.8655879 0.2992587 1 1 1
v -0.6582594 0.8144121 0.2992587 1 1 1
v -0.6582594 0.8144121 0.2708277 1 1 1
v -0.640166 0.8219066 0.2992587 1 1 1
v -0.640166 0.8219066 0.2708277 1 1 1
v -0.6763527 0.8219066 0.2992587 1 1 1
v -0.6838473 0.84 0.2992587 1 1 1
v -0.6326715 0.84 0.2992587 1 1 1
v -0.640166 0.8580934 0.2992587 1 1 1
v -0.6763527 0.8219066 0.2708277 1 1 1
v -0.6326715 0.84 0.2708277 1 1 1
v -0.6838473 0.84 0.2708277 1 1 1
v -0.640166 0.8580934 0.2708277 1 1 1
v -0.7362593 0.84 0.08504324 1 1 1
v -0.7309873 0.8272721 0.08504324 1 1 1
v -0.7362593 0.84 0.4850432 1 1 1
v -0.7309873 0.8272721 0.4850432 1 1 1
v -0.7309873 0.8527279 0.08504324 1 1 1
v -0.7309873 0.8527279 0.4850432 1 1 1
v -0.7182593 0.858 0.08504324 1 1 1
v -0.7182593 0.858 0.4850432 1 1 1
v -0.7182593 0.822 0.4850432 1 1 1
v -0.7182593 0.822 0.08504324 1 1 1
v -0.7055314 0.8272721 0.4850432 1 1 1
v -0.7055314 0.8272721 0.08504324 1 1 1
v -0.7002593 0.84 0.08504324 1 1 1
v -0.7002593 0.84 0.4850432 1 1 1
v -0.7055314 0.8527279 0.08504324 1 1 1
v -0.7055314 0.8527279 0.4850432 1 1 1
v -0.6709873 0.8527279 0.08504324 1 1 1
v -0.6762594 0.84 0.08504324 1 1 1
v -0.6709873 0.8527279 0.4850432 1 1 1
v -0.6762594 0.84 0.4850432 1 1 1
v -0.6402594 0.84 0.08504324 1 1 1
v -0.6402594 0.84 0.4850432 1 1 1
v -0.6455315 0.8272721 0.08504324 1 1 1
v -0.6455315 0.8272721 0.4850432 1 1 1
v -0.6582594 0.858 0.08504324 1 1 1
v -0.6582594 0.858 0.4850432 1 1 1
v -0.6455315 0.8527279 0.08504324 1 1 1
v -0.6455315 0.8527279 0.4850432 1 1 1
v -0.6709873 0.8272721 0.08504324 1 1 1
v -0.6709873 0.8272721 0.4850432 1 1 1
v -0.6582594 0.822 0.4850432 1 1 1
v -0.6582594 0.822 0.08504324 1 1 1
v -1.098206 3.158362E-16 0.03499977 1 1 1
v -1.098206 0.18 0.03499977 1 1 1
v -1.098206 3.158362E-16 0.1949998 1 1 1
v -1.098206 0.18 0.1949998 1 1 1
v -1.118206 3.158362E-16 0.01499977 1 1 1
v -1.278206 3.158362E-16 0.01499977 1 1 1
v -1.118206 0.18 0.01499977 1 1 1
v -1.278206 0.18 0.01499977 1 1 1
v -1.278206 3.158362E-16 0.2149998 1 1 1
v -1.118206 3.158362E-16 0.2149998 1 1 1
v -1.278206 0.18 0.2149998 1 1 1
v -1.118206 0.18 0.2149998 1 1 1
v -1.298206 0.18 0.03499977 1 1 1
v -1.298206 3.158362E-16 0.03499977 1 1 1
v -1.298206 0.18 0.1949998 1 1 1
v -1.298206 3.158362E-16 0.1949998 1 1 1
v 0.841794 3.045564E-16 0.8740001 1 1 1
v 0.841794 3.045564E-16 0.474 1 1 1
v 0.841794 0.05 0.8740001 1 1 1
v 0.841794 0.05 0.474 1 1 1
v 0.821794 3.045564E-16 0.8940001 1 1 1
v 0.821794 0.05 0.8940001 1 1 1
v 0.4217939 3.045564E-16 0.894 1 1 1
v 0.4217939 0.05 0.894 1 1 1
v 0.421794 3.045564E-16 0.474 1 1 1
v 0.821794 0.05 0.474 1 1 1
v 0.821794 0.05 0.8740001 1 1 1
v 0.4217939 0.05 0.874 1 1 1
v -0.7982061 3.106356E-16 0.07400016 1 1 1
v -0.798206 3.106356E-16 0.4740002 1 1 1
v -0.3782061 3.106356E-16 0.07400011 1 1 1
v -0.378206 3.106356E-16 0.4740002 1 1 1
v -0.798206 0.05 0.4740002 1 1 1
v -0.7982061 0.05 0.07400016 1 1 1
v -0.7782061 0.05 0.07400016 1 1 1
v -0.7782061 0.05 0.4740002 1 1 1
v 0.8417937 2.819966E-16 0.07400014 1 1 1
v 0.8417938 2.819966E-16 -0.3259999 1 1 1
v 0.4217937 2.819966E-16 0.07400008 1 1 1
v 0.4217938 2.819966E-16 -0.326 1 1 1
v 0.8417938 0.05 -0.3259999 1 1 1
v 0.8417937 0.05 0.07400014 1 1 1
v 0.8217937 0.05 0.07400014 1 1 1
v 0.8217938 0.05 -0.3259999 1 1 1
v 0.8417937 2.819966E-16 0.4740002 1 1 1
v 0.8417938 2.819966E-16 0.07400016 1 1 1
v 0.4217937 2.819966E-16 0.4740002 1 1 1
v 0.4217938 2.819966E-16 0.07400011 1 1 1
v 0.8417938 0.05 0.07400016 1 1 1
v 0.8417937 0.05 0.4740002 1 1 1
v 0.8217937 0.05 0.4740002 1 1 1
v 0.8217938 0.05 0.07400016 1 1 1
v 0.4217941 2.708428E-16 0.4739999 1 1 1
v 0.4217941 2.708428E-16 -0.3260001 1 1 1
v -0.3582059 2.708428E-16 0.4739999 1 1 1
v -0.3582059 2.708428E-16 -0.3260001 1 1 1
v 0.6617939 0.55 -0.1260002 1 1 1
v 0.6417939 0.55 -0.1060002 1 1 1
v 0.6617939 0.55 -0.5260002 1 1 1
v 0.6417939 0.55 -0.5460002 1 1 1
v 0.2417939 0.55 -0.5460002 1 1 1
v 0.2417939 0.55 -0.1060002 1 1 1
v 0.2217939 0.55 -0.5260002 1 1 1
v 0.2217939 0.55 -0.1260002 1 1 1
v 0.6617939 0.5 -0.1260002 1 1 1
v 0.6617939 0.5 -0.5260002 1 1 1
v 0.6417939 0.5 -0.1060002 1 1 1
v 0.2417939 0.5 -0.1060002 1 1 1
v 0.6417939 0.5 -0.5460002 1 1 1
v 0.2417939 0.5 -0.5460002 1 1 1
v 0.2217939 0.5 -0.1260002 1 1 1
v 0.2217939 0.5 -0.5260002 1 1 1
v 0.2757489 0.6291043 -0.1660002 1 1 1
v 0.5981375 0.7097014 -0.1660002 1 1 1
v 0.2757489 0.6291043 -0.4860002 1 1 1
v 0.5981375 0.7097014 -0.4860002 1 1 1
v 0.256346 0.6242536 -0.1660002 1 1 1
v 0.256346 0.6242536 -0.4860002 1 1 1
v 0.2757489 0.6291043 -0.1460002 1 1 1
v 0.5981375 0.7097014 -0.1460002 1 1 1
v 0.6175404 0.7145522 -0.1660002 1 1 1
v 0.6175404 0.7145522 -0.4860002 1 1 1
v 0.2757489 0.6291043 -0.5060002 1 1 1
v 0.5981375 0.7097014 -0.5060002 1 1 1
v 0.6617939 0.55 0.4740002 1 1 1
v 0.6417939 0.55 0.4940001 1 1 1
v 0.6617939 0.55 0.07400016 1 1 1
v 0.6417939 0.55 0.05400018 1 1 1
v 0.2417939 0.55 0.05400018 1 1 1
v 0.2417939 0.55 0.4940001 1 1 1
v 0.2217939 0.55 0.07400016 1 1 1
v 0.2217939 0.55 0.4740002 1 1 1
v 0.6617939 0.5 0.4740002 1 1 1
v 0.6617939 0.5 0.07400016 1 1 1
v 0.6417939 0.5 0.4940001 1 1 1
v 0.2417939 0.5 0.4940001 1 1 1
v 0.6417939 0.5 0.05400018 1 1 1
v 0.2417939 0.5 0.05400018 1 1 1
v 0.2217939 0.5 0.4740002 1 1 1
v 0.2217939 0.5 0.07400016 1 1 1
v 0.2757489 0.6291043 0.4340002 1 1 1
v 0.5981375 0.7097014 0.4340002 1 1 1
v 0.2757489 0.6291043 0.1140002 1 1 1
v 0.5981375 0.7097014 0.1140002 1 1 1
v 0.256346 0.6242536 0.4340002 1 1 1
v 0.256346 0.6242536 0.1140002 1 1 1
v 0.2757489 0.6291043 0.4540002 1 1 1
v 0.5981375 0.7097014 0.4540002 1 1 1
v 0.6175404 0.7145522 0.4340002 1 1 1
v 0.6175404 0.7145522 0.1140002 1 1 1
v 0.2757489 0.6291043 0.09400018 1 1 1
v 0.5981375 0.7097014 0.09400018 1 1 1
v 0.1617939 0.55 0.4740002 1 1 1
v 0.1417939 0.55 0.4940001 1 1 1
v 0.1617939 0.55 0.07400016 1 1 1
v 0.1417939 0.55 0.05400018 1 1 1
v -0.2582061 0.55 0.05400018 1 1 1
v -0.2582061 0.55 0.4940001 1 1 1
v -0.2782061 0.55 0.07400016 1 1 1
v -0.2782061 0.55 0.4740002 1 1 1
v 0.1617939 0.5 0.4740002 1 1 1
v 0.1617939 0.5 0.07400016 1 1 1
v 0.1417939 0.5 0.4940001 1 1 1
v -0.2582061 0.5 0.4940001 1 1 1
v 0.1417939 0.5 0.05400018 1 1 1
v -0.2582061 0.5 0.05400018 1 1 1
v -0.2782061 0.5 0.4740002 1 1 1
v -0.2782061 0.5 0.07400016 1 1 1
v -0.2242511 0.6291043 0.4340002 1 1 1
v 0.0981375 0.7097014 0.4340002 1 1 1
v -0.2242511 0.6291043 0.1140002 1 1 1
v 0.0981375 0.7097014 0.1140002 1 1 1
v -0.2436539 0.6242536 0.4340002 1 1 1
v -0.2436539 0.6242536 0.1140002 1 1 1
v -0.2242511 0.6291043 0.4540002 1 1 1
v 0.0981375 0.7097014 0.4540002 1 1 1
v 0.1175404 0.7145522 0.4340002 1 1 1
v 0.1175404 0.7145522 0.1140002 1 1 1
v -0.2242511 0.6291043 0.09400018 1 1 1
v 0.0981375 0.7097014 0.09400018 1 1 1
v 0.1617939 0.55 -0.1260002 1 1 1
v 0.1417939 0.55 -0.1060002 1 1 1
v 0.1617939 0.55 -0.5260002 1 1 1
v 0.1417939 0.55 -0.5460002 1 1 1
v -0.2582061 0.55 -0.5460002 1 1 1
v -0.2582061 0.55 -0.1060002 1 1 1
v -0.2782061 0.55 -0.5260002 1 1 1
v -0.2782061 0.55 -0.1260002 1 1 1
v 0.1617939 0.5 -0.1260002 1 1 1
v 0.1617939 0.5 -0.5260002 1 1 1
v 0.1417939 0.5 -0.1060002 1 1 1
v -0.2582061 0.5 -0.1060002 1 1 1
v 0.1417939 0.5 -0.5460002 1 1 1
v -0.2582061 0.5 -0.5460002 1 1 1
v -0.2782061 0.5 -0.1260002 1 1 1
v -0.2782061 0.5 -0.5260002 1 1 1
v -0.2242511 0.6291043 -0.1660002 1 1 1
v 0.0981375 0.7097014 -0.1660002 1 1 1
v -0.2242511 0.6291043 -0.4860002 1 1 1
v 0.0981375 0.7097014 -0.4860002 1 1 1
v -0.2436539 0.6242536 -0.1660002 1 1 1
v -0.2436539 0.6242536 -0.4860002 1 1 1
v -0.2242511 0.6291043 -0.1460002 1 1 1
v 0.0981375 0.7097014 -0.1460002 1 1 1
v 0.1175404 0.7145522 -0.1660002 1 1 1
v 0.1175404 0.7145522 -0.4860002 1 1 1
v -0.2242511 0.6291043 -0.5060002 1 1 1
v 0.0981375 0.7097014 -0.5060002 1 1 1
v -1.178206 3.214762E-16 -0.3460001 1 1 1
v -0.7782059 3.214762E-16 -0.3460001 1 1 1
v -1.178206 0.05 -0.3460001 1 1 1
v -0.7782059 0.05 -0.3460001 1 1 1
v -1.198206 3.214762E-16 -0.3260002 1 1 1
v -1.198206 0.05 -0.3260002 1 1 1
v -1.198206 3.214762E-16 0.07399984 1 1 1
v -1.198206 0.05 0.07399984 1 1 1
v -0.7782059 3.214762E-16 0.07399984 1 1 1
v -0.7782059 0.05 -0.3260002 1 1 1
v -1.178206 0.05 -0.3260002 1 1 1
v -1.178206 0.05 0.07399984 1 1 1
v -0.3582063 2.708428E-16 0.07400008 1 1 1
v -0.3582063 2.708428E-16 -0.3259999 1 1 1
v -0.7782063 2.708428E-16 0.07400008 1 1 1
v -0.7782063 2.708428E-16 -0.3259999 1 1 1
v -1.098206 3.158362E-16 -0.2599998 1 1 1
v -1.098206 0.18 -0.2599998 1 1 1
v -1.098206 3.158362E-16 -0.09999983 1 1 1
v -1.098206 0.18 -0.09999983 1 1 1
v -1.118206 3.158362E-16 -0.2799998 1 1 1
v -1.278206 3.158362E-16 -0.2799998 1 1 1
v -1.118206 0.18 -0.2799998 1 1 1
v -1.278206 0.18 -0.2799998 1 1 1
v -1.278206 3.158362E-16 -0.07999983 1 1 1
v -1.118206 3.158362E-16 -0.07999983 1 1 1
v -1.278206 0.18 -0.07999983 1 1 1
v -1.118206 0.18 -0.07999983 1 1 1
v -1.298206 0.18 -0.2599998 1 1 1
v -1.298206 3.158362E-16 -0.2599998 1 1 1
v -1.298206 0.18 -0.09999983 1 1 1
v -1.298206 3.158362E-16 -0.09999983 1 1 1
v -1.198206 3.101963E-16 0.8740001 1 1 1
v -1.198206 3.101963E-16 0.474 1 1 1
v -1.198206 0.05 0.8740001 1 1 1
v -1.198206 0.05 0.474 1 1 1
v -1.178206 3.101963E-16 0.8940001 1 1 1
v -1.178206 0.05 0.8940001 1 1 1
v -0.7782059 3.101963E-16 0.894 1 1 1
v -0.7782059 0.05 0.894 1 1 1
v -0.7782059 3.101963E-16 0.474 1 1 1
v -1.178206 0.05 0.474 1 1 1
v -1.178206 0.05 0.8740001 1 1 1
v -0.7782059 0.05 0.874 1 1 1
v -0.3582061 3.214762E-16 0.4740002 1 1 1
v -0.358206 3.214762E-16 0.07400016 1 1 1
v -0.7782061 3.214762E-16 0.4740002 1 1 1
v -0.7782061 3.214762E-16 0.07400011 1 1 1
v -0.358206 0.05 0.07400016 1 1 1
v -0.3582061 0.05 0.4740002 1 1 1
v -0.3782061 0.05 0.4740002 1 1 1
v -0.378206 0.05 0.07400016 1 1 1
v -0.3582063 3.101963E-16 0.8740001 1 1 1
v -0.3582063 3.101963E-16 0.474 1 1 1
v -0.3582063 0.05 0.8740001 1 1 1
v -0.3582063 0.05 0.474 1 1 1
v -0.3782063 3.101963E-16 0.8940001 1 1 1
v -0.3782063 0.05 0.8940001 1 1 1
v -0.7782063 3.101963E-16 0.894 1 1 1
v -0.7782063 0.05 0.894 1 1 1
v -0.7782063 3.101963E-16 0.474 1 1 1
v -0.3782063 0.05 0.474 1 1 1
v -0.3782063 0.05 0.8740001 1 1 1
v -0.7782063 0.05 0.874 1 1 1
v -1.198206 3.214762E-16 0.4740002 1 1 1
v -1.198206 3.214762E-16 0.07400016 1 1 1
v -0.7782062 3.214762E-16 0.07400011 1 1 1
v -1.198206 0.05 0.07400016 1 1 1
v -1.198206 0.05 0.4740002 1 1 1
v -1.178206 0.05 0.4740002 1 1 1
v -1.178206 0.05 0.07400016 1 1 1
v -1.198206 0.4 0.8740001 1 1 1
v -1.198206 0.4 0.474 1 1 1
v -1.198206 0.45 0.8740001 1 1 1
v -1.198206 0.45 0.474 1 1 1
v -1.178206 0.4 0.8940001 1 1 1
v -1.178206 0.45 0.8940001 1 1 1
v -0.7782059 0.4 0.894 1 1 1
v -0.7782059 0.45 0.894 1 1 1
v -0.7782059 0.4 0.474 1 1 1
v -0.5763922 0.559 0.7139878 1 1 1
v -0.5850325 0.559 0.7348475 1 1 1
v -0.5616422 0.5885 0.7139878 1 1 1
v -0.5746027 0.5885 0.7452773 1 1 1
v -0.6353922 0.559 0.7139878 1 1 1
v -0.6501422 0.5885 0.7139878 1 1 1
v -0.6267518 0.559 0.7348475 1 1 1
v -0.6371816 0.5885 0.7452773 1 1 1
v -0.5850325 0.5 0.7348475 1 1 1
v -0.6058922 0.5 0.7434878 1 1 1
v -0.6058922 0.559 0.7434878 1 1 1
v -0.5746027 0.5885 0.6826984 1 1 1
v -0.5850325 0.559 0.6931282 1 1 1
v -0.6058922 0.5885 0.7582378 1 1 1
v -0.6058922 0.559 0.6844878 1 1 1
v -0.6058922 0.5885 0.6697378 1 1 1
v -0.6267518 0.559 0.6931282 1 1 1
v -0.6371816 0.5885 0.6826984 1 1 1
v -0.5763922 0.618 0.7139878 1 1 1
v -0.5850325 0.618 0.7348475 1 1 1
v -0.6267518 0.5 0.7348475 1 1 1
v -0.6267518 0.5 0.6931282 1 1 1
v -0.6058922 0.5 0.6844878 1 1 1
v -0.6353922 0.5 0.7139878 1 1 1
v -0.6267518 0.618 0.6931282 1 1 1
v -0.6058922 0.618 0.6844878 1 1 1
v -0.5850325 0.618 0.6931282 1 1 1
v -0.6058922 0.618 0.7434878 1 1 1
v -0.6267518 0.618 0.7348475 1 1 1
v -0.6353922 0.618 0.7139878 1 1 1
v -0.5850325 0.5 0.6931282 1 1 1
v -0.5763922 0.5 0.7139878 1 1 1
v -0.4763923 0.559 0.7139878 1 1 1
v -0.4850326 0.559 0.7348475 1 1 1
v -0.4616423 0.5885 0.7139878 1 1 1
v -0.4746028 0.5885 0.7452773 1 1 1
v -0.5353923 0.559 0.7139878 1 1 1
v -0.5501423 0.5885 0.7139878 1 1 1
v -0.5267519 0.559 0.7348475 1 1 1
v -0.5371817 0.5885 0.7452773 1 1 1
v -0.4850326 0.5 0.7348475 1 1 1
v -0.5058923 0.5 0.7434878 1 1 1
v -0.5058923 0.559 0.7434878 1 1 1
v -0.4746028 0.5885 0.6826984 1 1 1
v -0.4850326 0.559 0.6931282 1 1 1
v -0.5058923 0.5885 0.7582378 1 1 1
v -0.5058923 0.559 0.6844878 1 1 1
v -0.5058923 0.5885 0.6697378 1 1 1
v -0.5267519 0.559 0.6931282 1 1 1
v -0.5371817 0.5885 0.6826984 1 1 1
v -0.4763923 0.618 0.7139878 1 1 1
v -0.4850326 0.618 0.7348475 1 1 1
v -0.5267519 0.5 0.7348475 1 1 1
v -0.5267519 0.5 0.6931282 1 1 1
v -0.5058923 0.5 0.6844878 1 1 1
v -0.5353923 0.5 0.7139878 1 1 1
v -0.5267519 0.618 0.6931282 1 1 1
v -0.5058923 0.618 0.6844878 1 1 1
v -0.4850326 0.618 0.6931282 1 1 1
v -0.5058923 0.618 0.7434878 1 1 1
v -0.5267519 0.618 0.7348475 1 1 1
v -0.5353923 0.618 0.7139878 1 1 1
v -0.4850326 0.5 0.6931282 1 1 1
v -0.4763923 0.5 0.7139878 1 1 1
v -0.7782058 0.5 -0.7259998 1 1 1
v -0.7782058 0.53 -0.7259998 1 1 1
v -0.7782058 0.5 -0.3259998 1 1 1
v -0.7782058 0.53 -0.3259998 1 1 1
v -0.3782058 0.5 -0.7259998 1 1 1
v -0.3782058 0.53 -0.7259998 1 1 1
v -0.7282058 0.58 -0.6759998 1 1 1
v -0.7282058 0.58 -0.3259998 1 1 1
v -0.7782058 0.53 -0.7459998 1 1 1
v -0.3782058 0.53 -0.7459998 1 1 1
v -0.7782058 0.58 -0.7459998 1 1 1
v -0.3782058 0.58 -0.7459998 1 1 1
v -0.7982058 0.53 -0.3259998 1 1 1
v -0.7982058 0.53 -0.7259998 1 1 1
v -0.3782058 0.58 -0.6759998 1 1 1
v -0.7982058 0.58 -0.3259998 1 1 1
v -0.7982058 0.58 -0.7259998 1 1 1
v -0.378206 0.53 -0.7259998 1 1 1
v 0.0217941 0.53 -0.7259998 1 1 1
v -0.378206 0.53 -0.7459998 1 1 1
v 0.0217941 0.53 -0.7459998 1 1 1
v 0.0217941 0.5 -0.7259998 1 1 1
v -0.378206 0.5 -0.7259998 1 1 1
v 0.02179408 0.58 -0.6759998 1 1 1
v -0.378206 0.58 -0.6759998 1 1 1
v -0.378206 0.58 -0.7459998 1 1 1
v 0.0217941 0.58 -0.7459998 1 1 1
v 0.02179413 0.53 -0.7259998 1 1 1
v 0.4217942 0.53 -0.7259998 1 1 1
v 0.02179413 0.53 -0.7459998 1 1 1
v 0.4217942 0.53 -0.7459998 1 1 1
v 0.4217942 0.5 -0.7259998 1 1 1
v 0.02179413 0.5 -0.7259998 1 1 1
v 0.4217942 0.58 -0.6759998 1 1 1
v 0.02179411 0.58 -0.6759998 1 1 1
v 0.02179413 0.58 -0.7459998 1 1 1
v 0.4217942 0.58 -0.7459998 1 1 1
v 0.821794 0.5 -0.7259998 1 1 1
v 0.821794 0.53 -0.7259998 1 1 1
v 0.421794 0.5 -0.7259998 1 1 1
v 0.421794 0.53 -0.7259998 1 1 1
v 0.821794 0.5 -0.3259997 1 1 1
v 0.821794 0.53 -0.3259997 1 1 1
v 0.771794 0.58 -0.6759998 1 1 1
v 0.421794 0.58 -0.6759998 1 1 1
v 0.841794 0.53 -0.7259998 1 1 1
v 0.841794 0.53 -0.3259997 1 1 1
v 0.841794 0.58 -0.7259998 1 1 1
v 0.841794 0.58 -0.3259997 1 1 1
v 0.421794 0.53 -0.7459998 1 1 1
v 0.821794 0.53 -0.7459998 1 1 1
v 0.771794 0.58 -0.3259997 1 1 1
v 0.421794 0.58 -0.7459998 1 1 1
v 0.821794 0.58 -0.7459998 1 1 1
v 0.821794 0.5 0.874 1 1 1
v 0.821794 0.53 0.874 1 1 1
v 0.821794 0.5 0.474 1 1 1
v 0.821794 0.53 0.474 1 1 1
v 0.421794 0.5 0.874 1 1 1
v 0.421794 0.53 0.874 1 1 1
v 0.771794 0.58 0.824 1 1 1
v 0.771794 0.58 0.474 1 1 1
v 0.821794 0.53 0.894 1 1 1
v 0.421794 0.53 0.894 1 1 1
v 0.821794 0.58 0.894 1 1 1
v 0.421794 0.58 0.894 1 1 1
v 0.841794 0.53 0.474 1 1 1
v 0.841794 0.53 0.874 1 1 1
v 0.421794 0.58 0.824 1 1 1
v 0.841794 0.58 0.474 1 1 1
v 0.841794 0.58 0.874 1 1 1
v 0.4217942 0.53 0.874 1 1 1
v 0.02179413 0.53 0.8740001 1 1 1
v 0.4217942 0.53 0.894 1 1 1
v 0.02179413 0.53 0.8940001 1 1 1
v 0.02179413 0.5 0.8740001 1 1 1
v 0.4217942 0.5 0.874 1 1 1
v 0.02179411 0.58 0.8240001 1 1 1
v 0.4217942 0.58 0.824 1 1 1
v 0.4217942 0.58 0.894 1 1 1
v 0.02179413 0.58 0.8940001 1 1 1
v 0.0217941 0.53 0.874 1 1 1
v -0.378206 0.53 0.8740001 1 1 1
v 0.0217941 0.53 0.894 1 1 1
v -0.378206 0.53 0.8940001 1 1 1
v -0.378206 0.5 0.8740001 1 1 1
v 0.0217941 0.5 0.874 1 1 1
v -0.378206 0.58 0.8240001 1 1 1
v 0.02179408 0.58 0.824 1 1 1
v 0.0217941 0.58 0.894 1 1 1
v -0.378206 0.58 0.8940001 1 1 1
v 0.821794 0.53 0.07400016 1 1 1
v 0.821794 0.53 0.4740002 1 1 1
v 0.841794 0.53 0.07400016 1 1 1
v 0.841794 0.53 0.4740002 1 1 1
v 0.821794 0.5 0.4740002 1 1 1
v 0.821794 0.5 0.07400016 1 1 1
v 0.771794 0.58 0.4740002 1 1 1
v 0.771794 0.58 0.07400016 1 1 1
v 0.841794 0.58 0.07400016 1 1 1
v 0.841794 0.58 0.4740002 1 1 1
v 0.821794 0.53 -0.3259999 1 1 1
v 0.821794 0.53 0.07400008 1 1 1
v 0.841794 0.53 -0.3259999 1 1 1
v 0.841794 0.53 0.07400008 1 1 1
v 0.821794 0.5 0.07400008 1 1 1
v 0.821794 0.5 -0.3259999 1 1 1
v 0.771794 0.58 0.07400008 1 1 1
v 0.771794 0.58 -0.3259999 1 1 1
v 0.841794 0.58 -0.3259999 1 1 1
v 0.841794 0.58 0.07400008 1 1 1
v -0.3782063 0.83 0.07400016 1 1 1
v -0.3782063 0.83 0.4740002 1 1 1
v -0.3582063 0.83 0.07400016 1 1 1
v -0.3582063 0.83 0.4740002 1 1 1
v -0.3782063 0.8 0.4740002 1 1 1
v -0.3782063 0.8 0.07400016 1 1 1
v -0.4282063 0.88 0.4740002 1 1 1
v -0.4282063 0.88 0.07400016 1 1 1
v -0.3582063 0.88 0.07400016 1 1 1
v -0.3582063 0.88 0.4740002 1 1 1
v -1.178206 0.83 0.8740001 1 1 1
v -0.7782059 0.83 0.874 1 1 1
v -1.178206 0.83 0.474 1 1 1
v -1.128206 0.88 0.8240001 1 1 1
v -0.7782059 0.88 0.824 1 1 1
v -1.198206 0.83 0.8740001 1 1 1
v -1.198206 0.83 0.474 1 1 1
v -1.198206 0.88 0.8740001 1 1 1
v -1.198206 0.88 0.474 1 1 1
v -0.7782059 0.83 0.894 1 1 1
v -1.178206 0.83 0.8940001 1 1 1
v -1.128206 0.88 0.474 1 1 1
v -0.7782059 0.88 0.894 1 1 1
v -1.178206 0.88 0.8940001 1 1 1
v -0.3782063 0.83 -0.3260002 1 1 1
v -0.7782063 0.83 -0.3260002 1 1 1
v -0.3782063 0.83 0.0739999 1 1 1
v -0.4282063 0.88 -0.2760001 1 1 1
v -0.7782063 0.88 -0.2760002 1 1 1
v -0.3582063 0.83 -0.3260002 1 1 1
v -0.3582063 0.83 0.0739999 1 1 1
v -0.3582063 0.88 -0.3260002 1 1 1
v -0.3582063 0.88 0.0739999 1 1 1
v -0.7782063 0.83 -0.3460002 1 1 1
v -0.3782063 0.83 -0.3460001 1 1 1
v -0.4282063 0.88 0.07399988 1 1 1
v -0.7782063 0.88 -0.3460002 1 1 1
v -0.3782063 0.88 -0.3460001 1 1 1
v -1.178206 0.83 0.4740002 1 1 1
v -1.178206 0.83 0.07400016 1 1 1
v -1.198206 0.83 0.4740002 1 1 1
v -1.198206 0.83 0.07400016 1 1 1
v -1.178206 0.8 0.07400016 1 1 1
v -1.178206 0.8 0.4740002 1 1 1
v -1.128206 0.88 0.07400016 1 1 1
v -1.128206 0.88 0.4740002 1 1 1
v -1.198206 0.88 0.4740002 1 1 1
v -1.198206 0.88 0.07400016 1 1 1
v -0.3782058 0.8 0.874 1 1 1
v -0.3782058 0.83 0.874 1 1 1
v -0.3782058 0.8 0.474 1 1 1
v -0.3782058 0.83 0.474 1 1 1
v -0.7782058 0.8 0.874 1 1 1
v -0.7782058 0.83 0.874 1 1 1
v -0.4282058 0.88 0.824 1 1 1
v -0.4282058 0.88 0.474 1 1 1
v -0.3782058 0.83 0.894 1 1 1
v -0.7782058 0.83 0.894 1 1 1
v -0.3782058 0.88 0.894 1 1 1
v -0.7782058 0.88 0.894 1 1 1
v -0.3582059 0.83 0.474 1 1 1
v -0.3582059 0.83 0.874 1 1 1
v -0.7782058 0.88 0.824 1 1 1
v -0.3582059 0.88 0.474 1 1 1
v -0.3582059 0.88 0.874 1 1 1
v -1.178206 0.83 -0.3260002 1 1 1
v -1.178206 0.83 0.07399984 1 1 1
v -0.7782059 0.83 -0.3260002 1 1 1
v -1.128206 0.88 -0.2760001 1 1 1
v -1.128206 0.88 0.07399984 1 1 1
v -1.178206 0.83 -0.3460001 1 1 1
v -0.7782059 0.83 -0.3460001 1 1 1
v -1.178206 0.88 -0.3460001 1 1 1
v -0.7782059 0.88 -0.3460001 1 1 1
v -1.198206 0.83 0.07399984 1 1 1
v -1.198206 0.83 -0.3260002 1 1 1
v -0.7782059 0.88 -0.2760001 1 1 1
v -1.198206 0.88 0.07399984 1 1 1
v -1.198206 0.88 -0.3260002 1 1 1
v -0.7782061 0.5 -0.726 1 1 1
v -0.7782061 0.4 -0.726 1 1 1
v -0.7782061 0.5 -0.326 1 1 1
v -0.7782061 0.4 -0.326 1 1 1
v -0.3782061 0.4 -0.726 1 1 1
v -0.3782061 0.5 -0.726 1 1 1
v 0.02179404 0.4 -0.7259998 1 1 1
v -0.378206 0.4 -0.7259998 1 1 1
v 0.02179404 0.5 -0.7259998 1 1 1
v 0.8217937 0.5 0.8739998 1 1 1
v 0.8217937 0.4 0.8739998 1 1 1
v 0.8217937 0.5 0.4739998 1 1 1
v 0.8217937 0.4 0.4739998 1 1 1
v 0.4217938 0.4 0.8739998 1 1 1
v 0.4217938 0.5 0.8739998 1 1 1
v 0.02179404 0.4 0.8740001 1 1 1
v -0.378206 0.4 0.8740001 1 1 1
v 0.02179404 0.5 0.8740001 1 1 1
v 0.02179413 0.4 -0.7259998 1 1 1
v 0.4217941 0.4 -0.7259998 1 1 1
v 0.4217941 0.5 -0.7259998 1 1 1
v 0.8217937 0.5 -0.726 1 1 1
v 0.8217937 0.4 -0.726 1 1 1
v 0.8217937 0.5 -0.326 1 1 1
v 0.8217937 0.4 -0.326 1 1 1
v 0.4217938 0.4 -0.726 1 1 1
v 0.4217938 0.5 -0.726 1 1 1
v 0.02179413 0.4 0.8740001 1 1 1
v 0.4217941 0.4 0.8740001 1 1 1
v 0.4217941 0.5 0.8740001 1 1 1
v 0.821794 0.4 0.07400011 1 1 1
v 0.821794 0.4 -0.326 1 1 1
v 0.821794 0.5 0.07400011 1 1 1
v 0.821794 0.5 -0.326 1 1 1
v 0.821794 0.4 0.07400014 1 1 1
v 0.821794 0.4 0.4740002 1 1 1
v 0.821794 0.5 0.07400014 1 1 1
v 0.821794 0.5 0.4740002 1 1 1
v 0.691794 4.513206E-16 -0.7460002 1 1 1
v 0.691794 0.27 -0.7460002 1 1 1
v 0.551794 0.27 -0.7460002 1 1 1
v 0.551794 4.513206E-16 -0.7460002 1 1 1
v 0.841794 0.05 -0.7260002 1 1 1
v 0.841794 2.707168E-16 -0.7260002 1 1 1
v 0.841794 0.05 -0.3260002 1 1 1
v 0.841794 2.813694E-16 -0.3260002 1 1 1
v 0.521794 0.05 -0.7460002 1 1 1
v 0.521794 0.05 -0.7260002 1 1 1
v 0.421794 0.05 -0.7460002 1 1 1
v 0.421794 0.05 -0.7260002 1 1 1
v 0.521794 0.28 -0.7460002 1 1 1
v 0.521794 0.28 -0.7260002 1 1 1
v 0.421794 2.708428E-16 -0.7460002 1 1 1
v 0.7217939 0.28 -0.7460002 1 1 1
v 0.541794 0.3 -0.7460002 1 1 1
v 0.701794 0.3 -0.7460002 1 1 1
v 0.7217939 0.05 -0.7460002 1 1 1
v 0.821794 0.05 -0.7460002 1 1 1
v 0.821794 2.951879E-16 -0.7460002 1 1 1
v 0.821794 0.05 -0.3260002 1 1 1
v 0.821794 0.05 -0.7260002 1 1 1
v 0.7217939 0.05 -0.7260002 1 1 1
v 0.701794 0.3 -0.7260002 1 1 1
v 0.541794 0.3 -0.7260002 1 1 1
v 0.7217939 0.28 -0.7260002 1 1 1
v 0.421794 2.813694E-16 -0.3260002 1 1 1
v 0.6617939 0.03 -0.7060002 1 1 1
v 0.581794 0.03 -0.7060002 1 1 1
v 0.581794 0.24 -0.7060002 1 1 1
v 0.6617939 0.24 -0.7060002 1 1 1
v 0.5817938 0.1142649 -0.7260001 1 1 1
v 0.5817938 0.1142649 -0.7370002 1 1 1
v 0.5625238 0.1142649 -0.7260001 1 1 1
v 0.5625238 0.1142649 -0.7370002 1 1 1
v 0.5817938 0.1557351 -0.7370002 1 1 1
v 0.5817938 0.1557351 -0.7260001 1 1 1
v 0.5625238 0.1557351 -0.7370002 1 1 1
v 0.5625238 0.1557351 -0.7260001 1 1 1
v 0.5691099 0.1332044 -0.7369998 1 1 1
v 0.5691099 0.1463153 -0.7369998 1 1 1
v 0.6000233 0.1332044 -0.7369998 1 1 1
v 0.6000233 0.1463153 -0.7369998 1 1 1
v 0.5691099 0.1332044 -0.7479998 1 1 1
v 0.6000233 0.1332044 -0.7479998 1 1 1
v 0.5691099 0.1463153 -0.7479998 1 1 1
v 0.6000233 0.1463153 -0.7479998 1 1 1
v -1.178206 0.67 0.1540001 1 1 1
v -1.198206 0.67 0.1540001 1 1 1
v -1.178206 0.67 0.3940002 1 1 1
v -1.198206 0.67 0.3940002 1 1 1
v -1.198206 0.53 0.1540001 1 1 1
v -1.178206 0.53 0.1540001 1 1 1
v -1.198206 0.53 0.3940002 1 1 1
v -1.178206 0.53 0.3940002 1 1 1
v -1.198206 0.5 0.1440001 1 1 1
v -1.198206 0.5 0.4040002 1 1 1
v -1.198206 0.52 0.4240002 1 1 1
v -1.198206 0.68 0.4240002 1 1 1
v -1.198206 0.68 0.1240001 1 1 1
v -1.198206 0.52 0.1240001 1 1 1
v -1.198206 0.7 0.1440001 1 1 1
v -1.198206 0.7 0.4040002 1 1 1
v -1.178206 0.4 0.07400005 1 1 1
v -1.198206 0.4 0.07400005 1 1 1
v -1.178206 0.4 0.4740002 1 1 1
v -1.198206 0.4 0.4740002 1 1 1
v -1.198206 0.45 0.4740002 1 1 1
v -1.198206 0.45 0.07400005 1 1 1
v -1.178206 0.55 0.1740001 1 1 1
v -1.178206 0.65 0.1740001 1 1 1
v -1.158206 0.55 0.1740001 1 1 1
v -1.158206 0.65 0.1740001 1 1 1
v -1.158206 0.65 0.3740002 1 1 1
v -1.178206 0.65 0.2640001 1 1 1
v -1.178206 0.65 0.2840001 1 1 1
v -1.178206 0.65 0.3740002 1 1 1
v -1.178206 0.55 0.3740002 1 1 1
v -1.158206 0.55 0.3740002 1 1 1
v -1.178206 0.55 0.2640001 1 1 1
v -1.178206 0.55 0.2840001 1 1 1
v -1.178206 0.67 0.3940002 1 1 1
v -1.178206 0.53 0.3940002 1 1 1
v -1.178206 0.53 0.1540001 1 1 1
v -1.178206 0.67 0.1540001 1 1 1
v -0.3782067 0.67 0.3940003 1 1 1
v -0.3582067 0.67 0.3940003 1 1 1
v -0.3782067 0.67 0.1540002 1 1 1
v -0.3582067 0.67 0.1540002 1 1 1
v -0.3582067 0.53 0.3940003 1 1 1
v -0.3782067 0.53 0.3940003 1 1 1
v -0.3582067 0.53 0.1540002 1 1 1
v -0.3782067 0.53 0.1540002 1 1 1
v -0.3582067 0.5 0.4040003 1 1 1
v -0.3582067 0.5 0.1440002 1 1 1
v -0.3582067 0.52 0.1240002 1 1 1
v -0.3582067 0.68 0.1240002 1 1 1
v -0.3582067 0.68 0.4240003 1 1 1
v -0.3582067 0.52 0.4240003 1 1 1
v -0.3582067 0.7 0.4040003 1 1 1
v -0.3582067 0.7 0.1440002 1 1 1
v -0.3782067 0.4 0.4740004 1 1 1
v -0.3582067 0.4 0.4740004 1 1 1
v -0.3782067 0.4 0.07400021 1 1 1
v -0.3582067 0.4 0.07400021 1 1 1
v -0.3582067 0.45 0.07400021 1 1 1
v -0.3582067 0.45 0.4740004 1 1 1
v -0.3782064 0.55 0.3740003 1 1 1
v -0.3782064 0.65 0.3740003 1 1 1
v -0.3982064 0.55 0.3740003 1 1 1
v -0.3982064 0.65 0.3740003 1 1 1
v -0.3982064 0.65 0.1740002 1 1 1
v -0.3782064 0.65 0.2840003 1 1 1
v -0.3782064 0.65 0.2640003 1 1 1
v -0.3782064 0.65 0.1740002 1 1 1
v -0.3782064 0.55 0.1740002 1 1 1
v -0.3982064 0.55 0.1740002 1 1 1
v -0.3782064 0.55 0.2840003 1 1 1
v -0.3782064 0.55 0.2640003 1 1 1
v -0.3782064 0.67 0.1540002 1 1 1
v -0.3782064 0.53 0.1540002 1 1 1
v -0.3782065 0.53 0.3940003 1 1 1
v -0.3782065 0.67 0.3940003 1 1 1
v 0.3217941 0.05 0.8939999 1 1 1
v 0.3217941 0.28 0.8939999 1 1 1
v 0.3217941 0.05 0.874 1 1 1
v 0.3217941 0.28 0.874 1 1 1
v 0.4217941 0.05 0.874 1 1 1
v 0.4217941 0.05 0.8939999 1 1 1
v 0.02179413 0.05 0.874 1 1 1
v 0.1217941 0.05 0.874 1 1 1
v 0.02179413 0.05 0.8939999 1 1 1
v 0.1217941 0.05 0.8939999 1 1 1
v 0.02179413 3.025824E-16 0.4739999 1 1 1
v 0.02179413 2.989164E-16 0.8939999 1 1 1
v 0.4217941 3.025824E-16 0.4739999 1 1 1
v 0.1517941 4.830602E-16 0.8939999 1 1 1
v 0.2917941 4.830602E-16 0.8939999 1 1 1
v 0.4217941 3.025824E-16 0.8939999 1 1 1
v 0.1417941 0.3 0.874 1 1 1
v 0.3017941 0.3 0.874 1 1 1
v 0.1417941 0.3 0.8939999 1 1 1
v 0.3017941 0.3 0.8939999 1 1 1
v 0.1217941 0.28 0.8939999 1 1 1
v 0.1217941 0.28 0.874 1 1 1
v 0.2917941 0.27 0.8939999 1 1 1
v 0.1517941 0.27 0.8939999 1 1 1
v 0.2550058 0.09534679 0.8739999 1 1 1
v 0.2550058 0.09534679 0.8849999 1 1 1
v 0.2742758 0.09534679 0.8739999 1 1 1
v 0.2742758 0.09534679 0.8849999 1 1 1
v 0.2550058 0.136817 0.8849999 1 1 1
v 0.2550058 0.136817 0.8739999 1 1 1
v 0.2742758 0.136817 0.8849999 1 1 1
v 0.2742758 0.136817 0.8739999 1 1 1
v 0.2676898 0.1142863 0.8850001 1 1 1
v 0.2676898 0.1273973 0.8850001 1 1 1
v 0.2367763 0.1142863 0.8850001 1 1 1
v 0.2367763 0.1273973 0.8850001 1 1 1
v 0.2676898 0.1142863 0.8960001 1 1 1
v 0.2367763 0.1142863 0.8960001 1 1 1
v 0.2676898 0.1273973 0.8960001 1 1 1
v 0.2367763 0.1273973 0.8960001 1 1 1
v -1.228934 0.18 0.1022718 1 1 1
v -1.216206 0.18 0.09699977 1 1 1
v -1.228934 0.764 0.1022718 1 1 1
v -1.216206 0.764 0.09699977 1 1 1
v -1.198206 0.764 0.1149998 1 1 1
v -1.198206 0.18 0.1149998 1 1 1
v -1.203478 0.764 0.1277277 1 1 1
v -1.203478 0.18 0.1277277 1 1 1
v -1.203478 0.18 0.1022718 1 1 1
v -1.203478 0.764 0.1022718 1 1 1
v -1.216206 0.18 0.1329998 1 1 1
v -1.216206 0.764 0.1329998 1 1 1
v -1.228934 0.18 0.1277277 1 1 1
v -1.228934 0.764 0.1277277 1 1 1
v -1.234206 0.18 0.1149998 1 1 1
v -1.234206 0.764 0.1149998 1 1 1
v -1.178206 0.764 0.1329998 1 1 1
v -1.178206 0.764 0.09699977 1 1 1
v -1.234206 0.764 0.1329998 1 1 1
v -1.234206 0.764 0.09699977 1 1 1
v -1.178206 0.8 0.09699977 1 1 1
v -1.178206 0.8 0.1329998 1 1 1
v -1.224206 0.8 0.09699977 1 1 1
v -1.224206 0.8 0.1329998 1 1 1
v -1.234206 0.79 0.1329998 1 1 1
v -1.234206 0.79 0.09699977 1 1 1
v -1.234299 0.678707 0.09690639 1 1 1
v -1.234299 0.707138 0.09690639 1 1 1
v -1.241794 0.678707 0.1149998 1 1 1
v -1.241794 0.707138 0.1149998 1 1 1
v -1.216206 0.678707 0.08941187 1 1 1
v -1.216206 0.707138 0.08941187 1 1 1
v -1.190618 0.707138 0.1149998 1 1 1
v -1.190618 0.678707 0.1149998 1 1 1
v -1.198113 0.707138 0.1330931 1 1 1
v -1.198113 0.678707 0.1330931 1 1 1
v -1.198113 0.707138 0.09690639 1 1 1
v -1.198113 0.678707 0.09690639 1 1 1
v -1.234299 0.678707 0.1330931 1 1 1
v -1.234299 0.707138 0.1330931 1 1 1
v -1.216206 0.678707 0.1405877 1 1 1
v -1.216206 0.707138 0.1405877 1 1 1
v -1.234299 0.4032155 0.09690639 1 1 1
v -1.234299 0.4316465 0.09690639 1 1 1
v -1.241794 0.4032155 0.1149998 1 1 1
v -1.241794 0.4316465 0.1149998 1 1 1
v -1.216206 0.4032155 0.08941187 1 1 1
v -1.216206 0.4316465 0.08941187 1 1 1
v -1.190618 0.4316465 0.1149998 1 1 1
v -1.190618 0.4032155 0.1149998 1 1 1
v -1.198113 0.4316465 0.1330931 1 1 1
v -1.198113 0.4032155 0.1330931 1 1 1
v -1.198113 0.4316465 0.09690639 1 1 1
v -1.198113 0.4032155 0.09690639 1 1 1
v -1.234299 0.4032155 0.1330931 1 1 1
v -1.234299 0.4316465 0.1330931 1 1 1
v -1.216206 0.4032155 0.1405877 1 1 1
v -1.216206 0.4316465 0.1405877 1 1 1
v -0.1482058 4.513206E-16 -0.7459998 1 1 1
v -0.1482058 0.27 -0.7459998 1 1 1
v -0.1482058 4.513206E-16 -0.7259998 1 1 1
v -0.1482058 0.27 -0.7259998 1 1 1
v -0.6082058 0.27 -0.7459998 1 1 1
v -0.6082058 4.513206E-16 -0.7459998 1 1 1
v -0.6082058 0.27 -0.7259998 1 1 1
v -0.6082058 4.513206E-16 -0.7259998 1 1 1
v 0.0217942 2.708428E-16 -0.3259998 1 1 1
v 0.0217942 2.708428E-16 -0.7459998 1 1 1
v -0.7982058 2.708428E-16 -0.3259998 1 1 1
v -0.7782058 3.106356E-16 -0.7459998 1 1 1
v -0.7982058 2.708428E-16 -0.7259998 1 1 1
v -0.6382058 0.05 -0.7459998 1 1 1
v -0.6382058 0.05 -0.7259998 1 1 1
v -0.7782058 0.05 -0.7459998 1 1 1
v -0.7782058 0.05 -0.7259998 1 1 1
v -0.7782058 0.05 -0.3259998 1 1 1
v -0.7982058 0.05 -0.3259998 1 1 1
v -0.7982058 0.05 -0.7259998 1 1 1
v -0.6382058 0.28 -0.7459998 1 1 1
v -0.6382058 0.28 -0.7259998 1 1 1
v 0.0217942 0.05 -0.7459998 1 1 1
v 0.0217942 0.05 -0.7259998 1 1 1
v -0.1182058 0.05 -0.7459998 1 1 1
v -0.1182058 0.05 -0.7259998 1 1 1
v -0.1182058 0.28 -0.7459998 1 1 1
v -0.1182058 0.28 -0.7259998 1 1 1
v -0.1382058 0.3 -0.7459998 1 1 1
v -0.1382058 0.3 -0.7259998 1 1 1
v -0.6182058 0.3 -0.7459998 1 1 1
v -0.6182058 0.3 -0.7259998 1 1 1
v -0.4001549 0.03688905 -0.7260001 1 1 1
v -0.4001549 0.05 -0.7260001 1 1 1
v -0.3562576 0.03688905 -0.7260001 1 1 1
v -0.3562576 0.05 -0.7260001 1 1 1
v -0.4001549 0.03688905 -0.7370002 1 1 1
v -0.3562576 0.03688905 -0.7370002 1 1 1
v -0.4001549 0.05 -0.7370002 1 1 1
v -0.3562576 0.05 -0.7370002 1 1 1
v -0.8289339 0.04999998 -0.6847278 1 1 1
v -0.816206 0.04999998 -0.6899999 1 1 1
v -0.8289339 0.45 -0.6847278 1 1 1
v -0.816206 0.45 -0.6899999 1 1 1
v -0.798206 0.45 -0.6719999 1 1 1
v -0.798206 0.04999998 -0.6719999 1 1 1
v -0.8034781 0.45 -0.659272 1 1 1
v -0.8034781 0.04999998 -0.659272 1 1 1
v -0.8034781 0.04999998 -0.6847278 1 1 1
v -0.8034781 0.45 -0.6847278 1 1 1
v -0.816206 0.04999998 -0.6539999 1 1 1
v -0.816206 0.45 -0.6539999 1 1 1
v -0.8289339 0.04999998 -0.659272 1 1 1
v -0.8289339 0.45 -0.659272 1 1 1
v -0.834206 0.04999998 -0.6719999 1 1 1
v -0.834206 0.45 -0.6719999 1 1 1
v -0.778206 0.45 -0.6539999 1 1 1
v -0.778206 0.45 -0.6899999 1 1 1
v -0.834206 0.45 -0.6539999 1 1 1
v -0.834206 0.45 -0.6899999 1 1 1
v -0.778206 0.486 -0.6899999 1 1 1
v -0.778206 0.486 -0.6539999 1 1 1
v -0.824206 0.486 -0.6899999 1 1 1
v -0.824206 0.486 -0.6539999 1 1 1
v -0.834206 0.476 -0.6539999 1 1 1
v -0.834206 0.476 -0.6899999 1 1 1
v -0.8342993 0.1107845 -0.6900933 1 1 1
v -0.8342993 0.1392155 -0.6900933 1 1 1
v -0.8417939 0.1107845 -0.6719999 1 1 1
v -0.8417939 0.1392155 -0.6719999 1 1 1
v -0.816206 0.1107845 -0.6975878 1 1 1
v -0.816206 0.1392155 -0.6975878 1 1 1
v -0.7906181 0.1392155 -0.6719999 1 1 1
v -0.7906181 0.1107845 -0.6719999 1 1 1
v -0.7981126 0.1392155 -0.6539066 1 1 1
v -0.7981126 0.1107845 -0.6539066 1 1 1
v -0.7981126 0.1392155 -0.6900933 1 1 1
v -0.7981126 0.1107845 -0.6900933 1 1 1
v -0.8342993 0.1107845 -0.6539066 1 1 1
v -0.8342993 0.1392155 -0.6539066 1 1 1
v -0.816206 0.1107845 -0.646412 1 1 1
v -0.816206 0.1392155 -0.646412 1 1 1
v -0.8342993 0.364707 -0.6900933 1 1 1
v -0.8342993 0.393138 -0.6900933 1 1 1
v -0.8417939 0.364707 -0.6719999 1 1 1
v -0.8417939 0.393138 -0.6719999 1 1 1
v -0.816206 0.364707 -0.6975878 1 1 1
v -0.816206 0.393138 -0.6975878 1 1 1
v -0.7906181 0.393138 -0.6719999 1 1 1
v -0.7906181 0.364707 -0.6719999 1 1 1
v -0.7981126 0.393138 -0.6539066 1 1 1
v -0.7981126 0.364707 -0.6539066 1 1 1
v -0.7981126 0.393138 -0.6900933 1 1 1
v -0.7981126 0.364707 -0.6900933 1 1 1
v -0.8342993 0.364707 -0.6539066 1 1 1
v -0.8342993 0.393138 -0.6539066 1 1 1
v -0.816206 0.364707 -0.646412 1 1 1
v -0.816206 0.393138 -0.646412 1 1 1
v -1.228934 0.18 -0.1927277 1 1 1
v -1.216206 0.18 -0.1979998 1 1 1
v -1.228934 0.764 -0.1927277 1 1 1
v -1.216206 0.764 -0.1979998 1 1 1
v -1.198206 0.764 -0.1799998 1 1 1
v -1.198206 0.18 -0.1799998 1 1 1
v -1.203478 0.764 -0.1672719 1 1 1
v -1.203478 0.18 -0.1672719 1 1 1
v -1.203478 0.18 -0.1927277 1 1 1
v -1.203478 0.764 -0.1927277 1 1 1
v -1.216206 0.18 -0.1619998 1 1 1
v -1.216206 0.764 -0.1619998 1 1 1
v -1.228934 0.18 -0.1672719 1 1 1
v -1.228934 0.764 -0.1672719 1 1 1
v -1.234206 0.18 -0.1799998 1 1 1
v -1.234206 0.764 -0.1799998 1 1 1
v -1.178206 0.764 -0.1619998 1 1 1
v -1.178206 0.764 -0.1979998 1 1 1
v -1.234206 0.764 -0.1619998 1 1 1
v -1.234206 0.764 -0.1979998 1 1 1
v -1.178206 0.8 -0.1979998 1 1 1
v -1.178206 0.8 -0.1619998 1 1 1
v -1.224206 0.8 -0.1979998 1 1 1
v -1.224206 0.8 -0.1619998 1 1 1
v -1.234206 0.79 -0.1619998 1 1 1
v -1.234206 0.79 -0.1979998 1 1 1
v -1.234299 0.678707 -0.1980932 1 1 1
v -1.234299 0.707138 -0.1980932 1 1 1
v -1.241794 0.678707 -0.1799998 1 1 1
v -1.241794 0.707138 -0.1799998 1 1 1
v -1.216206 0.678707 -0.2055877 1 1 1
v -1.216206 0.707138 -0.2055877 1 1 1
v -1.190618 0.707138 -0.1799998 1 1 1
v -1.190618 0.678707 -0.1799998 1 1 1
v -1.198113 0.707138 -0.1619065 1 1 1
v -1.198113 0.678707 -0.1619065 1 1 1
v -1.198113 0.707138 -0.1980932 1 1 1
v -1.198113 0.678707 -0.1980932 1 1 1
v -1.234299 0.678707 -0.1619065 1 1 1
v -1.234299 0.707138 -0.1619065 1 1 1
v -1.216206 0.678707 -0.1544119 1 1 1
v -1.216206 0.707138 -0.1544119 1 1 1
v -1.234299 0.4032155 -0.1980932 1 1 1
v -1.234299 0.4316465 -0.1980932 1 1 1
v -1.241794 0.4032155 -0.1799998 1 1 1
v -1.241794 0.4316465 -0.1799998 1 1 1
v -1.216206 0.4032155 -0.2055877 1 1 1
v -1.216206 0.4316465 -0.2055877 1 1 1
v -1.190618 0.4316465 -0.1799998 1 1 1
v -1.190618 0.4032155 -0.1799998 1 1 1
v -1.198113 0.4316465 -0.1619065 1 1 1
v -1.198113 0.4032155 -0.1619065 1 1 1
v -1.198113 0.4316465 -0.1980932 1 1 1
v -1.198113 0.4032155 -0.1980932 1 1 1
v -1.234299 0.4032155 -0.1619065 1 1 1
v -1.234299 0.4316465 -0.1619065 1 1 1
v -1.216206 0.4032155 -0.1544119 1 1 1
v -1.216206 0.4316465 -0.1544119 1 1 1
v 0.481794 3.609557E-16 -0.7959999 1 1 1
v 0.451794 3.609557E-16 -0.7959999 1 1 1
v 0.481794 0.349 -0.7959999 1 1 1
v 0.451794 0.349 -0.7959999 1 1 1
v 0.481794 0.34 -0.8259999 1 1 1
v 0.481794 4.060752E-16 -0.8259999 1 1 1
v 0.451794 4.060752E-16 -0.8259999 1 1 1
v 0.451794 0.34 -0.8259999 1 1 1
v 0.761794 4.511946E-17 -0.8259999 1 1 1
v 0.7917939 4.511946E-17 -0.8259999 1 1 1
v 0.761794 0.34 -0.8259999 1 1 1
v 0.7917939 0.34 -0.8259999 1 1 1
v 0.7917939 0 -0.7959999 1 1 1
v 0.761794 0 -0.7959999 1 1 1
v 0.7917939 0.349 -0.7959999 1 1 1
v 0.761794 0.349 -0.7959999 1 1 1
v 0.02179404 0.4 0.8739998 1 1 1
v -0.378206 0.4 0.8739998 1 1 1
v 0.02179413 0.4 -0.726 1 1 1
v 0.4217941 0.4 -0.726 1 1 1
v 0.821794 0.4 0.8740001 1 1 1
v 0.821794 0.4 0.474 1 1 1
v 0.4217939 0.4 0.874 1 1 1
v -0.7782061 0.4 0.4740002 1 1 1
v -0.7782061 0.4 0.07400016 1 1 1
v 0.8217938 0.4 -0.3259999 1 1 1
v 0.8217937 0.4 0.07400014 1 1 1
v 0.8217938 0.4 0.07400016 1 1 1
v 0.8217937 0.4 0.4740002 1 1 1
v 0.4217941 0.4 -0.3260001 1 1 1
v 0.4217941 0.4 0.4739999 1 1 1
v -0.3582059 0.4 -0.3260001 1 1 1
v -0.3582059 0.4 0.4739999 1 1 1
v -1.178206 0.4 -0.3260002 1 1 1
v -0.7782059 0.4 -0.3260002 1 1 1
v -1.178206 0.4 0.07399984 1 1 1
v -0.3582063 0.4 -0.3259999 1 1 1
v -0.3582063 0.4 0.07400008 1 1 1
v -0.7782063 0.4 -0.3259999 1 1 1
v -0.7782063 0.4 0.07400008 1 1 1
v -1.178206 0.4 0.8740001 1 1 1
v -1.178206 0.4 0.474 1 1 1
v -0.7782059 0.4 0.874 1 1 1
v -0.378206 0.4 0.07400016 1 1 1
v -0.3782061 0.4 0.4740002 1 1 1
v -0.3782063 0.4 0.8740001 1 1 1
v -0.3782063 0.4 0.474 1 1 1
v -0.7782063 0.4 0.874 1 1 1
v -1.178206 0.4 0.07400016 1 1 1
v -1.178206 0.4 0.4740002 1 1 1
v 0.821794 0.4 -0.7260002 1 1 1
v 0.821794 0.4 -0.3260002 1 1 1
v 0.421794 0.4 -0.7260002 1 1 1
v 0.4217941 0.4 0.874 1 1 1
v 0.3217941 0.3 0.874 1 1 1
v 0.1217941 0.3 0.874 1 1 1
v 0.02179413 0.4 0.874 1 1 1
v -0.7782058 0.4 -0.7259998 1 1 1
v -0.7782058 0.4 -0.3259998 1 1 1
v 0.0217942 0.4 -0.7259998 1 1 1

vn 1 0 1.192093E-07
vn -1.192093E-07 0 1
vn 0 0 -1
vn -1 0 0
vn 1.192093E-07 0 -1
vn -1 0 1.490017E-08
vn 1.490017E-08 0 1
vn -1.490017E-08 0 -1
vn 1 0 -1.490017E-08
vn -0.9701425 -0.2425356 1.445528E-08
vn 0.9701425 0.2425356 -1.445528E-08
vn -0.2425356 0.9701425 3.613821E-09
vn -1 0 1.192093E-07
vn 1.192093E-07 0 1
vn 0 1 0
vn -1 0 1.192093E-07
vn 1 0 1.192093E-07
vn 7.729928E-14 0 1
vn -0.8958917 0 -0.4442728
vn -0.946532 0 -0.3226101
vn -0.3552509 0 -0.934771
vn 0.3552509 0 -0.934771
vn -0.406422 0 -0.9136855
vn 0.406422 0 -0.9136855
vn 0.8958917 0 -0.4442728
vn 0.946532 0 -0.3226101
vn 1 0 0
vn 0 0.9578263 -0.2873479
vn 0 -0.9578263 0.2873479
vn 0.9238796 0 0.3826836
vn 0.3826834 0 0.9238797
vn 0 -1 0
vn -0.3826834 0 -0.9238795
vn -0.9238795 0 -0.3826834
vn 0.9238797 0 -0.3826834
vn 0.3826836 0 -0.9238796
vn 2.137179E-14 0 1
vn 0 0.1601824 -0.9870875
vn 0 0.7071068 -0.7071068
vn 0 0 1
vn 0 0.9870875 -0.1601822
vn 0.9238794 0 -0.3826836
vn 0.9238795 0 -0.3826834
vn 0.9238795 0 0.3826834
vn 0.9238795 0 0.3826833
vn -0.3826835 -3.469277E-07 -0.9238795
vn 0.3826835 0 -0.9238795
vn -0.3826834 -3.469277E-07 -0.9238795
vn 0.3826833 0 -0.9238795
vn -0.3826834 0 0.9238795
vn -0.3826834 0 0.9238795
vn 0.3826834 0 0.9238795
vn 0.3826835 0 0.9238795
vn -0.9238795 0 -0.3826835
vn -0.9238795 0 0.3826834
vn -0.9238795 0 -0.3826833
vn -0.9238795 0 0.3826834
vn 0.9238795 0 -0.3826834
vn 0.9238795 0 0.3826834
vn 0.3826834 0 -0.9238795
vn 0.7071068 -0.7071068 0
vn 0.7071068 0.7071068 0
vn -0.7071068 0.7071068 0
vn -0.7071068 -0.7071068 0
vn -0.8962948 -0.2240737 0.3826835
vn -0.8962948 -0.2240737 -0.3826835
vn -0.3712575 -0.09281436 0.9238795
vn 0.3712575 0.09281436 0.9238795
vn 0.8962948 0.2240737 0.3826835
vn 0.8962948 0.2240737 -0.3826835
vn -0.3712575 -0.09281436 -0.9238795
vn 0.3712575 0.09281436 -0.9238795
vn -0.9238796 0 0.3826836
vn -0.3826834 0 0.9238797
vn 0.8944272 -0.4472136 0
vn 0.6324555 -0.4472136 0.6324555
vn 0.7071068 0 0.7071068
vn -0.8944272 -0.4472136 0
vn -0.6324555 -0.4472136 0.6324555
vn -0.7071068 0 0.7071068
vn 0.7071068 0 -0.7071068
vn 0.6324555 -0.4472136 -0.6324555
vn 0 -0.4472136 0.8944272
vn 0 -0.4472136 -0.8944272
vn -0.6324555 -0.4472136 -0.6324555
vn -0.7071068 0 -0.7071068
vn 0.8944272 0.4472136 0
vn 0.6324555 0.4472136 0.6324555
vn -0.6324555 0.4472136 -0.6324555
vn 0 0.4472136 -0.8944272
vn 0.6324555 0.4472136 -0.6324555
vn 0 0.4472136 0.8944272
vn -0.6324555 0.4472136 0.6324555
vn -0.8944272 0.4472136 0
vn -1 0 -1.192093E-07
vn 1 0 -1.490115E-08
vn 1.490115E-08 0 1
vn -1 0 1.490115E-08
vn -1.490115E-08 0 -1
vn -1.192093E-07 0 -1
vn 1 0 -2.722413E-13
vn -1 0 2.722413E-13
vn 1 0 -2.980245E-08
vn -1 0 2.980245E-08
vn 1 0 -1.192093E-07
vn 1 0 -2.98023E-08
vn 2.98023E-08 0 1
vn -1 0 2.98023E-08
vn 0.3826835 0 0.9238795
vn 0.9238795 0 0.3826834
vn -2.98023E-08 0 -1
vn 1 0 -2.137179E-14
vn -0.9238795 0.3826834 0
vn 0.3826834 0.9238795 0
vn -0.3826834 0.9238795 0
vn 0.9238795 0.3826834 0
vn 8.429372E-08 -0.7071068 0.707107
vn -8.429372E-08 -0.7071068 -0.707107
vn 8.429372E-08 0.7071068 0.707107
vn -8.429372E-08 0.7071068 -0.707107
vn -4.561943E-08 -0.9238795 -0.3826836
vn 4.561943E-08 -0.9238795 0.3826836
vn 1.10135E-07 -0.3826834 0.9238799
vn 1.10135E-07 0.3826834 0.9238799
vn -1.10135E-07 0.3826834 -0.9238799
vn -1.10135E-07 -0.3826834 -0.9238799
vn -4.561943E-08 0.9238795 -0.3826836
vn 4.561943E-08 0.9238795 0.3826836
vn 8.429372E-08 -0.7071068 -0.707107
vn -8.429372E-08 -0.7071068 0.707107
vn 8.429372E-08 0.7071068 -0.707107
vn -8.429372E-08 0.7071068 0.707107
vn -4.561943E-08 -0.9238795 0.3826836
vn 4.561943E-08 -0.9238795 -0.3826836
vn 1.10135E-07 -0.3826834 -0.9238799
vn 1.10135E-07 0.3826834 -0.9238799
vn -1.10135E-07 0.3826834 0.9238799
vn -1.10135E-07 -0.3826834 0.9238799
vn -4.561943E-08 0.9238795 0.3826836
vn 4.561943E-08 0.9238795 -0.3826836
vn 1 0 -7.729928E-14
vn 0.9238795 0.3826834 -7.141522E-14
vn -0.3826834 0.9238795 2.958115E-14
vn 0.3826834 0.9238795 -2.958115E-14
vn -0.9238795 0.3826834 7.141522E-14
vn -1 0 7.729928E-14
vn -0.7071068 -0.7071068 5.465884E-14
vn 0.7071068 -0.7071068 -5.465884E-14
vn -0.7071068 0.7071068 5.465884E-14
vn 0.7071068 0.7071068 -5.465884E-14
vn -7.729928E-14 0 -1
vn -0.7071068 0 -0.7071068
vn 0.7071068 0 0.7071068
vn 0.7071068 0 -0.7071068
vn -0.7071068 0 0.7071068
vn -0.3662924 0.9304998 0
vn -0.9179972 0.3965869 0

vt 0.71875 0.3
vt 0.71875 0.475
vt 0.71875 0.3682174
vt 0.71875 0.3216087
vt 0.71875 0.4614349
vt 0.71875 0.4478697
vt 0.71875 0.4297829
vt 0.71875 0.3636957
vt 0.71875 0.3817826
vt 0.71875 0.3960435
vt 0.71875 0.4005652
vt 0.71875 0.4290871
vt 0.71875 0.4336088
vt 0.71875 0.4523914
vt 0.71875 0.3772609
vt 0.71875 0.4569132
vt 0.71875 0.3727391
vt 0.71875 0.395
vt 0.71875 0.275
vt 0.71875 0.29
vt 0.71875 0.41
vt 0.71875 0.335
vt 0.71875 0.35
vt 0.71875 0.415
vt 0.71875 0.425
vt 0.71875 0.325
vt 0.71875 0.2911361
vt 0.71875 0.3718166
vt 0.71875 0.3943195
vt 0.71875 0.3556805
vt 0.59375 0.275
vt 0.59375 0.3
vt 0.59375 0.4083334
vt 0.59375 0.475
vt 0.59375 0.3194444
vt 0.59375 0.4583333
vt 0.59375 0.3042893
vt 0.59375 0.4457107
vt 0.59375 0.375
vt 0.59375 0.3216087
vt 0.59375 0.3772609
vt 0.59375 0.4523914
vt 0.59375 0.3953477
vt 0.59375 0.4704783
vt 0.59375 0.390826
vt 0.59375 0.3727391
vt 0.59375 0.4569132
vt 0.59375 0.435
vt 0.59375 0.455
vt 0.59375 0.395
vt 0.59375 0.425
vt 0.59375 0.41
vt 0.59375 0.415
vt 0.59375 0.29
vt 0.59375 0.35
vt 0.59375 0.335
vt 0.59375 0.325
vt 0.59375 0.34
vt 0.59375 0.2864286
vt 0.59375 0.3435714
vt 0.59375 0.355
vt 0.59375 0.3972222
vt 0.59375 0.2801576
vt 0.96875 0.3
vt 0.96875 0.475
vt 0.96875 0.275
vt 0.96875 0.415
vt 0.96875 0.425
vt 0.59375 0.1136957
vt 0.59375 0.1797829
vt 0.59375 0.04
vt 0.59375 0.145
vt 0.59375 0.03642857
vt 0.59375 0.09357143

usemtl colormap

f 6/2/2 5/1/2 3/2/2
f 1/1/2 3/2/2 5/1/2
f 4/2/1 3/2/1 2/1/1
f 1/1/1 2/1/1 3/2/1
f 9/2/3 8/1/3 7/1/3
f 8/1/3 9/2/3 10/2/3
f 11/1/4 9/2/4 7/1/4
f 9/2/4 11/1/4 12/2/4
f 15/2/1 14/1/1 13/1/1
f 14/1/1 15/2/1 16/2/1
f 17/1/5 15/2/5 13/1/5
f 15/2/5 17/1/5 18/2/5
f 21/3/6 20/4/6 19/3/6
f 20/4/6 21/3/6 22/4/6
f 24/5/7 20/4/7 23/4/7
f 20/4/7 24/5/7 19/3/7
f 21/3/8 25/4/8 22/4/8
f 25/4/8 21/3/8 26/5/8
f 25/4/9 24/5/9 23/4/9
f 24/5/9 25/4/9 26/5/9
f 29/6/10 28/7/10 27/6/10
f 28/7/10 29/6/10 30/7/10
f 30/7/7 32/9/7 31/8/7
f 32/9/7 30/7/7 33/10/7
f 33/10/7 30/7/7 34/11/7
f 34/11/7 30/7/7 35/12/7
f 35/12/7 30/7/7 36/13/7
f 36/13/7 30/7/7 29/6/7
f 31/8/11 38/9/11 37/8/11
f 38/9/11 31/8/11 32/9/11
f 38/9/8 28/7/8 37/8/8
f 28/7/8 38/9/8 39/10/8
f 28/7/8 39/10/8 40/11/8
f 28/7/8 40/11/8 41/12/8
f 28/7/8 41/12/8 42/13/8
f 28/7/8 42/13/8 27/6/8
f 42/13/12 43/14/12 27/6/12
f 27/6/12 43/14/12 29/6/12
f 44/14/12 29/6/12 43/14/12
f 44/14/12 36/13/12 29/6/12
f 35/12/12 42/13/12 36/13/12
f 44/14/12 35/12/12 36/13/12
f 42/13/12 35/12/12 41/12/12
f 41/12/12 43/14/12 42/13/12
f 44/14/12 34/11/12 35/12/12
f 40/11/12 43/14/12 41/12/12
f 44/14/12 33/10/12 34/11/12
f 33/10/12 40/11/12 34/11/12
f 44/14/12 32/9/12 33/10/12
f 40/11/12 33/10/12 39/10/12
f 39/10/12 43/14/12 40/11/12
f 32/9/12 44/14/12 45/15/12
f 38/9/12 43/14/12 39/10/12
f 45/15/12 38/9/12 32/9/12
f 38/9/12 46/15/12 43/14/12
f 46/15/12 38/9/12 45/15/12
f 26/5/12 48/15/12 47/14/12
f 26/5/12 47/14/12 49/16/12
f 21/3/12 48/15/12 26/5/12
f 48/15/12 21/3/12 50/17/12
f 50/17/12 21/3/12 51/17/12
f 19/3/12 51/17/12 21/3/12
f 51/17/12 19/3/12 52/15/12
f 26/5/12 49/16/12 24/5/12
f 52/15/12 19/3/12 24/5/12
f 53/16/12 24/5/12 49/16/12
f 52/15/12 24/5/12 54/14/12
f 54/14/12 24/5/12 53/16/12
f 57/3/6 56/4/6 55/3/6
f 56/4/6 57/3/6 58/4/6
f 60/5/7 56/4/7 59/4/7
f 56/4/7 60/5/7 55/3/7
f 57/3/8 61/4/8 58/4/8
f 61/4/8 57/3/8 62/5/8
f 61/4/9 60/5/9 59/4/9
f 60/5/9 61/4/9 62/5/9
f 65/6/10 64/7/10 63/6/10
f 64/7/10 65/6/10 66/7/10
f 66/7/7 68/9/7 67/8/7
f 68/9/7 66/7/7 69/10/7
f 69/10/7 66/7/7 70/11/7
f 70/11/7 66/7/7 71/12/7
f 71/12/7 66/7/7 72/13/7
f 72/13/7 66/7/7 65/6/7
f 67/8/11 74/9/11 73/8/11
f 74/9/11 67/8/11 68/9/11
f 74/9/8 64/7/8 73/8/8
f 64/7/8 74/9/8 75/10/8
f 64/7/8 75/10/8 76/11/8
f 64/7/8 76/11/8 77/12/8
f 64/7/8 77/12/8 78/13/8
f 64/7/8 78/13/8 63/6/8
f 78/13/12 79/14/12 63/6/12
f 63/6/12 79/14/12 65/6/12
f 80/14/12 65/6/12 79/14/12
f 80/14/12 72/13/12 65/6/12
f 71/12/12 78/13/12 72/13/12
f 80/14/12 71/12/12 72/13/12
f 78/13/12 71/12/12 77/12/12
f 77/12/12 79/14/12 78/13/12
f 80/14/12 70/11/12 71/12/12
f 76/11/12 79/14/12 77/12/12
f 80/14/12 69/10/12 70/11/12
f 69/10/12 76/11/12 70/11/12
f 80/14/12 68/9/12 69/10/12
f 76/11/12 69/10/12 75/10/12
f 75/10/12 79/14/12 76/11/12
f 68/9/12 80/14/12 81/15/12
f 74/9/12 79/14/12 75/10/12
f 81/15/12 74/9/12 68/9/12
f 74/9/12 82/15/12 79/14/12
f 82/15/12 74/9/12 81/15/12
f 62/5/12 84/15/12 83/14/12
f 62/5/12 83/14/12 85/16/12
f 57/3/12 84/15/12 62/5/12
f 84/15/12 57/3/12 86/17/12
f 86/17/12 57/3/12 87/17/12
f 55/3/12 87/17/12 57/3/12
f 87/17/12 55/3/12 88/15/12
f 62/5/12 85/16/12 60/5/12
f 88/15/12 55/3/12 60/5/12
f 89/16/12 60/5/12 85/16/12
f 88/15/12 60/5/12 90/14/12
f 90/14/12 60/5/12 89/16/12
f 93/3/6 92/4/6 91/3/6
f 92/4/6 93/3/6 94/4/6
f 96/5/7 92/4/7 95/4/7
f 92/4/7 96/5/7 91/3/7
f 93/3/8 97/4/8 94/4/8
f 97/4/8 93/3/8 98/5/8
f 97/4/9 96/5/9 95/4/9
f 96/5/9 97/4/9 98/5/9
f 101/6/10 100/7/10 99/6/10
f 100/7/10 101/6/10 102/7/10
f 102/7/7 104/9/7 103/8/7
f 104/9/7 102/7/7 105/10/7
f 105/10/7 102/7/7 106/11/7
f 106/11/7 102/7/7 107/12/7
f 107/12/7 102/7/7 108/13/7
f 108/13/7 102/7/7 101/6/7
f 103/8/11 110/9/11 109/8/11
f 110/9/11 103/8/11 104/9/11
f 110/9/8 100/7/8 109/8/8
f 100/7/8 110/9/8 111/10/8
f 100/7/8 111/10/8 112/11/8
f 100/7/8 112/11/8 113/12/8
f 100/7/8 113/12/8 114/13/8
f 100/7/8 114/13/8 99/6/8
f 114/13/12 115/14/12 99/6/12
f 99/6/12 115/14/12 101/6/12
f 116/14/12 101/6/12 115/14/12
f 116/14/12 108/13/12 101/6/12
f 107/12/12 114/13/12 108/13/12
f 116/14/12 107/12/12 108/13/12
f 114/13/12 107/12/12 113/12/12
f 113/12/12 115/14/12 114/13/12
f 116/14/12 106/11/12 107/12/12
f 112/11/12 115/14/12 113/12/12
f 116/14/12 105/10/12 106/11/12
f 105/10/12 112/11/12 106/11/12
f 116/14/12 104/9/12 105/10/12
f 112/11/12 105/10/12 111/10/12
f 111/10/12 115/14/12 112/11/12
f 104/9/12 116/14/12 117/15/12
f 110/9/12 115/14/12 111/10/12
f 117/15/12 110/9/12 104/9/12
f 110/9/12 118/15/12 115/14/12
f 118/15/12 110/9/12 117/15/12
f 98/5/12 120/15/12 119/14/12
f 98/5/12 119/14/12 121/16/12
f 93/3/12 120/15/12 98/5/12
f 120/15/12 93/3/12 122/17/12
f 122/17/12 93/3/12 123/17/12
f 91/3/12 123/17/12 93/3/12
f 123/17/12 91/3/12 124/15/12
f 98/5/12 121/16/12 96/5/12
f 124/15/12 91/3/12 96/5/12
f 125/16/12 96/5/12 121/16/12
f 124/15/12 96/5/12 126/14/12
f 126/14/12 96/5/12 125/16/12
f 129/3/6 128/4/6 127/3/6
f 128/4/6 129/3/6 130/4/6
f 132/5/7 128/4/7 131/4/7
f 128/4/7 132/5/7 127/3/7
f 129/3/8 133/4/8 130/4/8
f 133/4/8 129/3/8 134/5/8
f 133/4/9 132/5/9 131/4/9
f 132/5/9 133/4/9 134/5/9
f 137/6/10 136/7/10 135/6/10
f 136/7/10 137/6/10 138/7/10
f 138/7/7 140/9/7 139/8/7
f 140/9/7 138/7/7 141/10/7
f 141/10/7 138/7/7 142/11/7
f 142/11/7 138/7/7 143/12/7
f 143/12/7 138/7/7 144/13/7
f 144/13/7 138/7/7 137/6/7
f 139/8/11 146/9/11 145/8/11
f 146/9/11 139/8/11 140/9/11
f 146/9/8 136/7/8 145/8/8
f 136/7/8 146/9/8 147/10/8
f 136/7/8 147/10/8 148/11/8
f 136/7/8 148/11/8 149/12/8
f 136/7/8 149/12/8 150/13/8
f 136/7/8 150/13/8 135/6/8
f 150/13/12 151/14/12 135/6/12
f 135/6/12 151/14/12 137/6/12
f 152/14/12 137/6/12 151/14/12
f 152/14/12 144/13/12 137/6/12
f 143/12/12 150/13/12 144/13/12
f 152/14/12 143/12/12 144/13/12
f 150/13/12 143/12/12 149/12/12
f 149/12/12 151/14/12 150/13/12
f 152/14/12 142/11/12 143/12/12
f 148/11/12 151/14/12 149/12/12
f 152/14/12 141/10/12 142/11/12
f 141/10/12 148/11/12 142/11/12
f 152/14/12 140/9/12 141/10/12
f 148/11/12 141/10/12 147/10/12
f 147/10/12 151/14/12 148/11/12
f 140/9/12 152/14/12 153/15/12
f 146/9/12 151/14/12 147/10/12
f 153/15/12 146/9/12 140/9/12
f 146/9/12 154/15/12 151/14/12
f 154/15/12 146/9/12 153/15/12
f 134/5/12 156/15/12 155/14/12
f 134/5/12 155/14/12 157/16/12
f 129/3/12 156/15/12 134/5/12
f 156/15/12 129/3/12 158/17/12
f 158/17/12 129/3/12 159/17/12
f 127/3/12 159/17/12 129/3/12
f 159/17/12 127/3/12 160/15/12
f 134/5/12 157/16/12 132/5/12
f 160/15/12 127/3/12 132/5/12
f 161/16/12 132/5/12 157/16/12
f 160/15/12 132/5/12 162/14/12
f 162/14/12 132/5/12 161/16/12
f 165/2/13 164/1/13 163/1/13
f 164/1/13 165/2/13 166/2/13
f 167/1/14 165/2/14 163/1/14
f 165/2/14 167/1/14 168/2/14
f 171/18/15 170/18/15 169/18/15
f 170/18/15 171/18/15 172/18/15
f 175/18/15 174/18/15 173/18/15
f 174/18/15 175/18/15 176/18/15
f 179/18/15 178/18/15 177/18/15
f 178/18/15 179/18/15 180/18/15
f 183/18/15 182/18/15 181/18/15
f 182/18/15 183/18/15 184/18/15
f 187/18/15 186/18/15 185/18/15
f 186/18/15 187/18/15 188/18/15
f 191/18/15 190/18/15 189/18/15
f 190/18/15 191/18/15 192/18/15
f 195/18/15 194/18/15 193/18/15
f 194/18/15 195/18/15 196/18/15
f 199/18/15 198/18/15 197/18/15
f 198/18/15 199/18/15 200/18/15
f 203/18/15 202/18/15 201/18/15
f 202/18/15 203/18/15 204/18/15
f 207/18/15 206/18/15 205/18/15
f 206/18/15 207/18/15 208/18/15
f 211/18/15 210/18/15 209/18/15
f 210/18/15 211/18/15 212/18/15
f 215/18/15 214/18/15 213/18/15
f 214/18/15 215/18/15 216/18/15
f 219/18/15 218/18/15 217/18/15
f 218/18/15 219/18/15 220/18/15
f 223/18/15 222/18/15 221/18/15
f 222/18/15 223/18/15 224/18/15
f 227/18/15 226/18/15 225/18/15
f 226/18/15 227/18/15 228/18/15
f 231/19/3 230/20/3 229/19/3
f 230/20/3 231/19/3 232/21/3
f 233/20/3 229/19/3 230/20/3
f 229/19/3 233/20/3 234/21/3
f 230/20/3 232/21/3 235/22/3
f 234/21/3 233/20/3 236/22/3
f 237/23/3 236/22/3 235/22/3
f 235/22/3 232/21/3 237/23/3
f 236/22/3 237/23/3 238/23/3
f 234/21/3 236/22/3 238/23/3
f 237/23/3 232/21/3 239/18/3
f 234/21/3 238/23/3 240/18/3
f 239/18/3 232/21/3 240/18/3
f 234/21/3 240/18/3 232/21/3
f 243/2/16 242/22/16 241/24/16
f 243/2/16 241/24/16 244/25/16
f 245/1/16 242/22/16 243/2/16
f 242/22/16 245/1/16 246/26/16
f 246/26/16 245/1/16 247/26/16
f 248/1/16 247/26/16 245/1/16
f 247/26/16 248/1/16 249/22/16
f 243/2/16 244/25/16 250/2/16
f 249/22/16 248/1/16 250/2/16
f 251/25/16 250/2/16 244/25/16
f 249/22/16 250/2/16 252/24/16
f 252/24/16 250/2/16 251/25/16
f 255/2/17 254/22/17 253/24/17
f 255/2/17 253/24/17 256/25/17
f 257/1/17 254/22/17 255/2/17
f 254/22/17 257/1/17 258/26/17
f 258/26/17 257/1/17 259/26/17
f 260/1/17 259/26/17 257/1/17
f 259/26/17 260/1/17 261/22/17
f 255/2/17 256/25/17 262/2/17
f 261/22/17 260/1/17 262/2/17
f 263/25/17 262/2/17 256/25/17
f 261/22/17 262/2/17 264/24/17
f 264/24/17 262/2/17 263/25/17
f 267/21/18 266/19/18 265/19/18
f 266/19/18 267/21/18 268/21/18
f 271/19/3 270/2/3 269/2/3
f 270/2/3 271/19/3 272/19/3
f 275/29/4 274/28/20 273/27/19
f 274/28/20 275/29/4 276/2/4
f 279/30/23 278/19/22 277/19/21
f 278/19/22 279/30/23 280/30/24
f 280/30/24 281/27/25 278/19/22
f 281/27/25 280/30/24 282/28/26
f 283/2/27 281/27/25 282/28/26
f 281/27/25 283/2/27 284/29/27
f 273/27/19 279/30/23 277/19/21
f 279/30/23 273/27/19 274/28/20
f 280/30/28 283/2/28 282/28/28
f 283/2/28 280/30/28 276/2/28
f 276/2/28 280/30/28 279/30/28
f 276/2/28 279/30/28 274/28/28
f 275/29/29 281/27/29 284/29/29
f 281/27/29 275/29/29 278/19/29
f 278/19/29 275/29/29 277/19/29
f 277/19/29 275/29/29 273/27/29
f 292/32/15 290/32/15 5/32/15
f 5/32/15 290/32/15 1/32/15
f 290/32/15 287/32/15 1/32/15
f 287/32/15 288/32/15 1/32/15
f 2/32/15 1/32/15 288/32/15
f 289/31/32 291/31/32 285/31/32
f 285/31/32 291/31/32 286/31/32
f 293/31/32 286/31/32 291/31/32
f 287/32/30 290/32/31 285/31/30
f 289/31/31 285/31/30 290/32/31
f 292/32/2 291/31/2 290/32/31
f 289/31/31 290/32/31 291/31/2
f 288/32/1 287/32/30 286/31/1
f 285/31/30 286/31/1 287/32/30
f 296/32/33 295/31/3 294/31/33
f 295/31/3 296/32/33 297/32/3
f 300/31/4 299/32/34 298/31/34
f 299/32/34 300/31/4 301/32/4
f 299/32/34 294/31/33 298/31/34
f 294/31/33 299/32/34 296/32/33
f 300/31/32 295/31/32 302/31/32
f 295/31/32 300/31/32 294/31/32
f 294/31/32 300/31/32 298/31/32
f 296/32/15 8/32/15 297/32/15
f 8/32/15 296/32/15 7/32/15
f 7/32/15 296/32/15 299/32/15
f 7/32/15 299/32/15 11/32/15
f 11/32/15 299/32/15 301/32/15
f 305/32/35 304/31/1 303/31/35
f 304/31/1 305/32/35 306/32/1
f 309/31/5 308/32/36 307/31/36
f 308/32/36 309/31/5 310/32/5
f 308/32/36 303/31/35 307/31/36
f 303/31/35 308/32/36 305/32/35
f 309/31/32 304/31/32 311/31/32
f 304/31/32 309/31/32 303/31/32
f 303/31/32 309/31/32 307/31/32
f 305/32/15 14/32/15 306/32/15
f 14/32/15 305/32/15 13/32/15
f 13/32/15 305/32/15 308/32/15
f 13/32/15 308/32/15 17/32/15
f 17/32/15 308/32/15 310/32/15
f 314/31/32 313/31/32 312/31/32
f 313/31/32 314/31/32 315/31/32
f 316/32/37 312/31/37 313/31/37
f 312/31/37 316/32/37 317/32/37
f 316/32/15 318/32/15 317/32/15
f 318/32/15 316/32/15 319/32/15
f 322/33/27 321/34/27 320/33/27
f 321/34/27 322/33/27 323/34/27
f 324/35/27 323/34/27 322/33/27
f 324/35/27 325/36/27 323/34/27
f 324/35/27 326/33/27 325/36/27
f 326/33/27 324/35/27 327/35/27
f 329/36/39 326/33/38 328/33/38
f 326/33/38 329/36/39 325/36/39
f 330/33/32 322/33/32 320/33/32
f 322/33/32 330/33/32 331/33/32
f 333/35/4 328/33/4 332/35/4
f 328/33/4 333/35/4 329/36/4
f 329/36/4 333/35/4 334/34/4
f 334/34/4 333/35/4 331/33/4
f 334/34/4 331/33/4 330/33/4
f 334/34/4 330/33/4 335/34/4
f 328/33/38 327/35/3 332/35/3
f 327/35/3 328/33/38 326/33/38
f 322/33/40 333/35/40 324/35/40
f 333/35/40 322/33/40 331/33/40
f 334/34/41 321/34/15 323/34/41
f 321/34/15 334/34/41 335/34/15
f 325/36/39 334/34/41 323/34/41
f 334/34/41 325/36/39 329/36/39
f 338/35/44 337/31/43 336/35/42
f 337/31/43 338/35/44 339/31/45
f 342/35/48 341/31/47 340/31/46
f 341/31/47 342/35/48 343/35/49
f 346/31/52 345/35/51 344/31/50
f 345/35/51 346/31/52 347/35/53
f 350/31/56 349/35/55 348/35/54
f 349/35/55 350/31/56 351/31/57
f 340/31/46 348/35/54 342/35/48
f 348/35/54 340/31/46 350/31/56
f 343/35/49 337/31/43 341/31/47
f 337/31/43 343/35/49 336/35/42
f 347/35/53 339/31/45 338/35/44
f 339/31/45 347/35/53 346/31/52
f 344/31/50 349/35/55 351/31/57
f 349/35/55 344/31/50 345/35/51
f 345/35/15 348/35/15 349/35/15
f 333/35/15 348/35/15 345/35/15
f 347/35/15 333/35/15 345/35/15
f 332/35/15 348/35/15 333/35/15
f 332/35/15 342/35/15 348/35/15
f 332/35/15 343/35/15 342/35/15
f 327/35/15 343/35/15 332/35/15
f 324/35/15 343/35/15 327/35/15
f 347/35/15 324/35/15 333/35/15
f 343/35/15 324/35/15 336/35/15
f 347/35/15 336/35/15 324/35/15
f 336/35/15 347/35/15 338/35/15
f 355/34/15 353/34/15 363/34/15
f 353/34/15 358/34/15 363/34/15
f 363/34/15 358/34/15 362/34/15
f 358/34/15 359/34/15 362/34/15
f 362/34/15 359/34/15 366/34/15
f 364/34/15 366/34/15 359/34/15
f 365/31/34 364/34/34 357/31/33
f 359/34/33 357/31/33 364/34/34
f 360/31/50 362/34/50 367/31/55
f 366/34/55 367/31/55 362/34/50
f 363/34/52 361/31/52 355/34/59
f 354/31/59 355/34/59 361/31/52
f 353/34/58 352/31/58 358/34/60
f 356/31/60 358/34/60 352/31/58
f 367/31/55 366/34/55 365/31/34
f 364/34/34 365/31/34 366/34/55
f 363/34/52 362/34/50 361/31/52
f 360/31/50 361/31/52 362/34/50
f 359/34/33 358/34/60 357/31/33
f 356/31/60 357/31/33 358/34/60
f 355/34/59 354/31/59 353/34/58
f 352/31/58 353/34/58 354/31/59
f 370/31/32 369/31/32 368/31/32
f 369/31/32 370/31/32 371/31/32
f 372/32/3 368/31/3 369/31/3
f 368/31/3 372/32/3 373/32/3
f 372/32/15 374/32/15 373/32/15
f 374/32/15 372/32/15 375/32/15
f 377/31/32 376/31/32 390/37/64
f 386/37/64 390/37/64 376/31/32
f 387/39/4 388/38/63 391/39/4
f 389/38/63 391/39/4 388/38/63
f 386/37/64 387/39/4 390/37/64
f 391/39/4 390/37/64 387/39/4
f 380/34/3 382/38/3 389/38/3
f 389/38/3 382/38/3 391/39/3
f 382/38/3 384/39/3 391/39/3
f 391/39/3 384/39/3 390/37/3
f 384/39/3 379/37/3 390/37/3
f 377/31/3 390/37/3 379/37/3
f 381/34/15 380/34/15 388/38/63
f 389/38/63 388/38/63 380/34/15
f 381/34/40 388/38/40 383/38/40
f 383/38/40 388/38/40 385/39/40
f 388/38/40 387/39/40 385/39/40
f 385/39/40 387/39/40 378/37/40
f 387/39/40 386/37/40 378/37/40
f 376/31/40 378/37/40 386/37/40
f 378/37/61 379/37/61 385/39/27
f 384/39/27 385/39/27 379/37/61
f 385/39/27 384/39/27 383/38/62
f 382/38/62 383/38/62 384/39/27
f 383/38/62 382/38/62 381/34/15
f 380/34/15 381/34/15 382/38/62
f 379/37/61 378/37/61 377/31/32
f 376/31/32 377/31/32 378/37/61
f 395/34/15 393/34/15 403/34/15
f 393/34/15 398/34/15 403/34/15
f 403/34/15 398/34/15 402/34/15
f 398/34/15 399/34/15 402/34/15
f 402/34/15 399/34/15 406/34/15
f 404/34/15 406/34/15 399/34/15
f 405/31/34 404/34/34 397/31/33
f 399/34/33 397/31/33 404/34/34
f 400/31/50 402/34/50 407/31/55
f 406/34/55 407/31/55 402/34/50
f 403/34/52 401/31/52 395/34/59
f 394/31/59 395/34/59 401/31/52
f 393/34/58 392/31/58 398/34/60
f 396/31/60 398/34/60 392/31/58
f 407/31/55 406/34/55 405/31/34
f 404/34/34 405/31/34 406/34/55
f 403/34/52 402/34/50 401/31/52
f 400/31/50 401/31/52 402/34/50
f 399/34/33 398/34/60 397/31/33
f 396/31/60 397/31/33 398/34/60
f 395/34/59 394/31/59 393/34/58
f 392/31/58 393/34/58 394/31/59
f 416/37/64 417/39/4 420/37/64
f 422/39/4 420/37/64 417/39/4
f 414/37/61 415/37/61 418/39/27
f 421/39/27 418/39/27 415/37/61
f 417/39/4 409/38/63 422/39/4
f 408/38/63 422/39/4 409/38/63
f 418/39/27 421/39/27 419/38/62
f 423/38/62 419/38/62 421/39/27
f 419/38/62 423/38/62 411/34/15
f 410/34/15 411/34/15 423/38/62
f 410/34/3 423/38/3 408/38/3
f 408/38/3 423/38/3 422/39/3
f 423/38/3 421/39/3 422/39/3
f 422/39/3 421/39/3 420/37/3
f 421/39/3 415/37/3 420/37/3
f 413/31/3 420/37/3 415/37/3
f 413/31/32 412/31/32 420/37/64
f 416/37/64 420/37/64 412/31/32
f 411/34/40 409/38/40 419/38/40
f 419/38/40 409/38/40 418/39/40
f 409/38/40 417/39/40 418/39/40
f 418/39/40 417/39/40 414/37/40
f 417/39/40 416/37/40 414/37/40
f 412/31/40 414/37/40 416/37/40
f 415/37/61 414/37/61 413/31/32
f 412/31/32 413/31/32 414/37/61
f 411/34/15 410/34/15 409/38/63
f 408/38/63 409/38/63 410/34/15
f 426/39/4 429/38/63 424/39/4
f 428/38/63 424/39/4 429/38/63
f 439/38/62 438/38/62 431/34/15
f 430/34/15 431/34/15 438/38/62
f 437/39/27 436/39/27 439/38/62
f 438/38/62 439/38/62 436/39/27
f 434/37/61 435/37/61 437/39/27
f 436/39/27 437/39/27 435/37/61
f 433/31/32 432/31/32 425/37/64
f 427/37/64 425/37/64 432/31/32
f 435/37/61 434/37/61 433/31/32
f 432/31/32 433/31/32 434/37/61
f 431/34/15 430/34/15 429/38/63
f 428/38/63 429/38/63 430/34/15
f 427/37/64 426/39/4 425/37/64
f 424/39/4 425/37/64 426/39/4
f 449/34/15 448/34/15 442/38/63
f 440/38/63 442/38/63 448/34/15
f 455/31/32 454/31/32 452/37/64
f 453/37/64 452/37/64 454/31/32
f 445/39/27 444/39/27 451/38/62
f 450/38/62 451/38/62 444/39/27
f 446/37/61 447/37/61 455/31/32
f 454/31/32 455/31/32 447/37/61
f 453/37/64 443/39/4 452/37/64
f 441/39/4 452/37/64 443/39/4
f 451/38/62 450/38/62 449/34/15
f 448/34/15 449/34/15 450/38/62
f 447/37/61 446/37/61 445/39/27
f 444/39/27 445/39/27 446/37/61
f 443/39/4 442/38/63 441/39/4
f 440/38/63 441/39/4 442/38/63
f 459/34/15 457/34/15 467/34/15
f 457/34/15 462/34/15 467/34/15
f 467/34/15 462/34/15 466/34/15
f 462/34/15 463/34/15 466/34/15
f 466/34/15 463/34/15 470/34/15
f 468/34/15 470/34/15 463/34/15
f 469/31/34 468/34/34 461/31/33
f 463/34/33 461/31/33 468/34/34
f 464/31/50 466/34/50 471/31/55
f 470/34/55 471/31/55 466/34/50
f 467/34/52 465/31/52 459/34/59
f 458/31/59 459/34/59 465/31/52
f 457/34/58 456/31/58 462/34/60
f 460/31/60 462/34/60 456/31/58
f 471/31/55 470/34/55 469/31/34
f 468/34/34 469/31/34 470/34/55
f 467/34/52 466/34/50 465/31/52
f 464/31/50 465/31/52 466/34/50
f 463/34/33 462/34/60 461/31/33
f 460/31/60 461/31/33 462/34/60
f 459/34/59 458/31/59 457/34/58
f 456/31/58 457/34/58 458/31/59
f 479/32/15 477/32/15 483/32/15
f 483/32/15 477/32/15 482/32/15
f 477/32/15 474/32/15 482/32/15
f 482/32/15 474/32/15 481/32/15
f 475/32/15 481/32/15 474/32/15
f 476/31/32 478/31/32 472/31/32
f 472/31/32 478/31/32 473/31/32
f 480/31/32 473/31/32 478/31/32
f 474/32/30 477/32/31 472/31/30
f 476/31/31 472/31/30 477/32/31
f 479/32/2 478/31/2 477/32/31
f 476/31/31 477/32/31 478/31/2
f 475/32/1 474/32/30 473/31/1
f 472/31/30 473/31/1 474/32/30
f 486/31/32 485/31/32 484/31/32
f 485/31/32 486/31/32 487/31/32
f 488/32/13 484/31/13 485/31/13
f 484/31/13 488/32/13 489/32/13
f 488/32/15 490/32/15 489/32/15
f 490/32/15 488/32/15 491/32/15
f 494/31/32 493/31/32 492/31/32
f 493/31/32 494/31/32 495/31/32
f 496/32/1 492/31/1 493/31/1
f 492/31/1 496/32/1 497/32/1
f 496/32/15 498/32/15 497/32/15
f 498/32/15 496/32/15 499/32/15
f 502/31/32 501/31/32 500/31/32
f 501/31/32 502/31/32 503/31/32
f 504/32/1 500/31/1 501/31/1
f 500/31/1 504/32/1 505/32/1
f 504/32/15 506/32/15 505/32/15
f 506/32/15 504/32/15 507/32/15
f 510/31/32 509/31/32 508/31/32
f 509/31/32 510/31/32 511/31/32
f 514/40/15 513/40/15 512/40/15
f 515/40/15 513/40/15 514/40/15
f 25/40/15 513/40/15 515/40/15
f 516/40/15 25/40/15 515/40/15
f 23/40/15 513/40/15 25/40/15
f 516/40/15 22/40/15 25/40/15
f 20/40/15 513/40/15 23/40/15
f 516/40/15 20/40/15 22/40/15
f 513/40/15 20/40/15 517/40/15
f 516/40/15 517/40/15 20/40/15
f 518/40/15 517/40/15 516/40/15
f 517/40/15 518/40/15 519/40/15
f 521/31/58 512/40/59 520/31/59
f 512/40/59 521/31/58 514/40/58
f 512/40/59 522/31/52 520/31/59
f 522/31/52 512/40/59 513/40/52
f 513/40/52 523/31/50 522/31/52
f 523/31/50 513/40/52 517/40/50
f 525/31/33 515/40/60 524/31/60
f 515/40/60 525/31/33 516/40/33
f 524/31/60 514/40/58 521/31/58
f 514/40/58 524/31/60 515/40/60
f 518/40/34 526/31/55 519/40/55
f 526/31/55 518/40/34 527/31/34
f 516/40/33 527/31/34 518/40/34
f 527/31/34 516/40/33 525/31/33
f 517/40/50 526/31/55 523/31/50
f 526/31/55 517/40/50 519/40/55
f 528/43/8 43/42/8 46/41/8
f 43/42/8 528/43/8 529/44/8
f 46/41/11 530/43/11 528/43/11
f 530/43/11 46/41/11 45/41/11
f 44/42/7 530/43/7 45/41/7
f 530/43/7 44/42/7 531/44/7
f 531/44/10 43/42/10 529/44/10
f 43/42/10 531/44/10 44/42/10
f 533/45/66 51/46/65 532/45/65
f 51/46/65 533/45/66 50/46/66
f 54/42/68 534/43/67 52/41/67
f 534/43/67 54/42/68 535/44/68
f 49/47/70 536/34/69 53/47/69
f 536/34/69 49/47/70 537/34/70
f 538/43/71 47/42/72 48/41/71
f 47/42/72 538/43/71 539/44/72
f 52/41/67 532/45/65 51/46/65
f 532/45/65 52/41/67 534/43/67
f 539/44/72 49/47/70 47/42/72
f 49/47/70 539/44/72 537/34/70
f 53/47/69 535/44/68 54/42/68
f 535/44/68 53/47/69 536/34/69
f 533/45/66 48/41/71 50/46/66
f 48/41/71 533/45/66 538/43/71
f 534/43/12 533/45/12 532/45/12
f 533/45/12 534/43/12 528/43/12
f 533/45/12 528/43/12 538/43/12
f 530/43/12 538/43/12 528/43/12
f 528/43/12 534/43/12 529/44/12
f 529/44/12 534/43/12 535/44/12
f 538/43/12 530/43/12 539/44/12
f 529/44/12 535/44/12 536/34/12
f 539/44/12 536/34/12 537/34/12
f 539/44/12 530/43/12 531/44/12
f 529/44/12 536/34/12 531/44/12
f 531/44/12 536/34/12 539/44/12
f 542/40/15 541/40/15 540/40/15
f 543/40/15 541/40/15 542/40/15
f 61/40/15 541/40/15 543/40/15
f 544/40/15 61/40/15 543/40/15
f 59/40/15 541/40/15 61/40/15
f 544/40/15 58/40/15 61/40/15
f 56/40/15 541/40/15 59/40/15
f 544/40/15 56/40/15 58/40/15
f 541/40/15 56/40/15 545/40/15
f 544/40/15 545/40/15 56/40/15
f 546/40/15 545/40/15 544/40/15
f 545/40/15 546/40/15 547/40/15
f 549/31/58 540/40/59 548/31/59
f 540/40/59 549/31/58 542/40/58
f 540/40/59 550/31/52 548/31/59
f 550/31/52 540/40/59 541/40/52
f 541/40/52 551/31/50 550/31/52
f 551/31/50 541/40/52 545/40/50
f 553/31/33 543/40/60 552/31/60
f 543/40/60 553/31/33 544/40/33
f 552/31/60 542/40/58 549/31/58
f 542/40/58 552/31/60 543/40/60
f 546/40/34 554/31/55 547/40/55
f 554/31/55 546/40/34 555/31/34
f 544/40/33 555/31/34 546/40/34
f 555/31/34 544/40/33 553/31/33
f 545/40/50 554/31/55 551/31/50
f 554/31/55 545/40/50 547/40/55
f 556/43/8 79/42/8 82/41/8
f 79/42/8 556/43/8 557/44/8
f 82/41/11 558/43/11 556/43/11
f 558/43/11 82/41/11 81/41/11
f 80/42/7 558/43/7 81/41/7
f 558/43/7 80/42/7 559/44/7
f 559/44/10 79/42/10 557/44/10
f 79/42/10 559/44/10 80/42/10
f 561/45/66 87/46/65 560/45/65
f 87/46/65 561/45/66 86/46/66
f 90/42/68 562/43/67 88/41/67
f 562/43/67 90/42/68 563/44/68
f 85/47/70 564/34/69 89/47/69
f 564/34/69 85/47/70 565/34/70
f 566/43/71 83/42/72 84/41/71
f 83/42/72 566/43/71 567/44/72
f 88/41/67 560/45/65 87/46/65
f 560/45/65 88/41/67 562/43/67
f 567/44/72 85/47/70 83/42/72
f 85/47/70 567/44/72 565/34/70
f 89/47/69 563/44/68 90/42/68
f 563/44/68 89/47/69 564/34/69
f 561/45/66 84/41/71 86/46/66
f 84/41/71 561/45/66 566/43/71
f 562/43/12 561/45/12 560/45/12
f 561/45/12 562/43/12 556/43/12
f 561/45/12 556/43/12 566/43/12
f 558/43/12 566/43/12 556/43/12
f 556/43/12 562/43/12 557/44/12
f 557/44/12 562/43/12 563/44/12
f 566/43/12 558/43/12 567/44/12
f 557/44/12 563/44/12 564/34/12
f 567/44/12 564/34/12 565/34/12
f 567/44/12 558/43/12 559/44/12
f 557/44/12 564/34/12 559/44/12
f 559/44/12 564/34/12 567/44/12
f 570/40/15 569/40/15 568/40/15
f 571/40/15 569/40/15 570/40/15
f 97/40/15 569/40/15 571/40/15
f 572/40/15 97/40/15 571/40/15
f 95/40/15 569/40/15 97/40/15
f 572/40/15 94/40/15 97/40/15
f 92/40/15 569/40/15 95/40/15
f 572/40/15 92/40/15 94/40/15
f 569/40/15 92/40/15 573/40/15
f 572/40/15 573/40/15 92/40/15
f 574/40/15 573/40/15 572/40/15
f 573/40/15 574/40/15 575/40/15
f 577/31/58 568/40/59 576/31/59
f 568/40/59 577/31/58 570/40/58
f 568/40/59 578/31/52 576/31/59
f 578/31/52 568/40/59 569/40/52
f 569/40/52 579/31/50 578/31/52
f 579/31/50 569/40/52 573/40/50
f 581/31/33 571/40/60 580/31/60
f 571/40/60 581/31/33 572/40/33
f 580/31/60 570/40/58 577/31/58
f 570/40/58 580/31/60 571/40/60
f 574/40/34 582/31/55 575/40/55
f 582/31/55 574/40/34 583/31/34
f 572/40/33 583/31/34 574/40/34
f 583/31/34 572/40/33 581/31/33
f 573/40/50 582/31/55 579/31/50
f 582/31/55 573/40/50 575/40/55
f 584/43/8 115/42/8 118/41/8
f 115/42/8 584/43/8 585/44/8
f 118/41/11 586/43/11 584/43/11
f 586/43/11 118/41/11 117/41/11
f 116/42/7 586/43/7 117/41/7
f 586/43/7 116/42/7 587/44/7
f 587/44/10 115/42/10 585/44/10
f 115/42/10 587/44/10 116/42/10
f 589/45/66 123/46/65 588/45/65
f 123/46/65 589/45/66 122/46/66
f 126/42/68 590/43/67 124/41/67
f 590/43/67 126/42/68 591/44/68
f 121/47/70 592/34/69 125/47/69
f 592/34/69 121/47/70 593/34/70
f 594/43/71 119/42/72 120/41/71
f 119/42/72 594/43/71 595/44/72
f 124/41/67 588/45/65 123/46/65
f 588/45/65 124/41/67 590/43/67
f 595/44/72 121/47/70 119/42/72
f 121/47/70 595/44/72 593/34/70
f 125/47/69 591/44/68 126/42/68
f 591/44/68 125/47/69 592/34/69
f 589/45/66 120/41/71 122/46/66
f 120/41/71 589/45/66 594/43/71
f 590/43/12 589/45/12 588/45/12
f 589/45/12 590/43/12 584/43/12
f 589/45/12 584/43/12 594/43/12
f 586/43/12 594/43/12 584/43/12
f 584/43/12 590/43/12 585/44/12
f 585/44/12 590/43/12 591/44/12
f 594/43/12 586/43/12 595/44/12
f 585/44/12 591/44/12 592/34/12
f 595/44/12 592/34/12 593/34/12
f 595/44/12 586/43/12 587/44/12
f 585/44/12 592/34/12 587/44/12
f 587/44/12 592/34/12 595/44/12
f 598/40/15 597/40/15 596/40/15
f 599/40/15 597/40/15 598/40/15
f 133/40/15 597/40/15 599/40/15
f 600/40/15 133/40/15 599/40/15
f 131/40/15 597/40/15 133/40/15
f 600/40/15 130/40/15 133/40/15
f 128/40/15 597/40/15 131/40/15
f 600/40/15 128/40/15 130/40/15
f 597/40/15 128/40/15 601/40/15
f 600/40/15 601/40/15 128/40/15
f 602/40/15 601/40/15 600/40/15
f 601/40/15 602/40/15 603/40/15
f 605/31/58 596/40/59 604/31/59
f 596/40/59 605/31/58 598/40/58
f 596/40/59 606/31/52 604/31/59
f 606/31/52 596/40/59 597/40/52
f 597/40/52 607/31/50 606/31/52
f 607/31/50 597/40/52 601/40/50
f 609/31/33 599/40/60 608/31/60
f 599/40/60 609/31/33 600/40/33
f 608/31/60 598/40/58 605/31/58
f 598/40/58 608/31/60 599/40/60
f 602/40/34 610/31/55 603/40/55
f 610/31/55 602/40/34 611/31/34
f 600/40/33 611/31/34 602/40/34
f 611/31/34 600/40/33 609/31/33
f 601/40/50 610/31/55 607/31/50
f 610/31/55 601/40/50 603/40/55
f 612/43/8 151/42/8 154/41/8
f 151/42/8 612/43/8 613/44/8
f 154/41/11 614/43/11 612/43/11
f 614/43/11 154/41/11 153/41/11
f 152/42/7 614/43/7 153/41/7
f 614/43/7 152/42/7 615/44/7
f 615/44/10 151/42/10 613/44/10
f 151/42/10 615/44/10 152/42/10
f 617/45/66 159/46/65 616/45/65
f 159/46/65 617/45/66 158/46/66
f 162/42/68 618/43/67 160/41/67
f 618/43/67 162/42/68 619/44/68
f 157/47/70 620/34/69 161/47/69
f 620/34/69 157/47/70 621/34/70
f 622/43/71 155/42/72 156/41/71
f 155/42/72 622/43/71 623/44/72
f 160/41/67 616/45/65 159/46/65
f 616/45/65 160/41/67 618/43/67
f 623/44/72 157/47/70 155/42/72
f 157/47/70 623/44/72 621/34/70
f 161/47/69 619/44/68 162/42/68
f 619/44/68 161/47/69 620/34/69
f 617/45/66 156/41/71 158/46/66
f 156/41/71 617/45/66 622/43/71
f 618/43/12 617/45/12 616/45/12
f 617/45/12 618/43/12 612/43/12
f 617/45/12 612/43/12 622/43/12
f 614/43/12 622/43/12 612/43/12
f 612/43/12 618/43/12 613/44/12
f 613/44/12 618/43/12 619/44/12
f 622/43/12 614/43/12 623/44/12
f 613/44/12 619/44/12 620/34/12
f 623/44/12 620/34/12 621/34/12
f 623/44/12 614/43/12 615/44/12
f 613/44/12 620/34/12 615/44/12
f 615/44/12 620/34/12 623/44/12
f 626/32/33 625/31/3 624/31/33
f 625/31/3 626/32/33 627/32/3
f 630/31/4 629/32/34 628/31/34
f 629/32/34 630/31/4 631/32/4
f 629/32/34 624/31/33 628/31/34
f 624/31/33 629/32/34 626/32/33
f 630/31/32 625/31/32 632/31/32
f 625/31/32 630/31/32 624/31/32
f 624/31/32 630/31/32 628/31/32
f 626/32/15 633/32/15 627/32/15
f 633/32/15 626/32/15 634/32/15
f 634/32/15 626/32/15 629/32/15
f 634/32/15 629/32/15 635/32/15
f 635/32/15 629/32/15 631/32/15
f 638/31/32 637/31/32 636/31/32
f 637/31/32 638/31/32 639/31/32
f 643/34/15 641/34/15 651/34/15
f 641/34/15 646/34/15 651/34/15
f 651/34/15 646/34/15 650/34/15
f 646/34/15 647/34/15 650/34/15
f 650/34/15 647/34/15 654/34/15
f 652/34/15 654/34/15 647/34/15
f 653/31/34 652/34/34 645/31/33
f 647/34/33 645/31/33 652/34/34
f 648/31/50 650/34/50 655/31/55
f 654/34/55 655/31/55 650/34/50
f 651/34/52 649/31/52 643/34/59
f 642/31/59 643/34/59 649/31/52
f 641/34/58 640/31/58 646/34/60
f 644/31/60 646/34/60 640/31/58
f 655/31/55 654/34/55 653/31/34
f 652/34/34 653/31/34 654/34/55
f 651/34/52 650/34/50 649/31/52
f 648/31/50 649/31/52 650/34/50
f 647/34/33 646/34/60 645/31/33
f 644/31/60 645/31/33 646/34/60
f 643/34/59 642/31/59 641/34/58
f 640/31/58 641/34/58 642/31/59
f 658/32/73 657/31/13 656/31/73
f 657/31/13 658/32/73 659/32/13
f 662/31/14 661/32/74 660/31/74
f 661/32/74 662/31/14 663/32/14
f 661/32/74 656/31/73 660/31/74
f 656/31/73 661/32/74 658/32/73
f 662/31/32 657/31/32 664/31/32
f 657/31/32 662/31/32 656/31/32
f 656/31/32 662/31/32 660/31/32
f 658/32/15 665/32/15 659/32/15
f 665/32/15 658/32/15 666/32/15
f 666/32/15 658/32/15 661/32/15
f 666/32/15 661/32/15 667/32/15
f 667/32/15 661/32/15 663/32/15
f 670/31/32 669/31/32 668/31/32
f 669/31/32 670/31/32 671/31/32
f 672/32/1 668/31/1 669/31/1
f 668/31/1 672/32/1 673/32/1
f 672/32/15 674/32/15 673/32/15
f 674/32/15 672/32/15 675/32/15
f 683/32/15 681/32/15 687/32/15
f 687/32/15 681/32/15 686/32/15
f 681/32/15 678/32/15 686/32/15
f 686/32/15 678/32/15 685/32/15
f 679/32/15 685/32/15 678/32/15
f 680/31/32 682/31/32 676/31/32
f 676/31/32 682/31/32 677/31/32
f 684/31/32 677/31/32 682/31/32
f 678/32/30 681/32/31 676/31/30
f 680/31/31 676/31/30 681/32/31
f 683/32/2 682/31/2 681/32/31
f 680/31/31 681/32/31 682/31/2
f 679/32/1 678/32/30 677/31/1
f 676/31/30 677/31/1 678/32/30
f 694/32/15 691/32/15 693/32/15
f 692/32/15 693/32/15 691/32/15
f 692/32/13 691/32/13 688/31/13
f 689/31/13 688/31/13 691/32/13
f 690/31/32 670/31/32 689/31/32
f 688/31/32 689/31/32 670/31/32
f 697/32/73 696/31/13 695/31/73
f 696/31/13 697/32/73 698/32/13
f 701/31/14 700/32/74 699/31/74
f 700/32/74 701/31/14 702/32/14
f 700/32/74 695/31/73 699/31/74
f 695/31/73 700/32/74 697/32/73
f 701/31/32 696/31/32 703/31/32
f 696/31/32 701/31/32 695/31/32
f 695/31/32 701/31/32 699/31/32
f 697/32/15 164/32/15 698/32/15
f 164/32/15 697/32/15 163/32/15
f 163/32/15 697/32/15 700/32/15
f 163/32/15 700/32/15 702/32/15
f 702/32/15 167/32/15 163/32/15
f 706/49/27 705/48/76 704/48/75
f 705/48/76 706/49/27 707/49/77
f 710/48/79 709/49/4 708/48/78
f 709/49/4 710/48/79 711/49/80
f 705/48/77 713/50/40 712/50/77
f 713/50/40 705/48/77 714/48/40
f 706/49/27 716/48/82 715/49/81
f 716/48/82 706/49/27 704/48/75
f 717/49/40 710/48/79 714/48/83
f 710/48/79 717/49/40 711/49/80
f 719/49/3 716/48/82 718/48/84
f 716/48/82 719/49/3 715/49/81
f 721/49/86 718/48/84 720/48/85
f 718/48/84 721/49/86 719/49/3
f 723/34/88 706/49/27 722/34/87
f 706/49/27 723/34/88 707/49/77
f 714/48/40 724/50/80 713/50/40
f 724/50/80 714/48/40 710/48/80
f 720/48/86 726/50/3 725/50/86
f 726/50/3 720/48/86 718/48/3
f 727/50/4 720/48/86 725/50/86
f 720/48/86 727/50/4 708/48/4
f 707/49/77 714/48/83 705/48/76
f 714/48/83 707/49/77 717/49/40
f 728/34/89 719/49/3 721/49/86
f 719/49/3 728/34/89 729/34/90
f 730/34/91 706/49/27 715/49/81
f 706/49/27 730/34/91 722/34/87
f 729/34/90 715/49/81 719/49/3
f 715/49/81 729/34/90 730/34/91
f 720/48/85 709/49/4 721/49/86
f 709/49/4 720/48/85 708/48/78
f 731/34/92 711/49/80 717/49/40
f 711/49/80 731/34/92 732/34/93
f 709/49/4 728/34/89 721/49/86
f 728/34/89 709/49/4 733/34/94
f 730/34/15 723/34/15 722/34/15
f 723/34/15 730/34/15 729/34/15
f 723/34/15 729/34/15 731/34/15
f 731/34/15 729/34/15 728/34/15
f 731/34/15 728/34/15 732/34/15
f 732/34/15 728/34/15 733/34/15
f 704/48/27 734/50/81 716/48/81
f 734/50/81 704/48/27 735/50/27
f 718/48/3 734/50/81 726/50/3
f 734/50/81 718/48/3 716/48/81
f 709/49/4 732/34/93 733/34/94
f 732/34/93 709/49/4 711/49/80
f 705/48/77 735/50/27 704/48/27
f 735/50/27 705/48/77 712/50/77
f 723/34/88 717/49/40 707/49/77
f 717/49/40 723/34/88 731/34/92
f 724/50/80 708/48/4 727/50/4
f 708/48/4 724/50/80 710/48/80
f 738/49/27 737/48/76 736/48/75
f 737/48/76 738/49/27 739/49/77
f 742/48/79 741/49/4 740/48/78
f 741/49/4 742/48/79 743/49/80
f 737/48/77 745/50/40 744/50/77
f 745/50/40 737/48/77 746/48/40
f 738/49/27 748/48/82 747/49/81
f 748/48/82 738/49/27 736/48/75
f 749/49/40 742/48/79 746/48/83
f 742/48/79 749/49/40 743/49/80
f 751/49/3 748/48/82 750/48/84
f 748/48/82 751/49/3 747/49/81
f 753/49/86 750/48/84 752/48/85
f 750/48/84 753/49/86 751/49/3
f 755/34/88 738/49/27 754/34/87
f 738/49/27 755/34/88 739/49/77
f 746/48/40 756/50/80 745/50/40
f 756/50/80 746/48/40 742/48/80
f 752/48/86 758/50/3 757/50/86
f 758/50/3 752/48/86 750/48/3
f 759/50/4 752/48/86 757/50/86
f 752/48/86 759/50/4 740/48/4
f 739/49/77 746/48/83 737/48/76
f 746/48/83 739/49/77 749/49/40
f 760/34/89 751/49/3 753/49/86
f 751/49/3 760/34/89 761/34/90
f 762/34/91 738/49/27 747/49/81
f 738/49/27 762/34/91 754/34/87
f 761/34/90 747/49/81 751/49/3
f 747/49/81 761/34/90 762/34/91
f 752/48/85 741/49/4 753/49/86
f 741/49/4 752/48/85 740/48/78
f 763/34/92 743/49/80 749/49/40
f 743/49/80 763/34/92 764/34/93
f 741/49/4 760/34/89 753/49/86
f 760/34/89 741/49/4 765/34/94
f 762/34/15 755/34/15 754/34/15
f 755/34/15 762/34/15 761/34/15
f 755/34/15 761/34/15 763/34/15
f 763/34/15 761/34/15 760/34/15
f 763/34/15 760/34/15 764/34/15
f 764/34/15 760/34/15 765/34/15
f 736/48/27 766/50/81 748/48/81
f 766/50/81 736/48/27 767/50/27
f 750/48/3 766/50/81 758/50/3
f 766/50/81 750/48/3 748/48/81
f 741/49/4 764/34/93 765/34/94
f 764/34/93 741/49/4 743/49/80
f 737/48/77 767/50/27 736/48/27
f 767/50/27 737/48/77 744/50/77
f 755/34/88 749/49/40 739/49/77
f 749/49/40 755/34/88 763/34/92
f 756/50/80 740/48/4 759/50/4
f 740/48/4 756/50/80 742/48/80
f 770/50/4 769/51/4 768/50/4
f 769/51/4 770/50/4 771/51/4
f 769/51/3 772/50/3 768/50/3
f 772/50/3 769/51/3 773/51/3
f 775/34/27 171/50/27 774/34/27
f 171/50/27 775/34/27 172/50/27
f 778/34/33 777/51/3 776/51/33
f 777/51/3 778/34/33 779/34/3
f 780/51/32 769/51/32 771/51/32
f 769/51/32 780/51/32 776/51/32
f 776/51/32 780/51/32 781/51/32
f 777/51/32 769/51/32 776/51/32
f 769/51/32 777/51/32 773/51/32
f 778/34/15 782/34/15 779/34/15
f 782/34/15 778/34/15 774/34/15
f 774/34/15 778/34/15 775/34/15
f 775/34/15 778/34/15 783/34/15
f 783/34/15 778/34/15 784/34/15
f 780/51/4 784/34/34 781/51/34
f 784/34/34 780/51/4 783/34/4
f 781/51/34 778/34/33 776/51/33
f 778/34/33 781/51/34 784/34/34
f 782/34/40 171/50/40 169/50/40
f 171/50/40 782/34/40 774/34/40
f 787/51/32 786/51/32 785/51/32
f 786/51/32 787/51/32 788/51/32
f 790/50/5 786/51/5 789/50/5
f 786/51/5 790/50/5 785/51/5
f 792/34/2 176/50/2 791/34/2
f 176/50/2 792/34/2 174/50/2
f 791/34/15 793/34/15 792/34/15
f 793/34/15 791/34/15 794/34/15
f 787/51/5 794/34/5 788/51/5
f 794/34/5 787/51/5 793/34/5
f 797/51/32 796/51/32 795/51/32
f 796/51/32 797/51/32 798/51/32
f 800/50/5 796/51/5 799/50/5
f 796/51/5 800/50/5 795/51/5
f 802/34/2 180/50/2 801/34/2
f 180/50/2 802/34/2 178/50/2
f 801/34/15 803/34/15 802/34/15
f 803/34/15 801/34/15 804/34/15
f 797/51/5 804/34/5 798/51/5
f 804/34/5 797/51/5 803/34/5
f 807/50/5 806/51/5 805/50/5
f 806/51/5 807/50/5 808/51/5
f 806/51/1 809/50/1 805/50/1
f 809/50/1 806/51/1 810/51/1
f 812/34/2 183/50/2 811/34/2
f 183/50/2 812/34/2 184/50/2
f 815/34/35 814/51/1 813/51/35
f 814/51/1 815/34/35 816/34/1
f 817/51/32 806/51/32 808/51/32
f 806/51/32 817/51/32 813/51/32
f 813/51/32 817/51/32 818/51/32
f 814/51/32 806/51/32 813/51/32
f 806/51/32 814/51/32 810/51/32
f 815/34/15 819/34/15 816/34/15
f 819/34/15 815/34/15 811/34/15
f 811/34/15 815/34/15 812/34/15
f 812/34/15 815/34/15 820/34/15
f 820/34/15 815/34/15 821/34/15
f 817/51/5 821/34/36 818/51/36
f 821/34/36 817/51/5 820/34/5
f 818/51/36 815/34/35 813/51/35
f 815/34/35 818/51/36 821/34/36
f 819/34/95 183/50/95 181/50/95
f 183/50/95 819/34/95 811/34/95
f 824/50/96 823/51/96 822/50/96
f 823/51/96 824/50/96 825/51/96
f 823/51/97 826/50/97 822/50/97
f 826/50/97 823/51/97 827/51/97
f 829/34/98 187/50/98 828/34/98
f 187/50/98 829/34/98 188/50/98
f 832/34/52 831/51/97 830/51/52
f 831/51/97 832/34/52 833/34/97
f 834/51/32 823/51/32 825/51/32
f 823/51/32 834/51/32 830/51/32
f 830/51/32 834/51/32 835/51/32
f 831/51/32 823/51/32 830/51/32
f 823/51/32 831/51/32 827/51/32
f 832/34/15 836/34/15 833/34/15
f 836/34/15 832/34/15 828/34/15
f 828/34/15 832/34/15 829/34/15
f 829/34/15 832/34/15 837/34/15
f 837/34/15 832/34/15 838/34/15
f 834/51/96 838/34/59 835/51/59
f 838/34/59 834/51/96 837/34/96
f 835/51/59 832/34/52 830/51/52
f 832/34/52 835/51/59 838/34/59
f 836/34/99 187/50/99 185/50/99
f 187/50/99 836/34/99 828/34/99
f 841/51/32 840/51/32 839/51/32
f 840/51/32 841/51/32 842/51/32
f 844/50/14 840/51/14 843/50/14
f 840/51/14 844/50/14 839/51/14
f 846/34/100 191/50/100 845/34/100
f 191/50/100 846/34/100 192/50/100
f 845/34/15 847/34/15 846/34/15
f 847/34/15 845/34/15 848/34/15
f 841/51/14 848/34/14 842/51/14
f 848/34/14 841/51/14 847/34/14
f 851/51/32 850/51/32 849/51/32
f 850/51/32 851/51/32 852/51/32
f 854/50/14 850/51/14 853/50/14
f 850/51/14 854/50/14 849/51/14
f 856/34/100 195/50/100 855/34/100
f 195/50/100 856/34/100 196/50/100
f 855/34/15 857/34/15 856/34/15
f 857/34/15 855/34/15 858/34/15
f 851/51/14 858/34/14 852/51/14
f 858/34/14 851/51/14 857/34/14
f 861/51/32 860/51/32 859/51/32
f 860/51/32 861/51/32 862/51/32
f 864/50/101 860/51/101 863/50/101
f 860/51/101 864/50/101 859/51/101
f 866/34/102 200/50/102 865/34/102
f 200/50/102 866/34/102 198/50/102
f 865/34/15 867/34/15 866/34/15
f 867/34/15 865/34/15 868/34/15
f 861/51/101 868/34/101 862/51/101
f 868/34/101 861/51/101 867/34/101
f 871/51/32 870/51/32 869/51/32
f 870/51/32 871/51/32 872/51/32
f 874/50/101 870/51/101 873/50/101
f 870/51/101 874/50/101 869/51/101
f 876/34/102 204/50/102 875/34/102
f 204/50/102 876/34/102 202/50/102
f 875/34/15 877/34/15 876/34/15
f 877/34/15 875/34/15 878/34/15
f 871/51/101 878/34/101 872/51/101
f 878/34/101 871/51/101 877/34/101
f 881/51/32 880/51/32 879/51/32
f 880/51/32 881/51/32 882/51/32
f 884/50/103 880/51/103 883/50/103
f 880/51/103 884/50/103 879/51/103
f 886/34/104 208/50/104 885/34/104
f 208/50/104 886/34/104 206/50/104
f 885/34/15 887/34/15 886/34/15
f 887/34/15 885/34/15 888/34/15
f 881/51/103 888/34/103 882/51/103
f 888/34/103 881/51/103 887/34/103
f 168/50/14 889/51/14 165/50/14
f 889/51/14 168/50/14 890/51/14
f 889/51/13 166/50/13 165/50/13
f 166/50/13 889/51/13 891/51/13
f 893/34/100 211/50/100 892/34/100
f 211/50/100 893/34/100 212/50/100
f 896/34/73 895/51/13 894/51/73
f 895/51/13 896/34/73 897/34/13
f 898/51/32 889/51/32 890/51/32
f 889/51/32 898/51/32 894/51/32
f 894/51/32 898/51/32 899/51/32
f 895/51/32 889/51/32 894/51/32
f 889/51/32 895/51/32 891/51/32
f 896/34/15 900/34/15 897/34/15
f 900/34/15 896/34/15 892/34/15
f 892/34/15 896/34/15 893/34/15
f 893/34/15 896/34/15 901/34/15
f 901/34/15 896/34/15 902/34/15
f 898/51/14 902/34/74 899/51/74
f 902/34/74 898/51/14 901/34/14
f 899/51/74 896/34/73 894/51/73
f 896/34/73 899/51/74 902/34/74
f 900/34/105 211/50/105 209/50/105
f 211/50/105 900/34/105 892/34/105
f 18/50/5 903/51/5 15/50/5
f 903/51/5 18/50/5 904/51/5
f 903/51/1 16/50/1 15/50/1
f 16/50/1 903/51/1 905/51/1
f 907/34/2 215/50/2 906/34/2
f 215/50/2 907/34/2 216/50/2
f 910/34/35 909/51/1 908/51/35
f 909/51/1 910/34/35 911/34/1
f 912/51/32 903/51/32 904/51/32
f 903/51/32 912/51/32 908/51/32
f 908/51/32 912/51/32 913/51/32
f 909/51/32 903/51/32 908/51/32
f 903/51/32 909/51/32 905/51/32
f 910/34/15 914/34/15 911/34/15
f 914/34/15 910/34/15 906/34/15
f 906/34/15 910/34/15 907/34/15
f 907/34/15 910/34/15 915/34/15
f 915/34/15 910/34/15 916/34/15
f 912/51/5 916/34/36 913/51/36
f 916/34/36 912/51/5 915/34/5
f 913/51/36 910/34/35 908/51/35
f 910/34/35 913/51/36 916/34/36
f 914/34/95 215/50/95 213/50/95
f 215/50/95 914/34/95 906/34/95
f 919/51/32 918/51/32 917/51/32
f 918/51/32 919/51/32 920/51/32
f 922/50/4 918/51/4 921/50/4
f 918/51/4 922/50/4 917/51/4
f 924/34/27 220/50/27 923/34/27
f 220/50/27 924/34/27 218/50/27
f 923/34/15 925/34/15 924/34/15
f 925/34/15 923/34/15 926/34/15
f 919/51/4 926/34/4 920/51/4
f 926/34/4 919/51/4 925/34/4
f 929/50/106 928/51/106 927/50/106
f 928/51/106 929/50/106 930/51/106
f 928/51/107 931/50/107 927/50/107
f 931/50/107 928/51/107 932/51/107
f 934/34/108 223/50/108 933/34/108
f 223/50/108 934/34/108 224/50/108
f 937/34/109 936/51/107 935/51/109
f 936/51/107 937/34/109 938/34/107
f 939/51/32 928/51/32 930/51/32
f 928/51/32 939/51/32 935/51/32
f 935/51/32 939/51/32 940/51/32
f 936/51/32 928/51/32 935/51/32
f 928/51/32 936/51/32 932/51/32
f 937/34/15 941/34/15 938/34/15
f 941/34/15 937/34/15 933/34/15
f 933/34/15 937/34/15 934/34/15
f 934/34/15 937/34/15 942/34/15
f 942/34/15 937/34/15 943/34/15
f 939/51/106 943/34/110 940/51/110
f 943/34/110 939/51/106 942/34/106
f 940/51/110 937/34/109 935/51/109
f 937/34/109 940/51/110 943/34/110
f 941/34/111 223/50/111 221/50/111
f 223/50/111 941/34/111 933/34/111
f 12/50/4 944/51/4 9/50/4
f 944/51/4 12/50/4 945/51/4
f 944/51/3 10/50/3 9/50/3
f 10/50/3 944/51/3 946/51/3
f 948/34/27 227/50/27 947/34/27
f 227/50/27 948/34/27 228/50/27
f 951/34/33 950/51/3 949/51/33
f 950/51/3 951/34/33 952/34/3
f 953/51/32 944/51/32 945/51/32
f 944/51/32 953/51/32 949/51/32
f 949/51/32 953/51/32 954/51/32
f 950/51/32 944/51/32 949/51/32
f 944/51/32 950/51/32 946/51/32
f 951/34/15 955/34/15 952/34/15
f 955/34/15 951/34/15 947/34/15
f 947/34/15 951/34/15 948/34/15
f 948/34/15 951/34/15 956/34/15
f 956/34/15 951/34/15 957/34/15
f 953/51/4 957/34/34 954/51/34
f 957/34/34 953/51/4 956/34/4
f 954/51/34 951/34/33 949/51/33
f 951/34/33 954/51/34 957/34/34
f 955/34/40 227/50/40 225/50/40
f 227/50/40 955/34/40 947/34/40
f 958/31/3 963/31/3 959/34/3
f 962/34/3 959/34/3 963/31/3
f 961/34/4 960/31/4 959/34/4
f 958/31/4 959/34/4 960/31/4
f 790/31/3 966/31/3 965/34/3
f 964/34/3 965/34/3 966/31/3
f 967/31/37 972/31/37 968/34/37
f 971/34/37 968/34/37 972/31/37
f 970/34/112 969/31/112 968/34/112
f 967/31/112 968/34/112 969/31/112
f 975/31/37 974/34/37 973/34/37
f 974/34/37 975/31/37 853/31/37
f 800/31/3 977/34/3 976/34/3
f 977/34/3 800/31/3 978/31/3
f 981/31/27 980/34/27 979/31/27
f 980/34/27 981/31/27 982/34/27
f 984/31/3 980/34/3 983/34/3
f 980/34/3 984/31/3 979/31/3
f 987/31/37 843/31/37 986/34/37
f 985/34/37 986/34/37 843/31/37
f 991/31/1 990/31/1 989/34/1
f 988/34/1 989/34/1 990/31/1
f 994/31/1 993/34/1 992/34/1
f 993/34/1 994/31/1 995/31/1
f 229/31/4 997/52/4 996/31/4
f 997/52/4 229/31/4 234/52/4
f 232/52/27 999/31/27 998/52/27
f 999/31/27 232/52/27 231/31/27
f 232/52/32 997/52/32 234/52/32
f 997/52/32 232/52/32 998/52/32
f 1002/32/27 1001/31/58 1000/32/58
f 1001/31/58 1002/32/27 1003/31/27
f 1006/32/15 1005/32/15 1004/32/15
f 1005/32/15 1006/32/15 1007/32/15
f 1005/32/4 1008/53/113 1004/32/4
f 1008/53/113 1005/32/4 1009/53/113
f 1006/32/3 999/31/3 1010/31/3
f 999/31/3 1006/32/3 1004/32/3
f 999/31/3 1004/32/3 998/52/3
f 998/52/3 1004/32/3 1008/53/3
f 998/52/3 1008/53/3 997/52/3
f 1011/53/3 997/52/3 1008/53/3
f 1011/53/3 1008/53/3 1012/51/3
f 1011/53/3 1012/51/3 1013/51/3
f 1014/32/3 997/52/3 1011/53/3
f 997/52/3 1014/32/3 996/31/3
f 1015/32/60 996/31/3 1014/32/3
f 996/31/3 1015/32/60 1016/31/60
f 1000/32/58 1016/31/60 1015/32/60
f 1016/31/60 1000/32/58 1001/31/58
f 1000/32/15 1017/32/15 1002/32/15
f 1017/32/15 1000/32/15 1015/32/15
f 1017/32/15 1015/32/15 1018/32/15
f 1018/32/15 1015/32/15 1014/32/15
f 1018/32/15 1014/32/15 1019/32/15
f 1012/51/115 1020/51/114 1013/51/114
f 1020/51/114 1012/51/115 1021/51/115
f 1022/53/116 1014/32/27 1011/53/116
f 1014/32/27 1022/53/116 1019/32/27
f 1020/51/114 1011/53/116 1013/51/114
f 1011/53/116 1020/51/114 1022/53/116
f 1009/53/113 1012/51/115 1008/53/113
f 1012/51/115 1009/53/113 1021/51/115
f 1023/31/32 1001/31/32 1003/31/32
f 1001/31/32 1023/31/32 1016/31/32
f 1016/31/32 1023/31/32 229/31/32
f 996/31/32 1016/31/32 229/31/32
f 229/31/32 1023/31/32 231/31/32
f 231/31/32 1023/31/32 999/31/32
f 999/31/32 1023/31/32 1010/31/32
f 230/54/62 1024/54/63 233/54/63
f 1024/54/63 230/54/62 1025/54/62
f 1026/50/61 237/55/27 239/50/61
f 237/55/27 1026/50/61 235/56/27
f 235/56/27 1026/50/61 230/54/62
f 230/54/62 1026/50/61 1025/54/62
f 1026/50/61 240/50/64 1027/50/64
f 240/50/64 1026/50/61 239/50/61
f 1024/54/63 236/56/4 233/54/63
f 236/56/4 1024/54/63 238/55/4
f 238/55/4 1024/54/63 240/50/64
f 240/50/64 1024/54/63 1027/50/64
f 1030/31/64 1029/31/61 1028/31/61
f 1029/31/61 1030/31/64 1031/31/64
f 1033/34/62 1029/31/61 1032/34/62
f 1029/31/61 1033/34/62 1028/31/61
f 1030/31/64 1034/34/63 1031/31/64
f 1034/34/63 1030/31/64 1035/34/63
f 1034/34/63 1033/34/62 1032/34/62
f 1033/34/62 1034/34/63 1035/34/63
f 1034/34/3 1029/31/3 1031/31/3
f 1029/31/3 1034/34/3 1032/34/3
f 1038/57/40 1037/51/40 1036/57/40
f 1037/51/40 1038/57/40 1039/51/40
f 1042/51/86 1041/57/81 1040/57/86
f 1041/57/81 1042/51/86 1043/51/81
f 1036/57/4 1042/51/86 1040/57/86
f 1042/51/86 1036/57/4 1037/51/4
f 1042/51/15 1039/51/15 1043/51/15
f 1039/51/15 1042/51/15 1037/51/15
f 1036/57/32 1041/57/32 1038/57/32
f 1041/57/32 1036/57/32 1040/57/32
f 1039/51/27 1041/57/81 1043/51/81
f 1041/57/81 1039/51/27 1038/57/27
f 1046/52/118 1045/52/117 1044/52/117
f 1045/52/117 1046/52/118 1047/52/118
f 1049/58/119 1045/52/117 1048/58/119
f 1045/52/117 1049/58/119 1044/52/117
f 1050/58/120 1049/58/119 1048/58/119
f 1049/58/119 1050/58/120 1051/58/120
f 1046/52/118 1050/58/120 1047/52/118
f 1050/58/120 1046/52/118 1051/58/120
f 247/57/122 1052/57/121 246/57/121
f 1052/57/121 247/57/122 1053/57/122
f 249/56/123 1055/53/124 1054/56/123
f 1055/53/124 249/56/123 252/53/124
f 241/53/125 1057/56/126 1056/53/125
f 1057/56/126 241/53/125 242/56/126
f 1059/51/128 244/51/127 1058/51/127
f 244/51/127 1059/51/128 251/51/128
f 242/56/126 1052/57/121 1057/56/126
f 1052/57/121 242/56/126 246/57/121
f 247/57/122 1054/56/123 1053/57/122
f 1054/56/123 247/57/122 249/56/123
f 244/51/127 1056/53/125 1058/51/127
f 1056/53/125 244/51/127 241/53/125
f 252/53/124 1059/51/128 1055/53/124
f 1059/51/128 252/53/124 251/51/128
f 1054/56/16 1052/57/16 1053/57/16
f 1052/57/16 1054/56/16 1057/56/16
f 1057/56/16 1054/56/16 1050/58/16
f 1050/58/16 1054/56/16 1055/53/16
f 1048/58/16 1057/56/16 1050/58/16
f 1050/58/16 1055/53/16 1047/52/16
f 1057/56/16 1048/58/16 1056/53/16
f 1047/52/16 1055/53/16 1045/52/16
f 1056/53/16 1048/58/16 1045/52/16
f 1056/53/16 1045/52/16 1055/53/16
f 1056/53/16 1055/53/16 1059/51/16
f 1056/53/16 1059/51/16 1058/51/16
f 1062/31/32 1061/31/32 1060/31/32
f 1061/31/32 1062/31/32 1063/31/32
f 1064/32/16 1061/31/16 1063/31/16
f 1061/31/16 1064/32/16 1065/32/16
f 1064/32/15 245/32/15 1065/32/15
f 245/32/15 1064/32/15 248/32/15
f 1068/59/119 1067/60/117 1066/59/119
f 1067/60/117 1068/59/119 1069/60/117
f 1070/60/118 1067/60/117 1069/60/117
f 1067/60/117 1070/60/118 1071/60/32
f 1071/60/32 1070/60/118 1072/60/32
f 1072/60/32 1070/60/118 1073/60/118
f 1070/60/118 1074/59/120 1073/60/118
f 1074/59/120 1070/60/118 1075/59/120
f 1076/59/15 1068/59/119 1066/59/119
f 1068/59/119 1076/59/15 1075/59/120
f 1075/59/120 1076/59/15 1077/59/15
f 1075/59/120 1077/59/15 1074/59/120
f 1074/59/16 1078/61/16 1073/60/16
f 1073/60/16 1078/61/16 1072/60/16
f 1074/59/16 1079/31/16 1078/61/16
f 1079/31/16 1074/59/16 1080/31/16
f 1066/59/16 1080/31/16 1074/59/16
f 1066/59/16 1074/59/16 1077/59/16
f 1080/31/16 1066/59/16 1081/61/16
f 1066/59/16 1077/59/16 1076/59/16
f 1072/60/16 1076/59/16 1077/59/16
f 1081/61/16 1066/59/16 1067/60/16
f 1081/61/16 1067/60/16 1078/61/16
f 1076/59/16 1072/60/16 1071/60/16
f 1072/60/16 1078/61/16 1071/60/16
f 1071/60/16 1078/61/16 1067/60/16
f 1084/52/130 1083/52/129 1082/52/129
f 1083/52/129 1084/52/130 1085/52/130
f 1087/58/131 1083/52/129 1086/58/131
f 1083/52/129 1087/58/131 1082/52/129
f 1088/58/132 1087/58/131 1086/58/131
f 1087/58/131 1088/58/132 1089/58/132
f 1084/52/130 1088/58/132 1085/52/130
f 1088/58/132 1084/52/130 1089/58/132
f 259/57/134 1090/57/133 258/57/133
f 1090/57/133 259/57/134 1091/57/134
f 261/56/135 1093/53/136 1092/56/135
f 1093/53/136 261/56/135 264/53/136
f 253/53/137 1095/56/138 1094/53/137
f 1095/56/138 253/53/137 254/56/138
f 1097/51/140 256/51/139 1096/51/139
f 256/51/139 1097/51/140 263/51/140
f 254/56/138 1090/57/133 1095/56/138
f 1090/57/133 254/56/138 258/57/133
f 259/57/134 1092/56/135 1091/57/134
f 1092/56/135 259/57/134 261/56/135
f 256/51/139 1094/53/137 1096/51/139
f 1094/53/137 256/51/139 253/53/137
f 264/53/136 1097/51/140 1093/53/136
f 1097/51/140 264/53/136 263/51/140
f 1092/56/17 1090/57/17 1091/57/17
f 1090/57/17 1092/56/17 1095/56/17
f 1095/56/17 1092/56/17 1088/58/17
f 1088/58/17 1092/56/17 1093/53/17
f 1086/58/17 1095/56/17 1088/58/17
f 1088/58/17 1093/53/17 1085/52/17
f 1095/56/17 1086/58/17 1094/53/17
f 1085/52/17 1093/53/17 1083/52/17
f 1094/53/17 1086/58/17 1083/52/17
f 1094/53/17 1083/52/17 1093/53/17
f 1094/53/17 1093/53/17 1097/51/17
f 1094/53/17 1097/51/17 1096/51/17
f 1100/31/32 1099/31/32 1098/31/32
f 1099/31/32 1100/31/32 1101/31/32
f 1102/32/17 1099/31/17 1101/31/17
f 1099/31/17 1102/32/17 1103/32/17
f 1102/32/15 257/32/15 1103/32/15
f 257/32/15 1102/32/15 260/32/15
f 1106/59/131 1105/60/129 1104/59/131
f 1105/60/129 1106/59/131 1107/60/129
f 1108/60/130 1105/60/129 1107/60/129
f 1105/60/129 1108/60/130 1109/60/32
f 1109/60/32 1108/60/130 1110/60/32
f 1110/60/32 1108/60/130 1111/60/130
f 1108/60/130 1112/59/132 1111/60/130
f 1112/59/132 1108/60/130 1113/59/132
f 1114/59/15 1106/59/131 1104/59/131
f 1106/59/131 1114/59/15 1113/59/132
f 1113/59/132 1114/59/15 1115/59/15
f 1113/59/132 1115/59/15 1112/59/132
f 1112/59/17 1116/61/17 1111/60/17
f 1111/60/17 1116/61/17 1110/60/17
f 1112/59/17 1117/31/17 1116/61/17
f 1117/31/17 1112/59/17 1118/31/17
f 1104/59/17 1118/31/17 1112/59/17
f 1104/59/17 1112/59/17 1115/59/17
f 1118/31/17 1104/59/17 1119/61/17
f 1104/59/17 1115/59/17 1114/59/17
f 1110/60/17 1114/59/17 1115/59/17
f 1119/61/17 1104/59/17 1105/60/17
f 1119/61/17 1105/60/17 1116/61/17
f 1114/59/17 1110/60/17 1109/60/17
f 1110/60/17 1116/61/17 1109/60/17
f 1109/60/17 1116/61/17 1105/60/17
f 1122/32/141 1121/53/142 1120/32/141
f 1121/53/142 1122/32/141 1123/53/142
f 1120/32/15 1124/32/15 1122/32/15
f 1124/32/15 1120/32/15 1125/32/15
f 1128/32/15 1127/32/15 1126/32/15
f 1127/32/15 1128/32/15 1129/32/15
f 1132/31/32 1131/31/32 1130/31/32
f 1131/31/32 1132/31/32 266/31/32
f 1133/31/32 1131/31/32 266/31/32
f 266/31/32 1132/31/32 265/31/32
f 265/31/32 1132/31/32 1134/31/32
f 1134/31/32 1132/31/32 1135/31/32
f 1138/51/143 1137/51/144 1136/51/143
f 1137/51/144 1138/51/143 1139/51/144
f 1141/53/145 1129/32/146 1140/53/145
f 1129/32/146 1141/53/145 1127/32/146
f 1123/53/142 1139/51/144 1121/53/142
f 1139/51/144 1123/53/142 1137/51/144
f 1136/51/143 1140/53/145 1138/51/143
f 1140/53/145 1136/51/143 1141/53/145
f 1125/32/18 1134/31/18 1135/31/18
f 1134/31/18 1125/32/18 1120/32/18
f 1134/31/18 1120/32/18 1142/52/18
f 1142/52/18 1120/32/18 1121/53/18
f 1142/52/18 1121/53/18 1143/52/18
f 1140/53/18 1143/52/18 1121/53/18
f 1140/53/18 1121/53/18 1139/51/18
f 1140/53/18 1139/51/18 1138/51/18
f 1129/32/18 1143/52/18 1140/53/18
f 1143/52/18 1129/32/18 1133/31/18
f 1128/32/18 1133/31/18 1129/32/18
f 1133/31/18 1128/32/18 1131/31/18
f 267/52/32 1143/52/32 268/52/32
f 1143/52/32 267/52/32 1142/52/32
f 266/31/141 1143/52/141 1133/31/141
f 1143/52/141 266/31/141 268/52/141
f 267/52/146 1134/31/146 1142/52/146
f 1134/31/146 267/52/146 265/31/146
f 1146/31/148 1145/31/147 1144/31/147
f 1145/31/147 1146/31/148 1147/31/148
f 1149/34/149 1145/31/147 1148/34/149
f 1145/31/147 1149/34/149 1144/31/147
f 1146/31/148 1150/34/150 1147/31/148
f 1150/34/150 1146/31/148 1151/34/150
f 1150/34/150 1149/34/149 1148/34/149
f 1149/34/149 1150/34/150 1151/34/150
f 1150/34/18 1145/31/18 1147/31/18
f 1145/31/18 1150/34/18 1148/34/18
f 1154/57/151 1153/51/151 1152/57/151
f 1153/51/151 1154/57/151 1155/51/151
f 1158/51/77 1157/57/80 1156/57/77
f 1157/57/80 1158/51/77 1159/51/80
f 1152/57/141 1158/51/77 1156/57/77
f 1158/51/77 1152/57/141 1153/51/141
f 1158/51/15 1155/51/15 1159/51/15
f 1155/51/15 1158/51/15 1153/51/15
f 1152/57/32 1157/57/32 1154/57/32
f 1157/57/32 1152/57/32 1156/57/32
f 1155/51/146 1157/57/80 1159/51/80
f 1157/57/80 1155/51/146 1154/57/146
f 1162/57/152 1161/51/3 1160/51/152
f 1161/51/3 1162/57/152 1163/57/3
f 1166/57/153 1165/51/27 1164/57/27
f 1165/51/27 1166/57/153 1167/51/153
f 1163/57/3 1168/51/154 1161/51/3
f 1168/51/154 1163/57/3 1169/57/154
f 1164/57/27 1168/51/154 1169/57/154
f 1168/51/154 1164/57/27 1165/51/27
f 1166/57/153 1170/51/40 1167/51/153
f 1170/51/40 1166/57/153 1171/57/40
f 1171/57/40 1172/51/155 1170/51/40
f 1172/51/155 1171/57/40 1173/57/155
f 1172/51/155 1175/57/4 1174/51/4
f 1175/57/4 1172/51/155 1173/57/155
f 1174/51/4 1162/57/152 1160/51/152
f 1162/57/152 1174/51/4 1175/57/4
f 1178/57/32 1177/57/32 1176/57/32
f 1177/57/32 1178/57/32 1179/57/32
f 1182/51/156 1181/51/15 1180/51/15
f 1181/51/15 1182/51/156 1183/51/156
f 1181/51/40 1178/57/40 1176/57/40
f 1178/57/40 1181/51/40 1184/62/40
f 1184/62/40 1181/51/40 1183/51/40
f 1181/51/27 1177/57/27 1180/51/27
f 1177/57/27 1181/51/27 1176/57/27
f 1185/62/3 1177/57/3 1179/57/3
f 1177/57/3 1185/62/3 1180/51/3
f 1180/51/3 1185/62/3 1182/51/3
f 1178/57/4 1185/62/157 1179/57/4
f 1185/62/157 1178/57/4 1184/62/157
f 1184/62/157 1182/51/156 1185/62/157
f 1182/51/156 1184/62/157 1183/51/156
f 1188/57/4 1187/51/86 1186/57/86
f 1187/51/86 1188/57/4 1189/51/4
f 1187/51/86 1190/57/3 1186/57/86
f 1190/57/3 1187/51/86 1191/51/3
f 1194/51/77 1193/57/27 1192/51/27
f 1193/57/27 1194/51/77 1195/57/77
f 1192/51/27 1197/57/81 1196/51/81
f 1197/57/81 1192/51/27 1193/57/27
f 1198/57/80 1189/51/4 1188/57/4
f 1189/51/4 1198/57/80 1199/51/80
f 1201/51/40 1198/57/80 1200/57/40
f 1198/57/80 1201/51/40 1199/51/80
f 1191/51/3 1197/57/81 1190/57/3
f 1197/57/81 1191/51/3 1196/51/81
f 1194/51/77 1200/57/40 1195/57/77
f 1200/57/40 1194/51/77 1201/51/40
f 1196/51/15 1194/51/15 1192/51/15
f 1194/51/15 1196/51/15 1191/51/15
f 1194/51/15 1191/51/15 1201/51/15
f 1201/51/15 1191/51/15 1187/51/15
f 1201/51/15 1187/51/15 1199/51/15
f 1199/51/15 1187/51/15 1189/51/15
f 1195/57/32 1197/57/32 1193/57/32
f 1197/57/32 1195/57/32 1200/57/32
f 1197/57/32 1200/57/32 1190/57/32
f 1190/57/32 1200/57/32 1198/57/32
f 1190/57/32 1198/57/32 1186/57/32
f 1186/57/32 1198/57/32 1188/57/32
f 1204/57/4 1203/51/86 1202/57/86
f 1203/51/86 1204/57/4 1205/51/4
f 1203/51/86 1206/57/3 1202/57/86
f 1206/57/3 1203/51/86 1207/51/3
f 1210/51/77 1209/57/27 1208/51/27
f 1209/57/27 1210/51/77 1211/57/77
f 1208/51/27 1213/57/81 1212/51/81
f 1213/57/81 1208/51/27 1209/57/27
f 1214/57/80 1205/51/4 1204/57/4
f 1205/51/4 1214/57/80 1215/51/80
f 1217/51/40 1214/57/80 1216/57/40
f 1214/57/80 1217/51/40 1215/51/80
f 1207/51/3 1213/57/81 1206/57/3
f 1213/57/81 1207/51/3 1212/51/81
f 1210/51/77 1216/57/40 1211/57/77
f 1216/57/40 1210/51/77 1217/51/40
f 1212/51/15 1210/51/15 1208/51/15
f 1210/51/15 1212/51/15 1207/51/15
f 1210/51/15 1207/51/15 1217/51/15
f 1217/51/15 1207/51/15 1203/51/15
f 1217/51/15 1203/51/15 1215/51/15
f 1215/51/15 1203/51/15 1205/51/15
f 1211/57/32 1213/57/32 1209/57/32
f 1213/57/32 1211/57/32 1216/57/32
f 1213/57/32 1216/57/32 1206/57/32
f 1206/57/32 1216/57/32 1214/57/32
f 1206/57/32 1214/57/32 1202/57/32
f 1202/57/32 1214/57/32 1204/57/32
f 1220/31/4 1219/52/4 1218/31/4
f 1219/52/4 1220/31/4 1221/52/4
f 1224/52/27 1223/31/27 1222/52/27
f 1223/31/27 1224/52/27 1225/31/27
f 1224/52/32 1219/52/32 1221/52/32
f 1219/52/32 1224/52/32 1222/52/32
f 1228/31/32 1227/31/32 1226/31/32
f 1227/31/32 1228/31/32 1220/31/32
f 1218/31/32 1227/31/32 1220/31/32
f 1220/31/32 1228/31/32 1225/31/32
f 1225/31/32 1228/31/32 1223/31/32
f 1223/31/32 1228/31/32 1229/31/32
f 1229/31/32 1228/31/32 1230/31/32
f 1233/32/15 1232/32/15 1231/32/15
f 1232/32/15 1233/32/15 1234/32/15
f 1234/32/15 1233/32/15 1235/32/15
f 1235/32/15 1233/32/15 1236/32/15
f 1236/32/15 1233/32/15 1237/32/15
f 1232/32/4 1238/53/113 1231/32/4
f 1238/53/113 1232/32/4 1239/53/113
f 1242/32/15 1241/32/15 1240/32/15
f 1241/32/15 1242/32/15 1243/32/15
f 1228/31/4 1237/32/34 1230/31/34
f 1237/32/34 1228/31/4 1236/32/4
f 1230/31/34 1233/32/33 1229/31/33
f 1233/32/33 1230/31/34 1237/32/34
f 1245/53/116 1242/32/27 1244/53/116
f 1242/32/27 1245/53/116 1243/32/27
f 1248/51/115 1247/51/114 1246/51/114
f 1247/51/114 1248/51/115 1249/51/115
f 1247/51/114 1244/53/116 1246/51/114
f 1244/53/116 1247/51/114 1245/53/116
f 1239/53/113 1248/51/115 1238/53/113
f 1248/51/115 1239/53/113 1249/51/115
f 1233/32/33 1223/31/3 1229/31/33
f 1223/31/3 1233/32/33 1231/32/3
f 1223/31/3 1231/32/3 1222/52/3
f 1222/52/3 1231/32/3 1238/53/3
f 1222/52/3 1238/53/3 1219/52/3
f 1244/53/3 1219/52/3 1238/53/3
f 1244/53/3 1238/53/3 1248/51/3
f 1244/53/3 1248/51/3 1246/51/3
f 1242/32/3 1219/52/3 1244/53/3
f 1219/52/3 1242/32/3 1218/31/3
f 1240/32/3 1218/31/3 1242/32/3
f 1218/31/3 1240/32/3 1227/31/3
f 1252/57/40 1251/51/40 1250/57/40
f 1251/51/40 1252/57/40 1253/51/40
f 1256/51/86 1255/57/81 1254/57/86
f 1255/57/81 1256/51/86 1257/51/81
f 1250/57/4 1256/51/86 1254/57/86
f 1256/51/86 1250/57/4 1251/51/4
f 1256/51/15 1253/51/15 1257/51/15
f 1253/51/15 1256/51/15 1251/51/15
f 1250/57/32 1255/57/32 1252/57/32
f 1255/57/32 1250/57/32 1254/57/32
f 1253/51/27 1255/57/81 1257/51/81
f 1255/57/81 1253/51/27 1252/57/27
f 1260/57/152 1259/51/3 1258/51/152
f 1259/51/3 1260/57/152 1261/57/3
f 1264/57/153 1263/51/27 1262/57/27
f 1263/51/27 1264/57/153 1265/51/153
f 1261/57/3 1266/51/154 1259/51/3
f 1266/51/154 1261/57/3 1267/57/154
f 1262/57/27 1266/51/154 1267/57/154
f 1266/51/154 1262/57/27 1263/51/27
f 1264/57/153 1268/51/40 1265/51/153
f 1268/51/40 1264/57/153 1269/57/40
f 1269/57/40 1270/51/155 1268/51/40
f 1270/51/155 1269/57/40 1271/57/155
f 1270/51/155 1273/57/4 1272/51/4
f 1273/57/4 1270/51/155 1271/57/155
f 1272/51/4 1260/57/152 1258/51/152
f 1260/57/152 1272/51/4 1273/57/4
f 1265/51/32 1266/51/32 1263/51/32
f 1266/51/32 1265/51/32 1268/51/32
f 1266/51/32 1268/51/32 1259/51/32
f 1259/51/32 1268/51/32 1270/51/32
f 1259/51/32 1270/51/32 1258/51/32
f 1258/51/32 1270/51/32 1272/51/32
f 1276/57/32 1275/57/32 1274/57/32
f 1275/57/32 1276/57/32 1277/57/32
f 1280/51/156 1279/51/15 1278/51/15
f 1279/51/15 1280/51/156 1281/51/156
f 1279/51/40 1276/57/40 1274/57/40
f 1276/57/40 1279/51/40 1282/62/40
f 1282/62/40 1279/51/40 1281/51/40
f 1279/51/27 1275/57/27 1278/51/27
f 1275/57/27 1279/51/27 1274/57/27
f 1283/62/3 1275/57/3 1277/57/3
f 1275/57/3 1283/62/3 1278/51/3
f 1278/51/3 1283/62/3 1280/51/3
f 1276/57/4 1283/62/157 1277/57/4
f 1283/62/157 1276/57/4 1282/62/157
f 1282/62/157 1280/51/156 1283/62/157
f 1280/51/156 1282/62/157 1281/51/156
f 1286/57/4 1285/51/86 1284/57/86
f 1285/51/86 1286/57/4 1287/51/4
f 1285/51/86 1288/57/3 1284/57/86
f 1288/57/3 1285/51/86 1289/51/3
f 1292/51/77 1291/57/27 1290/51/27
f 1291/57/27 1292/51/77 1293/57/77
f 1290/51/27 1295/57/81 1294/51/81
f 1295/57/81 1290/51/27 1291/57/27
f 1296/57/80 1287/51/4 1286/57/4
f 1287/51/4 1296/57/80 1297/51/80
f 1299/51/40 1296/57/80 1298/57/40
f 1296/57/80 1299/51/40 1297/51/80
f 1289/51/3 1295/57/81 1288/57/3
f 1295/57/81 1289/51/3 1294/51/81
f 1292/51/77 1298/57/40 1293/57/77
f 1298/57/40 1292/51/77 1299/51/40
f 1294/51/15 1292/51/15 1290/51/15
f 1292/51/15 1294/51/15 1289/51/15
f 1292/51/15 1289/51/15 1299/51/15
f 1299/51/15 1289/51/15 1285/51/15
f 1299/51/15 1285/51/15 1297/51/15
f 1297/51/15 1285/51/15 1287/51/15
f 1293/57/32 1295/57/32 1291/57/32
f 1295/57/32 1293/57/32 1298/57/32
f 1295/57/32 1298/57/32 1288/57/32
f 1288/57/32 1298/57/32 1296/57/32
f 1288/57/32 1296/57/32 1284/57/32
f 1284/57/32 1296/57/32 1286/57/32
f 1302/57/4 1301/51/86 1300/57/86
f 1301/51/86 1302/57/4 1303/51/4
f 1301/51/86 1304/57/3 1300/57/86
f 1304/57/3 1301/51/86 1305/51/3
f 1308/51/77 1307/57/27 1306/51/27
f 1307/57/27 1308/51/77 1309/57/77
f 1306/51/27 1311/57/81 1310/51/81
f 1311/57/81 1306/51/27 1307/57/27
f 1312/57/80 1303/51/4 1302/57/4
f 1303/51/4 1312/57/80 1313/51/80
f 1315/51/40 1312/57/80 1314/57/40
f 1312/57/80 1315/51/40 1313/51/80
f 1305/51/3 1311/57/81 1304/57/3
f 1311/57/81 1305/51/3 1310/51/81
f 1308/51/77 1314/57/40 1309/57/77
f 1314/57/40 1308/51/77 1315/51/40
f 1310/51/15 1308/51/15 1306/51/15
f 1308/51/15 1310/51/15 1305/51/15
f 1308/51/15 1305/51/15 1315/51/15
f 1315/51/15 1305/51/15 1301/51/15
f 1315/51/15 1301/51/15 1313/51/15
f 1313/51/15 1301/51/15 1303/51/15
f 1309/57/32 1311/57/32 1307/57/32
f 1311/57/32 1309/57/32 1314/57/32
f 1311/57/32 1314/57/32 1304/57/32
f 1304/57/32 1314/57/32 1312/57/32
f 1304/57/32 1312/57/32 1300/57/32
f 1300/57/32 1312/57/32 1302/57/32
f 1318/57/152 1317/51/3 1316/51/152
f 1317/51/3 1318/57/152 1319/57/3
f 1322/57/153 1321/51/27 1320/57/27
f 1321/51/27 1322/57/153 1323/51/153
f 1319/57/3 1324/51/154 1317/51/3
f 1324/51/154 1319/57/3 1325/57/154
f 1320/57/27 1324/51/154 1325/57/154
f 1324/51/154 1320/57/27 1321/51/27
f 1322/57/153 1326/51/40 1323/51/153
f 1326/51/40 1322/57/153 1327/57/40
f 1327/57/40 1328/51/155 1326/51/40
f 1328/51/155 1327/57/40 1329/57/155
f 1328/51/155 1331/57/4 1330/51/4
f 1331/57/4 1328/51/155 1329/57/155
f 1330/51/4 1318/57/152 1316/51/152
f 1318/57/152 1330/51/4 1331/57/4
f 1334/57/32 1333/57/32 1332/57/32
f 1333/57/32 1334/57/32 1335/57/32
f 1338/51/156 1337/51/15 1336/51/15
f 1337/51/15 1338/51/156 1339/51/156
f 1337/51/40 1334/57/40 1332/57/40
f 1334/57/40 1337/51/40 1340/62/40
f 1340/62/40 1337/51/40 1339/51/40
f 1337/51/27 1333/57/27 1336/51/27
f 1333/57/27 1337/51/27 1332/57/27
f 1341/62/3 1333/57/3 1335/57/3
f 1333/57/3 1341/62/3 1336/51/3
f 1336/51/3 1341/62/3 1338/51/3
f 1334/57/4 1341/62/157 1335/57/4
f 1341/62/157 1334/57/4 1340/62/157
f 1340/62/157 1338/51/156 1341/62/157
f 1338/51/156 1340/62/157 1339/51/156
f 1344/57/4 1343/51/86 1342/57/86
f 1343/51/86 1344/57/4 1345/51/4
f 1343/51/86 1346/57/3 1342/57/86
f 1346/57/3 1343/51/86 1347/51/3
f 1350/51/77 1349/57/27 1348/51/27
f 1349/57/27 1350/51/77 1351/57/77
f 1348/51/27 1353/57/81 1352/51/81
f 1353/57/81 1348/51/27 1349/57/27
f 1354/57/80 1345/51/4 1344/57/4
f 1345/51/4 1354/57/80 1355/51/80
f 1357/51/40 1354/57/80 1356/57/40
f 1354/57/80 1357/51/40 1355/51/80
f 1347/51/3 1353/57/81 1346/57/3
f 1353/57/81 1347/51/3 1352/51/81
f 1350/51/77 1356/57/40 1351/57/77
f 1356/57/40 1350/51/77 1357/51/40
f 1352/51/15 1350/51/15 1348/51/15
f 1350/51/15 1352/51/15 1347/51/15
f 1350/51/15 1347/51/15 1357/51/15
f 1357/51/15 1347/51/15 1343/51/15
f 1357/51/15 1343/51/15 1355/51/15
f 1355/51/15 1343/51/15 1345/51/15
f 1351/57/32 1353/57/32 1349/57/32
f 1353/57/32 1351/57/32 1356/57/32
f 1353/57/32 1356/57/32 1346/57/32
f 1346/57/32 1356/57/32 1354/57/32
f 1346/57/32 1354/57/32 1342/57/32
f 1342/57/32 1354/57/32 1344/57/32
f 1360/57/4 1359/51/86 1358/57/86
f 1359/51/86 1360/57/4 1361/51/4
f 1359/51/86 1362/57/3 1358/57/86
f 1362/57/3 1359/51/86 1363/51/3
f 1366/51/77 1365/57/27 1364/51/27
f 1365/57/27 1366/51/77 1367/57/77
f 1364/51/27 1369/57/81 1368/51/81
f 1369/57/81 1364/51/27 1365/57/27
f 1370/57/80 1361/51/4 1360/57/4
f 1361/51/4 1370/57/80 1371/51/80
f 1373/51/40 1370/57/80 1372/57/40
f 1370/57/80 1373/51/40 1371/51/80
f 1363/51/3 1369/57/81 1362/57/3
f 1369/57/81 1363/51/3 1368/51/81
f 1366/51/77 1372/57/40 1367/57/77
f 1372/57/40 1366/51/77 1373/51/40
f 1368/51/15 1366/51/15 1364/51/15
f 1366/51/15 1368/51/15 1363/51/15
f 1366/51/15 1363/51/15 1373/51/15
f 1373/51/15 1363/51/15 1359/51/15
f 1373/51/15 1359/51/15 1371/51/15
f 1371/51/15 1359/51/15 1361/51/15
f 1367/57/32 1369/57/32 1365/57/32
f 1369/57/32 1367/57/32 1372/57/32
f 1369/57/32 1372/57/32 1362/57/32
f 1362/57/32 1372/57/32 1370/57/32
f 1362/57/32 1370/57/32 1358/57/32
f 1358/57/32 1370/57/32 1360/57/32
f 1376/31/40 1375/34/40 1374/34/40
f 1375/34/40 1376/31/40 1377/31/40
f 1376/31/27 1379/34/27 1378/63/27
f 1379/34/27 1376/31/27 1374/34/27
f 1375/34/4 1381/63/4 1380/34/4
f 1381/63/4 1375/34/4 1377/31/4
f 1381/63/3 1379/34/3 1380/34/3
f 1379/34/3 1381/63/3 1378/63/3
f 1375/34/32 1379/34/32 1374/34/32
f 1379/34/32 1375/34/32 1380/34/32
f 1384/63/3 1383/34/3 1382/34/3
f 1383/34/3 1384/63/3 1385/63/3
f 1387/34/32 1383/34/32 1386/34/32
f 1383/34/32 1387/34/32 1382/34/32
f 1388/31/27 1383/34/27 1385/63/27
f 1383/34/27 1388/31/27 1386/34/27
f 1387/34/4 1384/63/4 1382/34/4
f 1384/63/4 1387/34/4 1389/31/4
f 1388/31/40 1387/34/40 1386/34/40
f 1387/34/40 1388/31/40 1389/31/40
f 1390/65/37 318/64/37 319/64/37
f 318/64/37 1390/65/37 1391/65/37
f 339/66/32 341/66/32 337/66/32
f 341/66/32 339/66/32 346/66/32
f 341/66/32 346/66/32 344/66/32
f 341/66/32 344/66/32 340/66/32
f 340/66/32 344/66/32 351/66/32
f 340/66/32 351/66/32 350/66/32
f 1392/65/3 374/64/3 375/64/3
f 374/64/3 1392/65/3 1393/65/3
f 1396/65/2 483/64/2 1394/65/2
f 482/64/2 1394/65/2 483/64/2
f 1395/65/1 1394/65/1 481/64/1
f 482/64/1 481/64/1 1394/65/1
f 1397/65/13 490/64/13 491/64/13
f 490/64/13 1397/65/13 1398/65/13
f 1399/65/1 498/64/1 499/64/1
f 498/64/1 1399/65/1 1400/65/1
f 1401/65/1 506/64/1 507/64/1
f 506/64/1 1401/65/1 1402/65/1
f 1405/65/15 1404/65/15 1403/65/15
f 1404/65/15 1405/65/15 1406/65/15
f 1407/65/3 633/64/3 634/64/3
f 633/64/3 1407/65/3 1408/65/3
f 635/64/4 1407/65/4 634/64/4
f 1407/65/4 635/64/4 1409/65/4
f 1412/65/15 1411/65/15 1410/65/15
f 1411/65/15 1412/65/15 1413/65/15
f 1414/65/13 665/64/13 666/64/13
f 665/64/13 1414/65/13 1415/65/13
f 667/64/14 1414/65/14 666/64/14
f 1414/65/14 667/64/14 1416/65/14
f 1417/65/1 674/64/1 675/64/1
f 674/64/1 1417/65/1 1418/65/1
f 1421/65/2 687/64/2 1419/65/2
f 686/64/2 1419/65/2 687/64/2
f 1420/65/1 1419/65/1 685/64/1
f 686/64/1 685/64/1 1419/65/1
f 1423/65/13 1422/65/13 693/64/13
f 694/64/13 693/64/13 1422/65/13
f 1425/65/27 1018/64/27 1424/65/27
f 1018/64/27 1425/65/27 1017/64/27
f 1426/65/3 1005/64/3 1007/64/3
f 1005/64/3 1426/65/3 1009/67/3
f 1009/67/3 1426/65/3 1021/68/3
f 1021/68/3 1426/65/3 1020/68/3
f 1424/65/3 1020/68/3 1426/65/3
f 1424/65/3 1022/67/3 1020/68/3
f 1018/64/3 1022/67/3 1424/65/3
f 1022/67/3 1018/64/3 1019/64/3
f 1427/65/18 1122/64/18 1124/64/18
f 1122/64/18 1427/65/18 1123/67/18
f 1123/67/18 1427/65/18 1428/68/18
f 1137/68/18 1123/67/18 1428/68/18
f 1428/68/18 1427/65/18 1137/68/18
f 1137/68/18 1427/65/18 1136/68/18
f 1136/68/18 1427/65/18 1429/68/18
f 1430/65/18 1429/68/18 1427/65/18
f 1429/68/18 1141/67/18 1136/68/18
f 1430/65/18 1141/67/18 1429/68/18
f 1126/64/18 1141/67/18 1430/65/18
f 1141/67/18 1126/64/18 1127/64/18
f 1235/64/4 1431/65/4 1234/64/4
f 1431/65/4 1235/64/4 1432/65/4
f 1431/65/3 1232/64/3 1234/64/3
f 1232/64/3 1431/65/3 1239/67/3
f 1239/67/3 1431/65/3 1249/68/3
f 1249/68/3 1431/65/3 1247/68/3
f 1433/65/3 1247/68/3 1431/65/3
f 1433/65/3 1245/67/3 1247/68/3
f 1241/64/3 1245/67/3 1433/65/3
f 1245/67/3 1241/64/3 1243/64/3

usemtl colormap-specular

f 37/69/12 30/70/12 31/69/12
f 30/70/12 37/69/12 28/70/12
f 73/69/12 66/70/12 67/69/12
f 66/70/12 73/69/12 64/70/12
f 109/69/12 102/70/12 103/69/12
f 102/70/12 109/69/12 100/70/12
f 145/69/12 138/70/12 139/69/12
f 138/70/12 145/69/12 136/70/12
f 1026/72/3 1024/71/3 1025/71/3
f 1024/71/3 1026/72/3 1027/72/3
f 1070/74/16 1068/73/16 1075/73/16
f 1068/73/16 1070/74/16 1069/74/16
f 1108/74/17 1106/73/17 1113/73/17
f 1106/73/17 1108/74/17 1107/74/17

g building-q




usemtl colormap

f 6/2/2 5/1/2 3/2/2
f 1/1/2 3/2/2 5/1/2
f 4/2/1 3/2/1 2/1/1
f 1/1/1 2/1/1 3/2/1
f 9/2/3 8/1/3 7/1/3
f 8/1/3 9/2/3 10/2/3
f 11/1/4 9/2/4 7/1/4
f 9/2/4 11/1/4 12/2/4
f 15/2/1 14/1/1 13/1/1
f 14/1/1 15/2/1 16/2/1
f 17/1/5 15/2/5 13/1/5
f 15/2/5 17/1/5 18/2/5
f 21/3/6 20/4/6 19/3/6
f 20/4/6 21/3/6 22/4/6
f 24/5/7 20/4/7 23/4/7
f 20/4/7 24/5/7 19/3/7
f 21/3/8 25/4/8 22/4/8
f 25/4/8 21/3/8 26/5/8
f 25/4/9 24/5/9 23/4/9
f 24/5/9 25/4/9 26/5/9
f 29/6/10 28/7/10 27/6/10
f 28/7/10 29/6/10 30/7/10
f 30/7/7 32/9/7 31/8/7
f 32/9/7 30/7/7 33/10/7
f 33/10/7 30/7/7 34/11/7
f 34/11/7 30/7/7 35/12/7
f 35/12/7 30/7/7 36/13/7
f 36/13/7 30/7/7 29/6/7
f 31/8/11 38/9/11 37/8/11
f 38/9/11 31/8/11 32/9/11
f 38/9/8 28/7/8 37/8/8
f 28/7/8 38/9/8 39/10/8
f 28/7/8 39/10/8 40/11/8
f 28/7/8 40/11/8 41/12/8
f 28/7/8 41/12/8 42/13/8
f 28/7/8 42/13/8 27/6/8
f 42/13/12 43/14/12 27/6/12
f 27/6/12 43/14/12 29/6/12
f 44/14/12 29/6/12 43/14/12
f 44/14/12 36/13/12 29/6/12
f 35/12/12 42/13/12 36/13/12
f 44/14/12 35/12/12 36/13/12
f 42/13/12 35/12/12 41/12/12
f 41/12/12 43/14/12 42/13/12
f 44/14/12 34/11/12 35/12/12
f 40/11/12 43/14/12 41/12/12
f 44/14/12 33/10/12 34/11/12
f 33/10/12 40/11/12 34/11/12
f 44/14/12 32/9/12 33/10/12
f 40/11/12 33/10/12 39/10/12
f 39/10/12 43/14/12 40/11/12
f 32/9/12 44/14/12 45/15/12
f 38/9/12 43/14/12 39/10/12
f 45/15/12 38/9/12 32/9/12
f 38/9/12 46/15/12 43/14/12
f 46/15/12 38/9/12 45/15/12
f 26/5/12 48/15/12 47/14/12
f 26/5/12 47/14/12 49/16/12
f 21/3/12 48/15/12 26/5/12
f 48/15/12 21/3/12 50/17/12
f 50/17/12 21/3/12 51/17/12
f 19/3/12 51/17/12 21/3/12
f 51/17/12 19/3/12 52/15/12
f 26/5/12 49/16/12 24/5/12
f 52/15/12 19/3/12 24/5/12
f 53/16/12 24/5/12 49/16/12
f 52/15/12 24/5/12 54/14/12
f 54/14/12 24/5/12 53/16/12
f 57/3/6 56/4/6 55/3/6
f 56/4/6 57/3/6 58/4/6
f 60/5/7 56/4/7 59/4/7
f 56/4/7 60/5/7 55/3/7
f 57/3/8 61/4/8 58/4/8
f 61/4/8 57/3/8 62/5/8
f 61/4/9 60/5/9 59/4/9
f 60/5/9 61/4/9 62/5/9
f 65/6/10 64/7/10 63/6/10
f 64/7/10 65/6/10 66/7/10
f 66/7/7 68/9/7 67/8/7
f 68/9/7 66/7/7 69/10/7
f 69/10/7 66/7/7 70/11/7
f 70/11/7 66/7/7 71/12/7
f 71/12/7 66/7/7 72/13/7
f 72/13/7 66/7/7 65/6/7
f 67/8/11 74/9/11 73/8/11
f 74/9/11 67/8/11 68/9/11
f 74/9/8 64/7/8 73/8/8
f 64/7/8 74/9/8 75/10/8
f 64/7/8 75/10/8 76/11/8
f 64/7/8 76/11/8 77/12/8
f 64/7/8 77/12/8 78/13/8
f 64/7/8 78/13/8 63/6/8
f 78/13/12 79/14/12 63/6/12
f 63/6/12 79/14/12 65/6/12
f 80/14/12 65/6/12 79/14/12
f 80/14/12 72/13/12 65/6/12
f 71/12/12 78/13/12 72/13/12
f 80/14/12 71/12/12 72/13/12
f 78/13/12 71/12/12 77/12/12
f 77/12/12 79/14/12 78/13/12
f 80/14/12 70/11/12 71/12/12
f 76/11/12 79/14/12 77/12/12
f 80/14/12 69/10/12 70/11/12
f 69/10/12 76/11/12 70/11/12
f 80/14/12 68/9/12 69/10/12
f 76/11/12 69/10/12 75/10/12
f 75/10/12 79/14/12 76/11/12
f 68/9/12 80/14/12 81/15/12
f 74/9/12 79/14/12 75/10/12
f 81/15/12 74/9/12 68/9/12
f 74/9/12 82/15/12 79/14/12
f 82/15/12 74/9/12 81/15/12
f 62/5/12 84/15/12 83/14/12
f 62/5/12 83/14/12 85/16/12
f 57/3/12 84/15/12 62/5/12
f 84/15/12 57/3/12 86/17/12
f 86/17/12 57/3/12 87/17/12
f 55/3/12 87/17/12 57/3/12
f 87/17/12 55/3/12 88/15/12
f 62/5/12 85/16/12 60/5/12
f 88/15/12 55/3/12 60/5/12
f 89/16/12 60/5/12 85/16/12
f 88/15/12 60/5/12 90/14/12
f 90/14/12 60/5/12 89/16/12
f 93/3/6 92/4/6 91/3/6
f 92/4/6 93/3/6 94/4/6
f 96/5/7 92/4/7 95/4/7
f 92/4/7 96/5/7 91/3/7
f 93/3/8 97/4/8 94/4/8
f 97/4/8 93/3/8 98/5/8
f 97/4/9 96/5/9 95/4/9
f 96/5/9 97/4/9 98/5/9
f 101/6/10 100/7/10 99/6/10
f 100/7/10 101/6/10 102/7/10
f 102/7/7 104/9/7 103/8/7
f 104/9/7 102/7/7 105/10/7
f 105/10/7 102/7/7 106/11/7
f 106/11/7 102/7/7 107/12/7
f 107/12/7 102/7/7 108/13/7
f 108/13/7 102/7/7 101/6/7
f 103/8/11 110/9/11 109/8/11
f 110/9/11 103/8/11 104/9/11
f 110/9/8 100/7/8 109/8/8
f 100/7/8 110/9/8 111/10/8
f 100/7/8 111/10/8 112/11/8
f 100/7/8 112/11/8 113/12/8
f 100/7/8 113/12/8 114/13/8
f 100/7/8 114/13/8 99/6/8
f 114/13/12 115/14/12 99/6/12
f 99/6/12 115/14/12 101/6/12
f 116/14/12 101/6/12 115/14/12
f 116/14/12 108/13/12 101/6/12
f 107/12/12 114/13/12 108/13/12
f 116/14/12 107/12/12 108/13/12
f 114/13/12 107/12/12 113/12/12
f 113/12/12 115/14/12 114/13/12
f 116/14/12 106/11/12 107/12/12
f 112/11/12 115/14/12 113/12/12
f 116/14/12 105/10/12 106/11/12
f 105/10/12 112/11/12 106/11/12
f 116/14/12 104/9/12 105/10/12
f 112/11/12 105/10/12 111/10/12
f 111/10/12 115/14/12 112/11/12
f 104/9/12 116/14/12 117/15/12
f 110/9/12 115/14/12 111/10/12
f 117/15/12 110/9/12 104/9/12
f 110/9/12 118/15/12 115/14/12
f 118/15/12 110/9/12 117/15/12
f 98/5/12 120/15/12 119/14/12
f 98/5/12 119/14/12 121/16/12
f 93/3/12 120/15/12 98/5/12
f 120/15/12 93/3/12 122/17/12
f 122/17/12 93/3/12 123/17/12
f 91/3/12 123/17/12 93/3/12
f 123/17/12 91/3/12 124/15/12
f 98/5/12 121/16/12 96/5/12
f 124/15/12 91/3/12 96/5/12
f 125/16/12 96/5/12 121/16/12
f 124/15/12 96/5/12 126/14/12
f 126/14/12 96/5/12 125/16/12
f 129/3/6 128/4/6 127/3/6
f 128/4/6 129/3/6 130/4/6
f 132/5/7 128/4/7 131/4/7
f 128/4/7 132/5/7 127/3/7
f 129/3/8 133/4/8 130/4/8
f 133/4/8 129/3/8 134/5/8
f 133/4/9 132/5/9 131/4/9
f 132/5/9 133/4/9 134/5/9
f 137/6/10 136/7/10 135/6/10
f 136/7/10 137/6/10 138/7/10
f 138/7/7 140/9/7 139/8/7
f 140/9/7 138/7/7 141/10/7
f 141/10/7 138/7/7 142/11/7
f 142/11/7 138/7/7 143/12/7
f 143/12/7 138/7/7 144/13/7
f 144/13/7 138/7/7 137/6/7
f 139/8/11 146/9/11 145/8/11
f 146/9/11 139/8/11 140/9/11
f 146/9/8 136/7/8 145/8/8
f 136/7/8 146/9/8 147/10/8
f 136/7/8 147/10/8 148/11/8
f 136/7/8 148/11/8 149/12/8
f 136/7/8 149/12/8 150/13/8
f 136/7/8 150/13/8 135/6/8
f 150/13/12 151/14/12 135/6/12
f 135/6/12 151/14/12 137/6/12
f 152/14/12 137/6/12 151/14/12
f 152/14/12 144/13/12 137/6/12
f 143/12/12 150/13/12 144/13/12
f 152/14/12 143/12/12 144/13/12
f 150/13/12 143/12/12 149/12/12
f 149/12/12 151/14/12 150/13/12
f 152/14/12 142/11/12 143/12/12
f 148/11/12 151/14/12 149/12/12
f 152/14/12 141/10/12 142/11/12
f 141/10/12 148/11/12 142/11/12
f 152/14/12 140/9/12 141/10/12
f 148/11/12 141/10/12 147/10/12
f 147/10/12 151/14/12 148/11/12
f 140/9/12 152/14/12 153/15/12
f 146/9/12 151/14/12 147/10/12
f 153/15/12 146/9/12 140/9/12
f 146/9/12 154/15/12 151/14/12
f 154/15/12 146/9/12 153/15/12
f 134/5/12 156/15/12 155/14/12
f 134/5/12 155/14/12 157/16/12
f 129/3/12 156/15/12 134/5/12
f 156/15/12 129/3/12 158/17/12
f 158/17/12 129/3/12 159/17/12
f 127/3/12 159/17/12 129/3/12
f 159/17/12 127/3/12 160/15/12
f 134/5/12 157/16/12 132/5/12
f 160/15/12 127/3/12 132/5/12
f 161/16/12 132/5/12 157/16/12
f 160/15/12 132/5/12 162/14/12
f 162/14/12 132/5/12 161/16/12
f 165/2/13 164/1/13 163/1/13
f 164/1/13 165/2/13 166/2/13
f 167/1/14 165/2/14 163/1/14
f 165/2/14 167/1/14 168/2/14
f 171/18/15 170/18/15 169/18/15
f 170/18/15 171/18/15 172/18/15
f 175/18/15 174/18/15 173/18/15
f 174/18/15 175/18/15 176/18/15
f 179/18/15 178/18/15 177/18/15
f 178/18/15 179/18/15 180/18/15
f 183/18/15 182/18/15 181/18/15
f 182/18/15 183/18/15 184/18/15
f 187/18/15 186/18/15 185/18/15
f 186/18/15 187/18/15 188/18/15
f 191/18/15 190/18/15 189/18/15
f 190/18/15 191/18/15 192/18/15
f 195/18/15 194/18/15 193/18/15
f 194/18/15 195/18/15 196/18/15
f 199/18/15 198/18/15 197/18/15
f 198/18/15 199/18/15 200/18/15
f 203/18/15 202/18/15 201/18/15
f 202/18/15 203/18/15 204/18/15
f 207/18/15 206/18/15 205/18/15
f 206/18/15 207/18/15 208/18/15
f 211/18/15 210/18/15 209/18/15
f 210/18/15 211/18/15 212/18/15
f 215/18/15 214/18/15 213/18/15
f 214/18/15 215/18/15 216/18/15
f 219/18/15 218/18/15 217/18/15
f 218/18/15 219/18/15 220/18/15
f 223/18/15 222/18/15 221/18/15
f 222/18/15 223/18/15 224/18/15
f 227/18/15 226/18/15 225/18/15
f 226/18/15 227/18/15 228/18/15
f 231/19/3 230/20/3 229/19/3
f 230/20/3 231/19/3 232/21/3
f 233/20/3 229/19/3 230/20/3
f 229/19/3 233/20/3 234/21/3
f 230/20/3 232/21/3 235/22/3
f 234/21/3 233/20/3 236/22/3
f 237/23/3 236/22/3 235/22/3
f 235/22/3 232/21/3 237/23/3
f 236/22/3 237/23/3 238/23/3
f 234/21/3 236/22/3 238/23/3
f 237/23/3 232/21/3 239/18/3
f 234/21/3 238/23/3 240/18/3
f 239/18/3 232/21/3 240/18/3
f 234/21/3 240/18/3 232/21/3
f 243/2/16 242/22/16 241/24/16
f 243/2/16 241/24/16 244/25/16
f 245/1/16 242/22/16 243/2/16
f 242/22/16 245/1/16 246/26/16
f 246/26/16 245/1/16 247/26/16
f 248/1/16 247/26/16 245/1/16
f 247/26/16 248/1/16 249/22/16
f 243/2/16 244/25/16 250/2/16
f 249/22/16 248/1/16 250/2/16
f 251/25/16 250/2/16 244/25/16
f 249/22/16 250/2/16 252/24/16
f 252/24/16 250/2/16 251/25/16
f 255/2/17 254/22/17 253/24/17
f 255/2/17 253/24/17 256/25/17
f 257/1/17 254/22/17 255/2/17
f 254/22/17 257/1/17 258/26/17
f 258/26/17 257/1/17 259/26/17
f 260/1/17 259/26/17 257/1/17
f 259/26/17 260/1/17 261/22/17
f 255/2/17 256/25/17 262/2/17
f 261/22/17 260/1/17 262/2/17
f 263/25/17 262/2/17 256/25/17
f 261/22/17 262/2/17 264/24/17
f 264/24/17 262/2/17 263/25/17
f 267/21/18 266/19/18 265/19/18
f 266/19/18 267/21/18 268/21/18
f 271/19/3 270/2/3 269/2/3
f 270/2/3 271/19/3 272/19/3
f 275/29/4 274/28/20 273/27/19
f 274/28/20 275/29/4 276/2/4
f 279/30/23 278/19/22 277/19/21
f 278/19/22 279/30/23 280/30/24
f 280/30/24 281/27/25 278/19/22
f 281/27/25 280/30/24 282/28/26
f 283/2/27 281/27/25 282/28/26
f 281/27/25 283/2/27 284/29/27
f 273/27/19 279/30/23 277/19/21
f 279/30/23 273/27/19 274/28/20
f 280/30/28 283/2/28 282/28/28
f 283/2/28 280/30/28 276/2/28
f 276/2/28 280/30/28 279/30/28
f 276/2/28 279/30/28 274/28/28
f 275/29/29 281/27/29 284/29/29
f 281/27/29 275/29/29 278/19/29
f 278/19/29 275/29/29 277/19/29
f 277/19/29 275/29/29 273/27/29
f 292/32/15 290/32/15 5/32/15
f 5/32/15 290/32/15 1/32/15
f 290/32/15 287/32/15 1/32/15
f 287/32/15 288/32/15 1/32/15
f 2/32/15 1/32/15 288/32/15
f 289/31/32 291/31/32 285/31/32
f 285/31/32 291/31/32 286/31/32
f 293/31/32 286/31/32 291/31/32
f 287/32/30 290/32/31 285/31/30
f 289/31/31 285/31/30 290/32/31
f 292/32/2 291/31/2 290/32/31
f 289/31/31 290/32/31 291/31/2
f 288/32/1 287/32/30 286/31/1
f 285/31/30 286/31/1 287/32/30
f 296/32/33 295/31/3 294/31/33
f 295/31/3 296/32/33 297/32/3
f 300/31/4 299/32/34 298/31/34
f 299/32/34 300/31/4 301/32/4
f 299/32/34 294/31/33 298/31/34
f 294/31/33 299/32/34 296/32/33
f 300/31/32 295/31/32 302/31/32
f 295/31/32 300/31/32 294/31/32
f 294/31/32 300/31/32 298/31/32
f 296/32/15 8/32/15 297/32/15
f 8/32/15 296/32/15 7/32/15
f 7/32/15 296/32/15 299/32/15
f 7/32/15 299/32/15 11/32/15
f 11/32/15 299/32/15 301/32/15
f 305/32/35 304/31/1 303/31/35
f 304/31/1 305/32/35 306/32/1
f 309/31/5 308/32/36 307/31/36
f 308/32/36 309/31/5 310/32/5
f 308/32/36 303/31/35 307/31/36
f 303/31/35 308/32/36 305/32/35
f 309/31/32 304/31/32 311/31/32
f 304/31/32 309/31/32 303/31/32
f 303/31/32 309/31/32 307/31/32
f 305/32/15 14/32/15 306/32/15
f 14/32/15 305/32/15 13/32/15
f 13/32/15 305/32/15 308/32/15
f 13/32/15 308/32/15 17/32/15
f 17/32/15 308/32/15 310/32/15
f 314/31/32 313/31/32 312/31/32
f 313/31/32 314/31/32 315/31/32
f 316/32/37 312/31/37 313/31/37
f 312/31/37 316/32/37 317/32/37
f 316/32/15 318/32/15 317/32/15
f 318/32/15 316/32/15 319/32/15
f 322/33/27 321/34/27 320/33/27
f 321/34/27 322/33/27 323/34/27
f 324/35/27 323/34/27 322/33/27
f 324/35/27 325/36/27 323/34/27
f 324/35/27 326/33/27 325/36/27
f 326/33/27 324/35/27 327/35/27
f 329/36/39 326/33/38 328/33/38
f 326/33/38 329/36/39 325/36/39
f 330/33/32 322/33/32 320/33/32
f 322/33/32 330/33/32 331/33/32
f 333/35/4 328/33/4 332/35/4
f 328/33/4 333/35/4 329/36/4
f 329/36/4 333/35/4 334/34/4
f 334/34/4 333/35/4 331/33/4
f 334/34/4 331/33/4 330/33/4
f 334/34/4 330/33/4 335/34/4
f 328/33/38 327/35/3 332/35/3
f 327/35/3 328/33/38 326/33/38
f 322/33/40 333/35/40 324/35/40
f 333/35/40 322/33/40 331/33/40
f 334/34/41 321/34/15 323/34/41
f 321/34/15 334/34/41 335/34/15
f 325/36/39 334/34/41 323/34/41
f 334/34/41 325/36/39 329/36/39
f 338/35/44 337/31/43 336/35/42
f 337/31/43 338/35/44 339/31/45
f 342/35/48 341/31/47 340/31/46
f 341/31/47 342/35/48 343/35/49
f 346/31/52 345/35/51 344/31/50
f 345/35/51 346/31/52 347/35/53
f 350/31/56 349/35/55 348/35/54
f 349/35/55 350/31/56 351/31/57
f 340/31/46 348/35/54 342/35/48
f 348/35/54 340/31/46 350/31/56
f 343/35/49 337/31/43 341/31/47
f 337/31/43 343/35/49 336/35/42
f 347/35/53 339/31/45 338/35/44
f 339/31/45 347/35/53 346/31/52
f 344/31/50 349/35/55 351/31/57
f 349/35/55 344/31/50 345/35/51
f 345/35/15 348/35/15 349/35/15
f 333/35/15 348/35/15 345/35/15
f 347/35/15 333/35/15 345/35/15
f 332/35/15 348/35/15 333/35/15
f 332/35/15 342/35/15 348/35/15
f 332/35/15 343/35/15 342/35/15
f 327/35/15 343/35/15 332/35/15
f 324/35/15 343/35/15 327/35/15
f 347/35/15 324/35/15 333/35/15
f 343/35/15 324/35/15 336/35/15
f 347/35/15 336/35/15 324/35/15
f 336/35/15 347/35/15 338/35/15
f 355/34/15 353/34/15 363/34/15
f 353/34/15 358/34/15 363/34/15
f 363/34/15 358/34/15 362/34/15
f 358/34/15 359/34/15 362/34/15
f 362/34/15 359/34/15 366/34/15
f 364/34/15 366/34/15 359/34/15
f 365/31/34 364/34/34 357/31/33
f 359/34/33 357/31/33 364/34/34
f 360/31/50 362/34/50 367/31/55
f 366/34/55 367/31/55 362/34/50
f 363/34/52 361/31/52 355/34/59
f 354/31/59 355/34/59 361/31/52
f 353/34/58 352/31/58 358/34/60
f 356/31/60 358/34/60 352/31/58
f 367/31/55 366/34/55 365/31/34
f 364/34/34 365/31/34 366/34/55
f 363/34/52 362/34/50 361/31/52
f 360/31/50 361/31/52 362/34/50
f 359/34/33 358/34/60 357/31/33
f 356/31/60 357/31/33 358/34/60
f 355/34/59 354/31/59 353/34/58
f 352/31/58 353/34/58 354/31/59
f 370/31/32 369/31/32 368/31/32
f 369/31/32 370/31/32 371/31/32
f 372/32/3 368/31/3 369/31/3
f 368/31/3 372/32/3 373/32/3
f 372/32/15 374/32/15 373/32/15
f 374/32/15 372/32/15 375/32/15
f 377/31/32 376/31/32 390/37/64
f 386/37/64 390/37/64 376/31/32
f 387/39/4 388/38/63 391/39/4
f 389/38/63 391/39/4 388/38/63
f 386/37/64 387/39/4 390/37/64
f 391/39/4 390/37/64 387/39/4
f 380/34/3 382/38/3 389/38/3
f 389/38/3 382/38/3 391/39/3
f 382/38/3 384/39/3 391/39/3
f 391/39/3 384/39/3 390/37/3
f 384/39/3 379/37/3 390/37/3
f 377/31/3 390/37/3 379/37/3
f 381/34/15 380/34/15 388/38/63
f 389/38/63 388/38/63 380/34/15
f 381/34/40 388/38/40 383/38/40
f 383/38/40 388/38/40 385/39/40
f 388/38/40 387/39/40 385/39/40
f 385/39/40 387/39/40 378/37/40
f 387/39/40 386/37/40 378/37/40
f 376/31/40 378/37/40 386/37/40
f 378/37/61 379/37/61 385/39/27
f 384/39/27 385/39/27 379/37/61
f 385/39/27 384/39/27 383/38/62
f 382/38/62 383/38/62 384/39/27
f 383/38/62 382/38/62 381/34/15
f 380/34/15 381/34/15 382/38/62
f 379/37/61 378/37/61 377/31/32
f 376/31/32 377/31/32 378/37/61
f 395/34/15 393/34/15 403/34/15
f 393/34/15 398/34/15 403/34/15
f 403/34/15 398/34/15 402/34/15
f 398/34/15 399/34/15 402/34/15
f 402/34/15 399/34/15 406/34/15
f 404/34/15 406/34/15 399/34/15
f 405/31/34 404/34/34 397/31/33
f 399/34/33 397/31/33 404/34/34
f 400/31/50 402/34/50 407/31/55
f 406/34/55 407/31/55 402/34/50
f 403/34/52 401/31/52 395/34/59
f 394/31/59 395/34/59 401/31/52
f 393/34/58 392/31/58 398/34/60
f 396/31/60 398/34/60 392/31/58
f 407/31/55 406/34/55 405/31/34
f 404/34/34 405/31/34 406/34/55
f 403/34/52 402/34/50 401/31/52
f 400/31/50 401/31/52 402/34/50
f 399/34/33 398/34/60 397/31/33
f 396/31/60 397/31/33 398/34/60
f 395/34/59 394/31/59 393/34/58
f 392/31/58 393/34/58 394/31/59
f 416/37/64 417/39/4 420/37/64
f 422/39/4 420/37/64 417/39/4
f 414/37/61 415/37/61 418/39/27
f 421/39/27 418/39/27 415/37/61
f 417/39/4 409/38/63 422/39/4
f 408/38/63 422/39/4 409/38/63
f 418/39/27 421/39/27 419/38/62
f 423/38/62 419/38/62 421/39/27
f 419/38/62 423/38/62 411/34/15
f 410/34/15 411/34/15 423/38/62
f 410/34/3 423/38/3 408/38/3
f 408/38/3 423/38/3 422/39/3
f 423/38/3 421/39/3 422/39/3
f 422/39/3 421/39/3 420/37/3
f 421/39/3 415/37/3 420/37/3
f 413/31/3 420/37/3 415/37/3
f 413/31/32 412/31/32 420/37/64
f 416/37/64 420/37/64 412/31/32
f 411/34/40 409/38/40 419/38/40
f 419/38/40 409/38/40 418/39/40
f 409/38/40 417/39/40 418/39/40
f 418/39/40 417/39/40 414/37/40
f 417/39/40 416/37/40 414/37/40
f 412/31/40 414/37/40 416/37/40
f 415/37/61 414/37/61 413/31/32
f 412/31/32 413/31/32 414/37/61
f 411/34/15 410/34/15 409/38/63
f 408/38/63 409/38/63 410/34/15
f 426/39/4 429/38/63 424/39/4
f 428/38/63 424/39/4 429/38/63
f 439/38/62 438/38/62 431/34/15
f 430/34/15 431/34/15 438/38/62
f 437/39/27 436/39/27 439/38/62
f 438/38/62 439/38/62 436/39/27
f 434/37/61 435/37/61 437/39/27
f 436/39/27 437/39/27 435/37/61
f 433/31/32 432/31/32 425/37/64
f 427/37/64 425/37/64 432/31/32
f 435/37/61 434/37/61 433/31/32
f 432/31/32 433/31/32 434/37/61
f 431/34/15 430/34/15 429/38/63
f 428/38/63 429/38/63 430/34/15
f 427/37/64 426/39/4 425/37/64
f 424/39/4 425/37/64 426/39/4
f 449/34/15 448/34/15 442/38/63
f 440/38/63 442/38/63 448/34/15
f 455/31/32 454/31/32 452/37/64
f 453/37/64 452/37/64 454/31/32
f 445/39/27 444/39/27 451/38/62
f 450/38/62 451/38/62 444/39/27
f 446/37/61 447/37/61 455/31/32
f 454/31/32 455/31/32 447/37/61
f 453/37/64 443/39/4 452/37/64
f 441/39/4 452/37/64 443/39/4
f 451/38/62 450/38/62 449/34/15
f 448/34/15 449/34/15 450/38/62
f 447/37/61 446/37/61 445/39/27
f 444/39/27 445/39/27 446/37/61
f 443/39/4 442/38/63 441/39/4
f 440/38/63 441/39/4 442/38/63
f 459/34/15 457/34/15 467/34/15
f 457/34/15 462/34/15 467/34/15
f 467/34/15 462/34/15 466/34/15
f 462/34/15 463/34/15 466/34/15
f 466/34/15 463/34/15 470/34/15
f 468/34/15 470/34/15 463/34/15
f 469/31/34 468/34/34 461/31/33
f 463/34/33 461/31/33 468/34/34
f 464/31/50 466/34/50 471/31/55
f 470/34/55 471/31/55 466/34/50
f 467/34/52 465/31/52 459/34/59
f 458/31/59 459/34/59 465/31/52
f 457/34/58 456/31/58 462/34/60
f 460/31/60 462/34/60 456/31/58
f 471/31/55 470/34/55 469/31/34
f 468/34/34 469/31/34 470/34/55
f 467/34/52 466/34/50 465/31/52
f 464/31/50 465/31/52 466/34/50
f 463/34/33 462/34/60 461/31/33
f 460/31/60 461/31/33 462/34/60
f 459/34/59 458/31/59 457/34/58
f 456/31/58 457/34/58 458/31/59
f 479/32/15 477/32/15 483/32/15
f 483/32/15 477/32/15 482/32/15
f 477/32/15 474/32/15 482/32/15
f 482/32/15 474/32/15 481/32/15
f 475/32/15 481/32/15 474/32/15
f 476/31/32 478/31/32 472/31/32
f 472/31/32 478/31/32 473/31/32
f 480/31/32 473/31/32 478/31/32
f 474/32/30 477/32/31 472/31/30
f 476/31/31 472/31/30 477/32/31
f 479/32/2 478/31/2 477/32/31
f 476/31/31 477/32/31 478/31/2
f 475/32/1 474/32/30 473/31/1
f 472/31/30 473/31/1 474/32/30
f 486/31/32 485/31/32 484/31/32
f 485/31/32 486/31/32 487/31/32
f 488/32/13 484/31/13 485/31/13
f 484/31/13 488/32/13 489/32/13
f 488/32/15 490/32/15 489/32/15
f 490/32/15 488/32/15 491/32/15
f 494/31/32 493/31/32 492/31/32
f 493/31/32 494/31/32 495/31/32
f 496/32/1 492/31/1 493/31/1
f 492/31/1 496/32/1 497/32/1
f 496/32/15 498/32/15 497/32/15
f 498/32/15 496/32/15 499/32/15
f 502/31/32 501/31/32 500/31/32
f 501/31/32 502/31/32 503/31/32
f 504/32/1 500/31/1 501/31/1
f 500/31/1 504/32/1 505/32/1
f 504/32/15 506/32/15 505/32/15
f 506/32/15 504/32/15 507/32/15
f 510/31/32 509/31/32 508/31/32
f 509/31/32 510/31/32 511/31/32
f 514/40/15 513/40/15 512/40/15
f 515/40/15 513/40/15 514/40/15
f 25/40/15 513/40/15 515/40/15
f 516/40/15 25/40/15 515/40/15
f 23/40/15 513/40/15 25/40/15
f 516/40/15 22/40/15 25/40/15
f 20/40/15 513/40/15 23/40/15
f 516/40/15 20/40/15 22/40/15
f 513/40/15 20/40/15 517/40/15
f 516/40/15 517/40/15 20/40/15
f 518/40/15 517/40/15 516/40/15
f 517/40/15 518/40/15 519/40/15
f 521/31/58 512/40/59 520/31/59
f 512/40/59 521/31/58 514/40/58
f 512/40/59 522/31/52 520/31/59
f 522/31/52 512/40/59 513/40/52
f 513/40/52 523/31/50 522/31/52
f 523/31/50 513/40/52 517/40/50
f 525/31/33 515/40/60 524/31/60
f 515/40/60 525/31/33 516/40/33
f 524/31/60 514/40/58 521/31/58
f 514/40/58 524/31/60 515/40/60
f 518/40/34 526/31/55 519/40/55
f 526/31/55 518/40/34 527/31/34
f 516/40/33 527/31/34 518/40/34
f 527/31/34 516/40/33 525/31/33
f 517/40/50 526/31/55 523/31/50
f 526/31/55 517/40/50 519/40/55
f 528/43/8 43/42/8 46/41/8
f 43/42/8 528/43/8 529/44/8
f 46/41/11 530/43/11 528/43/11
f 530/43/11 46/41/11 45/41/11
f 44/42/7 530/43/7 45/41/7
f 530/43/7 44/42/7 531/44/7
f 531/44/10 43/42/10 529/44/10
f 43/42/10 531/44/10 44/42/10
f 533/45/66 51/46/65 532/45/65
f 51/46/65 533/45/66 50/46/66
f 54/42/68 534/43/67 52/41/67
f 534/43/67 54/42/68 535/44/68
f 49/47/70 536/34/69 53/47/69
f 536/34/69 49/47/70 537/34/70
f 538/43/71 47/42/72 48/41/71
f 47/42/72 538/43/71 539/44/72
f 52/41/67 532/45/65 51/46/65
f 532/45/65 52/41/67 534/43/67
f 539/44/72 49/47/70 47/42/72
f 49/47/70 539/44/72 537/34/70
f 53/47/69 535/44/68 54/42/68
f 535/44/68 53/47/69 536/34/69
f 533/45/66 48/41/71 50/46/66
f 48/41/71 533/45/66 538/43/71
f 534/43/12 533/45/12 532/45/12
f 533/45/12 534/43/12 528/43/12
f 533/45/12 528/43/12 538/43/12
f 530/43/12 538/43/12 528/43/12
f 528/43/12 534/43/12 529/44/12
f 529/44/12 534/43/12 535/44/12
f 538/43/12 530/43/12 539/44/12
f 529/44/12 535/44/12 536/34/12
f 539/44/12 536/34/12 537/34/12
f 539/44/12 530/43/12 531/44/12
f 529/44/12 536/34/12 531/44/12
f 531/44/12 536/34/12 539/44/12
f 542/40/15 541/40/15 540/40/15
f 543/40/15 541/40/15 542/40/15
f 61/40/15 541/40/15 543/40/15
f 544/40/15 61/40/15 543/40/15
f 59/40/15 541/40/15 61/40/15
f 544/40/15 58/40/15 61/40/15
f 56/40/15 541/40/15 59/40/15
f 544/40/15 56/40/15 58/40/15
f 541/40/15 56/40/15 545/40/15
f 544/40/15 545/40/15 56/40/15
f 546/40/15 545/40/15 544/40/15
f 545/40/15 546/40/15 547/40/15
f 549/31/58 540/40/59 548/31/59
f 540/40/59 549/31/58 542/40/58
f 540/40/59 550/31/52 548/31/59
f 550/31/52 540/40/59 541/40/52
f 541/40/52 551/31/50 550/31/52
f 551/31/50 541/40/52 545/40/50
f 553/31/33 543/40/60 552/31/60
f 543/40/60 553/31/33 544/40/33
f 552/31/60 542/40/58 549/31/58
f 542/40/58 552/31/60 543/40/60
f 546/40/34 554/31/55 547/40/55
f 554/31/55 546/40/34 555/31/34
f 544/40/33 555/31/34 546/40/34
f 555/31/34 544/40/33 553/31/33
f 545/40/50 554/31/55 551/31/50
f 554/31/55 545/40/50 547/40/55
f 556/43/8 79/42/8 82/41/8
f 79/42/8 556/43/8 557/44/8
f 82/41/11 558/43/11 556/43/11
f 558/43/11 82/41/11 81/41/11
f 80/42/7 558/43/7 81/41/7
f 558/43/7 80/42/7 559/44/7
f 559/44/10 79/42/10 557/44/10
f 79/42/10 559/44/10 80/42/10
f 561/45/66 87/46/65 560/45/65
f 87/46/65 561/45/66 86/46/66
f 90/42/68 562/43/67 88/41/67
f 562/43/67 90/42/68 563/44/68
f 85/47/70 564/34/69 89/47/69
f 564/34/69 85/47/70 565/34/70
f 566/43/71 83/42/72 84/41/71
f 83/42/72 566/43/71 567/44/72
f 88/41/67 560/45/65 87/46/65
f 560/45/65 88/41/67 562/43/67
f 567/44/72 85/47/70 83/42/72
f 85/47/70 567/44/72 565/34/70
f 89/47/69 563/44/68 90/42/68
f 563/44/68 89/47/69 564/34/69
f 561/45/66 84/41/71 86/46/66
f 84/41/71 561/45/66 566/43/71
f 562/43/12 561/45/12 560/45/12
f 561/45/12 562/43/12 556/43/12
f 561/45/12 556/43/12 566/43/12
f 558/43/12 566/43/12 556/43/12
f 556/43/12 562/43/12 557/44/12
f 557/44/12 562/43/12 563/44/12
f 566/43/12 558/43/12 567/44/12
f 557/44/12 563/44/12 564/34/12
f 567/44/12 564/34/12 565/34/12
f 567/44/12 558/43/12 559/44/12
f 557/44/12 564/34/12 559/44/12
f 559/44/12 564/34/12 567/44/12
f 570/40/15 569/40/15 568/40/15
f 571/40/15 569/40/15 570/40/15
f 97/40/15 569/40/15 571/40/15
f 572/40/15 97/40/15 571/40/15
f 95/40/15 569/40/15 97/40/15
f 572/40/15 94/40/15 97/40/15
f 92/40/15 569/40/15 95/40/15
f 572/40/15 92/40/15 94/40/15
f 569/40/15 92/40/15 573/40/15
f 572/40/15 573/40/15 92/40/15
f 574/40/15 573/40/15 572/40/15
f 573/40/15 574/40/15 575/40/15
f 577/31/58 568/40/59 576/31/59
f 568/40/59 577/31/58 570/40/58
f 568/40/59 578/31/52 576/31/59
f 578/31/52 568/40/59 569/40/52
f 569/40/52 579/31/50 578/31/52
f 579/31/50 569/40/52 573/40/50
f 581/31/33 571/40/60 580/31/60
f 571/40/60 581/31/33 572/40/33
f 580/31/60 570/40/58 577/31/58
f 570/40/58 580/31/60 571/40/60
f 574/40/34 582/31/55 575/40/55
f 582/31/55 574/40/34 583/31/34
f 572/40/33 583/31/34 574/40/34
f 583/31/34 572/40/33 581/31/33
f 573/40/50 582/31/55 579/31/50
f 582/31/55 573/40/50 575/40/55
f 584/43/8 115/42/8 118/41/8
f 115/42/8 584/43/8 585/44/8
f 118/41/11 586/43/11 584/43/11
f 586/43/11 118/41/11 117/41/11
f 116/42/7 586/43/7 117/41/7
f 586/43/7 116/42/7 587/44/7
f 587/44/10 115/42/10 585/44/10
f 115/42/10 587/44/10 116/42/10
f 589/45/66 123/46/65 588/45/65
f 123/46/65 589/45/66 122/46/66
f 126/42/68 590/43/67 124/41/67
f 590/43/67 126/42/68 591/44/68
f 121/47/70 592/34/69 125/47/69
f 592/34/69 121/47/70 593/34/70
f 594/43/71 119/42/72 120/41/71
f 119/42/72 594/43/71 595/44/72
f 124/41/67 588/45/65 123/46/65
f 588/45/65 124/41/67 590/43/67
f 595/44/72 121/47/70 119/42/72
f 121/47/70 595/44/72 593/34/70
f 125/47/69 591/44/68 126/42/68
f 591/44/68 125/47/69 592/34/69
f 589/45/66 120/41/71 122/46/66
f 120/41/71 589/45/66 594/43/71
f 590/43/12 589/45/12 588/45/12
f 589/45/12 590/43/12 584/43/12
f 589/45/12 584/43/12 594/43/12
f 586/43/12 594/43/12 584/43/12
f 584/43/12 590/43/12 585/44/12
f 585/44/12 590/43/12 591/44/12
f 594/43/12 586/43/12 595/44/12
f 585/44/12 591/44/12 592/34/12
f 595/44/12 592/34/12 593/34/12
f 595/44/12 586/43/12 587/44/12
f 585/44/12 592/34/12 587/44/12
f 587/44/12 592/34/12 595/44/12
f 598/40/15 597/40/15 596/40/15
f 599/40/15 597/40/15 598/40/15
f 133/40/15 597/40/15 599/40/15
f 600/40/15 133/40/15 599/40/15
f 131/40/15 597/40/15 133/40/15
f 600/40/15 130/40/15 133/40/15
f 128/40/15 597/40/15 131/40/15
f 600/40/15 128/40/15 130/40/15
f 597/40/15 128/40/15 601/40/15
f 600/40/15 601/40/15 128/40/15
f 602/40/15 601/40/15 600/40/15
f 601/40/15 602/40/15 603/40/15
f 605/31/58 596/40/59 604/31/59
f 596/40/59 605/31/58 598/40/58
f 596/40/59 606/31/52 604/31/59
f 606/31/52 596/40/59 597/40/52
f 597/40/52 607/31/50 606/31/52
f 607/31/50 597/40/52 601/40/50
f 609/31/33 599/40/60 608/31/60
f 599/40/60 609/31/33 600/40/33
f 608/31/60 598/40/58 605/31/58
f 598/40/58 608/31/60 599/40/60
f 602/40/34 610/31/55 603/40/55
f 610/31/55 602/40/34 611/31/34
f 600/40/33 611/31/34 602/40/34
f 611/31/34 600/40/33 609/31/33
f 601/40/50 610/31/55 607/31/50
f 610/31/55 601/40/50 603/40/55
f 612/43/8 151/42/8 154/41/8
f 151/42/8 612/43/8 613/44/8
f 154/41/11 614/43/11 612/43/11
f 614/43/11 154/41/11 153/41/11
f 152/42/7 614/43/7 153/41/7
f 614/43/7 152/42/7 615/44/7
f 615/44/10 151/42/10 613/44/10
f 151/42/10 615/44/10 152/42/10
f 617/45/66 159/46/65 616/45/65
f 159/46/65 617/45/66 158/46/66
f 162/42/68 618/43/67 160/41/67
f 618/43/67 162/42/68 619/44/68
f 157/47/70 620/34/69 161/47/69
f 620/34/69 157/47/70 621/34/70
f 622/43/71 155/42/72 156/41/71
f 155/42/72 622/43/71 623/44/72
f 160/41/67 616/45/65 159/46/65
f 616/45/65 160/41/67 618/43/67
f 623/44/72 157/47/70 155/42/72
f 157/47/70 623/44/72 621/34/70
f 161/47/69 619/44/68 162/42/68
f 619/44/68 161/47/69 620/34/69
f 617/45/66 156/41/71 158/46/66
f 156/41/71 617/45/66 622/43/71
f 618/43/12 617/45/12 616/45/12
f 617/45/12 618/43/12 612/43/12
f 617/45/12 612/43/12 622/43/12
f 614/43/12 622/43/12 612/43/12
f 612/43/12 618/43/12 613/44/12
f 613/44/12 618/43/12 619/44/12
f 622/43/12 614/43/12 623/44/12
f 613/44/12 619/44/12 620/34/12
f 623/44/12 620/34/12 621/34/12
f 623/44/12 614/43/12 615/44/12
f 613/44/12 620/34/12 615/44/12
f 615/44/12 620/34/12 623/44/12
f 626/32/33 625/31/3 624/31/33
f 625/31/3 626/32/33 627/32/3
f 630/31/4 629/32/34 628/31/34
f 629/32/34 630/31/4 631/32/4
f 629/32/34 624/31/33 628/31/34
f 624/31/33 629/32/34 626/32/33
f 630/31/32 625/31/32 632/31/32
f 625/31/32 630/31/32 624/31/32
f 624/31/32 630/31/32 628/31/32
f 626/32/15 633/32/15 627/32/15
f 633/32/15 626/32/15 634/32/15
f 634/32/15 626/32/15 629/32/15
f 634/32/15 629/32/15 635/32/15
f 635/32/15 629/32/15 631/32/15
f 638/31/32 637/31/32 636/31/32
f 637/31/32 638/31/32 639/31/32
f 643/34/15 641/34/15 651/34/15
f 641/34/15 646/34/15 651/34/15
f 651/34/15 646/34/15 650/34/15
f 646/34/15 647/34/15 650/34/15
f 650/34/15 647/34/15 654/34/15
f 652/34/15 654/34/15 647/34/15
f 653/31/34 652/34/34 645/31/33
f 647/34/33 645/31/33 652/34/34
f 648/31/50 650/34/50 655/31/55
f 654/34/55 655/31/55 650/34/50
f 651/34/52 649/31/52 643/34/59
f 642/31/59 643/34/59 649/31/52
f 641/34/58 640/31/58 646/34/60
f 644/31/60 646/34/60 640/31/58
f 655/31/55 654/34/55 653/31/34
f 652/34/34 653/31/34 654/34/55
f 651/34/52 650/34/50 649/31/52
f 648/31/50 649/31/52 650/34/50
f 647/34/33 646/34/60 645/31/33
f 644/31/60 645/31/33 646/34/60
f 643/34/59 642/31/59 641/34/58
f 640/31/58 641/34/58 642/31/59
f 658/32/73 657/31/13 656/31/73
f 657/31/13 658/32/73 659/32/13
f 662/31/14 661/32/74 660/31/74
f 661/32/74 662/31/14 663/32/14
f 661/32/74 656/31/73 660/31/74
f 656/31/73 661/32/74 658/32/73
f 662/31/32 657/31/32 664/31/32
f 657/31/32 662/31/32 656/31/32
f 656/31/32 662/31/32 660/31/32
f 658/32/15 665/32/15 659/32/15
f 665/32/15 658/32/15 666/32/15
f 666/32/15 658/32/15 661/32/15
f 666/32/15 661/32/15 667/32/15
f 667/32/15 661/32/15 663/32/15
f 670/31/32 669/31/32 668/31/32
f 669/31/32 670/31/32 671/31/32
f 672/32/1 668/31/1 669/31/1
f 668/31/1 672/32/1 673/32/1
f 672/32/15 674/32/15 673/32/15
f 674/32/15 672/32/15 675/32/15
f 683/32/15 681/32/15 687/32/15
f 687/32/15 681/32/15 686/32/15
f 681/32/15 678/32/15 686/32/15
f 686/32/15 678/32/15 685/32/15
f 679/32/15 685/32/15 678/32/15
f 680/31/32 682/31/32 676/31/32
f 676/31/32 682/31/32 677/31/32
f 684/31/32 677/31/32 682/31/32
f 678/32/30 681/32/31 676/31/30
f 680/31/31 676/31/30 681/32/31
f 683/32/2 682/31/2 681/32/31
f 680/31/31 681/32/31 682/31/2
f 679/32/1 678/32/30 677/31/1
f 676/31/30 677/31/1 678/32/30
f 694/32/15 691/32/15 693/32/15
f 692/32/15 693/32/15 691/32/15
f 692/32/13 691/32/13 688/31/13
f 689/31/13 688/31/13 691/32/13
f 690/31/32 670/31/32 689/31/32
f 688/31/32 689/31/32 670/31/32
f 697/32/73 696/31/13 695/31/73
f 696/31/13 697/32/73 698/32/13
f 701/31/14 700/32/74 699/31/74
f 700/32/74 701/31/14 702/32/14
f 700/32/74 695/31/73 699/31/74
f 695/31/73 700/32/74 697/32/73
f 701/31/32 696/31/32 703/31/32
f 696/31/32 701/31/32 695/31/32
f 695/31/32 701/31/32 699/31/32
f 697/32/15 164/32/15 698/32/15
f 164/32/15 697/32/15 163/32/15
f 163/32/15 697/32/15 700/32/15
f 163/32/15 700/32/15 702/32/15
f 702/32/15 167/32/15 163/32/15
f 706/49/27 705/48/76 704/48/75
f 705/48/76 706/49/27 707/49/77
f 710/48/79 709/49/4 708/48/78
f 709/49/4 710/48/79 711/49/80
f 705/48/77 713/50/40 712/50/77
f 713/50/40 705/48/77 714/48/40
f 706/49/27 716/48/82 715/49/81
f 716/48/82 706/49/27 704/48/75
f 717/49/40 710/48/79 714/48/83
f 710/48/79 717/49/40 711/49/80
f 719/49/3 716/48/82 718/48/84
f 716/48/82 719/49/3 715/49/81
f 721/49/86 718/48/84 720/48/85
f 718/48/84 721/49/86 719/49/3
f 723/34/88 706/49/27 722/34/87
f 706/49/27 723/34/88 707/49/77
f 714/48/40 724/50/80 713/50/40
f 724/50/80 714/48/40 710/48/80
f 720/48/86 726/50/3 725/50/86
f 726/50/3 720/48/86 718/48/3
f 727/50/4 720/48/86 725/50/86
f 720/48/86 727/50/4 708/48/4
f 707/49/77 714/48/83 705/48/76
f 714/48/83 707/49/77 717/49/40
f 728/34/89 719/49/3 721/49/86
f 719/49/3 728/34/89 729/34/90
f 730/34/91 706/49/27 715/49/81
f 706/49/27 730/34/91 722/34/87
f 729/34/90 715/49/81 719/49/3
f 715/49/81 729/34/90 730/34/91
f 720/48/85 709/49/4 721/49/86
f 709/49/4 720/48/85 708/48/78
f 731/34/92 711/49/80 717/49/40
f 711/49/80 731/34/92 732/34/93
f 709/49/4 728/34/89 721/49/86
f 728/34/89 709/49/4 733/34/94
f 730/34/15 723/34/15 722/34/15
f 723/34/15 730/34/15 729/34/15
f 723/34/15 729/34/15 731/34/15
f 731/34/15 729/34/15 728/34/15
f 731/34/15 728/34/15 732/34/15
f 732/34/15 728/34/15 733/34/15
f 704/48/27 734/50/81 716/48/81
f 734/50/81 704/48/27 735/50/27
f 718/48/3 734/50/81 726/50/3
f 734/50/81 718/48/3 716/48/81
f 709/49/4 732/34/93 733/34/94
f 732/34/93 709/49/4 711/49/80
f 705/48/77 735/50/27 704/48/27
f 735/50/27 705/48/77 712/50/77
f 723/34/88 717/49/40 707/49/77
f 717/49/40 723/34/88 731/34/92
f 724/50/80 708/48/4 727/50/4
f 708/48/4 724/50/80 710/48/80
f 738/49/27 737/48/76 736/48/75
f 737/48/76 738/49/27 739/49/77
f 742/48/79 741/49/4 740/48/78
f 741/49/4 742/48/79 743/49/80
f 737/48/77 745/50/40 744/50/77
f 745/50/40 737/48/77 746/48/40
f 738/49/27 748/48/82 747/49/81
f 748/48/82 738/49/27 736/48/75
f 749/49/40 742/48/79 746/48/83
f 742/48/79 749/49/40 743/49/80
f 751/49/3 748/48/82 750/48/84
f 748/48/82 751/49/3 747/49/81
f 753/49/86 750/48/84 752/48/85
f 750/48/84 753/49/86 751/49/3
f 755/34/88 738/49/27 754/34/87
f 738/49/27 755/34/88 739/49/77
f 746/48/40 756/50/80 745/50/40
f 756/50/80 746/48/40 742/48/80
f 752/48/86 758/50/3 757/50/86
f 758/50/3 752/48/86 750/48/3
f 759/50/4 752/48/86 757/50/86
f 752/48/86 759/50/4 740/48/4
f 739/49/77 746/48/83 737/48/76
f 746/48/83 739/49/77 749/49/40
f 760/34/89 751/49/3 753/49/86
f 751/49/3 760/34/89 761/34/90
f 762/34/91 738/49/27 747/49/81
f 738/49/27 762/34/91 754/34/87
f 761/34/90 747/49/81 751/49/3
f 747/49/81 761/34/90 762/34/91
f 752/48/85 741/49/4 753/49/86
f 741/49/4 752/48/85 740/48/78
f 763/34/92 743/49/80 749/49/40
f 743/49/80 763/34/92 764/34/93
f 741/49/4 760/34/89 753/49/86
f 760/34/89 741/49/4 765/34/94
f 762/34/15 755/34/15 754/34/15
f 755/34/15 762/34/15 761/34/15
f 755/34/15 761/34/15 763/34/15
f 763/34/15 761/34/15 760/34/15
f 763/34/15 760/34/15 764/34/15
f 764/34/15 760/34/15 765/34/15
f 736/48/27 766/50/81 748/48/81
f 766/50/81 736/48/27 767/50/27
f 750/48/3 766/50/81 758/50/3
f 766/50/81 750/48/3 748/48/81
f 741/49/4 764/34/93 765/34/94
f 764/34/93 741/49/4 743/49/80
f 737/48/77 767/50/27 736/48/27
f 767/50/27 737/48/77 744/50/77
f 755/34/88 749/49/40 739/49/77
f 749/49/40 755/34/88 763/34/92
f 756/50/80 740/48/4 759/50/4
f 740/48/4 756/50/80 742/48/80
f 770/50/4 769/51/4 768/50/4
f 769/51/4 770/50/4 771/51/4
f 769/51/3 772/50/3 768/50/3
f 772/50/3 769/51/3 773/51/3
f 775/34/27 171/50/27 774/34/27
f 171/50/27 775/34/27 172/50/27
f 778/34/33 777/51/3 776/51/33
f 777/51/3 778/34/33 779/34/3
f 780/51/32 769/51/32 771/51/32
f 769/51/32 780/51/32 776/51/32
f 776/51/32 780/51/32 781/51/32
f 777/51/32 769/51/32 776/51/32
f 769/51/32 777/51/32 773/51/32
f 778/34/15 782/34/15 779/34/15
f 782/34/15 778/34/15 774/34/15
f 774/34/15 778/34/15 775/34/15
f 775/34/15 778/34/15 783/34/15
f 783/34/15 778/34/15 784/34/15
f 780/51/4 784/34/34 781/51/34
f 784/34/34 780/51/4 783/34/4
f 781/51/34 778/34/33 776/51/33
f 778/34/33 781/51/34 784/34/34
f 782/34/40 171/50/40 169/50/40
f 171/50/40 782/34/40 774/34/40
f 787/51/32 786/51/32 785/51/32
f 786/51/32 787/51/32 788/51/32
f 790/50/5 786/51/5 789/50/5
f 786/51/5 790/50/5 785/51/5
f 792/34/2 176/50/2 791/34/2
f 176/50/2 792/34/2 174/50/2
f 791/34/15 793/34/15 792/34/15
f 793/34/15 791/34/15 794/34/15
f 787/51/5 794/34/5 788/51/5
f 794/34/5 787/51/5 793/34/5
f 797/51/32 796/51/32 795/51/32
f 796/51/32 797/51/32 798/51/32
f 800/50/5 796/51/5 799/50/5
f 796/51/5 800/50/5 795/51/5
f 802/34/2 180/50/2 801/34/2
f 180/50/2 802/34/2 178/50/2
f 801/34/15 803/34/15 802/34/15
f 803/34/15 801/34/15 804/34/15
f 797/51/5 804/34/5 798/51/5
f 804/34/5 797/51/5 803/34/5
f 807/50/5 806/51/5 805/50/5
f 806/51/5 807/50/5 808/51/5
f 806/51/1 809/50/1 805/50/1
f 809/50/1 806/51/1 810/51/1
f 812/34/2 183/50/2 811/34/2
f 183/50/2 812/34/2 184/50/2
f 815/34/35 814/51/1 813/51/35
f 814/51/1 815/34/35 816/34/1
f 817/51/32 806/51/32 808/51/32
f 806/51/32 817/51/32 813/51/32
f 813/51/32 817/51/32 818/51/32
f 814/51/32 806/51/32 813/51/32
f 806/51/32 814/51/32 810/51/32
f 815/34/15 819/34/15 816/34/15
f 819/34/15 815/34/15 811/34/15
f 811/34/15 815/34/15 812/34/15
f 812/34/15 815/34/15 820/34/15
f 820/34/15 815/34/15 821/34/15
f 817/51/5 821/34/36 818/51/36
f 821/34/36 817/51/5 820/34/5
f 818/51/36 815/34/35 813/51/35
f 815/34/35 818/51/36 821/34/36
f 819/34/95 183/50/95 181/50/95
f 183/50/95 819/34/95 811/34/95
f 824/50/96 823/51/96 822/50/96
f 823/51/96 824/50/96 825/51/96
f 823/51/97 826/50/97 822/50/97
f 826/50/97 823/51/97 827/51/97
f 829/34/98 187/50/98 828/34/98
f 187/50/98 829/34/98 188/50/98
f 832/34/52 831/51/97 830/51/52
f 831/51/97 832/34/52 833/34/97
f 834/51/32 823/51/32 825/51/32
f 823/51/32 834/51/32 830/51/32
f 830/51/32 834/51/32 835/51/32
f 831/51/32 823/51/32 830/51/32
f 823/51/32 831/51/32 827/51/32
f 832/34/15 836/34/15 833/34/15
f 836/34/15 832/34/15 828/34/15
f 828/34/15 832/34/15 829/34/15
f 829/34/15 832/34/15 837/34/15
f 837/34/15 832/34/15 838/34/15
f 834/51/96 838/34/59 835/51/59
f 838/34/59 834/51/96 837/34/96
f 835/51/59 832/34/52 830/51/52
f 832/34/52 835/51/59 838/34/59
f 836/34/99 187/50/99 185/50/99
f 187/50/99 836/34/99 828/34/99
f 841/51/32 840/51/32 839/51/32
f 840/51/32 841/51/32 842/51/32
f 844/50/14 840/51/14 843/50/14
f 840/51/14 844/50/14 839/51/14
f 846/34/100 191/50/100 845/34/100
f 191/50/100 846/34/100 192/50/100
f 845/34/15 847/34/15 846/34/15
f 847/34/15 845/34/15 848/34/15
f 841/51/14 848/34/14 842/51/14
f 848/34/14 841/51/14 847/34/14
f 851/51/32 850/51/32 849/51/32
f 850/51/32 851/51/32 852/51/32
f 854/50/14 850/51/14 853/50/14
f 850/51/14 854/50/14 849/51/14
f 856/34/100 195/50/100 855/34/100
f 195/50/100 856/34/100 196/50/100
f 855/34/15 857/34/15 856/34/15
f 857/34/15 855/34/15 858/34/15
f 851/51/14 858/34/14 852/51/14
f 858/34/14 851/51/14 857/34/14
f 861/51/32 860/51/32 859/51/32
f 860/51/32 861/51/32 862/51/32
f 864/50/101 860/51/101 863/50/101
f 860/51/101 864/50/101 859/51/101
f 866/34/102 200/50/102 865/34/102
f 200/50/102 866/34/102 198/50/102
f 865/34/15 867/34/15 866/34/15
f 867/34/15 865/34/15 868/34/15
f 861/51/101 868/34/101 862/51/101
f 868/34/101 861/51/101 867/34/101
f 871/51/32 870/51/32 869/51/32
f 870/51/32 871/51/32 872/51/32
f 874/50/101 870/51/101 873/50/101
f 870/51/101 874/50/101 869/51/101
f 876/34/102 204/50/102 875/34/102
f 204/50/102 876/34/102 202/50/102
f 875/34/15 877/34/15 876/34/15
f 877/34/15 875/34/15 878/34/15
f 871/51/101 878/34/101 872/51/101
f 878/34/101 871/51/101 877/34/101
f 881/51/32 880/51/32 879/51/32
f 880/51/32 881/51/32 882/51/32
f 884/50/103 880/51/103 883/50/103
f 880/51/103 884/50/103 879/51/103
f 886/34/104 208/50/104 885/34/104
f 208/50/104 886/34/104 206/50/104
f 885/34/15 887/34/15 886/34/15
f 887/34/15 885/34/15 888/34/15
f 881/51/103 888/34/103 882/51/103
f 888/34/103 881/51/103 887/34/103
f 168/50/14 889/51/14 165/50/14
f 889/51/14 168/50/14 890/51/14
f 889/51/13 166/50/13 165/50/13
f 166/50/13 889/51/13 891/51/13
f 893/34/100 211/50/100 892/34/100
f 211/50/100 893/34/100 212/50/100
f 896/34/73 895/51/13 894/51/73
f 895/51/13 896/34/73 897/34/13
f 898/51/32 889/51/32 890/51/32
f 889/51/32 898/51/32 894/51/32
f 894/51/32 898/51/32 899/51/32
f 895/51/32 889/51/32 894/51/32
f 889/51/32 895/51/32 891/51/32
f 896/34/15 900/34/15 897/34/15
f 900/34/15 896/34/15 892/34/15
f 892/34/15 896/34/15 893/34/15
f 893/34/15 896/34/15 901/34/15
f 901/34/15 896/34/15 902/34/15
f 898/51/14 902/34/74 899/51/74
f 902/34/74 898/51/14 901/34/14
f 899/51/74 896/34/73 894/51/73
f 896/34/73 899/51/74 902/34/74
f 900/34/105 211/50/105 209/50/105
f 211/50/105 900/34/105 892/34/105
f 18/50/5 903/51/5 15/50/5
f 903/51/5 18/50/5 904/51/5
f 903/51/1 16/50/1 15/50/1
f 16/50/1 903/51/1 905/51/1
f 907/34/2 215/50/2 906/34/2
f 215/50/2 907/34/2 216/50/2
f 910/34/35 909/51/1 908/51/35
f 909/51/1 910/34/35 911/34/1
f 912/51/32 903/51/32 904/51/32
f 903/51/32 912/51/32 908/51/32
f 908/51/32 912/51/32 913/51/32
f 909/51/32 903/51/32 908/51/32
f 903/51/32 909/51/32 905/51/32
f 910/34/15 914/34/15 911/34/15
f 914/34/15 910/34/15 906/34/15
f 906/34/15 910/34/15 907/34/15
f 907/34/15 910/34/15 915/34/15
f 915/34/15 910/34/15 916/34/15
f 912/51/5 916/34/36 913/51/36
f 916/34/36 912/51/5 915/34/5
f 913/51/36 910/34/35 908/51/35
f 910/34/35 913/51/36 916/34/36
f 914/34/95 215/50/95 213/50/95
f 215/50/95 914/34/95 906/34/95
f 919/51/32 918/51/32 917/51/32
f 918/51/32 919/51/32 920/51/32
f 922/50/4 918/51/4 921/50/4
f 918/51/4 922/50/4 917/51/4
f 924/34/27 220/50/27 923/34/27
f 220/50/27 924/34/27 218/50/27
f 923/34/15 925/34/15 924/34/15
f 925/34/15 923/34/15 926/34/15
f 919/51/4 926/34/4 920/51/4
f 926/34/4 919/51/4 925/34/4
f 929/50/106 928/51/106 927/50/106
f 928/51/106 929/50/106 930/51/106
f 928/51/107 931/50/107 927/50/107
f 931/50/107 928/51/107 932/51/107
f 934/34/108 223/50/108 933/34/108
f 223/50/108 934/34/108 224/50/108
f 937/34/109 936/51/107 935/51/109
f 936/51/107 937/34/109 938/34/107
f 939/51/32 928/51/32 930/51/32
f 928/51/32 939/51/32 935/51/32
f 935/51/32 939/51/32 940/51/32
f 936/51/32 928/51/32 935/51/32
f 928/51/32 936/51/32 932/51/32
f 937/34/15 941/34/15 938/34/15
f 941/34/15 937/34/15 933/34/15
f 933/34/15 937/34/15 934/34/15
f 934/34/15 937/34/15 942/34/15
f 942/34/15 937/34/15 943/34/15
f 939/51/106 943/34/110 940/51/110
f 943/34/110 939/51/106 942/34/106
f 940/51/110 937/34/109 935/51/109
f 937/34/109 940/51/110 943/34/110
f 941/34/111 223/50/111 221/50/111
f 223/50/111 941/34/111 933/34/111
f 12/50/4 944/51/4 9/50/4
f 944/51/4 12/50/4 945/51/4
f 944/51/3 10/50/3 9/50/3
f 10/50/3 944/51/3 946/51/3
f 948/34/27 227/50/27 947/34/27
f 227/50/27 948/34/27 228/50/27
f 951/34/33 950/51/3 949/51/33
f 950/51/3 951/34/33 952/34/3
f 953/51/32 944/51/32 945/51/32
f 944/51/32 953/51/32 949/51/32
f 949/51/32 953/51/32 954/51/32
f 950/51/32 944/51/32 949/51/32
f 944/51/32 950/51/32 946/51/32
f 951/34/15 955/34/15 952/34/15
f 955/34/15 951/34/15 947/34/15
f 947/34/15 951/34/15 948/34/15
f 948/34/15 951/34/15 956/34/15
f 956/34/15 951/34/15 957/34/15
f 953/51/4 957/34/34 954/51/34
f 957/34/34 953/51/4 956/34/4
f 954/51/34 951/34/33 949/51/33
f 951/34/33 954/51/34 957/34/34
f 955/34/40 227/50/40 225/50/40
f 227/50/40 955/34/40 947/34/40
f 958/31/3 963/31/3 959/34/3
f 962/34/3 959/34/3 963/31/3
f 961/34/4 960/31/4 959/34/4
f 958/31/4 959/34/4 960/31/4
f 790/31/3 966/31/3 965/34/3
f 964/34/3 965/34/3 966/31/3
f 967/31/37 972/31/37 968/34/37
f 971/34/37 968/34/37 972/31/37
f 970/34/112 969/31/112 968/34/112
f 967/31/112 968/34/112 969/31/112
f 975/31/37 974/34/37 973/34/37
f 974/34/37 975/31/37 853/31/37
f 800/31/3 977/34/3 976/34/3
f 977/34/3 800/31/3 978/31/3
f 981/31/27 980/34/27 979/31/27
f 980/34/27 981/31/27 982/34/27
f 984/31/3 980/34/3 983/34/3
f 980/34/3 984/31/3 979/31/3
f 987/31/37 843/31/37 986/34/37
f 985/34/37 986/34/37 843/31/37
f 991/31/1 990/31/1 989/34/1
f 988/34/1 989/34/1 990/31/1
f 994/31/1 993/34/1 992/34/1
f 993/34/1 994/31/1 995/31/1
f 229/31/4 997/52/4 996/31/4
f 997/52/4 229/31/4 234/52/4
f 232/52/27 999/31/27 998/52/27
f 999/31/27 232/52/27 231/31/27
f 232/52/32 997/52/32 234/52/32
f 997/52/32 232/52/32 998/52/32
f 1002/32/27 1001/31/58 1000/32/58
f 1001/31/58 1002/32/27 1003/31/27
f 1006/32/15 1005/32/15 1004/32/15
f 1005/32/15 1006/32/15 1007/32/15
f 1005/32/4 1008/53/113 1004/32/4
f 1008/53/113 1005/32/4 1009/53/113
f 1006/32/3 999/31/3 1010/31/3
f 999/31/3 1006/32/3 1004/32/3
f 999/31/3 1004/32/3 998/52/3
f 998/52/3 1004/32/3 1008/53/3
f 998/52/3 1008/53/3 997/52/3
f 1011/53/3 997/52/3 1008/53/3
f 1011/53/3 1008/53/3 1012/51/3
f 1011/53/3 1012/51/3 1013/51/3
f 1014/32/3 997/52/3 1011/53/3
f 997/52/3 1014/32/3 996/31/3
f 1015/32/60 996/31/3 1014/32/3
f 996/31/3 1015/32/60 1016/31/60
f 1000/32/58 1016/31/60 1015/32/60
f 1016/31/60 1000/32/58 1001/31/58
f 1000/32/15 1017/32/15 1002/32/15
f 1017/32/15 1000/32/15 1015/32/15
f 1017/32/15 1015/32/15 1018/32/15
f 1018/32/15 1015/32/15 1014/32/15
f 1018/32/15 1014/32/15 1019/32/15
f 1012/51/115 1020/51/114 1013/51/114
f 1020/51/114 1012/51/115 1021/51/115
f 1022/53/116 1014/32/27 1011/53/116
f 1014/32/27 1022/53/116 1019/32/27
f 1020/51/114 1011/53/116 1013/51/114
f 1011/53/116 1020/51/114 1022/53/116
f 1009/53/113 1012/51/115 1008/53/113
f 1012/51/115 1009/53/113 1021/51/115
f 1023/31/32 1001/31/32 1003/31/32
f 1001/31/32 1023/31/32 1016/31/32
f 1016/31/32 1023/31/32 229/31/32
f 996/31/32 1016/31/32 229/31/32
f 229/31/32 1023/31/32 231/31/32
f 231/31/32 1023/31/32 999/31/32
f 999/31/32 1023/31/32 1010/31/32
f 230/54/62 1024/54/63 233/54/63
f 1024/54/63 230/54/62 1025/54/62
f 1026/50/61 237/55/27 239/50/61
f 237/55/27 1026/50/61 235/56/27
f 235/56/27 1026/50/61 230/54/62
f 230/54/62 1026/50/61 1025/54/62
f 1026/50/61 240/50/64 1027/50/64
f 240/50/64 1026/50/61 239/50/61
f 1024/54/63 236/56/4 233/54/63
f 236/56/4 1024/54/63 238/55/4
f 238/55/4 1024/54/63 240/50/64
f 240/50/64 1024/54/63 1027/50/64
f 1030/31/64 1029/31/61 1028/31/61
f 1029/31/61 1030/31/64 1031/31/64
f 1033/34/62 1029/31/61 1032/34/62
f 1029/31/61 1033/34/62 1028/31/61
f 1030/31/64 1034/34/63 1031/31/64
f 1034/34/63 1030/31/64 1035/34/63
f 1034/34/63 1033/34/62 1032/34/62
f 1033/34/62 1034/34/63 1035/34/63
f 1034/34/3 1029/31/3 1031/31/3
f 1029/31/3 1034/34/3 1032/34/3
f 1038/57/40 1037/51/40 1036/57/40
f 1037/51/40 1038/57/40 1039/51/40
f 1042/51/86 1041/57/81 1040/57/86
f 1041/57/81 1042/51/86 1043/51/81
f 1036/57/4 1042/51/86 1040/57/86
f 1042/51/86 1036/57/4 1037/51/4
f 1042/51/15 1039/51/15 1043/51/15
f 1039/51/15 1042/51/15 1037/51/15
f 1036/57/32 1041/57/32 1038/57/32
f 1041/57/32 1036/57/32 1040/57/32
f 1039/51/27 1041/57/81 1043/51/81
f 1041/57/81 1039/51/27 1038/57/27
f 1046/52/118 1045/52/117 1044/52/117
f 1045/52/117 1046/52/118 1047/52/118
f 1049/58/119 1045/52/117 1048/58/119
f 1045/52/117 1049/58/119 1044/52/117
f 1050/58/120 1049/58/119 1048/58/119
f 1049/58/119 1050/58/120 1051/58/120
f 1046/52/118 1050/58/120 1047/52/118
f 1050/58/120 1046/52/118 1051/58/120
f 247/57/122 1052/57/121 246/57/121
f 1052/57/121 247/57/122 1053/57/122
f 249/56/123 1055/53/124 1054/56/123
f 1055/53/124 249/56/123 252/53/124
f 241/53/125 1057/56/126 1056/53/125
f 1057/56/126 241/53/125 242/56/126
f 1059/51/128 244/51/127 1058/51/127
f 244/51/127 1059/51/128 251/51/128
f 242/56/126 1052/57/121 1057/56/126
f 1052/57/121 242/56/126 246/57/121
f 247/57/122 1054/56/123 1053/57/122
f 1054/56/123 247/57/122 249/56/123
f 244/51/127 1056/53/125 1058/51/127
f 1056/53/125 244/51/127 241/53/125
f 252/53/124 1059/51/128 1055/53/124
f 1059/51/128 252/53/124 251/51/128
f 1054/56/16 1052/57/16 1053/57/16
f 1052/57/16 1054/56/16 1057/56/16
f 1057/56/16 1054/56/16 1050/58/16
f 1050/58/16 1054/56/16 1055/53/16
f 1048/58/16 1057/56/16 1050/58/16
f 1050/58/16 1055/53/16 1047/52/16
f 1057/56/16 1048/58/16 1056/53/16
f 1047/52/16 1055/53/16 1045/52/16
f 1056/53/16 1048/58/16 1045/52/16
f 1056/53/16 1045/52/16 1055/53/16
f 1056/53/16 1055/53/16 1059/51/16
f 1056/53/16 1059/51/16 1058/51/16
f 1062/31/32 1061/31/32 1060/31/32
f 1061/31/32 1062/31/32 1063/31/32
f 1064/32/16 1061/31/16 1063/31/16
f 1061/31/16 1064/32/16 1065/32/16
f 1064/32/15 245/32/15 1065/32/15
f 245/32/15 1064/32/15 248/32/15
f 1068/59/119 1067/60/117 1066/59/119
f 1067/60/117 1068/59/119 1069/60/117
f 1070/60/118 1067/60/117 1069/60/117
f 1067/60/117 1070/60/118 1071/60/32
f 1071/60/32 1070/60/118 1072/60/32
f 1072/60/32 1070/60/118 1073/60/118
f 1070/60/118 1074/59/120 1073/60/118
f 1074/59/120 1070/60/118 1075/59/120
f 1076/59/15 1068/59/119 1066/59/119
f 1068/59/119 1076/59/15 1075/59/120
f 1075/59/120 1076/59/15 1077/59/15
f 1075/59/120 1077/59/15 1074/59/120
f 1074/59/16 1078/61/16 1073/60/16
f 1073/60/16 1078/61/16 1072/60/16
f 1074/59/16 1079/31/16 1078/61/16
f 1079/31/16 1074/59/16 1080/31/16
f 1066/59/16 1080/31/16 1074/59/16
f 1066/59/16 1074/59/16 1077/59/16
f 1080/31/16 1066/59/16 1081/61/16
f 1066/59/16 1077/59/16 1076/59/16
f 1072/60/16 1076/59/16 1077/59/16
f 1081/61/16 1066/59/16 1067/60/16
f 1081/61/16 1067/60/16 1078/61/16
f 1076/59/16 1072/60/16 1071/60/16
f 1072/60/16 1078/61/16 1071/60/16
f 1071/60/16 1078/61/16 1067/60/16
f 1084/52/130 1083/52/129 1082/52/129
f 1083/52/129 1084/52/130 1085/52/130
f 1087/58/131 1083/52/129 1086/58/131
f 1083/52/129 1087/58/131 1082/52/129
f 1088/58/132 1087/58/131 1086/58/131
f 1087/58/131 1088/58/132 1089/58/132
f 1084/52/130 1088/58/132 1085/52/130
f 1088/58/132 1084/52/130 1089/58/132
f 259/57/134 1090/57/133 258/57/133
f 1090/57/133 259/57/134 1091/57/134
f 261/56/135 1093/53/136 1092/56/135
f 1093/53/136 261/56/135 264/53/136
f 253/53/137 1095/56/138 1094/53/137
f 1095/56/138 253/53/137 254/56/138
f 1097/51/140 256/51/139 1096/51/139
f 256/51/139 1097/51/140 263/51/140
f 254/56/138 1090/57/133 1095/56/138
f 1090/57/133 254/56/138 258/57/133
f 259/57/134 1092/56/135 1091/57/134
f 1092/56/135 259/57/134 261/56/135
f 256/51/139 1094/53/137 1096/51/139
f 1094/53/137 256/51/139 253/53/137
f 264/53/136 1097/51/140 1093/53/136
f 1097/51/140 264/53/136 263/51/140
f 1092/56/17 1090/57/17 1091/57/17
f 1090/57/17 1092/56/17 1095/56/17
f 1095/56/17 1092/56/17 1088/58/17
f 1088/58/17 1092/56/17 1093/53/17
f 1086/58/17 1095/56/17 1088/58/17
f 1088/58/17 1093/53/17 1085/52/17
f 1095/56/17 1086/58/17 1094/53/17
f 1085/52/17 1093/53/17 1083/52/17
f 1094/53/17 1086/58/17 1083/52/17
f 1094/53/17 1083/52/17 1093/53/17
f 1094/53/17 1093/53/17 1097/51/17
f 1094/53/17 1097/51/17 1096/51/17
f 1100/31/32 1099/31/32 1098/31/32
f 1099/31/32 1100/31/32 1101/31/32
f 1102/32/17 1099/31/17 1101/31/17
f 1099/31/17 1102/32/17 1103/32/17
f 1102/32/15 257/32/15 1103/32/15
f 257/32/15 1102/32/15 260/32/15
f 1106/59/131 1105/60/129 1104/59/131
f 1105/60/129 1106/59/131 1107/60/129
f 1108/60/130 1105/60/129 1107/60/129
f 1105/60/129 1108/60/130 1109/60/32
f 1109/60/32 1108/60/130 1110/60/32
f 1110/60/32 1108/60/130 1111/60/130
f 1108/60/130 1112/59/132 1111/60/130
f 1112/59/132 1108/60/130 1113/59/132
f 1114/59/15 1106/59/131 1104/59/131
f 1106/59/131 1114/59/15 1113/59/132
f 1113/59/132 1114/59/15 1115/59/15
f 1113/59/132 1115/59/15 1112/59/132
f 1112/59/17 1116/61/17 1111/60/17
f 1111/60/17 1116/61/17 1110/60/17
f 1112/59/17 1117/31/17 1116/61/17
f 1117/31/17 1112/59/17 1118/31/17
f 1104/59/17 1118/31/17 1112/59/17
f 1104/59/17 1112/59/17 1115/59/17
f 1118/31/17 1104/59/17 1119/61/17
f 1104/59/17 1115/59/17 1114/59/17
f 1110/60/17 1114/59/17 1115/59/17
f 1119/61/17 1104/59/17 1105/60/17
f 1119/61/17 1105/60/17 1116/61/17
f 1114/59/17 1110/60/17 1109/60/17
f 1110/60/17 1116/61/17 1109/60/17
f 1109/60/17 1116/61/17 1105/60/17
f 1122/32/141 1121/53/142 1120/32/141
f 1121/53/142 1122/32/141 1123/53/142
f 1120/32/15 1124/32/15 1122/32/15
f 1124/32/15 1120/32/15 1125/32/15
f 1128/32/15 1127/32/15 1126/32/15
f 1127/32/15 1128/32/15 1129/32/15
f 1132/31/32 1131/31/32 1130/31/32
f 1131/31/32 1132/31/32 266/31/32
f 1133/31/32 1131/31/32 266/31/32
f 266/31/32 1132/31/32 265/31/32
f 265/31/32 1132/31/32 1134/31/32
f 1134/31/32 1132/31/32 1135/31/32
f 1138/51/143 1137/51/144 1136/51/143
f 1137/51/144 1138/51/143 1139/51/144
f 1141/53/145 1129/32/146 1140/53/145
f 1129/32/146 1141/53/145 1127/32/146
f 1123/53/142 1139/51/144 1121/53/142
f 1139/51/144 1123/53/142 1137/51/144
f 1136/51/143 1140/53/145 1138/51/143
f 1140/53/145 1136/51/143 1141/53/145
f 1125/32/18 1134/31/18 1135/31/18
f 1134/31/18 1125/32/18 1120/32/18
f 1134/31/18 1120/32/18 1142/52/18
f 1142/52/18 1120/32/18 1121/53/18
f 1142/52/18 1121/53/18 1143/52/18
f 1140/53/18 1143/52/18 1121/53/18
f 1140/53/18 1121/53/18 1139/51/18
f 1140/53/18 1139/51/18 1138/51/18
f 1129/32/18 1143/52/18 1140/53/18
f 1143/52/18 1129/32/18 1133/31/18
f 1128/32/18 1133/31/18 1129/32/18
f 1133/31/18 1128/32/18 1131/31/18
f 267/52/32 1143/52/32 268/52/32
f 1143/52/32 267/52/32 1142/52/32
f 266/31/141 1143/52/141 1133/31/141
f 1143/52/141 266/31/141 268/52/141
f 267/52/146 1134/31/146 1142/52/146
f 1134/31/146 267/52/146 265/31/146
f 1146/31/148 1145/31/147 1144/31/147
f 1145/31/147 1146/31/148 1147/31/148
f 1149/34/149 1145/31/147 1148/34/149
f 1145/31/147 1149/34/149 1144/31/147
f 1146/31/148 1150/34/150 1147/31/148
f 1150/34/150 1146/31/148 1151/34/150
f 1150/34/150 1149/34/149 1148/34/149
f 1149/34/149 1150/34/150 1151/34/150
f 1150/34/18 1145/31/18 1147/31/18
f 1145/31/18 1150/34/18 1148/34/18
f 1154/57/151 1153/51/151 1152/57/151
f 1153/51/151 1154/57/151 1155/51/151
f 1158/51/77 1157/57/80 1156/57/77
f 1157/57/80 1158/51/77 1159/51/80
f 1152/57/141 1158/51/77 1156/57/77
f 1158/51/77 1152/57/141 1153/51/141
f 1158/51/15 1155/51/15 1159/51/15
f 1155/51/15 1158/51/15 1153/51/15
f 1152/57/32 1157/57/32 1154/57/32
f 1157/57/32 1152/57/32 1156/57/32
f 1155/51/146 1157/57/80 1159/51/80
f 1157/57/80 1155/51/146 1154/57/146
f 1162/57/152 1161/51/3 1160/51/152
f 1161/51/3 1162/57/152 1163/57/3
f 1166/57/153 1165/51/27 1164/57/27
f 1165/51/27 1166/57/153 1167/51/153
f 1163/57/3 1168/51/154 1161/51/3
f 1168/51/154 1163/57/3 1169/57/154
f 1164/57/27 1168/51/154 1169/57/154
f 1168/51/154 1164/57/27 1165/51/27
f 1166/57/153 1170/51/40 1167/51/153
f 1170/51/40 1166/57/153 1171/57/40
f 1171/57/40 1172/51/155 1170/51/40
f 1172/51/155 1171/57/40 1173/57/155
f 1172/51/155 1175/57/4 1174/51/4
f 1175/57/4 1172/51/155 1173/57/155
f 1174/51/4 1162/57/152 1160/51/152
f 1162/57/152 1174/51/4 1175/57/4
f 1178/57/32 1177/57/32 1176/57/32
f 1177/57/32 1178/57/32 1179/57/32
f 1182/51/156 1181/51/15 1180/51/15
f 1181/51/15 1182/51/156 1183/51/156
f 1181/51/40 1178/57/40 1176/57/40
f 1178/57/40 1181/51/40 1184/62/40
f 1184/62/40 1181/51/40 1183/51/40
f 1181/51/27 1177/57/27 1180/51/27
f 1177/57/27 1181/51/27 1176/57/27
f 1185/62/3 1177/57/3 1179/57/3
f 1177/57/3 1185/62/3 1180/51/3
f 1180/51/3 1185/62/3 1182/51/3
f 1178/57/4 1185/62/157 1179/57/4
f 1185/62/157 1178/57/4 1184/62/157
f 1184/62/157 1182/51/156 1185/62/157
f 1182/51/156 1184/62/157 1183/51/156
f 1188/57/4 1187/51/86 1186/57/86
f 1187/51/86 1188/57/4 1189/51/4
f 1187/51/86 1190/57/3 1186/57/86
f 1190/57/3 1187/51/86 1191/51/3
f 1194/51/77 1193/57/27 1192/51/27
f 1193/57/27 1194/51/77 1195/57/77
f 1192/51/27 1197/57/81 1196/51/81
f 1197/57/81 1192/51/27 1193/57/27
f 1198/57/80 1189/51/4 1188/57/4
f 1189/51/4 1198/57/80 1199/51/80
f 1201/51/40 1198/57/80 1200/57/40
f 1198/57/80 1201/51/40 1199/51/80
f 1191/51/3 1197/57/81 1190/57/3
f 1197/57/81 1191/51/3 1196/51/81
f 1194/51/77 1200/57/40 1195/57/77
f 1200/57/40 1194/51/77 1201/51/40
f 1196/51/15 1194/51/15 1192/51/15
f 1194/51/15 1196/51/15 1191/51/15
f 1194/51/15 1191/51/15 1201/51/15
f 1201/51/15 1191/51/15 1187/51/15
f 1201/51/15 1187/51/15 1199/51/15
f 1199/51/15 1187/51/15 1189/51/15
f 1195/57/32 1197/57/32 1193/57/32
f 1197/57/32 1195/57/32 1200/57/32
f 1197/57/32 1200/57/32 1190/57/32
f 1190/57/32 1200/57/32 1198/57/32
f 1190/57/32 1198/57/32 1186/57/32
f 1186/57/32 1198/57/32 1188/57/32
f 1204/57/4 1203/51/86 1202/57/86
f 1203/51/86 1204/57/4 1205/51/4
f 1203/51/86 1206/57/3 1202/57/86
f 1206/57/3 1203/51/86 1207/51/3
f 1210/51/77 1209/57/27 1208/51/27
f 1209/57/27 1210/51/77 1211/57/77
f 1208/51/27 1213/57/81 1212/51/81
f 1213/57/81 1208/51/27 1209/57/27
f 1214/57/80 1205/51/4 1204/57/4
f 1205/51/4 1214/57/80 1215/51/80
f 1217/51/40 1214/57/80 1216/57/40
f 1214/57/80 1217/51/40 1215/51/80
f 1207/51/3 1213/57/81 1206/57/3
f 1213/57/81 1207/51/3 1212/51/81
f 1210/51/77 1216/57/40 1211/57/77
f 1216/57/40 1210/51/77 1217/51/40
f 1212/51/15 1210/51/15 1208/51/15
f 1210/51/15 1212/51/15 1207/51/15
f 1210/51/15 1207/51/15 1217/51/15
f 1217/51/15 1207/51/15 1203/51/15
f 1217/51/15 1203/51/15 1215/51/15
f 1215/51/15 1203/51/15 1205/51/15
f 1211/57/32 1213/57/32 1209/57/32
f 1213/57/32 1211/57/32 1216/57/32
f 1213/57/32 1216/57/32 1206/57/32
f 1206/57/32 1216/57/32 1214/57/32
f 1206/57/32 1214/57/32 1202/57/32
f 1202/57/32 1214/57/32 1204/57/32
f 1220/31/4 1219/52/4 1218/31/4
f 1219/52/4 1220/31/4 1221/52/4
f 1224/52/27 1223/31/27 1222/52/27
f 1223/31/27 1224/52/27 1225/31/27
f 1224/52/32 1219/52/32 1221/52/32
f 1219/52/32 1224/52/32 1222/52/32
f 1228/31/32 1227/31/32 1226/31/32
f 1227/31/32 1228/31/32 1220/31/32
f 1218/31/32 1227/31/32 1220/31/32
f 1220/31/32 1228/31/32 1225/31/32
f 1225/31/32 1228/31/32 1223/31/32
f 1223/31/32 1228/31/32 1229/31/32
f 1229/31/32 1228/31/32 1230/31/32
f 1233/32/15 1232/32/15 1231/32/15
f 1232/32/15 1233/32/15 1234/32/15
f 1234/32/15 1233/32/15 1235/32/15
f 1235/32/15 1233/32/15 1236/32/15
f 1236/32/15 1233/32/15 1237/32/15
f 1232/32/4 1238/53/113 1231/32/4
f 1238/53/113 1232/32/4 1239/53/113
f 1242/32/15 1241/32/15 1240/32/15
f 1241/32/15 1242/32/15 1243/32/15
f 1228/31/4 1237/32/34 1230/31/34
f 1237/32/34 1228/31/4 1236/32/4
f 1230/31/34 1233/32/33 1229/31/33
f 1233/32/33 1230/31/34 1237/32/34
f 1245/53/116 1242/32/27 1244/53/116
f 1242/32/27 1245/53/116 1243/32/27
f 1248/51/115 1247/51/114 1246/51/114
f 1247/51/114 1248/51/115 1249/51/115
f 1247/51/114 1244/53/116 1246/51/114
f 1244/53/116 1247/51/114 1245/53/116
f 1239/53/113 1248/51/115 1238/53/113
f 1248/51/115 1239/53/113 1249/51/115
f 1233/32/33 1223/31/3 1229/31/33
f 1223/31/3 1233/32/33 1231/32/3
f 1223/31/3 1231/32/3 1222/52/3
f 1222/52/3 1231/32/3 1238/53/3
f 1222/52/3 1238/53/3 1219/52/3
f 1244/53/3 1219/52/3 1238/53/3
f 1244/53/3 1238/53/3 1248/51/3
f 1244/53/3 1248/51/3 1246/51/3
f 1242/32/3 1219/52/3 1244/53/3
f 1219/52/3 1242/32/3 1218/31/3
f 1240/32/3 1218/31/3 1242/32/3
f 1218/31/3 1240/32/3 1227/31/3
f 1252/57/40 1251/51/40 1250/57/40
f 1251/51/40 1252/57/40 1253/51/40
f 1256/51/86 1255/57/81 1254/57/86
f 1255/57/81 1256/51/86 1257/51/81
f 1250/57/4 1256/51/86 1254/57/86
f 1256/51/86 1250/57/4 1251/51/4
f 1256/51/15 1253/51/15 1257/51/15
f 1253/51/15 1256/51/15 1251/51/15
f 1250/57/32 1255/57/32 1252/57/32
f 1255/57/32 1250/57/32 1254/57/32
f 1253/51/27 1255/57/81 1257/51/81
f 1255/57/81 1253/51/27 1252/57/27
f 1260/57/152 1259/51/3 1258/51/152
f 1259/51/3 1260/57/152 1261/57/3
f 1264/57/153 1263/51/27 1262/57/27
f 1263/51/27 1264/57/153 1265/51/153
f 1261/57/3 1266/51/154 1259/51/3
f 1266/51/154 1261/57/3 1267/57/154
f 1262/57/27 1266/51/154 1267/57/154
f 1266/51/154 1262/57/27 1263/51/27
f 1264/57/153 1268/51/40 1265/51/153
f 1268/51/40 1264/57/153 1269/57/40
f 1269/57/40 1270/51/155 1268/51/40
f 1270/51/155 1269/57/40 1271/57/155
f 1270/51/155 1273/57/4 1272/51/4
f 1273/57/4 1270/51/155 1271/57/155
f 1272/51/4 1260/57/152 1258/51/152
f 1260/57/152 1272/51/4 1273/57/4
f 1265/51/32 1266/51/32 1263/51/32
f 1266/51/32 1265/51/32 1268/51/32
f 1266/51/32 1268/51/32 1259/51/32
f 1259/51/32 1268/51/32 1270/51/32
f 1259/51/32 1270/51/32 1258/51/32
f 1258/51/32 1270/51/32 1272/51/32
f 1276/57/32 1275/57/32 1274/57/32
f 1275/57/32 1276/57/32 1277/57/32
f 1280/51/156 1279/51/15 1278/51/15
f 1279/51/15 1280/51/156 1281/51/156
f 1279/51/40 1276/57/40 1274/57/40
f 1276/57/40 1279/51/40 1282/62/40
f 1282/62/40 1279/51/40 1281/51/40
f 1279/51/27 1275/57/27 1278/51/27
f 1275/57/27 1279/51/27 1274/57/27
f 1283/62/3 1275/57/3 1277/57/3
f 1275/57/3 1283/62/3 1278/51/3
f 1278/51/3 1283/62/3 1280/51/3
f 1276/57/4 1283/62/157 1277/57/4
f 1283/62/157 1276/57/4 1282/62/157
f 1282/62/157 1280/51/156 1283/62/157
f 1280/51/156 1282/62/157 1281/51/156
f 1286/57/4 1285/51/86 1284/57/86
f 1285/51/86 1286/57/4 1287/51/4
f 1285/51/86 1288/57/3 1284/57/86
f 1288/57/3 1285/51/86 1289/51/3
f 1292/51/77 1291/57/27 1290/51/27
f 1291/57/27 1292/51/77 1293/57/77
f 1290/51/27 1295/57/81 1294/51/81
f 1295/57/81 1290/51/27 1291/57/27
f 1296/57/80 1287/51/4 1286/57/4
f 1287/51/4 1296/57/80 1297/51/80
f 1299/51/40 1296/57/80 1298/57/40
f 1296/57/80 1299/51/40 1297/51/80
f 1289/51/3 1295/57/81 1288/57/3
f 1295/57/81 1289/51/3 1294/51/81
f 1292/51/77 1298/57/40 1293/57/77
f 1298/57/40 1292/51/77 1299/51/40
f 1294/51/15 1292/51/15 1290/51/15
f 1292/51/15 1294/51/15 1289/51/15
f 1292/51/15 1289/51/15 1299/51/15
f 1299/51/15 1289/51/15 1285/51/15
f 1299/51/15 1285/51/15 1297/51/15
f 1297/51/15 1285/51/15 1287/51/15
f 1293/57/32 1295/57/32 1291/57/32
f 1295/57/32 1293/57/32 1298/57/32
f 1295/57/32 1298/57/32 1288/57/32
f 1288/57/32 1298/57/32 1296/57/32
f 1288/57/32 1296/57/32 1284/57/32
f 1284/57/32 1296/57/32 1286/57/32
f 1302/57/4 1301/51/86 1300/57/86
f 1301/51/86 1302/57/4 1303/51/4
f 1301/51/86 1304/57/3 1300/57/86
f 1304/57/3 1301/51/86 1305/51/3
f 1308/51/77 1307/57/27 1306/51/27
f 1307/57/27 1308/51/77 1309/57/77
f 1306/51/27 1311/57/81 1310/51/81
f 1311/57/81 1306/51/27 1307/57/27
f 1312/57/80 1303/51/4 1302/57/4
f 1303/51/4 1312/57/80 1313/51/80
f 1315/51/40 1312/57/80 1314/57/40
f 1312/57/80 1315/51/40 1313/51/80
f 1305/51/3 1311/57/81 1304/57/3
f 1311/57/81 1305/51/3 1310/51/81
f 1308/51/77 1314/57/40 1309/57/77
f 1314/57/40 1308/51/77 1315/51/40
f 1310/51/15 1308/51/15 1306/51/15
f 1308/51/15 1310/51/15 1305/51/15
f 1308/51/15 1305/51/15 1315/51/15
f 1315/51/15 1305/51/15 1301/51/15
f 1315/51/15 1301/51/15 1313/51/15
f 1313/51/15 1301/51/15 1303/51/15
f 1309/57/32 1311/57/32 1307/57/32
f 1311/57/32 1309/57/32 1314/57/32
f 1311/57/32 1314/57/32 1304/57/32
f 1304/57/32 1314/57/32 1312/57/32
f 1304/57/32 1312/57/32 1300/57/32
f 1300/57/32 1312/57/32 1302/57/32
f 1318/57/152 1317/51/3 1316/51/152
f 1317/51/3 1318/57/152 1319/57/3
f 1322/57/153 1321/51/27 1320/57/27
f 1321/51/27 1322/57/153 1323/51/153
f 1319/57/3 1324/51/154 1317/51/3
f 1324/51/154 1319/57/3 1325/57/154
f 1320/57/27 1324/51/154 1325/57/154
f 1324/51/154 1320/57/27 1321/51/27
f 1322/57/153 1326/51/40 1323/51/153
f 1326/51/40 1322/57/153 1327/57/40
f 1327/57/40 1328/51/155 1326/51/40
f 1328/51/155 1327/57/40 1329/57/155
f 1328/51/155 1331/57/4 1330/51/4
f 1331/57/4 1328/51/155 1329/57/155
f 1330/51/4 1318/57/152 1316/51/152
f 1318/57/152 1330/51/4 1331/57/4
f 1334/57/32 1333/57/32 1332/57/32
f 1333/57/32 1334/57/32 1335/57/32
f 1338/51/156 1337/51/15 1336/51/15
f 1337/51/15 1338/51/156 1339/51/156
f 1337/51/40 1334/57/40 1332/57/40
f 1334/57/40 1337/51/40 1340/62/40
f 1340/62/40 1337/51/40 1339/51/40
f 1337/51/27 1333/57/27 1336/51/27
f 1333/57/27 1337/51/27 1332/57/27
f 1341/62/3 1333/57/3 1335/57/3
f 1333/57/3 1341/62/3 1336/51/3
f 1336/51/3 1341/62/3 1338/51/3
f 1334/57/4 1341/62/157 1335/57/4
f 1341/62/157 1334/57/4 1340/62/157
f 1340/62/157 1338/51/156 1341/62/157
f 1338/51/156 1340/62/157 1339/51/156
f 1344/57/4 1343/51/86 1342/57/86
f 1343/51/86 1344/57/4 1345/51/4
f 1343/51/86 1346/57/3 1342/57/86
f 1346/57/3 1343/51/86 1347/51/3
f 1350/51/77 1349/57/27 1348/51/27
f 1349/57/27 1350/51/77 1351/57/77
f 1348/51/27 1353/57/81 1352/51/81
f 1353/57/81 1348/51/27 1349/57/27
f 1354/57/80 1345/51/4 1344/57/4
f 1345/51/4 1354/57/80 1355/51/80
f 1357/51/40 1354/57/80 1356/57/40
f 1354/57/80 1357/51/40 1355/51/80
f 1347/51/3 1353/57/81 1346/57/3
f 1353/57/81 1347/51/3 1352/51/81
f 1350/51/77 1356/57/40 1351/57/77
f 1356/57/40 1350/51/77 1357/51/40
f 1352/51/15 1350/51/15 1348/51/15
f 1350/51/15 1352/51/15 1347/51/15
f 1350/51/15 1347/51/15 1357/51/15
f 1357/51/15 1347/51/15 1343/51/15
f 1357/51/15 1343/51/15 1355/51/15
f 1355/51/15 1343/51/15 1345/51/15
f 1351/57/32 1353/57/32 1349/57/32
f 1353/57/32 1351/57/32 1356/57/32
f 1353/57/32 1356/57/32 1346/57/32
f 1346/57/32 1356/57/32 1354/57/32
f 1346/57/32 1354/57/32 1342/57/32
f 1342/57/32 1354/57/32 1344/57/32
f 1360/57/4 1359/51/86 1358/57/86
f 1359/51/86 1360/57/4 1361/51/4
f 1359/51/86 1362/57/3 1358/57/86
f 1362/57/3 1359/51/86 1363/51/3
f 1366/51/77 1365/57/27 1364/51/27
f 1365/57/27 1366/51/77 1367/57/77
f 1364/51/27 1369/57/81 1368/51/81
f 1369/57/81 1364/51/27 1365/57/27
f 1370/57/80 1361/51/4 1360/57/4
f 1361/51/4 1370/57/80 1371/51/80
f 1373/51/40 1370/57/80 1372/57/40
f 1370/57/80 1373/51/40 1371/51/80
f 1363/51/3 1369/57/81 1362/57/3
f 1369/57/81 1363/51/3 1368/51/81
f 1366/51/77 1372/57/40 1367/57/77
f 1372/57/40 1366/51/77 1373/51/40
f 1368/51/15 1366/51/15 1364/51/15
f 1366/51/15 1368/51/15 1363/51/15
f 1366/51/15 1363/51/15 1373/51/15
f 1373/51/15 1363/51/15 1359/51/15
f 1373/51/15 1359/51/15 1371/51/15
f 1371/51/15 1359/51/15 1361/51/15
f 1367/57/32 1369/57/32 1365/57/32
f 1369/57/32 1367/57/32 1372/57/32
f 1369/57/32 1372/57/32 1362/57/32
f 1362/57/32 1372/57/32 1370/57/32
f 1362/57/32 1370/57/32 1358/57/32
f 1358/57/32 1370/57/32 1360/57/32
f 1376/31/40 1375/34/40 1374/34/40
f 1375/34/40 1376/31/40 1377/31/40
f 1376/31/27 1379/34/27 1378/63/27
f 1379/34/27 1376/31/27 1374/34/27
f 1375/34/4 1381/63/4 1380/34/4
f 1381/63/4 1375/34/4 1377/31/4
f 1381/63/3 1379/34/3 1380/34/3
f 1379/34/3 1381/63/3 1378/63/3
f 1375/34/32 1379/34/32 1374/34/32
f 1379/34/32 1375/34/32 1380/34/32
f 1384/63/3 1383/34/3 1382/34/3
f 1383/34/3 1384/63/3 1385/63/3
f 1387/34/32 1383/34/32 1386/34/32
f 1383/34/32 1387/34/32 1382/34/32
f 1388/31/27 1383/34/27 1385/63/27
f 1383/34/27 1388/31/27 1386/34/27
f 1387/34/4 1384/63/4 1382/34/4
f 1384/63/4 1387/34/4 1389/31/4
f 1388/31/40 1387/34/40 1386/34/40
f 1387/34/40 1388/31/40 1389/31/40
f 1390/65/37 318/64/37 319/64/37
f 318/64/37 1390/65/37 1391/65/37
f 339/66/32 341/66/32 337/66/32
f 341/66/32 339/66/32 346/66/32
f 341/66/32 346/66/32 344/66/32
f 341/66/32 344/66/32 340/66/32
f 340/66/32 344/66/32 351/66/32
f 340/66/32 351/66/32 350/66/32
f 1392/65/3 374/64/3 375/64/3
f 374/64/3 1392/65/3 1393/65/3
f 1396/65/2 483/64/2 1394/65/2
f 482/64/2 1394/65/2 483/64/2
f 1395/65/1 1394/65/1 481/64/1
f 482/64/1 481/64/1 1394/65/1
f 1397/65/13 490/64/13 491/64/13
f 490/64/13 1397/65/13 1398/65/13
f 1399/65/1 498/64/1 499/64/1
f 498/64/1 1399/65/1 1400/65/1
f 1401/65/1 506/64/1 507/64/1
f 506/64/1 1401/65/1 1402/65/1
f 1405/65/15 1404/65/15 1403/65/15
f 1404/65/15 1405/65/15 1406/65/15
f 1407/65/3 633/64/3 634/64/3
f 633/64/3 1407/65/3 1408/65/3
f 635/64/4 1407/65/4 634/64/4
f 1407/65/4 635/64/4 1409/65/4
f 1412/65/15 1411/65/15 1410/65/15
f 1411/65/15 1412/65/15 1413/65/15
f 1414/65/13 665/64/13 666/64/13
f 665/64/13 1414/65/13 1415/65/13
f 667/64/14 1414/65/14 666/64/14
f 1414/65/14 667/64/14 1416/65/14
f 1417/65/1 674/64/1 675/64/1
f 674/64/1 1417/65/1 1418/65/1
f 1421/65/2 687/64/2 1419/65/2
f 686/64/2 1419/65/2 687/64/2
f 1420/65/1 1419/65/1 685/64/1
f 686/64/1 685/64/1 1419/65/1
f 1423/65/13 1422/65/13 693/64/13
f 694/64/13 693/64/13 1422/65/13
f 1425/65/27 1018/64/27 1424/65/27
f 1018/64/27 1425/65/27 1017/64/27
f 1426/65/3 1005/64/3 1007/64/3
f 1005/64/3 1426/65/3 1009/67/3
f 1009/67/3 1426/65/3 1021/68/3
f 1021/68/3 1426/65/3 1020/68/3
f 1424/65/3 1020/68/3 1426/65/3
f 1424/65/3 1022/67/3 1020/68/3
f 1018/64/3 1022/67/3 1424/65/3
f 1022/67/3 1018/64/3 1019/64/3
f 1427/65/18 1122/64/18 1124/64/18
f 1122/64/18 1427/65/18 1123/67/18
f 1123/67/18 1427/65/18 1428/68/18
f 1137/68/18 1123/67/18 1428/68/18
f 1428/68/18 1427/65/18 1137/68/18
f 1137/68/18 1427/65/18 1136/68/18
f 1136/68/18 1427/65/18 1429/68/18
f 1430/65/18 1429/68/18 1427/65/18
f 1429/68/18 1141/67/18 1136/68/18
f 1430/65/18 1141/67/18 1429/68/18
f 1126/64/18 1141/67/18 1430/65/18
f 1141/67/18 1126/64/18 1127/64/18
f 1235/64/4 1431/65/4 1234/64/4
f 1431/65/4 1235/64/4 1432/65/4
f 1431/65/3 1232/64/3 1234/64/3
f 1232/64/3 1431/65/3 1239/67/3
f 1239/67/3 1431/65/3 1249/68/3
f 1249/68/3 1431/65/3 1247/68/3
f 1433/65/3 1247/68/3 1431/65/3
f 1433/65/3 1245/67/3 1247/68/3
f 1241/64/3 1245/67/3 1433/65/3
f 1245/67/3 1241/64/3 1243/64/3

usemtl colormap-specular

f 37/69/12 30/70/12 31/69/12
f 30/70/12 37/69/12 28/70/12
f 73/69/12 66/70/12 67/69/12
f 66/70/12 73/69/12 64/70/12
f 109/69/12 102/70/12 103/69/12
f 102/70/12 109/69/12 100/70/12
f 145/69/12 138/70/12 139/69/12
f 138/70/12 145/69/12 136/70/12
f 1026/72/3 1024/71/3 1025/71/3
f 1024/71/3 1026/72/3 1027/72/3
f 1070/74/16 1068/73/16 1075/73/16
f 1068/73/16 1070/74/16 1069/74/16
f 1108/74/17 1106/73/17 1113/73/17
f 1106/73/17 1108/74/17 1107/74/17

