# Created by Kenney (www.kenney.nl)

mtllib building-f.mtl

g building-f

v 0.02179375 2.707168E-16 0.474 1 1 1
v 0.02179375 2.707168E-16 0.07399999 1 1 1
v -0.7782062 2.707168E-16 0.474 1 1 1
v -0.7782062 2.707168E-16 0.07399999 1 1 1
v -0.9582061 0.9 0.694 1 1 1
v -0.978206 0.9 0.674 1 1 1
v -0.9582061 0.95 0.694 1 1 1
v -0.978206 0.95 0.674 1 1 1
v -0.9782062 0.9 0.274 1 1 1
v -0.9782062 0.95 0.274 1 1 1
v -0.9582061 0.9 0.254 1 1 1
v -0.9582061 0.95 0.254 1 1 1
v -0.9182061 1.009701 0.3128057 1 1 1
v -0.9182061 1.090299 0.6351943 1 1 1
v -0.9182061 1.029104 0.307955 1 1 1
v -0.9182061 1.109701 0.6303436 1 1 1
v -0.6982061 1.009701 0.3128057 1 1 1
v -0.6982061 1.029104 0.3079549 1 1 1
v -0.6982061 1.090299 0.6351943 1 1 1
v -0.6982061 1.109701 0.6303436 1 1 1
v -0.9382061 1.009701 0.3128057 1 1 1
v -0.9382061 1.029104 0.307955 1 1 1
v -0.9382061 1.090299 0.6351943 1 1 1
v -0.9382061 1.109701 0.6303436 1 1 1
v -0.9182061 1.004851 0.2934028 1 1 1
v -0.9182061 1.024253 0.2885521 1 1 1
v -0.9182061 1.095149 0.6545972 1 1 1
v -0.9182061 1.114552 0.6497464 1 1 1
v -0.6982061 1.024253 0.2885521 1 1 1
v -0.6782061 1.029104 0.3079549 1 1 1
v -0.6782061 1.109701 0.6303436 1 1 1
v -0.6982061 1.114552 0.6497464 1 1 1
v -0.6982061 1.004851 0.2934028 1 1 1
v -0.6782061 1.009701 0.3128057 1 1 1
v -0.6782061 1.090299 0.6351943 1 1 1
v -0.6982061 1.095149 0.6545972 1 1 1
v -0.6382061 0.9 0.2739999 1 1 1
v -0.6382061 0.95 0.2739999 1 1 1
v -0.6582061 0.9 0.2539999 1 1 1
v -0.6582061 0.95 0.2539999 1 1 1
v -0.658206 0.9 0.694 1 1 1
v -0.658206 0.95 0.694 1 1 1
v -0.638206 0.9 0.674 1 1 1
v -0.638206 0.95 0.674 1 1 1
v -0.658206 0.95 0.674 1 1 1
v -0.9582061 0.95 0.674 1 1 1
v -0.6582061 0.95 0.2739999 1 1 1
v -0.9582061 0.95 0.274 1 1 1
v -0.498206 0.9 0.694 1 1 1
v -0.518206 0.9 0.674 1 1 1
v -0.498206 0.95 0.694 1 1 1
v -0.518206 0.95 0.674 1 1 1
v -0.5182061 0.9 0.274 1 1 1
v -0.5182061 0.95 0.274 1 1 1
v -0.4982061 0.9 0.254 1 1 1
v -0.4982061 0.95 0.254 1 1 1
v -0.4582061 1.009701 0.3128057 1 1 1
v -0.458206 1.090299 0.6351943 1 1 1
v -0.4582061 1.029104 0.307955 1 1 1
v -0.458206 1.109701 0.6303436 1 1 1
v -0.2382061 1.009701 0.3128057 1 1 1
v -0.2382061 1.029104 0.3079549 1 1 1
v -0.238206 1.090299 0.6351943 1 1 1
v -0.238206 1.109701 0.6303436 1 1 1
v -0.4782061 1.009701 0.3128057 1 1 1
v -0.4782061 1.029104 0.307955 1 1 1
v -0.478206 1.090299 0.6351943 1 1 1
v -0.478206 1.109701 0.6303436 1 1 1
v -0.4582061 1.004851 0.2934028 1 1 1
v -0.4582061 1.024253 0.2885521 1 1 1
v -0.458206 1.095149 0.6545972 1 1 1
v -0.458206 1.114552 0.6497464 1 1 1
v -0.2382061 1.024253 0.2885521 1 1 1
v -0.218206 1.029104 0.3079549 1 1 1
v -0.218206 1.109701 0.6303436 1 1 1
v -0.238206 1.114552 0.6497464 1 1 1
v -0.2382061 1.004851 0.2934028 1 1 1
v -0.218206 1.009701 0.3128057 1 1 1
v -0.218206 1.090299 0.6351943 1 1 1
v -0.238206 1.095149 0.6545972 1 1 1
v -0.1782061 0.9 0.2739999 1 1 1
v -0.1782061 0.95 0.2739999 1 1 1
v -0.1982061 0.9 0.2539999 1 1 1
v -0.1982061 0.95 0.2539999 1 1 1
v -0.198206 0.9 0.694 1 1 1
v -0.198206 0.95 0.694 1 1 1
v -0.178206 0.9 0.674 1 1 1
v -0.178206 0.95 0.674 1 1 1
v -0.198206 0.95 0.674 1 1 1
v -0.498206 0.95 0.674 1 1 1
v -0.1982061 0.95 0.2739999 1 1 1
v -0.4982061 0.95 0.274 1 1 1
v 0.4417939 2.707168E-16 0.4740001 1 1 1
v 0.4417939 2.707168E-16 0.07400002 1 1 1
v 0.4417939 0.05 0.4740001 1 1 1
v 0.4417939 0.05 0.07400002 1 1 1
v 0.4217939 2.707168E-16 0.4940001 1 1 1
v 0.4217939 0.05 0.4940001 1 1 1
v 0.02179383 2.707168E-16 0.494 1 1 1
v 0.02179383 0.05 0.494 1 1 1
v 0.02179389 2.707168E-16 0.07399996 1 1 1
v 0.4217939 0.05 0.07400002 1 1 1
v 0.4217939 0.05 0.4740001 1 1 1
v 0.02179383 0.05 0.474 1 1 1
v 0.04179378 0.5 0.8740001 1 1 1
v 0.04179384 0.5 0.474 1 1 1
v 0.04179378 0.55 0.8740001 1 1 1
v 0.04179384 0.55 0.474 1 1 1
v 0.02179378 0.5 0.8940001 1 1 1
v 0.02179378 0.55 0.8940001 1 1 1
v -0.3782063 0.5 0.894 1 1 1
v -0.3782063 0.55 0.894 1 1 1
v -0.3782062 0.5 0.474 1 1 1
v 0.02179384 0.55 0.474 1 1 1
v 0.02179378 0.55 0.8740001 1 1 1
v -0.3782063 0.55 0.874 1 1 1
v 0.04179378 3.609557E-16 0.8740001 1 1 1
v 0.04179384 3.609557E-16 0.474 1 1 1
v 0.04179378 0.05 0.8740001 1 1 1
v 0.04179384 0.05 0.474 1 1 1
v 0.02179378 3.609557E-16 0.8940001 1 1 1
v 0.02179378 0.05 0.8940001 1 1 1
v -0.3782063 3.609557E-16 0.894 1 1 1
v -0.3782063 0.05 0.894 1 1 1
v -0.3782062 3.609557E-16 0.474 1 1 1
v 0.02179384 0.05 0.474 1 1 1
v 0.02179378 0.05 0.8740001 1 1 1
v -0.3782063 0.05 0.874 1 1 1
v 0.02179378 0.5 0.05400001 1 1 1
v -0.3782062 0.5 0.05400001 1 1 1
v 0.02179378 0.55 0.05400001 1 1 1
v -0.3782062 0.55 0.05400001 1 1 1
v 0.04179378 0.5 0.074 1 1 1
v 0.04179378 0.55 0.074 1 1 1
v 0.04179378 0.5 0.474 1 1 1
v 0.04179378 0.55 0.474 1 1 1
v -0.3782062 0.55 0.074 1 1 1
v 0.02179378 0.55 0.074 1 1 1
v 0.02179378 0.55 0.474 1 1 1
v -1.178206 0.15 0.6161292 1 1 1
v -1.178206 0.225 0.6161292 1 1 1
v -1.253206 0.15 0.6161292 1 1 1
v -1.253206 0.225 0.6161292 1 1 1
v -1.253206 0.05000001 0.6161292 1 1 1
v -1.309456 0.20625 0.6161292 1 1 1
v -1.328206 0.15 0.6161292 1 1 1
v -1.328206 0.05000001 0.6161292 1 1 1
v -1.328206 0.15 0.6911292 1 1 1
v -1.309456 0.20625 0.6911292 1 1 1
v -1.178206 0.15 0.6911292 1 1 1
v -1.253206 0.15 0.6911292 1 1 1
v -1.328206 0.05000001 0.6911292 1 1 1
v -1.253206 0.05000001 0.6911292 1 1 1
v -1.253206 0.225 0.6911292 1 1 1
v -1.178206 0.225 0.6911292 1 1 1
v -1.328206 0.05 0.5961292 1 1 1
v -1.328206 4.408194E-09 0.5961292 1 1 1
v -1.253206 0.05000001 0.5961292 1 1 1
v -1.253206 9.306174E-09 0.5961292 1 1 1
v -1.348206 0 0.6911292 1 1 1
v -1.348206 2.448998E-09 0.6161292 1 1 1
v -1.348206 0.05 0.6911292 1 1 1
v -1.348206 0.05 0.6161292 1 1 1
v -1.233206 7.510237E-09 0.6911292 1 1 1
v -1.233206 0.05000001 0.6911292 1 1 1
v -1.233206 9.959235E-09 0.6161292 1 1 1
v -1.233206 0.05000001 0.6161292 1 1 1
v -1.328206 0.05 0.7111292 1 1 1
v -1.253206 0.05 0.7111292 1 1 1
v -1.328206 6.53062E-10 0.7111292 1 1 1
v -1.253206 5.551043E-09 0.7111292 1 1 1
v -1.178206 0.15 0.4161292 1 1 1
v -1.178206 0.225 0.4161292 1 1 1
v -1.253206 0.15 0.4161292 1 1 1
v -1.253206 0.225 0.4161292 1 1 1
v -1.253206 0.05000001 0.4161292 1 1 1
v -1.309456 0.20625 0.4161292 1 1 1
v -1.328206 0.15 0.4161292 1 1 1
v -1.328206 0.05000001 0.4161292 1 1 1
v -1.328206 0.15 0.4911292 1 1 1
v -1.309456 0.20625 0.4911292 1 1 1
v -1.178206 0.15 0.4911292 1 1 1
v -1.253206 0.15 0.4911292 1 1 1
v -1.328206 0.05000001 0.4911292 1 1 1
v -1.253206 0.05000001 0.4911292 1 1 1
v -1.253206 0.225 0.4911292 1 1 1
v -1.178206 0.225 0.4911292 1 1 1
v -1.328206 0.05 0.3961292 1 1 1
v -1.328206 4.408194E-09 0.3961292 1 1 1
v -1.253206 0.05000001 0.3961292 1 1 1
v -1.253206 9.306174E-09 0.3961292 1 1 1
v -1.348206 0 0.4911292 1 1 1
v -1.348206 2.448998E-09 0.4161292 1 1 1
v -1.348206 0.05 0.4911292 1 1 1
v -1.348206 0.05 0.4161292 1 1 1
v -1.233206 7.510237E-09 0.4911292 1 1 1
v -1.233206 0.05000001 0.4911292 1 1 1
v -1.233206 9.959235E-09 0.4161292 1 1 1
v -1.233206 0.05000001 0.4161292 1 1 1
v -1.328206 0.05 0.5111292 1 1 1
v -1.253206 0.05 0.5111292 1 1 1
v -1.328206 6.53062E-10 0.5111292 1 1 1
v -1.253206 5.551043E-09 0.5111292 1 1 1
v -1.198206 2.707168E-16 0.07400003 1 1 1
v -1.198206 2.707168E-16 0.4740001 1 1 1
v -1.198206 0.05 0.07400003 1 1 1
v -1.198206 0.05 0.4740001 1 1 1
v -1.178206 2.707168E-16 0.05400003 1 1 1
v -1.178206 0.05 0.05400003 1 1 1
v -0.7782059 2.707168E-16 0.05399998 1 1 1
v -0.7782059 0.05 0.05399998 1 1 1
v -0.7782059 2.707168E-16 0.474 1 1 1
v -1.178206 0.05 0.4740001 1 1 1
v -1.178206 0.05 0.07400003 1 1 1
v -0.7782059 0.05 0.07399997 1 1 1
v -1.178206 0.5 0.894 1 1 1
v -0.7782059 0.5 0.894 1 1 1
v -1.178206 0.55 0.894 1 1 1
v -0.7782059 0.55 0.894 1 1 1
v -1.198206 0.5 0.874 1 1 1
v -1.198206 0.55 0.874 1 1 1
v -1.198206 0.5 0.474 1 1 1
v -1.198206 0.55 0.474 1 1 1
v -0.7782059 0.5 0.474 1 1 1
v -0.7782059 0.55 0.874 1 1 1
v -1.178206 0.55 0.874 1 1 1
v -1.178206 0.55 0.474 1 1 1
v -1.178206 2.707168E-16 0.8940001 1 1 1
v -0.7782059 2.707168E-16 0.894 1 1 1
v -1.178206 0.05 0.8940001 1 1 1
v -0.7782059 0.05 0.894 1 1 1
v -1.198206 2.707168E-16 0.874 1 1 1
v -1.198206 0.05 0.874 1 1 1
v -1.198206 2.707168E-16 0.474 1 1 1
v -1.198206 0.05 0.474 1 1 1
v -0.7782059 2.707168E-16 0.474 1 1 1
v -0.7782059 0.05 0.874 1 1 1
v -1.178206 0.05 0.874 1 1 1
v -1.178206 0.05 0.474 1 1 1
v -0.7782061 -3.609557E-16 0.8939999 1 1 1
v -0.3782061 -3.609557E-16 0.8939999 1 1 1
v -0.7782061 -3.609557E-16 0.474 1 1 1
v -0.3782061 -3.609557E-16 0.474 1 1 1
v -0.3782061 0.05 0.8939999 1 1 1
v -0.7782061 0.05 0.8939999 1 1 1
v -0.7782061 0.05 0.874 1 1 1
v -0.3782061 0.05 0.874 1 1 1
v -0.7782061 0.5 0.8939999 1 1 1
v -0.3782061 0.5 0.8939999 1 1 1
v -0.7782061 0.5 0.474 1 1 1
v -0.3782061 0.5 0.474 1 1 1
v -0.3782061 0.55 0.8939999 1 1 1
v -0.7782061 0.55 0.8939999 1 1 1
v -0.7782061 0.55 0.874 1 1 1
v -0.3782061 0.55 0.874 1 1 1
v 0.02179384 0.9 0.074 1 1 1
v 0.02179384 0.9299999 0.074 1 1 1
v -0.3782062 0.9 0.07399994 1 1 1
v -0.3782062 0.9299999 0.07399994 1 1 1
v 0.02179378 0.9 0.474 1 1 1
v 0.02179378 0.9299999 0.474 1 1 1
v -0.02820618 0.98 0.124 1 1 1
v -0.02820618 0.9 0.124 1 1 1
v -0.3782062 0.98 0.124 1 1 1
v -0.3782062 0.9 0.124 1 1 1
v 0.04179384 0.9299999 0.074 1 1 1
v 0.04179378 0.9299999 0.474 1 1 1
v 0.04179384 0.98 0.074 1 1 1
v 0.04179378 0.98 0.474 1 1 1
v -0.3782062 0.9299999 0.05399995 1 1 1
v 0.02179384 0.9299999 0.05400001 1 1 1
v -0.02820623 0.98 0.474 1 1 1
v -0.3782062 0.98 0.05399995 1 1 1
v 0.02179384 0.98 0.05400001 1 1 1
v -0.02820623 0.9 0.474 1 1 1
v 0.02179378 0.9 0.874 1 1 1
v 0.02179378 0.9299999 0.874 1 1 1
v -0.3782062 0.9 0.874 1 1 1
v -0.3782062 0.9299999 0.874 1 1 1
v -0.02820621 0.98 0.824 1 1 1
v -0.02820621 0.9 0.824 1 1 1
v -0.02820621 0.98 0.474 1 1 1
v -0.02820621 0.9 0.474 1 1 1
v 0.02179378 0.9299999 0.894 1 1 1
v -0.3782062 0.9299999 0.894 1 1 1
v 0.02179378 0.98 0.894 1 1 1
v -0.3782062 0.98 0.894 1 1 1
v 0.04179378 0.9299999 0.874 1 1 1
v -0.3782062 0.98 0.824 1 1 1
v 0.04179378 0.98 0.874 1 1 1
v -0.3782062 0.9 0.824 1 1 1
v -0.378206 0.53 -0.326 1 1 1
v 0.0217941 0.53 -0.326 1 1 1
v -0.378206 0.53 -0.346 1 1 1
v 0.0217941 0.53 -0.346 1 1 1
v 0.0217941 0.5 -0.326 1 1 1
v -0.378206 0.5 -0.326 1 1 1
v 0.02179408 0.58 -0.276 1 1 1
v 0.02179408 0.5 -0.276 1 1 1
v -0.378206 0.58 -0.276 1 1 1
v -0.378206 0.5 -0.276 1 1 1
v -0.378206 0.58 -0.346 1 1 1
v 0.0217941 0.58 -0.346 1 1 1
v 0.4217939 0.5 -0.326 1 1 1
v 0.4217939 0.53 -0.326 1 1 1
v 0.02179389 0.5 -0.326 1 1 1
v 0.02179389 0.53 -0.326 1 1 1
v 0.4217939 0.5 0.07400008 1 1 1
v 0.4217939 0.53 0.07400008 1 1 1
v 0.3717939 0.58 -0.276 1 1 1
v 0.3717939 0.5 -0.276 1 1 1
v 0.02179387 0.58 -0.276 1 1 1
v 0.02179387 0.5 -0.276 1 1 1
v 0.4417939 0.53 -0.326 1 1 1
v 0.4417939 0.53 0.07400008 1 1 1
v 0.4417939 0.58 -0.326 1 1 1
v 0.4417939 0.58 0.07400008 1 1 1
v 0.02179389 0.53 -0.346 1 1 1
v 0.4217939 0.53 -0.346 1 1 1
v 0.3717939 0.58 0.07400006 1 1 1
v 0.02179389 0.58 -0.346 1 1 1
v 0.4217939 0.58 -0.346 1 1 1
v 0.3717939 0.5 0.07400006 1 1 1
v -0.7782063 0.5 -0.326 1 1 1
v -0.7782063 0.53 -0.326 1 1 1
v -0.7782063 0.5 0.07400002 1 1 1
v -0.7782063 0.53 0.07400002 1 1 1
v -0.3782063 0.5 -0.326 1 1 1
v -0.3782063 0.53 -0.326 1 1 1
v -0.7282063 0.58 -0.276 1 1 1
v -0.7282063 0.5 -0.276 1 1 1
v -0.7282063 0.58 0.07400002 1 1 1
v -0.7282063 0.5 0.07400002 1 1 1
v -0.7782063 0.53 -0.346 1 1 1
v -0.3782063 0.53 -0.346 1 1 1
v -0.7782063 0.58 -0.346 1 1 1
v -0.3782063 0.58 -0.346 1 1 1
v -0.7982063 0.53 0.07400002 1 1 1
v -0.7982063 0.53 -0.326 1 1 1
v -0.3782063 0.58 -0.276 1 1 1
v -0.7982063 0.58 0.07400002 1 1 1
v -0.7982063 0.58 -0.326 1 1 1
v -0.3782063 0.5 -0.276 1 1 1
v 0.4217939 0.5 0.4740001 1 1 1
v 0.4217939 0.53 0.4740001 1 1 1
v 0.02179383 0.5 0.474 1 1 1
v 0.02179383 0.53 0.474 1 1 1
v 0.4217939 0.5 0.07400002 1 1 1
v 0.4217939 0.53 0.07400002 1 1 1
v 0.3717939 0.58 0.424 1 1 1
v 0.3717939 0.5 0.424 1 1 1
v 0.02179384 0.58 0.424 1 1 1
v 0.02179384 0.5 0.424 1 1 1
v 0.4417939 0.53 0.4740001 1 1 1
v 0.4417939 0.53 0.07400002 1 1 1
v 0.4417939 0.58 0.4740001 1 1 1
v 0.4417939 0.58 0.07400002 1 1 1
v 0.02179383 0.53 0.494 1 1 1
v 0.4217939 0.53 0.4940001 1 1 1
v 0.3717939 0.58 0.074 1 1 1
v 0.02179383 0.58 0.494 1 1 1
v 0.4217939 0.58 0.4940001 1 1 1
v 0.3717939 0.5 0.074 1 1 1
v -1.178206 0.9 0.8740001 1 1 1
v -1.178206 0.9299999 0.8740001 1 1 1
v -0.7782059 0.9 0.874 1 1 1
v -0.7782059 0.9299999 0.874 1 1 1
v -1.178206 0.9 0.474 1 1 1
v -1.178206 0.9299999 0.474 1 1 1
v -1.128206 0.98 0.8240001 1 1 1
v -1.128206 0.9 0.8240001 1 1 1
v -0.7782059 0.98 0.824 1 1 1
v -0.7782059 0.9 0.824 1 1 1
v -1.198206 0.9299999 0.8740001 1 1 1
v -1.198206 0.9299999 0.474 1 1 1
v -1.198206 0.98 0.8740001 1 1 1
v -1.198206 0.98 0.474 1 1 1
v -0.7782059 0.9299999 0.894 1 1 1
v -1.178206 0.9299999 0.8940001 1 1 1
v -1.128206 0.98 0.474 1 1 1
v -0.7782059 0.98 0.894 1 1 1
v -1.178206 0.98 0.8940001 1 1 1
v -1.128206 0.9 0.474 1 1 1
v -1.178206 0.9 0.074 1 1 1
v -1.178206 0.9299999 0.074 1 1 1
v -1.178206 0.9 0.474 1 1 1
v -1.178206 0.9299999 0.474 1 1 1
v -0.7782059 0.9 0.074 1 1 1
v -0.7782059 0.9299999 0.074 1 1 1
v -1.128206 0.98 0.124 1 1 1
v -1.128206 0.9 0.124 1 1 1
v -1.128206 0.98 0.474 1 1 1
v -1.128206 0.9 0.474 1 1 1
v -1.178206 0.9299999 0.05400001 1 1 1
v -0.7782059 0.9299999 0.05400001 1 1 1
v -1.178206 0.98 0.05400001 1 1 1
v -0.7782059 0.98 0.05400001 1 1 1
v -1.198206 0.9299999 0.474 1 1 1
v -1.198206 0.9299999 0.074 1 1 1
v -0.7782059 0.98 0.124 1 1 1
v -1.198206 0.98 0.474 1 1 1
v -1.198206 0.98 0.074 1 1 1
v -0.7782059 0.9 0.124 1 1 1
v -0.7782061 0.9299999 0.07399994 1 1 1
v -0.378206 0.9299999 0.074 1 1 1
v -0.7782061 0.9299999 0.05399995 1 1 1
v -0.378206 0.9299999 0.05400001 1 1 1
v -0.378206 0.9 0.074 1 1 1
v -0.7782061 0.9 0.07399994 1 1 1
v -0.378206 0.98 0.124 1 1 1
v -0.378206 0.9 0.124 1 1 1
v -0.7782061 0.98 0.124 1 1 1
v -0.7782061 0.9 0.124 1 1 1
v -0.7782061 0.98 0.05399995 1 1 1
v -0.378206 0.98 0.05400001 1 1 1
v -0.378206 0.9299999 0.874 1 1 1
v -0.7782061 0.9299999 0.8740001 1 1 1
v -0.378206 0.9299999 0.894 1 1 1
v -0.7782061 0.9299999 0.8940001 1 1 1
v -0.7782061 0.9 0.8740001 1 1 1
v -0.378206 0.9 0.874 1 1 1
v -0.7782061 0.98 0.8240001 1 1 1
v -0.7782061 0.9 0.8240001 1 1 1
v -0.378206 0.98 0.824 1 1 1
v -0.378206 0.9 0.824 1 1 1
v -0.378206 0.98 0.894 1 1 1
v -0.7782061 0.98 0.8940001 1 1 1
v 0.2934527 0.559 0.3027864 1 1 1
v 0.2848124 0.559 0.3236461 1 1 1
v 0.3082027 0.5885 0.3027864 1 1 1
v 0.2952422 0.5885 0.3340759 1 1 1
v 0.2344527 0.559 0.3027864 1 1 1
v 0.2197027 0.5885 0.3027864 1 1 1
v 0.2430931 0.559 0.3236461 1 1 1
v 0.2326633 0.5885 0.3340759 1 1 1
v 0.2848124 0.5 0.3236461 1 1 1
v 0.2639527 0.5 0.3322864 1 1 1
v 0.2639527 0.559 0.3322864 1 1 1
v 0.2952422 0.5885 0.271497 1 1 1
v 0.2848124 0.559 0.2819268 1 1 1
v 0.2639527 0.5885 0.3470365 1 1 1
v 0.2639527 0.559 0.2732864 1 1 1
v 0.2639527 0.5885 0.2585364 1 1 1
v 0.2430931 0.559 0.2819268 1 1 1
v 0.2326633 0.5885 0.271497 1 1 1
v 0.2934527 0.618 0.3027864 1 1 1
v 0.2848124 0.618 0.3236461 1 1 1
v 0.2430931 0.5 0.3236461 1 1 1
v 0.2430931 0.5 0.2819268 1 1 1
v 0.2639527 0.5 0.2732864 1 1 1
v 0.2344527 0.5 0.3027864 1 1 1
v 0.2430931 0.618 0.2819268 1 1 1
v 0.2639527 0.618 0.2732864 1 1 1
v 0.2848124 0.618 0.2819268 1 1 1
v 0.2639527 0.618 0.3322864 1 1 1
v 0.2430931 0.618 0.3236461 1 1 1
v 0.2344527 0.618 0.3027864 1 1 1
v 0.2848124 0.5 0.2819268 1 1 1
v 0.2934527 0.5 0.3027864 1 1 1
v 0.02179404 0.5 0.874 1 1 1
v 0.02179404 0.4 0.874 1 1 1
v 0.02179404 0.5 0.474 1 1 1
v 0.02179404 0.4 0.474 1 1 1
v -0.378206 0.4 0.874 1 1 1
v -0.378206 0.5 0.874 1 1 1
v -0.7782061 0.5 -0.326 1 1 1
v -0.7782061 0.4 -0.326 1 1 1
v -0.7782061 0.5 0.07400002 1 1 1
v -0.7782061 0.4 0.07400002 1 1 1
v -0.3782061 0.4 -0.326 1 1 1
v -0.3782061 0.5 -0.326 1 1 1
v 0.02179404 0.4 -0.326 1 1 1
v -0.378206 0.4 -0.326 1 1 1
v 0.02179404 0.5 -0.326 1 1 1
v -0.378206 0.5 -0.326 1 1 1
v 0.4217941 0.5 0.474 1 1 1
v 0.4217941 0.4 0.474 1 1 1
v 0.4217941 0.5 0.07399999 1 1 1
v 0.4217941 0.4 0.07399999 1 1 1
v 0.02179413 0.4 0.474 1 1 1
v 0.02179413 0.5 0.474 1 1 1
v -1.178206 0.5 0.8740001 1 1 1
v -1.178206 0.4 0.8740001 1 1 1
v -0.7782061 0.5 0.874 1 1 1
v -0.7782061 0.4 0.874 1 1 1
v -1.178206 0.4 0.474 1 1 1
v -1.178206 0.5 0.474 1 1 1
v 0.4217941 0.5 -0.326 1 1 1
v 0.4217941 0.4 -0.326 1 1 1
v 0.4217941 0.5 0.07400002 1 1 1
v 0.4217941 0.4 0.07400002 1 1 1
v 0.02179413 0.4 -0.326 1 1 1
v 0.02179413 0.5 -0.326 1 1 1
v -0.7782061 0.4 0.874 1 1 1
v -0.3782061 0.4 0.874 1 1 1
v -0.7782061 0.5 0.874 1 1 1
v -0.3782061 0.5 0.874 1 1 1
v -1.178206 0.5 0.07400002 1 1 1
v -1.178206 0.4 0.07400002 1 1 1
v -0.7782062 0.4 0.07400002 1 1 1
v -0.7782062 0.5 0.07400002 1 1 1
v -1.103206 1.20115 0.04752363 1 1 1
v -1.22237 1.20115 -0.001835778 1 1 1
v -1.103206 1.350575 0.04311458 1 1 1
v -1.219253 1.350575 -0.004953459 1 1 1
v -1.103206 0.1125 0.07964619 1 1 1
v -1.245084 0.1125 0.02087829 1 1 1
v -1.103206 0.9023 0.05634173 1 1 1
v -1.228606 0.9023 0.00439956 1 1 1
v -1.103206 1.20115 -0.2895236 1 1 1
v -0.984042 1.20115 -0.2401642 1 1 1
v -1.103206 1.350575 -0.2851145 1 1 1
v -0.9871597 1.350575 -0.2370465 1 1 1
v -0.9613279 0.1125 0.02087829 1 1 1
v -0.9778066 0.9023 0.00439956 1 1 1
v -1.213017 1.649425 -0.2308111 1 1 1
v -1.103206 1.649425 -0.2762964 1 1 1
v -1.209615 1.8125 -0.2274087 1 1 1
v -1.103206 1.8125 -0.2714846 1 1 1
v -1.103206 1.649425 0.03429649 1 1 1
v -1.213017 1.649425 -0.0111888 1 1 1
v -1.103206 1.8125 0.02948467 1 1 1
v -1.209615 1.8125 -0.01459126 1 1 1
v -0.993395 1.649425 -0.0111888 1 1 1
v -0.9967974 1.8125 -0.01459126 1 1 1
v -1.245084 0.1125 -0.2628782 1 1 1
v -1.103206 0.1125 -0.3216461 1 1 1
v -1.228606 0.9023 -0.2463995 1 1 1
v -1.103206 0.9023 -0.2983417 1 1 1
v -0.9613279 0.1125 -0.2628782 1 1 1
v -0.9778066 0.9023 -0.2463995 1 1 1
v -0.90256 0.1125 -0.121 1 1 1
v -0.9258645 0.9023 -0.121 1 1 1
v -1.258503 1.649425 -0.121 1 1 1
v -1.253691 1.8125 -0.121 1 1 1
v -1.280548 0.9023 -0.121 1 1 1
v -1.303852 0.1125 -0.121 1 1 1
v -0.9390916 1.350575 -0.121 1 1 1
v -0.9346825 1.20115 -0.121 1 1 1
v -0.9871597 1.350575 -0.004953459 1 1 1
v -0.984042 1.20115 -0.001835778 1 1 1
v -0.9527215 1.8125 -0.121 1 1 1
v -0.9479097 1.649425 -0.121 1 1 1
v -1.27173 1.20115 -0.121 1 1 1
v -1.267321 1.350575 -0.121 1 1 1
v -1.22237 1.20115 -0.2401642 1 1 1
v -1.219253 1.350575 -0.2370465 1 1 1
v -0.993395 1.649425 -0.2308111 1 1 1
v -0.9967974 1.8125 -0.2274087 1 1 1
v -0.7182058 0.5 0.003999993 1 1 1
v -0.7482058 0.5 0.003999993 1 1 1
v -0.7182058 0.849 0.003999993 1 1 1
v -0.7482058 0.849 0.003999993 1 1 1
v -0.7182058 0.84 -0.02600001 1 1 1
v -0.7182058 0.5 -0.02600001 1 1 1
v -0.7482058 0.5 -0.02600001 1 1 1
v -0.7482058 0.84 -0.02600001 1 1 1
v -0.4382058 0.5 -0.02600001 1 1 1
v -0.4082059 0.5 -0.02600001 1 1 1
v -0.4382058 0.84 -0.02600001 1 1 1
v -0.4082059 0.84 -0.02600001 1 1 1
v -0.4082059 0.5 0.003999993 1 1 1
v -0.4382058 0.5 0.003999993 1 1 1
v -0.4082059 0.849 0.003999993 1 1 1
v -0.4382058 0.849 0.003999993 1 1 1
v 0.341794 0.27 -0.346 1 1 1
v 0.1017939 0.27 -0.346 1 1 1
v 0.341794 0.27 -0.326 1 1 1
v 0.1017939 0.27 -0.326 1 1 1
v 0.4417939 2.707168E-16 0.07400003 1 1 1
v 0.4417939 2.707168E-16 -0.326 1 1 1
v 0.02179393 2.707168E-16 0.07400003 1 1 1
v 0.4217939 2.707168E-16 -0.346 1 1 1
v 0.02179393 2.707168E-16 -0.346 1 1 1
v 0.341794 0.13 -0.346 1 1 1
v 0.341794 0.13 -0.326 1 1 1
v 0.1017939 0.13 -0.346 1 1 1
v 0.1017939 0.13 -0.326 1 1 1
v 0.02179393 0.05 -0.326 1 1 1
v 0.02179393 0.05 -0.346 1 1 1
v 0.4217939 0.05 -0.326 1 1 1
v 0.4217939 0.05 -0.346 1 1 1
v 0.4217939 0.05 0.07400003 1 1 1
v 0.4417939 0.05 -0.326 1 1 1
v 0.4417939 0.05 0.07400003 1 1 1
v 0.07179394 0.13 -0.346 1 1 1
v 0.07179394 0.3 -0.346 1 1 1
v 0.3717939 0.3 -0.346 1 1 1
v 0.3717939 0.13 -0.346 1 1 1
v 0.07179394 0.13 -0.326 1 1 1
v 0.07179394 0.3 -0.326 1 1 1
v 0.3717939 0.3 -0.326 1 1 1
v 0.3717939 0.13 -0.326 1 1 1
v 0.3717941 0.13 -0.366 1 1 1
v 0.3717941 0.13 -0.346 1 1 1
v 0.3517941 0.13 -0.386 1 1 1
v 0.3417941 0.13 -0.346 1 1 1
v 0.09179413 0.13 -0.386 1 1 1
v 0.3417941 0.13 -0.326 1 1 1
v 0.1017941 0.13 -0.346 1 1 1
v 0.1017941 0.13 -0.326 1 1 1
v 0.07179412 0.13 -0.346 1 1 1
v 0.07179412 0.13 -0.366 1 1 1
v 0.09179413 0.11 -0.386 1 1 1
v 0.3517941 0.11 -0.386 1 1 1
v 0.3717941 0.11 -0.326 1 1 1
v 0.3717941 0.11 -0.366 1 1 1
v 0.07179412 0.11 -0.326 1 1 1
v 0.07179412 0.11 -0.366 1 1 1
v 0.07179412 0.13 -0.326 1 1 1
v 0.3717941 0.13 -0.326 1 1 1
v 0.3217941 0.25 -0.326 1 1 1
v 0.2317941 0.25 -0.326 1 1 1
v 0.3217941 0.25 -0.306 1 1 1
v 0.1217941 0.25 -0.306 1 1 1
v 0.2117941 0.25 -0.326 1 1 1
v 0.1217941 0.25 -0.326 1 1 1
v 0.1217941 0.15 -0.326 1 1 1
v 0.1217941 0.15 -0.306 1 1 1
v 0.3217941 0.15 -0.326 1 1 1
v 0.3217941 0.15 -0.306 1 1 1
v 0.2317941 0.15 -0.326 1 1 1
v 0.2117941 0.15 -0.326 1 1 1
v 0.1017941 0.27 -0.326 1 1 1
v 0.3417941 0.27 -0.326 1 1 1
v -0.6982059 0.27 -0.346 1 1 1
v -0.4582059 0.27 -0.346 1 1 1
v -0.6982059 0.27 -0.326 1 1 1
v -0.4582059 0.27 -0.326 1 1 1
v -0.7982059 2.708489E-16 0.07400003 1 1 1
v -0.7982059 2.708489E-16 -0.326 1 1 1
v -0.3782059 2.708489E-16 0.07400003 1 1 1
v -0.7782059 2.708489E-16 -0.346 1 1 1
v -0.3782059 2.708489E-16 -0.346 1 1 1
v -0.6982059 0.13 -0.346 1 1 1
v -0.6982059 0.13 -0.326 1 1 1
v -0.4582059 0.13 -0.346 1 1 1
v -0.4582059 0.13 -0.326 1 1 1
v -0.3782059 0.05 -0.326 1 1 1
v -0.3782059 0.05 -0.346 1 1 1
v -0.7782059 0.05 -0.326 1 1 1
v -0.7782059 0.05 -0.346 1 1 1
v -0.7782059 0.05 0.07400003 1 1 1
v -0.7982059 0.05 -0.326 1 1 1
v -0.7982059 0.05 0.07400003 1 1 1
v -0.4282059 0.13 -0.346 1 1 1
v -0.4282059 0.3 -0.346 1 1 1
v -0.7282059 0.3 -0.346 1 1 1
v -0.7282059 0.13 -0.346 1 1 1
v -0.4282059 0.13 -0.326 1 1 1
v -0.4282059 0.3 -0.326 1 1 1
v -0.7282059 0.3 -0.326 1 1 1
v -0.7282059 0.13 -0.326 1 1 1
v -0.728206 0.13 -0.366 1 1 1
v -0.728206 0.13 -0.346 1 1 1
v -0.7082061 0.13 -0.386 1 1 1
v -0.6982061 0.13 -0.346 1 1 1
v -0.4482061 0.13 -0.386 1 1 1
v -0.6982061 0.13 -0.326 1 1 1
v -0.4582061 0.13 -0.346 1 1 1
v -0.4582061 0.13 -0.326 1 1 1
v -0.4282061 0.13 -0.346 1 1 1
v -0.4282061 0.13 -0.366 1 1 1
v -0.4482061 0.11 -0.386 1 1 1
v -0.7082061 0.11 -0.386 1 1 1
v -0.728206 0.11 -0.326 1 1 1
v -0.728206 0.11 -0.366 1 1 1
v -0.4282061 0.11 -0.326 1 1 1
v -0.4282061 0.11 -0.366 1 1 1
v -0.4282061 0.13 -0.326 1 1 1
v -0.728206 0.13 -0.326 1 1 1
v -0.6782061 0.25 -0.326 1 1 1
v -0.5882061 0.25 -0.326 1 1 1
v -0.6782061 0.25 -0.306 1 1 1
v -0.4782061 0.25 -0.306 1 1 1
v -0.5682061 0.25 -0.326 1 1 1
v -0.4782061 0.25 -0.326 1 1 1
v -0.4782061 0.15 -0.326 1 1 1
v -0.4782061 0.15 -0.306 1 1 1
v -0.6782061 0.15 -0.326 1 1 1
v -0.6782061 0.15 -0.306 1 1 1
v -0.5882061 0.15 -0.326 1 1 1
v -0.5682061 0.15 -0.326 1 1 1
v -0.4582061 0.27 -0.326 1 1 1
v -0.6982061 0.27 -0.326 1 1 1
v -1.198206 0.77 0.204 1 1 1
v -1.198206 0.77 0.344 1 1 1
v -1.178206 0.77 0.204 1 1 1
v -1.178206 0.77 0.344 1 1 1
v -1.198206 0.68 0.204 1 1 1
v -1.178206 0.68 0.204 1 1 1
v -1.198206 0.68 0.344 1 1 1
v -1.178206 0.68 0.344 1 1 1
v -1.178206 0.8 0.194 1 1 1
v -1.178206 0.8 0.354 1 1 1
v -1.198206 0.8 0.194 1 1 1
v -1.198206 0.8 0.354 1 1 1
v -1.178206 0.65 0.194 1 1 1
v -1.198206 0.65 0.194 1 1 1
v -1.178206 0.65 0.354 1 1 1
v -1.198206 0.65 0.354 1 1 1
v -1.198206 0.78 0.374 1 1 1
v -1.178206 0.78 0.374 1 1 1
v -1.198206 0.67 0.374 1 1 1
v -1.178206 0.67 0.374 1 1 1
v -1.198206 0.67 0.174 1 1 1
v -1.178206 0.67 0.174 1 1 1
v -1.198206 0.78 0.174 1 1 1
v -1.178206 0.78 0.174 1 1 1
v -1.198206 0.5 0.07399994 1 1 1
v -1.198206 0.55 0.07399994 1 1 1
v -1.198206 0.5 0.4740001 1 1 1
v -1.198206 0.55 0.4740001 1 1 1
v -1.178206 0.55 0.05399995 1 1 1
v -1.178206 0.5 0.05399995 1 1 1
v -0.7782057 0.5 0.05399989 1 1 1
v -0.7782056 0.5 0.474 1 1 1
v -1.178206 0.55 0.4740001 1 1 1
v -1.178206 0.55 0.07399994 1 1 1
v -0.7782057 0.55 0.07399988 1 1 1
v -0.7782057 0.55 0.05399989 1 1 1
v -1.178206 0.7 0.224 1 1 1
v -1.178206 0.75 0.224 1 1 1
v -1.158206 0.7 0.224 1 1 1
v -1.158206 0.75 0.224 1 1 1
v -1.158206 0.75 0.324 1 1 1
v -1.178206 0.75 0.324 1 1 1
v -1.158206 0.7 0.324 1 1 1
v -1.178206 0.7 0.324 1 1 1
v -1.178206 0.77 0.344 1 1 1
v -1.178206 0.68 0.344 1 1 1
v -1.178206 0.77 0.204 1 1 1
v -1.178206 0.68 0.204 1 1 1
v -0.0582062 2.707168E-16 -0.346 1 1 1
v -0.0582062 0.27 -0.346 1 1 1
v -0.0582062 2.707168E-16 -0.326 1 1 1
v -0.0582062 0.27 -0.326 1 1 1
v -0.2982062 0.27 -0.346 1 1 1
v -0.2982062 2.707168E-16 -0.346 1 1 1
v -0.2982062 0.27 -0.326 1 1 1
v -0.2982062 2.707168E-16 -0.326 1 1 1
v -0.3282062 0.05 -0.346 1 1 1
v -0.3282062 0.28 -0.346 1 1 1
v -0.3282062 0.05 -0.326 1 1 1
v -0.3282062 0.28 -0.326 1 1 1
v -0.0282062 0.28 -0.346 1 1 1
v -0.0282062 0.05 -0.346 1 1 1
v -0.0282062 0.28 -0.326 1 1 1
v -0.0282062 0.05 -0.326 1 1 1
v -0.0482062 0.3 -0.346 1 1 1
v -0.0482062 0.3 -0.326 1 1 1
v -0.3082062 0.3 -0.346 1 1 1
v -0.3082062 0.3 -0.326 1 1 1
v 0.0217938 2.70849E-16 -0.346 1 1 1
v 0.0217938 0.05 -0.346 1 1 1
v -0.3782062 2.70849E-16 -0.346 1 1 1
v -0.3782062 0.05 -0.346 1 1 1
v 0.0217938 2.707168E-16 0.07400002 1 1 1
v -0.3782062 2.707168E-16 0.07400002 1 1 1
v 0.0217938 0.05 -0.326 1 1 1
v -0.3782062 0.05 -0.326 1 1 1
v -0.2074762 0.1142649 -0.306 1 1 1
v -0.2074762 0.1142649 -0.326 1 1 1
v -0.1882062 0.1142649 -0.306 1 1 1
v -0.1882062 0.1142649 -0.326 1 1 1
v -0.2074762 0.1557351 -0.326 1 1 1
v -0.2074762 0.1557351 -0.306 1 1 1
v -0.1882062 0.1557351 -0.326 1 1 1
v -0.1882062 0.1557351 -0.306 1 1 1
v -0.1682063 0.1142649 -0.306 1 1 1
v -0.1682063 0.1142649 -0.326 1 1 1
v -0.1489362 0.1142649 -0.306 1 1 1
v -0.1489362 0.1142649 -0.326 1 1 1
v -0.1682063 0.1557351 -0.326 1 1 1
v -0.1682063 0.1557351 -0.306 1 1 1
v -0.1489362 0.1557351 -0.326 1 1 1
v -0.1489362 0.1557351 -0.306 1 1 1
v -0.8289339 0.04999998 -0.2847279 1 1 1
v -0.816206 0.04999998 -0.29 1 1 1
v -0.8289339 0.45 -0.2847279 1 1 1
v -0.816206 0.45 -0.29 1 1 1
v -0.798206 0.45 -0.272 1 1 1
v -0.798206 0.04999998 -0.272 1 1 1
v -0.8034781 0.45 -0.2592721 1 1 1
v -0.8034781 0.04999998 -0.2592721 1 1 1
v -0.8034781 0.04999998 -0.2847279 1 1 1
v -0.8034781 0.45 -0.2847279 1 1 1
v -0.816206 0.04999998 -0.254 1 1 1
v -0.816206 0.45 -0.254 1 1 1
v -0.8289339 0.04999998 -0.2592721 1 1 1
v -0.8289339 0.45 -0.2592721 1 1 1
v -0.834206 0.04999998 -0.272 1 1 1
v -0.834206 0.45 -0.272 1 1 1
v -0.778206 0.45 -0.254 1 1 1
v -0.778206 0.45 -0.29 1 1 1
v -0.834206 0.45 -0.254 1 1 1
v -0.834206 0.45 -0.29 1 1 1
v -0.778206 0.486 -0.29 1 1 1
v -0.778206 0.486 -0.254 1 1 1
v -0.824206 0.486 -0.29 1 1 1
v -0.824206 0.486 -0.254 1 1 1
v -0.834206 0.476 -0.254 1 1 1
v -0.834206 0.476 -0.29 1 1 1
v -0.8342993 0.1107845 -0.2900934 1 1 1
v -0.8342993 0.1392155 -0.2900934 1 1 1
v -0.8417939 0.1107845 -0.272 1 1 1
v -0.8417939 0.1392155 -0.272 1 1 1
v -0.816206 0.1107845 -0.2975879 1 1 1
v -0.816206 0.1392155 -0.2975879 1 1 1
v -0.7906181 0.1392155 -0.272 1 1 1
v -0.7906181 0.1107845 -0.272 1 1 1
v -0.7981126 0.1392155 -0.2539066 1 1 1
v -0.7981126 0.1107845 -0.2539066 1 1 1
v -0.7981126 0.1392155 -0.2900934 1 1 1
v -0.7981126 0.1107845 -0.2900934 1 1 1
v -0.8342993 0.1107845 -0.2539066 1 1 1
v -0.8342993 0.1392155 -0.2539066 1 1 1
v -0.816206 0.1107845 -0.2464121 1 1 1
v -0.816206 0.1392155 -0.2464121 1 1 1
v -0.8342993 0.364707 -0.2900934 1 1 1
v -0.8342993 0.393138 -0.2900934 1 1 1
v -0.8417939 0.364707 -0.272 1 1 1
v -0.8417939 0.393138 -0.272 1 1 1
v -0.816206 0.364707 -0.2975879 1 1 1
v -0.816206 0.393138 -0.2975879 1 1 1
v -0.7906181 0.393138 -0.272 1 1 1
v -0.7906181 0.364707 -0.272 1 1 1
v -0.7981126 0.393138 -0.2539066 1 1 1
v -0.7981126 0.364707 -0.2539066 1 1 1
v -0.7981126 0.393138 -0.2900934 1 1 1
v -0.7981126 0.364707 -0.2900934 1 1 1
v -0.8342993 0.364707 -0.2539066 1 1 1
v -0.8342993 0.393138 -0.2539066 1 1 1
v -0.816206 0.364707 -0.2464121 1 1 1
v -0.816206 0.393138 -0.2464121 1 1 1
v -0.5082058 0.5 0.05400001 1 1 1
v -0.5082058 0.77 0.05400001 1 1 1
v -0.5082058 0.5 0.07400002 1 1 1
v -0.5082058 0.77 0.07400002 1 1 1
v -0.6482058 0.77 0.05400001 1 1 1
v -0.6482058 0.5 0.05400001 1 1 1
v -0.6482058 0.77 0.07400002 1 1 1
v -0.6482058 0.5 0.07400002 1 1 1
v -0.6782058 0.55 0.05400001 1 1 1
v -0.6782058 0.55 0.07400002 1 1 1
v -0.7782058 0.55 0.05400001 1 1 1
v -0.7782058 0.55 0.07400002 1 1 1
v -0.6782058 0.78 0.05400001 1 1 1
v -0.6782058 0.78 0.07400002 1 1 1
v -0.7782058 0.5 0.05400001 1 1 1
v -0.4782058 0.78 0.05400001 1 1 1
v -0.6582058 0.8 0.05400001 1 1 1
v -0.4982058 0.8 0.05400001 1 1 1
v -0.4782058 0.55 0.05400001 1 1 1
v -0.3782058 0.55 0.05400001 1 1 1
v -0.3782058 0.5 0.05400001 1 1 1
v -0.3782058 0.55 0.07400002 1 1 1
v -0.4782058 0.55 0.07400002 1 1 1
v -0.4982058 0.8 0.07400002 1 1 1
v -0.6582058 0.8 0.07400002 1 1 1
v -0.4782058 0.78 0.07400002 1 1 1
v -0.7782058 0.5 0.474 1 1 1
v -0.3782058 0.5 0.474 1 1 1
v -0.6114177 0.5953468 0.07400002 1 1 1
v -0.6114177 0.5953468 0.06300001 1 1 1
v -0.6306878 0.5953468 0.07400002 1 1 1
v -0.6306878 0.5953468 0.06300001 1 1 1
v -0.6114177 0.6368171 0.06300001 1 1 1
v -0.6114177 0.6368171 0.07400002 1 1 1
v -0.6306878 0.6368171 0.06300001 1 1 1
v -0.6306878 0.6368171 0.07400002 1 1 1
v -0.6241017 0.6142863 0.06300001 1 1 1
v -0.6241017 0.6273972 0.06300001 1 1 1
v -0.5931882 0.6142863 0.06300001 1 1 1
v -0.5931882 0.6273972 0.06300001 1 1 1
v -0.6241017 0.6142863 0.052 1 1 1
v -0.5931882 0.6142863 0.052 1 1 1
v -0.6241017 0.6273972 0.052 1 1 1
v -0.5931882 0.6273972 0.052 1 1 1
v 0.02179375 0.4 0.07399999 1 1 1
v 0.02179375 0.4 0.474 1 1 1
v -0.7782062 0.4 0.07399999 1 1 1
v -0.7782062 0.4 0.474 1 1 1
v 0.02179378 0.9 0.8740001 1 1 1
v 0.02179384 0.9 0.474 1 1 1
v -0.3782063 0.9 0.874 1 1 1
v 0.02179378 0.9 0.074 1 1 1
v -0.3782062 0.9 0.074 1 1 1
v 0.02179378 0.9 0.474 1 1 1
v -1.178206 0.9 0.874 1 1 1
v -0.7782059 0.9 0.874 1 1 1
v -0.3782061 0.9 0.874 1 1 1
v -0.7782061 0.9 0.874 1 1 1
v -0.9258645 0.9022999 -0.121 1 1 1
v -0.9778066 0.9022999 -0.2463995 1 1 1
v -0.9778066 0.9022999 0.00439956 1 1 1
v -1.103206 0.9022999 -0.2983417 1 1 1
v -1.103206 0.9022999 0.05634173 1 1 1
v -1.228606 0.9022999 -0.2463995 1 1 1
v -1.280548 0.9022999 -0.121 1 1 1
v -1.228606 0.9022999 0.00439956 1 1 1
v -1.213017 1.649425 -0.0111888 1 1 1
v -1.258503 1.649425 -0.121 1 1 1
v -1.103206 1.649425 0.03429649 1 1 1
v -1.213017 1.649425 -0.2308111 1 1 1
v -1.103206 1.649425 -0.2762964 1 1 1
v -0.993395 1.649425 -0.2308111 1 1 1
v -0.993395 1.649425 -0.0111888 1 1 1
v -0.9479097 1.649425 -0.121 1 1 1
v -1.178206 0.9 0.07399994 1 1 1
v -0.7782057 0.9 0.07399988 1 1 1
v -1.178206 0.9 0.4740001 1 1 1
v -0.7782058 0.9 0.07400002 1 1 1
v -0.3782058 0.9 0.07400002 1 1 1
v -0.9582061 1.1 0.674 1 1 1
v -0.9582061 1 0.274 1 1 1
v -0.6582061 1 0.2739999 1 1 1
v -0.658206 1.1 0.674 1 1 1
v -0.7182061 0.9951493 0.3370592 1 1 1
v -0.7182061 1.014552 0.3322085 1 1 1
v -0.718206 1.066045 0.6206421 1 1 1
v -0.7182061 1.029851 0.3934028 1 1 1
v -0.7182061 1.034701 0.4128056 1 1 1
v -0.718206 1.065299 0.5351943 1 1 1
v -0.718206 1.070149 0.5545971 1 1 1
v -0.718206 1.085448 0.6157914 1 1 1
v -0.8982061 0.9951493 0.3370593 1 1 1
v -0.8982061 1.066045 0.6206422 1 1 1
v -0.8982061 1.014552 0.3322085 1 1 1
v -0.8982061 1.029851 0.3934028 1 1 1
v -0.8982061 1.034701 0.4128057 1 1 1
v -0.8982061 1.065299 0.5351943 1 1 1
v -0.8982061 1.070149 0.5545971 1 1 1
v -0.8982061 1.085448 0.6157914 1 1 1
v -0.498206 1.1 0.674 1 1 1
v -0.4982061 1 0.274 1 1 1
v -0.1982061 1 0.2739999 1 1 1
v -0.198206 1.1 0.674 1 1 1
v -0.2582061 0.9951493 0.3370592 1 1 1
v -0.2582061 1.014552 0.3322085 1 1 1
v -0.258206 1.066045 0.6206421 1 1 1
v -0.258206 1.029851 0.3934028 1 1 1
v -0.258206 1.034701 0.4128056 1 1 1
v -0.258206 1.065299 0.5351943 1 1 1
v -0.258206 1.070149 0.5545971 1 1 1
v -0.258206 1.085448 0.6157914 1 1 1
v -0.4382061 0.9951493 0.3370593 1 1 1
v -0.438206 1.066045 0.6206422 1 1 1
v -0.4382061 1.014552 0.3322085 1 1 1
v -0.438206 1.029851 0.3934028 1 1 1
v -0.438206 1.034701 0.4128057 1 1 1
v -0.438206 1.065299 0.5351943 1 1 1
v -0.438206 1.070149 0.5545971 1 1 1
v -0.438206 1.085448 0.6157914 1 1 1
v 0.4217939 0.4 0.4740001 1 1 1
v 0.4217939 0.4 0.07400002 1 1 1
v 0.02179383 0.4 0.474 1 1 1
v 0.02179378 0.4 0.8740001 1 1 1
v 0.02179384 0.4 0.474 1 1 1
v -0.3782063 0.4 0.874 1 1 1
v -1.178206 0.4 0.07400003 1 1 1
v -1.178206 0.4 0.4740001 1 1 1
v -0.7782059 0.4 0.07399997 1 1 1
v -1.178206 0.4 0.874 1 1 1
v -0.7782059 0.4 0.874 1 1 1
v -1.178206 0.4 0.474 1 1 1
v -0.3782063 0.9 0.474 1 1 1
v -0.3782062 0.9 0.474 1 1 1
v -0.378206 0.5 0.07400002 1 1 1
v 0.02179404 0.5 0.07400008 1 1 1
v 0.02179383 0.5 0.07400002 1 1 1
v -0.3782063 0.5 0.07400002 1 1 1
v 0.02179389 0.5 0.07399996 1 1 1
v -0.7782059 0.9 0.474 1 1 1
v -0.7782061 0.9 0.474 1 1 1
v -0.3782061 0.9 0.474 1 1 1
v -0.3782061 0.9 0.474 1 1 1
v -0.7782061 0.9 0.474 1 1 1
v -0.9795767 1.8125 0.002629489 1 1 1
v -1.103206 1.8125 0.05383848 1 1 1
v -0.9795767 1.925 0.002629489 1 1 1
v -1.103206 1.925 0.05383848 1 1 1
v -1.103206 1.8125 -0.2958384 1 1 1
v -0.9795767 1.8125 -0.2446294 1 1 1
v -1.103206 1.925 -0.2958384 1 1 1
v -0.9795767 1.925 -0.2446294 1 1 1
v -0.9283677 1.8125 -0.121 1 1 1
v -1.226836 1.8125 0.002629489 1 1 1
v -1.226836 1.8125 -0.2446294 1 1 1
v -1.278045 1.8125 -0.121 1 1 1
v -0.9283677 1.925 -0.121 1 1 1
v -0.9770753 1.86875 -0.121 1 1 1
v -1.014018 1.86875 -0.03181202 1 1 1
v -1.014018 1.86875 -0.2101879 1 1 1
v -1.103206 1.86875 -0.2471308 1 1 1
v -1.103206 1.86875 0.005130835 1 1 1
v -1.192394 1.86875 -0.2101879 1 1 1
v -1.192394 1.86875 -0.03181202 1 1 1
v -1.229337 1.86875 -0.121 1 1 1
v -1.226836 1.925 -0.2446294 1 1 1
v -1.278045 1.925 -0.121 1 1 1
v -1.226836 1.925 0.002629489 1 1 1
v -1.192394 1.925 -0.03181202 1 1 1
v -1.103206 1.925 0.005130835 1 1 1
v -0.9770753 1.925 -0.121 1 1 1
v -1.014018 1.925 -0.03181202 1 1 1
v -1.014018 1.925 -0.2101879 1 1 1
v -1.229337 1.925 -0.121 1 1 1
v -1.103206 1.925 -0.2471308 1 1 1
v -1.192394 1.925 -0.2101879 1 1 1
v -1.328206 2.707168E-16 -0.121 1 1 1
v -1.328206 0.1125 -0.121 1 1 1
v -1.262305 2.707168E-16 0.03809904 1 1 1
v -1.262305 0.1125 0.03809904 1 1 1
v -1.103206 2.707168E-16 0.104 1 1 1
v -1.103206 0.1125 0.104 1 1 1
v -0.8782061 0.1125 -0.121 1 1 1
v -0.9441072 0.1125 0.03809904 1 1 1
v -0.9441072 0.1125 -0.280099 1 1 1
v -1.103206 0.1125 -0.346 1 1 1
v -1.262305 0.1125 -0.280099 1 1 1
v -1.262305 2.707168E-16 -0.280099 1 1 1
v -0.8782061 2.707168E-16 -0.121 1 1 1
v -0.9441072 2.707168E-16 0.03809904 1 1 1
v -0.9441072 2.707168E-16 -0.280099 1 1 1
v -1.103206 2.707168E-16 -0.346 1 1 1
v -0.7782061 0.8316326 -0.05389132 1 1 1
v -0.7782061 0.8616326 -0.05389132 1 1 1
v -0.7782061 0.87 0.07399999 1 1 1
v -0.7782061 0.9 0.07399999 1 1 1
v -0.7582061 0.8256326 -0.07389132 1 1 1
v -0.3982061 0.8256326 -0.07389132 1 1 1
v -0.7582061 0.8556325 -0.07389132 1 1 1
v -0.3982061 0.8556325 -0.07389132 1 1 1
v -0.3782061 0.8316326 -0.05389132 1 1 1
v -0.3782061 0.8616326 -0.05389132 1 1 1
v -0.3782061 0.9 0.07399999 1 1 1
v -0.3782061 0.87 0.07399999 1 1 1
v 0.4217939 0.4 -0.326 1 1 1
v 0.02179393 0.4 -0.326 1 1 1
v 0.4217939 0.4 0.07400003 1 1 1
v -0.7782059 0.4 -0.326 1 1 1
v -0.3782059 0.4 -0.326 1 1 1
v -0.7782059 0.4 0.07400003 1 1 1
v -0.3782062 0.4 -0.326 1 1 1
v 0.0217938 0.4 -0.326 1 1 1
v -0.278206 0.25 -0.326 1 1 1
v -0.278206 0.02 -0.326 1 1 1
v -0.278206 0.25 -0.306 1 1 1
v -0.278206 0.02 -0.306 1 1 1
v -0.07820597 0.02 -0.326 1 1 1
v -0.07820597 0.02 -0.306 1 1 1
v -0.168206 0.02 -0.326 1 1 1
v -0.168206 0.02 -0.306 1 1 1
v -0.07820597 0.25 -0.326 1 1 1
v -0.07820597 0.25 -0.306 1 1 1
v -0.168206 0.25 -0.326 1 1 1
v -0.168206 0.25 -0.306 1 1 1
v -0.188206 0.02 -0.326 1 1 1
v -0.188206 0.25 -0.326 1 1 1
v -0.188206 0.02 -0.306 1 1 1
v -0.188206 0.25 -0.306 1 1 1
v -0.298206 0.27 -0.326 1 1 1
v -0.298206 2.707168E-16 -0.326 1 1 1
v -0.05820596 2.707168E-16 -0.326 1 1 1
v -0.05820596 0.27 -0.326 1 1 1

vn 0 -1 0
vn -0.3826834 0 0.9238797
vn -0.9238796 0 0.3826836
vn -0.9238797 0 -0.3826834
vn -0.3826836 0 -0.9238796
vn 1 0 -1.192093E-07
vn -1 0 1.192093E-07
vn -0.9238797 -0.09281436 -0.3712574
vn -0.9238796 0.09281436 0.3712576
vn -0.3826836 -0.2240737 -0.8962949
vn -0.3826834 0.2240737 0.896295
vn -2.89125E-08 0.9701425 -0.2425357
vn -1.1565E-07 -0.2425356 -0.9701427
vn 0.3826834 -0.2240737 -0.896295
vn 0.9238796 -0.09281436 -0.3712576
vn 0.9238797 0.09281436 0.3712574
vn 0.3826836 0.2240737 0.8962949
vn 0.9238796 0 -0.3826836
vn 0.3826834 0 -0.9238797
vn 1.1565E-07 0.2425356 0.9701427
vn 0.3826836 0 0.9238796
vn 0.9238797 0 0.3826834
vn 0 1 0
vn 0.9238796 0 0.3826836
vn 1 0 1.192093E-07
vn 0.3826834 0 0.9238797
vn -1.192093E-07 0 1
vn 0.3826834 0 -0.9238795
vn -3.479717E-13 0 -1
vn 0.9238795 0 -0.3826834
vn 1 0 -3.479717E-13
vn -1.192093E-07 0 -1
vn -0.9870876 0.1601824 1.1767E-07
vn -0.7071068 0.7071068 8.42937E-08
vn 1.192093E-07 0 1
vn -0.1601823 0.9870875 1.909521E-08
vn -0.3826838 0 -0.9238795
vn -0.3826835 0 -0.9238796
vn 0.3826833 0 -0.9238797
vn 0.3826833 0 -0.9238797
vn -0.9238796 -3.469277E-07 0.3826837
vn -0.9238797 0 -0.3826834
vn -0.9238796 -3.469277E-07 0.3826836
vn -0.9238797 0 -0.3826832
vn 0.9238797 0 0.3826833
vn 0.9238796 0 -0.3826837
vn -0.3826834 0 0.9238797
vn -0.3826833 0 0.9238797
vn 0.3826836 0 0.9238796
vn -0.3826834 0 0.9238795
vn -1.49008E-08 0 1
vn -0.9238795 0 0.3826834
vn -1 0 -1.49008E-08
vn -0.3826834 0 0.9238795
vn 4.470386E-08 0 1
vn -0.9238795 0 0.3826835
vn -1 0 4.470386E-08
vn -7.636947E-14 0 1
vn 1.192093E-07 0 -1
vn 0.9238797 0 -0.3826834
vn 0.3826836 0 -0.9238796
vn -1 0 -1.192093E-07
vn 1 0 -1.047495E-13
vn 1.047495E-13 0 1
vn -1 0 1.047495E-13
vn 0.3826834 0 0.9238795
vn 0.9238795 0 0.3826834
vn -1.047495E-13 0 -1
vn -1 0 0
vn 0 0 -1
vn 1 0 0
vn -0.3826834 0 -0.9238795
vn -0.9238795 0 -0.3826834
vn 0 0 1
vn 0.8944272 -0.4472136 0
vn 0.6324555 -0.4472136 0.6324555
vn 0.7071068 0 0.7071068
vn -0.8944272 -0.4472136 0
vn -0.6324555 -0.4472136 0.6324555
vn -0.7071068 0 0.7071068
vn 0.7071068 0 -0.7071068
vn 0.6324555 -0.4472136 -0.6324555
vn 0 -0.4472136 0.8944272
vn 0 -0.4472136 -0.8944272
vn -0.6324555 -0.4472136 -0.6324555
vn -0.7071068 0 -0.7071068
vn 0.8944272 0.4472136 0
vn 0.6324555 0.4472136 0.6324555
vn -0.6324555 0.4472136 -0.6324555
vn 0 0.4472136 -0.8944272
vn 0.6324555 0.4472136 -0.6324555
vn 0 0.4472136 0.8944272
vn -0.6324555 0.4472136 0.6324555
vn -0.8944272 0.4472136 0
vn 1 0 -1.490028E-08
vn 1.490028E-08 0 1
vn 1 0 -2.137179E-14
vn 2.137179E-14 0 1
vn 0 0.02949395 0.9995649
vn -0.7067991 0.02949395 0.7067991
vn 0 0.02949395 -0.9995649
vn 0.7067991 0.02949395 -0.7067991
vn 0.7067991 0.02949395 0.7067991
vn -0.7067991 0.02949395 -0.7067991
vn 0.9995649 0.02949395 0
vn -0.9995649 0.02949395 0
vn -0.7071068 -0.7071068 0
vn 0.7071068 -0.7071068 0
vn 0.7071068 0.7071068 0
vn -0.7071068 0.7071068 0
vn 1 0 -2.650391E-14
vn -1 0 2.650391E-14
vn -2.650391E-14 0 -1
vn 0.7071068 -0.7071068 -1.874109E-14
vn -0.7071068 -0.7071068 1.874109E-14
vn -0.7071068 0.7071068 1.874109E-14
vn 0.7071068 0.7071068 -1.874109E-14
vn 8.429372E-08 -0.7071068 0.707107
vn -8.429372E-08 -0.7071068 -0.707107
vn 8.429372E-08 0.7071068 0.707107
vn -8.429372E-08 0.7071068 -0.707107
vn -4.561943E-08 0.9238795 -0.3826836
vn 4.561943E-08 0.9238795 0.3826836
vn -4.561943E-08 -0.9238795 -0.3826836
vn 4.561943E-08 -0.9238795 0.3826836
vn 1.10135E-07 0.3826834 0.9238799
vn 1.10135E-07 -0.3826834 0.9238799
vn -1.10135E-07 -0.3826834 -0.9238799
vn -1.10135E-07 0.3826834 -0.9238799
vn -0.9238799 0 -0.3826835
vn -1 0 1.192093E-07
vn -0.3826837 0 -0.9238798
vn -1.192093E-07 0 -1
vn -0.9238795 0.3826834 0
vn 0.9238795 0.3826834 0
vn 0.3826834 0.9238795 0
vn -0.3826834 0.9238795 0
vn -0.7071068 0 -0.7071068
vn 0.7071068 0 0.7071068
vn 0.7071068 0 -0.7071068
vn -0.7071068 0 0.7071068
vn -0.3662924 0.9304998 0
vn -0.9179972 0.3965869 0
vn -0.8958917 0 -0.4442728
vn -0.946532 0 -0.3226101
vn -0.3552509 0 -0.934771
vn 0.3552509 0 -0.934771
vn -0.406422 0 -0.9136855
vn 0.406422 0 -0.9136855
vn 0.8958917 0 -0.4442728
vn 0.946532 0 -0.3226101
vn 0 0.9578263 -0.2873479
vn 0 -0.9578263 0.2873479

vt 0.59375 0.275
vt 0.59375 0.3216087
vt 0.59375 0.3772609
vt 0.59375 0.4523914
vt 0.59375 0.3953477
vt 0.59375 0.4704783
vt 0.59375 0.3727391
vt 0.59375 0.390826
vt 0.59375 0.4569132
vt 0.59375 0.475
vt 0.59375 0.3
vt 0.59375 0.4083334
vt 0.59375 0.3194444
vt 0.59375 0.4583333
vt 0.59375 0.395
vt 0.59375 0.425
vt 0.59375 0.435
vt 0.59375 0.455
vt 0.59375 0.4030765
vt 0.59375 0.4206559
vt 0.59375 0.3679177
vt 0.59375 0.4558147
vt 0.59375 0.2801576
vt 0.59375 0.41
vt 0.59375 0.34
vt 0.59375 0.3435714
vt 0.59375 0.2864286
vt 0.59375 0.355
vt 0.59375 0.365
vt 0.59375 0.35
vt 0.59375 0.415
vt 0.59375 0.36
vt 0.59375 0.315
vt 0.59375 0.3035714
vt 0.59375 0.325
vt 0.59375 0.3972222
vt 0.96875 0.475
vt 0.96875 0.3
vt 0.96875 0.275
vt 0.96875 0.425
vt 0.96875 0.325
vt 0.96875 0.415
vt 0.96875 0.36
vt 0.96875 0.35
vt 0.71875 0.3216087
vt 0.71875 0.4614349
vt 0.71875 0.3682174
vt 0.71875 0.3636957
vt 0.71875 0.3817826
vt 0.71875 0.4297829
vt 0.71875 0.3960435
vt 0.71875 0.4005652
vt 0.71875 0.4290871
vt 0.71875 0.4336088
vt 0.71875 0.4478697
vt 0.71875 0.4523914
vt 0.71875 0.3772609
vt 0.71875 0.4569132
vt 0.71875 0.3727391
vt 0.71875 0.3
vt 0.71875 0.475
vt 0.71875 0.395
vt 0.71875 0.275
vt 0.71875 0.375
vt 0.71875 0.2911361
vt 0.71875 0.3718166
vt 0.71875 0.3943195
vt 0.71875 0.3556805
vt 0.71875 0.34
vt 0.71875 0.425
vt 0.71875 0.415
vt 0.71875 0.3490741
vt 0.71875 0.2809259
vt 0.71875 0.355
vt 0.71875 0.41
vt 0.59375 0.1136957
vt 0.59375 0.1797829
vt 0.59375 0.03642857
vt 0.59375 0.09357143
vt 0.59375 0.065
vt 0.59375 0.03092593
vt 0.59375 0.09907407

usemtl colormap

f 3/1/1 2/1/1 1/1/1
f 2/1/1 3/1/1 4/1/1
f 7/2/2 6/1/3 5/1/2
f 6/1/3 7/2/2 8/2/3
f 8/2/3 9/1/4 6/1/3
f 9/1/4 8/2/3 10/2/4
f 10/2/4 11/1/5 9/1/4
f 11/1/5 10/2/4 12/2/5
f 15/5/6 14/4/6 13/3/6
f 14/4/6 15/5/6 16/6/6
f 19/4/7 18/5/7 17/3/7
f 18/5/7 19/4/7 20/6/7
f 23/4/9 22/5/8 21/3/8
f 22/5/8 23/4/9 24/6/9
f 21/3/8 26/8/10 25/7/10
f 26/8/10 21/3/8 22/5/8
f 27/9/11 24/6/9 23/4/9
f 24/6/9 27/9/11 28/10/11
f 22/5/12 29/8/12 26/8/12
f 29/8/12 22/5/12 15/5/12
f 15/5/12 30/5/12 29/8/12
f 30/5/12 15/5/12 18/5/12
f 15/5/12 22/5/12 16/6/12
f 16/6/12 22/5/12 24/6/12
f 30/5/12 18/5/12 20/6/12
f 16/6/12 24/6/12 28/10/12
f 16/6/12 28/10/12 20/6/12
f 30/5/12 20/6/12 31/6/12
f 20/6/12 28/10/12 31/6/12
f 31/6/12 28/10/12 32/10/12
f 20/6/13 14/4/13 16/6/13
f 14/4/13 20/6/13 19/4/13
f 29/8/14 25/7/10 26/8/10
f 25/7/10 29/8/14 33/7/14
f 29/8/14 34/3/15 33/7/14
f 34/3/15 29/8/14 30/5/15
f 31/6/16 36/9/17 35/4/16
f 36/9/17 31/6/16 32/10/17
f 27/9/11 32/10/17 28/10/11
f 32/10/17 27/9/11 36/9/17
f 39/1/19 38/2/18 37/1/18
f 38/2/18 39/1/19 40/2/19
f 30/5/15 35/4/16 34/3/15
f 35/4/16 30/5/15 31/6/16
f 40/2/19 11/1/5 12/2/5
f 11/1/5 40/2/19 39/1/19
f 17/3/20 15/5/20 13/3/20
f 15/5/20 17/3/20 18/5/20
f 43/1/22 42/2/21 41/1/21
f 42/2/21 43/1/22 44/2/22
f 41/1/21 7/2/2 5/1/2
f 7/2/2 41/1/21 42/2/21
f 42/2/23 8/2/23 7/2/23
f 44/2/23 8/2/23 42/2/23
f 45/2/23 8/2/23 44/2/23
f 38/2/23 45/2/23 44/2/23
f 46/2/23 8/2/23 45/2/23
f 38/2/23 47/2/23 45/2/23
f 48/2/23 8/2/23 46/2/23
f 38/2/23 48/2/23 47/2/23
f 8/2/23 48/2/23 10/2/23
f 38/2/23 10/2/23 48/2/23
f 40/2/23 10/2/23 38/2/23
f 10/2/23 40/2/23 12/2/23
f 37/1/18 44/2/22 43/1/22
f 44/2/22 37/1/18 38/2/18
f 51/2/2 50/1/3 49/1/2
f 50/1/3 51/2/2 52/2/3
f 52/2/3 53/1/4 50/1/3
f 53/1/4 52/2/3 54/2/4
f 54/2/4 55/1/5 53/1/4
f 55/1/5 54/2/4 56/2/5
f 59/5/6 58/4/6 57/3/6
f 58/4/6 59/5/6 60/6/6
f 63/4/7 62/5/7 61/3/7
f 62/5/7 63/4/7 64/6/7
f 67/4/9 66/5/8 65/3/8
f 66/5/8 67/4/9 68/6/9
f 65/3/8 70/8/10 69/7/10
f 70/8/10 65/3/8 66/5/8
f 71/9/11 68/6/9 67/4/9
f 68/6/9 71/9/11 72/10/11
f 66/5/12 73/8/12 70/8/12
f 73/8/12 66/5/12 59/5/12
f 59/5/12 74/5/12 73/8/12
f 74/5/12 59/5/12 62/5/12
f 59/5/12 66/5/12 60/6/12
f 60/6/12 66/5/12 68/6/12
f 74/5/12 62/5/12 64/6/12
f 60/6/12 68/6/12 72/10/12
f 60/6/12 72/10/12 64/6/12
f 74/5/12 64/6/12 75/6/12
f 64/6/12 72/10/12 75/6/12
f 75/6/12 72/10/12 76/10/12
f 64/6/13 58/4/13 60/6/13
f 58/4/13 64/6/13 63/4/13
f 73/8/14 69/7/10 70/8/10
f 69/7/10 73/8/14 77/7/14
f 73/8/14 78/3/15 77/7/14
f 78/3/15 73/8/14 74/5/15
f 75/6/16 80/9/17 79/4/16
f 80/9/17 75/6/16 76/10/17
f 71/9/11 76/10/17 72/10/11
f 76/10/17 71/9/11 80/9/17
f 83/1/19 82/2/18 81/1/18
f 82/2/18 83/1/19 84/2/19
f 74/5/15 79/4/16 78/3/15
f 79/4/16 74/5/15 75/6/16
f 84/2/19 55/1/5 56/2/5
f 55/1/5 84/2/19 83/1/19
f 61/3/20 59/5/20 57/3/20
f 59/5/20 61/3/20 62/5/20
f 87/1/22 86/2/21 85/1/21
f 86/2/21 87/1/22 88/2/22
f 85/1/21 51/2/2 49/1/2
f 51/2/2 85/1/21 86/2/21
f 86/2/23 52/2/23 51/2/23
f 88/2/23 52/2/23 86/2/23
f 89/2/23 52/2/23 88/2/23
f 82/2/23 89/2/23 88/2/23
f 90/2/23 52/2/23 89/2/23
f 82/2/23 91/2/23 89/2/23
f 92/2/23 52/2/23 90/2/23
f 82/2/23 92/2/23 91/2/23
f 52/2/23 92/2/23 54/2/23
f 82/2/23 54/2/23 92/2/23
f 84/2/23 54/2/23 82/2/23
f 54/2/23 84/2/23 56/2/23
f 81/1/18 88/2/22 87/1/22
f 88/2/22 81/1/18 82/2/18
f 100/11/23 98/11/23 104/11/23
f 98/11/23 95/11/23 104/11/23
f 104/11/23 95/11/23 103/11/23
f 103/11/23 95/11/23 102/11/23
f 96/11/23 102/11/23 95/11/23
f 97/1/1 99/1/1 93/1/1
f 93/1/1 99/1/1 94/1/1
f 101/1/1 94/1/1 99/1/1
f 95/11/24 98/11/26 93/1/24
f 97/1/26 93/1/24 98/11/26
f 100/11/27 99/1/27 98/11/26
f 97/1/26 98/11/26 99/1/27
f 96/11/25 95/11/24 94/1/25
f 93/1/24 94/1/25 95/11/24
f 110/11/23 107/11/23 112/11/23
f 112/11/23 107/11/23 116/11/23
f 116/11/23 107/11/23 115/11/23
f 107/11/23 108/11/23 115/11/23
f 114/11/23 115/11/23 108/11/23
f 109/1/1 111/1/1 105/1/1
f 105/1/1 111/1/1 106/1/1
f 113/1/1 106/1/1 111/1/1
f 107/11/24 110/11/26 105/1/24
f 109/1/26 105/1/24 110/11/26
f 112/11/27 111/1/27 110/11/26
f 109/1/26 110/11/26 111/1/27
f 108/11/25 107/11/24 106/1/25
f 105/1/24 106/1/25 107/11/24
f 124/11/23 122/11/23 128/11/23
f 128/11/23 122/11/23 127/11/23
f 122/11/23 119/11/23 127/11/23
f 127/11/23 119/11/23 126/11/23
f 120/11/23 126/11/23 119/11/23
f 121/1/1 123/1/1 117/1/1
f 117/1/1 123/1/1 118/1/1
f 125/1/1 118/1/1 123/1/1
f 119/11/24 122/11/26 117/1/24
f 121/1/26 117/1/24 122/11/26
f 124/11/27 123/1/27 122/11/26
f 121/1/26 122/11/26 123/1/27
f 120/11/25 119/11/24 118/1/25
f 117/1/24 118/1/25 119/11/24
f 134/11/23 131/11/23 136/11/23
f 136/11/23 131/11/23 139/11/23
f 139/11/23 131/11/23 138/11/23
f 131/11/23 132/11/23 138/11/23
f 137/11/23 138/11/23 132/11/23
f 133/1/1 135/1/1 129/1/1
f 129/1/1 135/1/1 130/1/1
f 113/1/1 130/1/1 135/1/1
f 131/11/28 134/11/30 129/1/28
f 133/1/30 129/1/28 134/11/30
f 136/11/31 135/1/31 134/11/30
f 133/1/30 134/11/30 135/1/31
f 132/11/29 131/11/28 130/1/29
f 129/1/28 130/1/29 131/11/28
f 142/12/32 141/10/32 140/12/32
f 141/10/32 142/12/32 143/10/32
f 144/13/32 143/10/32 142/12/32
f 144/13/32 145/14/32 143/10/32
f 144/13/32 146/12/32 145/14/32
f 146/12/32 144/13/32 147/13/32
f 149/14/34 146/12/33 148/12/33
f 146/12/33 149/14/34 145/14/34
f 150/12/1 142/12/1 140/12/1
f 142/12/1 150/12/1 151/12/1
f 153/13/35 148/12/35 152/13/35
f 148/12/35 153/13/35 149/14/35
f 149/14/35 153/13/35 154/10/35
f 154/10/35 153/13/35 151/12/35
f 154/10/35 151/12/35 150/12/35
f 154/10/35 150/12/35 155/10/35
f 148/12/33 147/13/7 152/13/7
f 147/13/7 148/12/33 146/12/33
f 142/12/6 153/13/6 144/13/6
f 153/13/6 142/12/6 151/12/6
f 154/10/36 141/10/23 143/10/36
f 141/10/23 154/10/36 155/10/23
f 145/14/34 154/10/36 143/10/36
f 154/10/36 145/14/34 149/14/34
f 158/13/39 157/1/38 156/13/37
f 157/1/38 158/13/39 159/1/40
f 162/13/43 161/1/42 160/1/41
f 161/1/42 162/13/43 163/13/44
f 166/1/18 165/13/45 164/1/22
f 165/13/45 166/1/18 167/13/46
f 170/1/48 169/13/21 168/13/47
f 169/13/21 170/1/48 171/1/49
f 160/1/41 168/13/47 162/13/43
f 168/13/47 160/1/41 170/1/48
f 163/13/44 157/1/38 161/1/42
f 157/1/38 163/13/44 156/13/37
f 167/13/46 159/1/40 158/13/39
f 159/1/40 167/13/46 166/1/18
f 164/1/22 169/13/21 171/1/49
f 169/13/21 164/1/22 165/13/45
f 165/13/23 168/13/23 169/13/23
f 153/13/23 168/13/23 165/13/23
f 167/13/23 153/13/23 165/13/23
f 152/13/23 168/13/23 153/13/23
f 152/13/23 162/13/23 168/13/23
f 152/13/23 163/13/23 162/13/23
f 147/13/23 163/13/23 152/13/23
f 144/13/23 163/13/23 147/13/23
f 167/13/23 144/13/23 153/13/23
f 163/13/23 144/13/23 156/13/23
f 167/13/23 156/13/23 144/13/23
f 156/13/23 167/13/23 158/13/23
f 174/12/32 173/10/32 172/12/32
f 173/10/32 174/12/32 175/10/32
f 176/13/32 175/10/32 174/12/32
f 176/13/32 177/14/32 175/10/32
f 176/13/32 178/12/32 177/14/32
f 178/12/32 176/13/32 179/13/32
f 181/14/34 178/12/33 180/12/33
f 178/12/33 181/14/34 177/14/34
f 182/12/1 174/12/1 172/12/1
f 174/12/1 182/12/1 183/12/1
f 185/13/35 180/12/35 184/13/35
f 180/12/35 185/13/35 181/14/35
f 181/14/35 185/13/35 186/10/35
f 186/10/35 185/13/35 183/12/35
f 186/10/35 183/12/35 182/12/35
f 186/10/35 182/12/35 187/10/35
f 180/12/33 179/13/7 184/13/7
f 179/13/7 180/12/33 178/12/33
f 174/12/6 185/13/6 176/13/6
f 185/13/6 174/12/6 183/12/6
f 186/10/36 173/10/23 175/10/36
f 173/10/23 186/10/36 187/10/23
f 177/14/34 186/10/36 175/10/36
f 186/10/36 177/14/34 181/14/34
f 190/13/39 189/1/38 188/13/37
f 189/1/38 190/13/39 191/1/40
f 194/13/43 193/1/42 192/1/41
f 193/1/42 194/13/43 195/13/44
f 198/1/18 197/13/45 196/1/22
f 197/13/45 198/1/18 199/13/46
f 202/1/48 201/13/21 200/13/47
f 201/13/21 202/1/48 203/1/49
f 192/1/41 200/13/47 194/13/43
f 200/13/47 192/1/41 202/1/48
f 195/13/44 189/1/38 193/1/42
f 189/1/38 195/13/44 188/13/37
f 199/13/46 191/1/40 190/13/39
f 191/1/40 199/13/46 198/1/18
f 196/1/22 201/13/21 203/1/49
f 201/13/21 196/1/22 197/13/45
f 197/13/23 200/13/23 201/13/23
f 185/13/23 200/13/23 197/13/23
f 199/13/23 185/13/23 197/13/23
f 184/13/23 200/13/23 185/13/23
f 184/13/23 194/13/23 200/13/23
f 184/13/23 195/13/23 194/13/23
f 179/13/23 195/13/23 184/13/23
f 176/13/23 195/13/23 179/13/23
f 199/13/23 176/13/23 185/13/23
f 195/13/23 176/13/23 188/13/23
f 199/13/23 188/13/23 176/13/23
f 188/13/23 199/13/23 190/13/23
f 214/11/23 215/11/23 211/11/23
f 211/11/23 209/11/23 214/11/23
f 209/11/23 206/11/23 214/11/23
f 214/11/23 206/11/23 213/11/23
f 207/11/23 213/11/23 206/11/23
f 208/1/1 210/1/1 204/1/1
f 210/1/1 212/1/1 204/1/1
f 205/1/1 204/1/1 212/1/1
f 206/11/4 209/11/5 204/1/4
f 208/1/5 204/1/4 209/11/5
f 211/11/32 210/1/32 209/11/5
f 208/1/5 209/11/5 210/1/32
f 207/11/7 206/11/4 205/1/7
f 204/1/4 205/1/7 206/11/4
f 221/11/23 218/11/23 223/11/23
f 223/11/23 218/11/23 227/11/23
f 227/11/23 218/11/23 226/11/23
f 226/11/23 218/11/23 225/11/23
f 219/11/23 225/11/23 218/11/23
f 220/1/1 222/1/1 216/1/1
f 222/1/1 224/1/1 216/1/1
f 217/1/1 216/1/1 224/1/1
f 218/11/50 221/11/52 216/1/50
f 220/1/52 216/1/50 221/11/52
f 223/11/53 222/1/53 221/11/52
f 220/1/52 221/11/52 222/1/53
f 219/11/51 218/11/50 217/1/51
f 216/1/50 217/1/51 218/11/50
f 235/11/23 233/11/23 239/11/23
f 239/11/23 233/11/23 238/11/23
f 233/11/23 230/11/23 238/11/23
f 238/11/23 230/11/23 237/11/23
f 231/11/23 237/11/23 230/11/23
f 232/1/1 234/1/1 228/1/1
f 228/1/1 234/1/1 229/1/1
f 236/1/1 229/1/1 234/1/1
f 230/11/54 233/11/56 228/1/54
f 232/1/56 228/1/54 233/11/56
f 235/11/57 234/1/57 233/11/56
f 232/1/56 233/11/56 234/1/57
f 231/11/55 230/11/54 229/1/55
f 228/1/54 229/1/55 230/11/54
f 242/1/1 241/1/1 240/1/1
f 241/1/1 242/1/1 243/1/1
f 244/11/58 240/1/58 241/1/58
f 240/1/58 244/11/58 245/11/58
f 244/11/23 246/11/23 245/11/23
f 246/11/23 244/11/23 247/11/23
f 250/1/1 249/1/1 248/1/1
f 249/1/1 250/1/1 251/1/1
f 252/11/58 248/1/58 249/1/58
f 248/1/58 252/11/58 253/11/58
f 252/11/23 254/11/23 253/11/23
f 254/11/23 252/11/23 255/11/23
f 258/15/59 257/16/59 256/15/59
f 257/16/59 258/15/59 259/16/59
f 257/16/25 260/15/25 256/15/25
f 260/15/25 257/16/25 261/16/25
f 264/10/27 263/15/27 262/10/27
f 263/15/27 264/10/27 265/15/27
f 268/10/60 267/16/25 266/16/60
f 267/16/25 268/10/60 269/10/25
f 270/16/1 257/16/1 259/16/1
f 257/16/1 270/16/1 266/16/1
f 266/16/1 270/16/1 271/16/1
f 267/16/1 257/16/1 266/16/1
f 257/16/1 267/16/1 261/16/1
f 268/10/23 272/10/23 269/10/23
f 272/10/23 268/10/23 262/10/23
f 262/10/23 268/10/23 264/10/23
f 264/10/23 268/10/23 273/10/23
f 273/10/23 268/10/23 274/10/23
f 270/16/59 274/10/61 271/16/61
f 274/10/61 270/16/59 273/10/59
f 271/16/61 268/10/60 266/16/60
f 268/10/60 271/16/61 274/10/61
f 272/10/62 263/15/62 275/15/62
f 263/15/62 272/10/62 262/10/62
f 260/15/63 277/16/63 276/15/63
f 277/16/63 260/15/63 261/16/63
f 277/16/64 278/15/64 276/15/64
f 278/15/64 277/16/64 279/16/64
f 282/10/65 281/15/65 280/10/65
f 281/15/65 282/10/65 283/15/65
f 286/10/66 285/16/64 284/16/66
f 285/16/64 286/10/66 287/10/64
f 267/16/1 277/16/1 261/16/1
f 277/16/1 267/16/1 284/16/1
f 284/16/1 267/16/1 288/16/1
f 285/16/1 277/16/1 284/16/1
f 277/16/1 285/16/1 279/16/1
f 286/10/23 289/10/23 287/10/23
f 289/10/23 286/10/23 280/10/23
f 280/10/23 286/10/23 282/10/23
f 282/10/23 286/10/23 269/10/23
f 269/10/23 286/10/23 290/10/23
f 267/16/63 290/10/67 288/16/67
f 290/10/67 267/16/63 269/10/63
f 288/16/67 286/10/66 284/16/66
f 286/10/66 288/16/67 290/10/67
f 289/10/68 281/15/68 291/15/68
f 281/15/68 289/10/68 280/10/68
f 294/16/1 293/16/1 292/16/1
f 293/16/1 294/16/1 295/16/1
f 297/15/59 293/16/59 296/15/59
f 293/16/59 297/15/59 292/16/59
f 300/10/27 299/15/27 298/10/27
f 299/15/27 300/10/27 301/15/27
f 298/10/23 302/10/23 300/10/23
f 302/10/23 298/10/23 303/10/23
f 294/16/59 303/10/59 295/16/59
f 303/10/59 294/16/59 302/10/59
f 306/15/59 305/16/59 304/15/59
f 305/16/59 306/15/59 307/16/59
f 305/16/25 308/15/25 304/15/25
f 308/15/25 305/16/25 309/16/25
f 312/10/27 311/15/27 310/10/27
f 311/15/27 312/10/27 313/15/27
f 316/10/60 315/16/25 314/16/60
f 315/16/25 316/10/60 317/10/25
f 318/16/1 305/16/1 307/16/1
f 305/16/1 318/16/1 314/16/1
f 314/16/1 318/16/1 319/16/1
f 315/16/1 305/16/1 314/16/1
f 305/16/1 315/16/1 309/16/1
f 316/10/23 320/10/23 317/10/23
f 320/10/23 316/10/23 310/10/23
f 310/10/23 316/10/23 312/10/23
f 312/10/23 316/10/23 321/10/23
f 321/10/23 316/10/23 322/10/23
f 318/16/59 322/10/61 319/16/61
f 322/10/61 318/16/59 321/10/59
f 319/16/61 316/10/60 314/16/60
f 316/10/60 319/16/61 322/10/61
f 320/10/62 311/15/62 323/15/62
f 311/15/62 320/10/62 310/10/62
f 326/15/69 325/16/69 324/15/69
f 325/16/69 326/15/69 327/16/69
f 325/16/70 328/15/70 324/15/70
f 328/15/70 325/16/70 329/16/70
f 332/10/71 331/15/71 330/10/71
f 331/15/71 332/10/71 333/15/71
f 336/10/72 335/16/70 334/16/72
f 335/16/70 336/10/72 337/10/70
f 338/16/1 325/16/1 327/16/1
f 325/16/1 338/16/1 334/16/1
f 334/16/1 338/16/1 339/16/1
f 335/16/1 325/16/1 334/16/1
f 325/16/1 335/16/1 329/16/1
f 336/10/23 340/10/23 337/10/23
f 340/10/23 336/10/23 330/10/23
f 330/10/23 336/10/23 332/10/23
f 332/10/23 336/10/23 341/10/23
f 341/10/23 336/10/23 342/10/23
f 338/16/69 342/10/73 339/16/73
f 342/10/73 338/16/69 341/10/69
f 339/16/73 336/10/72 334/16/72
f 336/10/72 339/16/73 342/10/73
f 340/10/74 331/15/74 343/15/74
f 331/15/74 340/10/74 330/10/74
f 350/10/62 360/10/62 351/15/62
f 363/15/62 351/15/62 360/10/62
f 362/10/26 359/16/26 356/10/24
f 354/16/24 356/10/24 359/16/26
f 361/10/27 358/16/27 362/10/26
f 359/16/26 362/10/26 358/16/27
f 362/10/23 356/10/23 361/10/23
f 361/10/23 356/10/23 352/10/23
f 352/10/23 356/10/23 350/10/23
f 350/10/23 356/10/23 360/10/23
f 357/10/23 360/10/23 356/10/23
f 349/16/1 355/16/1 345/16/1
f 354/16/1 345/16/1 355/16/1
f 359/16/1 358/16/1 354/16/1
f 354/16/1 358/16/1 345/16/1
f 347/16/1 345/16/1 358/16/1
f 357/10/25 356/10/24 355/16/25
f 354/16/24 355/16/25 356/10/24
f 353/15/59 352/10/59 351/15/59
f 350/10/59 351/15/59 352/10/59
f 349/16/25 345/16/25 348/15/25
f 344/15/25 348/15/25 345/16/25
f 347/16/27 346/15/27 345/16/27
f 344/15/27 345/16/27 346/15/27
f 366/15/35 365/16/35 364/15/35
f 365/16/35 366/15/35 367/16/35
f 365/16/7 368/15/7 364/15/7
f 368/15/7 365/16/7 369/16/7
f 372/10/32 371/15/32 370/10/32
f 371/15/32 372/10/32 373/15/32
f 376/10/3 375/16/7 374/16/3
f 375/16/7 376/10/3 377/10/7
f 378/16/1 365/16/1 367/16/1
f 365/16/1 378/16/1 374/16/1
f 374/16/1 378/16/1 379/16/1
f 375/16/1 365/16/1 374/16/1
f 365/16/1 375/16/1 369/16/1
f 376/10/23 380/10/23 377/10/23
f 380/10/23 376/10/23 370/10/23
f 370/10/23 376/10/23 372/10/23
f 372/10/23 376/10/23 381/10/23
f 381/10/23 376/10/23 382/10/23
f 378/16/35 382/10/2 379/16/2
f 382/10/2 378/16/35 381/10/35
f 379/16/2 376/10/3 374/16/3
f 376/10/3 379/16/2 382/10/2
f 380/10/6 371/15/6 383/15/6
f 371/15/6 380/10/6 370/10/6
f 386/15/69 385/16/69 384/15/69
f 385/16/69 386/15/69 387/16/69
f 385/16/70 388/15/70 384/15/70
f 388/15/70 385/16/70 389/16/70
f 392/10/71 391/15/71 390/10/71
f 391/15/71 392/10/71 393/15/71
f 396/10/72 395/16/70 394/16/72
f 395/16/70 396/10/72 397/10/70
f 398/16/1 385/16/1 387/16/1
f 385/16/1 398/16/1 394/16/1
f 394/16/1 398/16/1 399/16/1
f 395/16/1 385/16/1 394/16/1
f 385/16/1 395/16/1 389/16/1
f 396/10/23 400/10/23 397/10/23
f 400/10/23 396/10/23 390/10/23
f 390/10/23 396/10/23 392/10/23
f 392/10/23 396/10/23 401/10/23
f 401/10/23 396/10/23 402/10/23
f 398/16/69 402/10/73 399/16/73
f 402/10/73 398/16/69 401/10/69
f 399/16/73 396/10/72 394/16/72
f 396/10/72 399/16/73 402/10/73
f 400/10/74 391/15/74 403/15/74
f 391/15/74 400/10/74 390/10/74
f 406/16/1 405/16/1 404/16/1
f 405/16/1 406/16/1 407/16/1
f 409/15/59 405/16/59 408/15/59
f 405/16/59 409/15/59 404/16/59
f 412/10/27 411/15/27 410/10/27
f 411/15/27 412/10/27 413/15/27
f 410/10/23 414/10/23 412/10/23
f 414/10/23 410/10/23 415/10/23
f 406/16/59 415/10/59 407/16/59
f 415/10/59 406/16/59 414/10/59
f 418/16/1 417/16/1 416/16/1
f 417/16/1 418/16/1 419/16/1
f 421/15/35 417/16/35 420/15/35
f 417/16/35 421/15/35 416/16/35
f 424/10/32 423/15/32 422/10/32
f 423/15/32 424/10/32 425/15/32
f 422/10/23 426/10/23 424/10/23
f 426/10/23 422/10/23 427/10/23
f 418/16/35 427/10/35 419/16/35
f 427/10/35 418/16/35 426/10/35
f 430/18/71 429/17/76 428/17/75
f 429/17/76 430/18/71 431/18/77
f 434/17/79 433/18/69 432/17/78
f 433/18/69 434/17/79 435/18/80
f 429/17/77 437/15/74 436/15/77
f 437/15/74 429/17/77 438/17/74
f 430/18/71 440/17/82 439/18/81
f 440/17/82 430/18/71 428/17/75
f 441/18/74 434/17/79 438/17/83
f 434/17/79 441/18/74 435/18/80
f 443/18/70 440/17/82 442/17/84
f 440/17/82 443/18/70 439/18/81
f 445/18/86 442/17/84 444/17/85
f 442/17/84 445/18/86 443/18/70
f 447/10/88 430/18/71 446/10/87
f 430/18/71 447/10/88 431/18/77
f 438/17/74 448/15/80 437/15/74
f 448/15/80 438/17/74 434/17/80
f 444/17/86 450/15/70 449/15/86
f 450/15/70 444/17/86 442/17/70
f 451/15/69 444/17/86 449/15/86
f 444/17/86 451/15/69 432/17/69
f 431/18/77 438/17/83 429/17/76
f 438/17/83 431/18/77 441/18/74
f 452/10/89 443/18/70 445/18/86
f 443/18/70 452/10/89 453/10/90
f 454/10/91 430/18/71 439/18/81
f 430/18/71 454/10/91 446/10/87
f 453/10/90 439/18/81 443/18/70
f 439/18/81 453/10/90 454/10/91
f 444/17/85 433/18/69 445/18/86
f 433/18/69 444/17/85 432/17/78
f 455/10/92 435/18/80 441/18/74
f 435/18/80 455/10/92 456/10/93
f 433/18/69 452/10/89 445/18/86
f 452/10/89 433/18/69 457/10/94
f 454/10/23 447/10/23 446/10/23
f 447/10/23 454/10/23 453/10/23
f 447/10/23 453/10/23 455/10/23
f 455/10/23 453/10/23 452/10/23
f 455/10/23 452/10/23 456/10/23
f 456/10/23 452/10/23 457/10/23
f 428/17/71 458/15/81 440/17/81
f 458/15/81 428/17/71 459/15/71
f 442/17/70 458/15/81 450/15/70
f 458/15/81 442/17/70 440/17/81
f 433/18/69 456/10/93 457/10/94
f 456/10/93 433/18/69 435/18/80
f 429/17/77 459/15/71 428/17/71
f 459/15/71 429/17/77 436/15/77
f 447/10/88 441/18/74 431/18/77
f 441/18/74 447/10/88 455/10/92
f 448/15/80 432/17/69 451/15/69
f 432/17/69 448/15/80 434/17/80
f 460/1/96 465/1/96 461/10/96
f 464/10/96 461/10/96 465/1/96
f 463/10/95 462/1/95 461/10/95
f 460/1/95 461/10/95 462/1/95
f 466/1/70 471/1/70 467/10/70
f 470/10/70 467/10/70 471/1/70
f 469/10/69 468/1/69 467/10/69
f 466/1/69 467/10/69 468/1/69
f 475/1/70 474/1/70 473/10/70
f 472/10/70 473/10/70 474/1/70
f 476/1/98 481/1/98 477/10/98
f 480/10/98 477/10/98 481/1/98
f 479/10/97 478/1/97 477/10/97
f 476/1/97 477/10/97 478/1/97
f 482/1/7 487/1/7 483/10/7
f 486/10/7 483/10/7 487/1/7
f 485/10/35 484/1/35 483/10/35
f 482/1/35 483/10/35 484/1/35
f 490/1/71 489/10/71 488/1/71
f 489/10/71 490/1/71 491/10/71
f 493/1/70 489/10/70 492/10/70
f 489/10/70 493/1/70 488/1/70
f 497/1/58 496/1/58 495/10/58
f 494/10/58 495/10/58 496/1/58
f 498/1/70 501/1/70 499/10/70
f 500/10/70 499/10/70 501/1/70
f 486/10/69 487/1/69 499/10/69
f 498/1/69 499/10/69 487/1/69
f 504/20/99 503/19/100 502/19/99
f 503/19/100 504/20/99 505/20/100
f 508/21/99 507/1/100 506/1/99
f 507/1/100 508/21/99 509/21/100
f 512/20/101 511/19/102 510/19/101
f 511/19/102 512/20/101 513/20/102
f 515/21/103 506/1/99 514/1/103
f 506/1/99 515/21/103 508/21/99
f 518/10/104 517/22/101 516/22/104
f 517/22/101 518/10/104 519/10/101
f 522/10/99 521/22/100 520/22/99
f 521/22/100 522/10/99 523/10/100
f 525/10/103 520/22/99 524/22/103
f 520/22/99 525/10/103 522/10/99
f 528/21/104 527/1/101 526/1/104
f 527/1/101 528/21/104 529/21/101
f 529/21/101 530/1/102 527/1/101
f 530/1/102 529/21/101 531/21/102
f 531/21/102 532/1/105 530/1/102
f 532/1/105 531/21/102 533/21/105
f 534/22/106 518/10/104 516/22/104
f 518/10/104 534/22/106 535/10/106
f 537/1/106 509/21/100 536/21/106
f 509/21/100 537/1/106 507/1/100
f 537/1/106 528/21/104 526/1/104
f 528/21/104 537/1/106 536/21/106
f 540/20/103 539/19/105 538/20/105
f 539/19/105 540/20/103 541/19/103
f 525/10/103 543/22/105 542/10/105
f 543/22/105 525/10/103 524/22/103
f 513/20/102 539/19/105 511/19/102
f 539/19/105 513/20/102 538/20/105
f 503/19/100 545/20/106 544/19/106
f 545/20/106 503/19/100 505/20/100
f 540/20/103 502/19/99 541/19/103
f 502/19/99 540/20/103 504/20/99
f 515/21/103 532/1/105 533/21/105
f 532/1/105 515/21/103 514/1/103
f 544/19/106 547/20/104 546/19/104
f 547/20/104 544/19/106 545/20/106
f 546/19/104 512/20/101 510/19/101
f 512/20/101 546/19/104 547/20/104
f 519/10/101 548/22/102 517/22/101
f 548/22/102 519/10/101 549/10/102
f 549/10/102 543/22/105 548/22/102
f 543/22/105 549/10/102 542/10/105
f 521/22/100 535/10/106 534/22/106
f 535/10/106 521/22/100 523/10/100
f 552/1/74 551/10/74 550/10/74
f 551/10/74 552/1/74 553/1/74
f 552/1/71 555/10/71 554/23/71
f 555/10/71 552/1/71 550/10/71
f 551/10/69 557/23/69 556/10/69
f 557/23/69 551/10/69 553/1/69
f 557/23/70 555/10/70 556/10/70
f 555/10/70 557/23/70 554/23/70
f 551/10/1 555/10/1 550/10/1
f 555/10/1 551/10/1 556/10/1
f 560/23/70 559/10/70 558/10/70
f 559/10/70 560/23/70 561/23/70
f 563/10/1 559/10/1 562/10/1
f 559/10/1 563/10/1 558/10/1
f 564/1/71 559/10/71 561/23/71
f 559/10/71 564/1/71 562/10/71
f 563/10/69 560/23/69 558/10/69
f 560/23/69 563/10/69 565/1/69
f 564/1/74 563/10/74 562/10/74
f 563/10/74 564/1/74 565/1/74
f 568/24/1 567/24/1 566/24/1
f 567/24/1 568/24/1 569/24/1
f 572/1/1 571/1/1 570/1/1
f 571/1/1 572/1/1 573/1/1
f 573/1/1 572/1/1 574/1/1
f 576/25/69 566/24/69 575/25/69
f 566/24/69 576/25/69 568/24/69
f 569/24/71 577/25/71 567/24/71
f 577/25/71 569/24/71 578/25/71
f 581/11/23 580/11/23 579/11/23
f 580/11/23 581/11/23 582/11/23
f 583/11/23 582/11/23 581/11/23
f 583/11/23 584/11/23 582/11/23
f 584/11/23 583/11/23 585/11/23
f 585/11/71 571/1/30 584/11/30
f 571/1/30 585/11/71 570/1/71
f 580/11/70 573/1/28 574/1/70
f 573/1/28 580/11/70 582/11/28
f 584/11/30 573/1/28 582/11/28
f 573/1/28 584/11/30 571/1/30
f 587/16/70 577/25/70 586/25/70
f 577/25/70 587/16/70 567/24/70
f 567/24/70 587/16/70 566/24/70
f 588/16/70 566/24/70 587/16/70
f 589/25/70 566/24/70 588/16/70
f 566/24/70 589/25/70 575/25/70
f 590/25/69 587/16/69 586/25/69
f 587/16/69 590/25/69 591/16/69
f 587/16/23 592/16/23 588/16/23
f 592/16/23 587/16/23 591/16/23
f 592/16/71 589/25/71 588/16/71
f 589/25/71 592/16/71 593/25/71
f 596/10/23 595/10/23 594/10/23
f 595/10/23 596/10/23 597/10/23
f 597/10/23 596/10/23 598/10/23
f 597/10/23 598/10/23 599/10/23
f 599/10/23 598/10/23 600/10/23
f 601/10/23 599/10/23 600/10/23
f 600/10/23 598/10/23 602/10/23
f 602/10/23 598/10/23 603/10/23
f 598/10/72 605/1/28 604/1/72
f 605/1/28 598/10/72 596/10/28
f 608/1/1 607/1/1 606/1/1
f 607/1/1 608/1/1 605/1/1
f 605/1/1 608/1/1 604/1/1
f 604/1/1 608/1/1 609/1/1
f 608/1/69 603/10/73 609/1/73
f 603/10/73 608/1/69 602/10/69
f 602/10/69 608/1/69 610/10/69
f 595/10/71 607/1/30 594/10/30
f 607/1/30 595/10/71 606/1/71
f 606/1/71 595/10/71 611/10/71
f 603/10/73 604/1/72 609/1/73
f 604/1/72 603/10/73 598/10/72
f 594/10/30 605/1/28 596/10/28
f 605/1/28 594/10/30 607/1/30
f 614/26/107 613/26/1 612/26/107
f 613/26/1 614/26/107 615/26/108
f 613/26/1 615/26/108 616/26/1
f 616/26/1 615/26/108 617/26/108
f 615/26/108 618/27/109 617/26/108
f 618/27/109 615/26/108 619/27/109
f 621/27/110 612/26/107 620/27/110
f 612/26/107 621/27/110 614/26/107
f 622/27/23 621/27/110 620/27/110
f 621/27/110 622/27/23 619/27/109
f 619/27/109 622/27/23 623/27/23
f 619/27/109 623/27/23 618/27/109
f 618/27/70 624/28/70 617/26/70
f 617/26/70 624/28/70 616/26/70
f 618/27/70 601/1/70 624/28/70
f 601/1/70 618/27/70 599/1/70
f 620/27/70 599/1/70 618/27/70
f 620/27/70 618/27/70 623/27/70
f 599/1/70 620/27/70 625/28/70
f 620/27/70 623/27/70 622/27/70
f 616/26/70 622/27/70 623/27/70
f 625/28/70 620/27/70 612/26/70
f 625/28/70 612/26/70 624/28/70
f 622/27/70 616/26/70 613/26/70
f 616/26/70 624/28/70 613/26/70
f 613/26/70 624/28/70 612/26/70
f 672/26/113 684/28/113 673/26/113
f 673/26/113 684/28/113 676/26/113
f 673/26/113 676/26/113 682/27/113
f 684/28/113 672/26/113 685/28/113
f 672/26/113 680/27/113 685/28/113
f 683/27/113 682/27/113 676/26/113
f 682/27/113 683/27/113 680/27/113
f 685/28/113 680/27/113 659/1/113
f 683/27/113 678/27/113 680/27/113
f 678/27/113 659/1/113 680/27/113
f 659/1/113 678/27/113 661/1/113
f 684/28/113 661/1/113 678/27/113
f 676/26/113 684/28/113 677/26/113
f 677/26/113 684/28/113 678/27/113
f 678/27/116 683/27/23 679/27/116
f 683/27/23 682/27/23 679/27/116
f 679/27/116 682/27/23 681/27/117
f 680/27/117 681/27/117 682/27/23
f 674/26/114 681/27/117 672/26/114
f 680/27/117 672/26/114 681/27/117
f 679/27/116 675/26/115 678/27/116
f 677/26/115 678/27/116 675/26/115
f 677/26/115 675/26/115 676/26/1
f 676/26/1 675/26/115 673/26/1
f 675/26/115 674/26/114 673/26/1
f 672/26/114 673/26/1 674/26/114
f 667/1/73 654/10/73 665/1/72
f 656/10/72 665/1/72 654/10/73
f 658/10/28 663/10/30 664/1/28
f 669/1/30 664/1/28 663/10/30
f 671/10/112 655/10/112 666/1/112
f 666/1/112 655/10/112 667/1/73
f 654/10/73 667/1/73 655/10/112
f 670/10/111 668/1/111 662/10/111
f 662/10/111 668/1/111 663/10/30
f 669/1/30 663/10/30 668/1/111
f 669/1/1 668/1/1 664/1/1
f 664/1/1 668/1/1 665/1/1
f 665/1/1 668/1/1 667/1/1
f 666/1/1 667/1/1 668/1/1
f 656/10/72 658/10/28 665/1/72
f 664/1/28 665/1/72 658/10/28
f 663/10/23 658/10/23 662/10/23
f 662/10/23 658/10/23 660/10/23
f 660/10/23 659/10/23 661/10/23
f 660/10/23 658/10/23 659/10/23
f 659/10/23 658/10/23 657/10/23
f 658/10/23 656/10/23 657/10/23
f 657/10/23 656/10/23 655/10/23
f 654/10/23 655/10/23 656/10/23
f 653/25/112 652/16/112 649/25/112
f 648/16/112 649/25/112 652/16/112
f 651/16/23 647/16/23 652/16/23
f 648/16/23 652/16/23 647/16/23
f 651/16/111 650/25/111 647/16/111
f 646/25/111 647/16/111 650/25/111
f 635/25/113 649/25/113 626/24/113
f 648/16/113 626/24/113 649/25/113
f 647/16/113 626/24/113 648/16/113
f 626/24/113 647/16/113 627/24/113
f 627/24/113 647/16/113 637/25/113
f 646/25/113 637/25/113 647/16/113
f 631/1/73 644/11/73 633/1/72
f 642/11/72 633/1/72 644/11/73
f 642/11/72 640/11/113 633/1/72
f 634/1/113 633/1/72 640/11/113
f 630/1/112 645/11/112 631/1/73
f 644/11/73 631/1/73 645/11/112
f 645/11/23 643/11/23 644/11/23
f 642/11/23 644/11/23 643/11/23
f 641/11/23 642/11/23 643/11/23
f 642/11/23 641/11/23 640/11/23
f 639/11/23 640/11/23 641/11/23
f 638/25/112 629/24/112 637/25/112
f 627/24/112 637/25/112 629/24/112
f 628/24/111 636/25/111 626/24/111
f 635/25/111 626/24/111 636/25/111
f 634/1/1 632/1/1 633/1/1
f 633/1/1 632/1/1 631/1/1
f 630/1/1 631/1/1 632/1/1
f 629/24/1 628/24/1 627/24/1
f 626/24/1 627/24/1 628/24/1
f 688/24/118 687/24/119 686/24/118
f 687/24/119 688/24/118 689/24/119
f 692/29/121 691/29/120 690/29/120
f 691/29/120 692/29/121 693/29/121
f 696/16/122 695/16/123 694/16/122
f 695/16/123 696/16/122 697/16/123
f 700/30/125 699/30/124 698/30/124
f 699/30/124 700/30/125 701/30/125
f 703/31/126 697/16/123 702/31/126
f 697/16/123 703/31/126 695/16/123
f 701/30/125 705/32/127 704/32/127
f 705/32/127 701/30/125 700/30/125
f 707/32/128 699/30/124 706/32/128
f 699/30/124 707/32/128 698/30/124
f 694/16/122 708/31/129 696/16/122
f 708/31/129 694/16/122 709/31/129
f 712/1/131 711/11/130 710/1/130
f 711/11/130 712/1/131 713/11/131
f 714/11/132 710/1/130 711/11/130
f 710/1/130 714/11/132 715/1/132
f 716/1/1 710/1/1 715/1/1
f 710/1/1 716/1/1 717/1/1
f 710/1/1 717/1/1 712/1/1
f 719/11/23 713/11/23 718/11/23
f 713/11/23 719/11/23 711/11/23
f 720/11/23 711/11/23 719/11/23
f 721/11/23 711/11/23 720/11/23
f 711/11/23 721/11/23 714/11/23
f 691/29/120 686/24/118 690/29/120
f 686/24/118 691/29/120 688/24/118
f 689/24/119 692/29/121 687/24/119
f 692/29/121 689/24/119 693/29/121
f 705/32/127 702/31/126 704/32/127
f 702/31/126 705/32/127 703/31/126
f 709/31/129 706/32/128 708/31/129
f 706/32/128 709/31/129 707/32/128
f 704/32/131 699/30/131 701/30/131
f 699/30/131 704/32/131 706/32/131
f 706/32/131 704/32/131 692/29/131
f 692/29/131 704/32/131 702/31/131
f 690/29/131 706/32/131 692/29/131
f 692/29/131 702/31/131 687/24/131
f 706/32/131 690/29/131 708/31/131
f 687/24/131 702/31/131 686/24/131
f 708/31/131 690/29/131 686/24/131
f 708/31/131 686/24/131 702/31/131
f 708/31/131 702/31/131 697/16/131
f 708/31/131 697/16/131 696/16/131
f 721/11/133 715/1/132 714/11/132
f 715/1/132 721/11/133 716/1/133
f 724/33/120 723/26/118 722/33/120
f 723/26/118 724/33/120 725/26/118
f 726/26/119 723/26/118 725/26/118
f 723/26/118 726/26/119 727/26/119
f 722/33/120 728/33/121 724/33/120
f 728/33/121 722/33/120 729/33/121
f 726/26/119 729/33/121 727/26/119
f 729/33/121 726/26/119 728/33/121
f 729/33/131 730/28/131 727/26/131
f 727/26/131 730/28/131 723/26/131
f 729/33/131 731/34/131 730/28/131
f 732/28/131 723/26/131 730/28/131
f 731/34/131 729/33/131 733/34/131
f 732/28/131 722/33/131 723/26/131
f 733/34/131 722/33/131 732/28/131
f 722/33/131 733/34/131 729/33/131
f 736/1/69 735/24/69 734/1/69
f 735/24/69 736/1/69 737/24/69
f 740/24/71 739/1/71 738/24/71
f 739/1/71 740/24/71 741/1/71
f 740/24/1 735/24/1 737/24/1
f 735/24/1 740/24/1 738/24/1
f 744/11/69 743/31/134 742/11/69
f 743/31/134 744/11/69 745/31/134
f 748/31/135 747/11/71 746/31/135
f 747/11/71 748/31/135 749/11/71
f 752/16/137 751/16/136 750/16/136
f 751/16/136 752/16/137 753/16/137
f 745/31/134 752/16/137 743/31/134
f 752/16/137 745/31/134 753/16/137
f 751/16/136 746/31/135 750/16/136
f 746/31/135 751/16/136 748/31/135
f 755/11/70 754/1/70 747/11/70
f 734/1/70 747/11/70 754/1/70
f 747/11/70 734/1/70 735/24/70
f 747/11/70 735/24/70 746/31/70
f 746/31/70 735/24/70 743/31/70
f 738/24/70 743/31/70 735/24/70
f 746/31/70 743/31/70 752/16/70
f 746/31/70 752/16/70 750/16/70
f 738/24/70 742/11/70 743/31/70
f 739/1/70 742/11/70 738/24/70
f 742/11/70 739/1/70 756/1/70
f 742/11/70 756/1/70 757/11/70
f 759/1/1 754/1/1 758/1/1
f 754/1/1 759/1/1 736/1/1
f 734/1/1 754/1/1 736/1/1
f 736/1/1 759/1/1 741/1/1
f 741/1/1 759/1/1 739/1/1
f 739/1/1 759/1/1 756/1/1
f 747/11/23 760/11/23 755/11/23
f 760/11/23 747/11/23 749/11/23
f 757/11/23 744/11/23 742/11/23
f 744/11/23 757/11/23 761/11/23
f 766/10/70 768/10/70 763/1/70
f 765/1/70 763/1/70 768/10/70
f 769/10/109 768/10/109 767/10/110
f 766/10/110 767/10/110 768/10/109
f 769/10/109 764/1/108 768/10/109
f 765/1/108 768/10/109 764/1/108
f 762/1/107 767/10/110 763/1/107
f 766/10/110 763/1/107 767/10/110
f 765/1/108 764/1/108 763/1/107
f 762/1/107 763/1/107 764/1/108
f 774/10/70 776/10/70 771/1/70
f 773/1/70 771/1/70 776/10/70
f 777/10/109 776/10/109 775/10/110
f 774/10/110 775/10/110 776/10/109
f 777/10/109 772/1/108 776/10/109
f 773/1/108 776/10/109 772/1/108
f 770/1/107 775/10/110 771/1/107
f 774/10/110 771/1/107 775/10/110
f 773/1/108 772/1/108 771/1/107
f 770/1/107 771/1/107 772/1/108
f 780/35/138 779/16/70 778/16/138
f 779/16/70 780/35/138 781/35/70
f 784/35/139 783/16/71 782/35/71
f 783/16/71 784/35/139 785/16/139
f 781/35/70 786/16/140 779/16/70
f 786/16/140 781/35/70 787/35/140
f 782/35/71 786/16/140 787/35/140
f 786/16/140 782/35/71 783/16/71
f 784/35/139 788/16/74 785/16/139
f 788/16/74 784/35/139 789/35/74
f 789/35/74 790/16/141 788/16/74
f 790/16/141 789/35/74 791/35/141
f 790/16/141 793/35/69 792/16/69
f 793/35/69 790/16/141 791/35/141
f 792/16/69 780/35/138 778/16/138
f 780/35/138 792/16/69 793/35/69
f 785/16/1 786/16/1 783/16/1
f 786/16/1 785/16/1 788/16/1
f 786/16/1 788/16/1 779/16/1
f 779/16/1 788/16/1 790/16/1
f 779/16/1 790/16/1 778/16/1
f 778/16/1 790/16/1 792/16/1
f 796/35/1 795/35/1 794/35/1
f 795/35/1 796/35/1 797/35/1
f 800/16/142 799/16/23 798/16/23
f 799/16/23 800/16/142 801/16/142
f 799/16/74 796/35/74 794/35/74
f 796/35/74 799/16/74 802/36/74
f 802/36/74 799/16/74 801/16/74
f 799/16/71 795/35/71 798/16/71
f 795/35/71 799/16/71 794/35/71
f 803/36/70 795/35/70 797/35/70
f 795/35/70 803/36/70 798/16/70
f 798/16/70 803/36/70 800/16/70
f 796/35/69 803/36/143 797/35/69
f 803/36/143 796/35/69 802/36/143
f 802/36/143 800/16/142 803/36/143
f 800/16/142 802/36/143 801/16/142
f 806/35/69 805/16/86 804/35/86
f 805/16/86 806/35/69 807/16/69
f 805/16/86 808/35/70 804/35/86
f 808/35/70 805/16/86 809/16/70
f 812/16/77 811/35/71 810/16/71
f 811/35/71 812/16/77 813/35/77
f 810/16/71 815/35/81 814/16/81
f 815/35/81 810/16/71 811/35/71
f 816/35/80 807/16/69 806/35/69
f 807/16/69 816/35/80 817/16/80
f 819/16/74 816/35/80 818/35/74
f 816/35/80 819/16/74 817/16/80
f 809/16/70 815/35/81 808/35/70
f 815/35/81 809/16/70 814/16/81
f 812/16/77 818/35/74 813/35/77
f 818/35/74 812/16/77 819/16/74
f 814/16/23 812/16/23 810/16/23
f 812/16/23 814/16/23 809/16/23
f 812/16/23 809/16/23 819/16/23
f 819/16/23 809/16/23 805/16/23
f 819/16/23 805/16/23 817/16/23
f 817/16/23 805/16/23 807/16/23
f 813/35/1 815/35/1 811/35/1
f 815/35/1 813/35/1 818/35/1
f 815/35/1 818/35/1 808/35/1
f 808/35/1 818/35/1 816/35/1
f 808/35/1 816/35/1 804/35/1
f 804/35/1 816/35/1 806/35/1
f 822/35/69 821/16/86 820/35/86
f 821/16/86 822/35/69 823/16/69
f 821/16/86 824/35/70 820/35/86
f 824/35/70 821/16/86 825/16/70
f 828/16/77 827/35/71 826/16/71
f 827/35/71 828/16/77 829/35/77
f 826/16/71 831/35/81 830/16/81
f 831/35/81 826/16/71 827/35/71
f 832/35/80 823/16/69 822/35/69
f 823/16/69 832/35/80 833/16/80
f 835/16/74 832/35/80 834/35/74
f 832/35/80 835/16/74 833/16/80
f 825/16/70 831/35/81 824/35/70
f 831/35/81 825/16/70 830/16/81
f 828/16/77 834/35/74 829/35/77
f 834/35/74 828/16/77 835/16/74
f 830/16/23 828/16/23 826/16/23
f 828/16/23 830/16/23 825/16/23
f 828/16/23 825/16/23 835/16/23
f 835/16/23 825/16/23 821/16/23
f 835/16/23 821/16/23 833/16/23
f 833/16/23 821/16/23 823/16/23
f 829/35/1 831/35/1 827/35/1
f 831/35/1 829/35/1 834/35/1
f 831/35/1 834/35/1 824/35/1
f 824/35/1 834/35/1 832/35/1
f 824/35/1 832/35/1 820/35/1
f 820/35/1 832/35/1 822/35/1
f 838/1/69 837/24/69 836/1/69
f 837/24/69 838/1/69 839/24/69
f 842/24/71 841/1/71 840/24/71
f 841/1/71 842/24/71 843/1/71
f 842/24/1 837/24/1 839/24/1
f 837/24/1 842/24/1 840/24/1
f 846/11/23 845/11/23 844/11/23
f 845/11/23 846/11/23 847/11/23
f 845/11/69 848/31/134 844/11/69
f 848/31/134 845/11/69 849/31/134
f 846/11/70 841/1/70 850/1/70
f 841/1/70 846/11/70 844/11/70
f 841/1/70 844/11/70 840/24/70
f 840/24/70 844/11/70 848/31/70
f 840/24/70 848/31/70 837/24/70
f 851/31/70 837/24/70 848/31/70
f 851/31/70 848/31/70 852/16/70
f 851/31/70 852/16/70 853/16/70
f 854/11/70 837/24/70 851/31/70
f 837/24/70 854/11/70 836/1/70
f 855/11/70 836/1/70 854/11/70
f 836/1/70 855/11/70 856/1/70
f 854/11/23 857/11/23 855/11/23
f 857/11/23 854/11/23 858/11/23
f 852/16/137 859/16/136 853/16/136
f 859/16/136 852/16/137 860/16/137
f 861/31/135 854/11/71 851/31/135
f 854/11/71 861/31/135 858/11/71
f 859/16/136 851/31/135 853/16/136
f 851/31/135 859/16/136 861/31/135
f 849/31/134 852/16/137 848/31/134
f 852/16/137 849/31/134 860/16/137
f 841/1/1 862/1/1 850/1/1
f 843/1/1 862/1/1 841/1/1
f 838/1/1 862/1/1 843/1/1
f 862/1/1 838/1/1 863/1/1
f 836/1/1 863/1/1 838/1/1
f 863/1/1 836/1/1 856/1/1
f 866/1/107 865/1/108 864/1/108
f 865/1/108 866/1/107 867/1/107
f 869/10/109 865/1/108 868/10/109
f 865/1/108 869/10/109 864/1/108
f 866/1/107 870/10/110 867/1/107
f 870/10/110 866/1/107 871/10/110
f 870/10/110 869/10/109 868/10/109
f 869/10/109 870/10/110 871/10/110
f 870/10/70 865/1/70 867/1/70
f 865/1/70 870/10/70 868/10/70
f 874/35/74 873/16/74 872/35/74
f 873/16/74 874/35/74 875/16/74
f 878/16/86 877/35/81 876/35/86
f 877/35/81 878/16/86 879/16/81
f 872/35/69 878/16/86 876/35/86
f 878/16/86 872/35/69 873/16/69
f 878/16/23 875/16/23 879/16/23
f 875/16/23 878/16/23 873/16/23
f 872/35/1 877/35/1 874/35/1
f 877/35/1 872/35/1 876/35/1
f 875/16/71 877/35/81 879/16/81
f 877/35/81 875/16/71 874/35/71
f 882/37/23 881/37/23 880/37/23
f 881/37/23 882/37/23 883/37/23
f 886/37/27 116/38/27 884/37/27
f 115/38/27 884/37/27 116/38/27
f 885/37/25 884/37/25 114/38/25
f 115/38/25 114/38/25 884/37/25
f 889/37/31 139/38/31 887/37/31
f 138/38/31 887/37/31 139/38/31
f 888/37/29 887/37/29 137/38/29
f 138/38/29 137/38/29 887/37/29
f 159/39/1 161/39/1 157/39/1
f 161/39/1 159/39/1 166/39/1
f 161/39/1 166/39/1 164/39/1
f 161/39/1 164/39/1 160/39/1
f 160/39/1 164/39/1 171/39/1
f 160/39/1 171/39/1 170/39/1
f 191/39/1 193/39/1 189/39/1
f 193/39/1 191/39/1 198/39/1
f 193/39/1 198/39/1 196/39/1
f 193/39/1 196/39/1 192/39/1
f 192/39/1 196/39/1 203/39/1
f 192/39/1 203/39/1 202/39/1
f 368/37/53 227/38/53 890/37/53
f 226/38/53 890/37/53 227/38/53
f 891/37/51 890/37/51 225/38/51
f 226/38/51 225/38/51 890/37/51
f 892/37/58 254/38/58 255/38/58
f 254/38/58 892/37/58 893/37/58
f 894/41/105 511/40/102 539/40/105
f 541/40/103 894/41/105 539/40/105
f 511/40/102 894/41/105 895/41/102
f 894/41/105 541/40/103 896/41/103
f 895/41/102 510/40/101 511/40/102
f 510/40/101 895/41/102 897/41/101
f 502/40/99 896/41/103 541/40/103
f 896/41/103 502/40/99 898/41/99
f 897/41/101 546/40/104 510/40/101
f 546/40/104 897/41/101 899/41/104
f 900/41/106 546/40/104 899/41/104
f 546/40/104 900/41/106 544/40/106
f 502/40/99 901/41/100 898/41/99
f 901/41/100 544/40/106 900/41/106
f 901/41/100 502/40/99 503/40/100
f 544/40/106 901/41/100 503/40/100
f 903/40/106 505/41/100 902/40/100
f 505/41/100 904/40/99 902/40/100
f 505/41/100 903/40/106 545/41/106
f 904/40/99 505/41/100 504/41/99
f 905/40/104 545/41/106 903/40/106
f 545/41/106 905/40/104 547/41/104
f 905/40/104 512/41/101 547/41/104
f 512/41/101 905/40/104 906/40/101
f 906/40/101 513/41/102 512/41/101
f 513/41/102 906/40/101 907/40/102
f 504/41/99 908/40/103 904/40/99
f 908/40/103 504/41/99 540/41/103
f 907/40/102 538/41/105 513/41/102
f 538/41/105 908/40/103 540/41/103
f 538/41/105 907/40/102 909/40/105
f 908/40/103 538/41/105 909/40/105
f 911/37/133 719/38/133 910/37/133
f 719/38/133 911/37/133 720/38/133
f 910/37/131 707/43/131 709/42/131
f 910/37/131 709/42/131 694/40/131
f 719/38/131 707/43/131 910/37/131
f 707/43/131 719/38/131 698/44/131
f 698/44/131 719/38/131 700/44/131
f 718/38/131 700/44/131 719/38/131
f 700/44/131 718/38/131 705/43/131
f 910/37/131 694/40/131 912/37/131
f 705/43/131 718/38/131 912/37/131
f 695/40/131 912/37/131 694/40/131
f 705/43/131 912/37/131 703/42/131
f 703/42/131 912/37/131 695/40/131
f 913/37/70 845/38/70 847/38/70
f 845/38/70 913/37/70 849/42/70
f 849/42/70 913/37/70 860/40/70
f 860/40/70 913/37/70 859/40/70
f 914/37/70 859/40/70 913/37/70
f 914/37/70 861/42/70 859/40/70
f 857/38/70 861/42/70 914/37/70
f 861/42/70 857/38/70 858/38/70
f 915/46/7 48/45/7 46/45/7
f 48/45/7 915/46/7 916/47/7
f 917/47/6 45/45/6 47/45/6
f 45/45/6 917/47/6 918/46/6
f 921/50/7 920/49/7 919/48/7
f 920/49/7 921/50/7 922/51/7
f 922/51/7 921/50/7 923/52/7
f 923/52/7 921/50/7 924/53/7
f 924/53/7 921/50/7 925/54/7
f 925/54/7 921/50/7 926/55/7
f 929/49/6 928/50/6 927/48/6
f 928/50/6 929/49/6 930/51/6
f 928/50/6 930/51/6 931/52/6
f 928/50/6 931/52/6 932/53/6
f 928/50/6 932/53/6 933/54/6
f 928/50/6 933/54/6 934/55/6
f 919/48/20 929/49/20 927/48/20
f 929/49/20 919/48/20 920/49/20
f 45/45/35 915/46/35 46/45/35
f 915/46/35 45/45/35 918/46/35
f 917/47/32 48/45/32 916/47/32
f 48/45/32 917/47/32 47/45/32
f 926/55/13 928/50/13 934/55/13
f 928/50/13 926/55/13 921/50/13
f 918/46/12 34/57/12 35/56/12
f 918/46/12 35/56/12 36/58/12
f 917/47/12 34/57/12 918/46/12
f 34/57/12 917/47/12 33/59/12
f 33/59/12 917/47/12 25/59/12
f 916/47/12 25/59/12 917/47/12
f 25/59/12 916/47/12 21/57/12
f 918/46/12 36/58/12 915/46/12
f 21/57/12 916/47/12 915/46/12
f 27/58/12 915/46/12 36/58/12
f 21/57/12 915/46/12 23/56/12
f 23/56/12 915/46/12 27/58/12
f 933/54/12 14/56/12 934/55/12
f 934/55/12 14/56/12 926/55/12
f 19/56/12 926/55/12 14/56/12
f 19/56/12 925/54/12 926/55/12
f 924/53/12 933/54/12 925/54/12
f 19/56/12 924/53/12 925/54/12
f 933/54/12 924/53/12 932/53/12
f 932/53/12 14/56/12 933/54/12
f 19/56/12 923/52/12 924/53/12
f 931/52/12 14/56/12 932/53/12
f 922/51/12 931/52/12 923/52/12
f 19/56/12 922/51/12 923/52/12
f 931/52/12 922/51/12 930/51/12
f 930/51/12 14/56/12 931/52/12
f 19/56/12 920/49/12 922/51/12
f 920/49/12 19/56/12 17/57/12
f 929/49/12 14/56/12 930/51/12
f 17/57/12 929/49/12 920/49/12
f 929/49/12 13/57/12 14/56/12
f 13/57/12 929/49/12 17/57/12
f 935/46/7 92/45/7 90/45/7
f 92/45/7 935/46/7 936/47/7
f 937/47/6 89/45/6 91/45/6
f 89/45/6 937/47/6 938/46/6
f 941/50/7 940/49/7 939/48/7
f 940/49/7 941/50/7 942/51/7
f 942/51/7 941/50/7 943/52/7
f 943/52/7 941/50/7 944/53/7
f 944/53/7 941/50/7 945/54/7
f 945/54/7 941/50/7 946/55/7
f 949/49/6 948/50/6 947/48/6
f 948/50/6 949/49/6 950/51/6
f 948/50/6 950/51/6 951/52/6
f 948/50/6 951/52/6 952/53/6
f 948/50/6 952/53/6 953/54/6
f 948/50/6 953/54/6 954/55/6
f 939/48/20 949/49/20 947/48/20
f 949/49/20 939/48/20 940/49/20
f 89/45/35 935/46/35 90/45/35
f 935/46/35 89/45/35 938/46/35
f 937/47/32 92/45/32 936/47/32
f 92/45/32 937/47/32 91/45/32
f 946/55/13 948/50/13 954/55/13
f 948/50/13 946/55/13 941/50/13
f 938/46/12 78/57/12 79/56/12
f 938/46/12 79/56/12 80/58/12
f 937/47/12 78/57/12 938/46/12
f 78/57/12 937/47/12 77/59/12
f 77/59/12 937/47/12 69/59/12
f 936/47/12 69/59/12 937/47/12
f 69/59/12 936/47/12 65/57/12
f 938/46/12 80/58/12 935/46/12
f 65/57/12 936/47/12 935/46/12
f 71/58/12 935/46/12 80/58/12
f 65/57/12 935/46/12 67/56/12
f 67/56/12 935/46/12 71/58/12
f 953/54/12 58/56/12 954/55/12
f 954/55/12 58/56/12 946/55/12
f 63/56/12 946/55/12 58/56/12
f 63/56/12 945/54/12 946/55/12
f 944/53/12 953/54/12 945/54/12
f 63/56/12 944/53/12 945/54/12
f 953/54/12 944/53/12 952/53/12
f 952/53/12 58/56/12 953/54/12
f 63/56/12 943/52/12 944/53/12
f 951/52/12 58/56/12 952/53/12
f 942/51/12 951/52/12 943/52/12
f 63/56/12 942/51/12 943/52/12
f 951/52/12 942/51/12 950/51/12
f 950/51/12 58/56/12 951/52/12
f 63/56/12 940/49/12 942/51/12
f 940/49/12 63/56/12 61/57/12
f 949/49/12 58/56/12 950/51/12
f 61/57/12 949/49/12 940/49/12
f 949/49/12 57/57/12 58/56/12
f 57/57/12 949/49/12 61/57/12
f 957/61/27 104/60/27 955/61/27
f 103/60/27 955/61/27 104/60/27
f 956/61/25 955/61/25 102/60/25
f 103/60/25 102/60/25 955/61/25
f 960/61/27 128/60/27 958/61/27
f 127/60/27 958/61/27 128/60/27
f 959/61/25 958/61/25 126/60/25
f 127/60/25 126/60/25 958/61/25
f 963/61/32 215/60/32 961/61/32
f 214/60/32 961/61/32 215/60/32
f 962/61/7 961/61/7 213/60/7
f 214/60/7 213/60/7 961/61/7
f 966/61/57 239/60/57 964/61/57
f 238/60/57 964/61/57 239/60/57
f 965/61/55 964/61/55 237/60/55
f 238/60/55 237/60/55 964/61/55
f 495/61/58 246/60/58 247/60/58
f 246/60/58 495/61/58 494/61/58
f 263/62/23 967/62/23 275/62/23
f 967/62/23 263/62/23 265/62/23
f 281/62/23 968/62/23 291/62/23
f 968/62/23 281/62/23 283/62/23
f 970/62/23 301/62/23 969/62/23
f 301/62/23 970/62/23 299/62/23
f 311/62/23 971/62/23 323/62/23
f 971/62/23 311/62/23 313/62/23
f 331/62/23 972/62/23 343/62/23
f 972/62/23 331/62/23 333/62/23
f 353/62/23 351/62/23 973/62/23
f 363/62/23 973/62/23 351/62/23
f 371/62/23 974/62/23 383/62/23
f 974/62/23 371/62/23 373/62/23
f 391/62/23 974/62/23 403/62/23
f 974/62/23 391/62/23 393/62/23
f 976/62/23 413/62/23 975/62/23
f 413/62/23 976/62/23 411/62/23
f 978/62/23 425/62/23 977/62/23
f 425/62/23 978/62/23 423/62/23
f 981/61/77 980/63/74 979/63/77
f 980/63/74 981/61/77 982/61/74
f 985/61/70 984/63/81 983/63/70
f 984/63/81 985/61/70 986/61/81
f 979/63/1 984/63/1 987/63/1
f 984/63/1 979/63/1 980/63/1
f 984/63/1 980/63/1 983/63/1
f 983/63/1 980/63/1 988/63/1
f 983/63/1 988/63/1 989/63/1
f 989/63/1 988/63/1 990/63/1
f 981/61/77 987/63/71 991/61/71
f 987/63/71 981/61/77 979/63/77
f 994/64/23 993/64/23 992/64/23
f 993/64/23 994/64/23 995/64/23
f 993/64/23 995/64/23 996/64/23
f 996/64/23 995/64/23 997/64/23
f 996/64/23 997/64/23 998/64/23
f 998/64/23 997/64/23 999/64/23
f 1000/61/86 983/63/70 989/63/86
f 983/63/70 1000/61/86 985/61/70
f 990/63/69 1000/61/86 989/63/86
f 1000/61/86 990/63/69 1001/61/69
f 988/63/80 1001/61/69 990/63/69
f 1001/61/69 988/63/80 1002/61/80
f 982/61/74 988/63/80 980/63/74
f 988/63/80 982/61/74 1002/61/80
f 991/61/71 984/63/81 986/61/81
f 984/63/81 991/61/71 987/63/71
f 1003/61/81 996/64/70 998/64/81
f 996/64/70 1003/61/81 1004/61/70
f 993/64/86 1005/61/69 992/64/69
f 1005/61/69 993/64/86 1006/61/86
f 992/64/69 1007/61/80 994/64/80
f 1007/61/80 992/64/69 1005/61/69
f 1003/61/81 999/64/71 1008/61/71
f 999/64/71 1003/61/81 998/64/81
f 1004/61/70 993/64/86 996/64/70
f 993/64/86 1004/61/70 1006/61/86
f 1007/61/80 995/64/74 994/64/80
f 995/64/74 1007/61/80 1009/61/74
f 1008/61/71 997/64/77 1010/61/77
f 997/64/77 1008/61/71 999/64/71
f 1009/61/74 997/64/77 995/64/74
f 997/64/77 1009/61/74 1010/61/77
f 1008/61/23 1000/61/23 1001/61/23
f 1002/61/23 1008/61/23 1001/61/23
f 1010/61/23 1000/61/23 1008/61/23
f 1002/61/23 1003/61/23 1008/61/23
f 1009/61/23 1000/61/23 1010/61/23
f 1009/61/23 985/61/23 1000/61/23
f 1007/61/23 985/61/23 1009/61/23
f 1007/61/23 986/61/23 985/61/23
f 982/61/23 1003/61/23 1002/61/23
f 982/61/23 1004/61/23 1003/61/23
f 982/61/23 1006/61/23 1004/61/23
f 981/61/23 1006/61/23 982/61/23
f 1005/61/23 986/61/23 1007/61/23
f 981/61/23 1005/61/23 1006/61/23
f 986/61/23 1005/61/23 991/61/23
f 1005/61/23 981/61/23 991/61/23
f 1013/63/80 1012/61/69 1011/63/69
f 1012/61/69 1013/63/80 1014/61/80
f 1016/61/74 1013/63/80 1015/63/74
f 1013/63/80 1016/61/74 1014/61/80
f 1019/61/23 1018/61/23 1017/61/23
f 1018/61/23 1019/61/23 1020/61/23
f 1018/61/23 1020/61/23 1016/61/23
f 1016/61/23 1020/61/23 1021/61/23
f 1016/61/23 1021/61/23 1014/61/23
f 1014/61/23 1021/61/23 1012/61/23
f 1011/63/69 1021/61/86 1022/63/86
f 1021/61/86 1011/63/69 1012/61/69
f 1018/61/77 1023/63/71 1017/61/71
f 1023/63/71 1018/61/77 1024/63/77
f 1018/61/77 1015/63/74 1024/63/77
f 1015/63/74 1018/61/77 1016/61/74
f 1017/61/71 1025/63/81 1019/61/81
f 1025/63/81 1017/61/71 1023/63/71
f 1021/61/86 1026/63/70 1022/63/86
f 1026/63/70 1021/61/86 1020/61/70
f 1020/61/70 1025/63/81 1026/63/70
f 1025/63/81 1020/61/70 1019/61/81
f 1024/63/1 1025/63/1 1023/63/1
f 1025/63/1 1024/63/1 1015/63/1
f 1025/63/1 1015/63/1 1026/63/1
f 1026/63/1 1015/63/1 1013/63/1
f 1026/63/1 1013/63/1 1022/63/1
f 1022/63/1 1013/63/1 1011/63/1
f 1029/67/69 1028/66/145 1027/65/144
f 1028/66/145 1029/67/69 1030/61/69
f 1033/68/148 1032/63/147 1031/63/146
f 1032/63/147 1033/68/148 1034/68/149
f 1034/68/149 1035/65/150 1032/63/147
f 1035/65/150 1034/68/149 1036/66/151
f 1037/61/71 1035/65/150 1036/66/151
f 1035/65/150 1037/61/71 1038/67/71
f 1027/65/144 1033/68/148 1031/63/146
f 1033/68/148 1027/65/144 1028/66/145
f 1034/68/152 1037/61/152 1036/66/152
f 1037/61/152 1034/68/152 1030/61/152
f 1030/61/152 1034/68/152 1033/68/152
f 1030/61/152 1033/68/152 1028/66/152
f 1029/67/153 1035/65/153 1038/67/153
f 1035/65/153 1029/67/153 1032/63/153
f 1032/63/153 1029/67/153 1031/63/153
f 1031/63/153 1029/67/153 1027/65/153
f 593/69/70 578/69/70 576/69/70
f 593/69/70 590/69/70 578/69/70
f 593/69/70 581/60/70 590/69/70
f 579/60/70 590/69/70 581/60/70
f 581/60/70 593/69/70 1039/61/70
f 1039/61/70 593/69/70 592/70/70
f 590/69/70 579/60/70 1040/61/70
f 1039/61/70 592/70/70 1040/61/70
f 590/69/70 1040/61/70 591/70/70
f 591/70/70 1040/61/70 592/70/70
f 1041/61/71 581/60/71 1039/61/71
f 581/60/71 1041/61/71 583/60/71
f 643/60/112 1044/61/112 641/60/112
f 1042/61/112 641/60/112 1044/61/112
f 652/70/113 1043/61/113 651/70/113
f 651/70/113 1043/61/113 650/69/113
f 1043/61/113 652/70/113 1042/61/113
f 1043/61/113 639/60/113 650/69/113
f 652/70/113 653/69/113 1042/61/113
f 1042/61/113 653/69/113 641/60/113
f 641/60/113 650/69/113 639/60/113
f 650/69/113 641/60/113 653/69/113
f 638/69/113 650/69/113 653/69/113
f 636/69/113 638/69/113 653/69/113
f 1045/61/70 744/60/70 761/60/70
f 744/60/70 1045/61/70 745/71/70
f 745/71/70 1045/61/70 753/70/70
f 753/70/70 1045/61/70 751/70/70
f 1046/61/70 751/70/70 1045/61/70
f 1046/61/70 748/71/70 751/70/70
f 760/60/70 748/71/70 1046/61/70
f 748/71/70 760/60/70 749/60/70
f 1049/72/108 1048/73/109 1047/72/108
f 1048/73/109 1049/72/108 1050/73/109
f 1053/73/109 1052/73/23 1051/73/23
f 1052/73/23 1053/73/109 1054/73/109
f 1052/73/69 1055/72/107 1051/73/69
f 1055/72/107 1052/73/69 1056/72/107
f 1058/72/108 1053/73/109 1057/72/108
f 1053/73/109 1058/72/108 1054/73/109
f 1061/73/110 1060/72/107 1059/73/110
f 1060/72/107 1061/73/110 1062/72/107
f 1059/73/108 1060/72/109 1061/73/108
f 1062/72/109 1061/73/108 1060/72/109
f 1048/73/109 1061/73/110 1059/73/110
f 1061/73/110 1048/73/109 1050/73/109
f 1049/72/108 1060/72/107 1062/72/107
f 1060/72/107 1049/72/108 1047/72/108
f 1058/72/108 1055/72/107 1056/72/107
f 1055/72/107 1058/72/108 1057/72/108
f 1048/73/70 1063/74/70 1047/72/70
f 1047/72/70 1063/74/70 1060/72/70
f 1048/73/70 1064/63/70 1063/74/70
f 1064/63/70 1048/73/70 1065/63/70
f 1065/63/70 1048/73/70 1059/73/70
f 1065/63/70 1059/73/70 1051/73/70
f 1051/73/70 1066/74/70 1065/63/70
f 1059/73/70 1053/73/70 1051/73/70
f 1053/73/70 1059/73/70 1060/72/70
f 1066/74/70 1051/73/70 1055/72/70
f 1066/74/70 1055/72/70 1063/74/70
f 1053/73/70 1060/72/70 1057/72/70
f 1060/72/70 1063/74/70 1057/72/70
f 1057/72/70 1063/74/70 1055/72/70
f 842/75/70 838/63/70 843/63/70
f 838/63/70 842/75/70 839/75/70

usemtl colormap-specular

f 927/76/12 921/77/12 919/76/12
f 921/77/12 927/76/12 928/77/12
f 947/76/12 941/77/12 939/76/12
f 941/77/12 947/76/12 948/77/12
f 615/79/70 621/78/70 619/78/70
f 621/78/70 615/79/70 614/79/70
f 674/79/113 675/79/113 681/78/113
f 679/78/113 681/78/113 675/79/113
f 726/79/131 724/80/131 728/80/131
f 724/80/131 726/79/131 725/79/131
f 1050/81/70 1062/82/70 1061/81/70
f 1062/82/70 1050/81/70 1049/82/70
f 1054/81/70 1056/82/70 1052/81/70
f 1056/82/70 1054/81/70 1058/82/70

g building-f




usemtl colormap

f 3/1/1 2/1/1 1/1/1
f 2/1/1 3/1/1 4/1/1
f 7/2/2 6/1/3 5/1/2
f 6/1/3 7/2/2 8/2/3
f 8/2/3 9/1/4 6/1/3
f 9/1/4 8/2/3 10/2/4
f 10/2/4 11/1/5 9/1/4
f 11/1/5 10/2/4 12/2/5
f 15/5/6 14/4/6 13/3/6
f 14/4/6 15/5/6 16/6/6
f 19/4/7 18/5/7 17/3/7
f 18/5/7 19/4/7 20/6/7
f 23/4/9 22/5/8 21/3/8
f 22/5/8 23/4/9 24/6/9
f 21/3/8 26/8/10 25/7/10
f 26/8/10 21/3/8 22/5/8
f 27/9/11 24/6/9 23/4/9
f 24/6/9 27/9/11 28/10/11
f 22/5/12 29/8/12 26/8/12
f 29/8/12 22/5/12 15/5/12
f 15/5/12 30/5/12 29/8/12
f 30/5/12 15/5/12 18/5/12
f 15/5/12 22/5/12 16/6/12
f 16/6/12 22/5/12 24/6/12
f 30/5/12 18/5/12 20/6/12
f 16/6/12 24/6/12 28/10/12
f 16/6/12 28/10/12 20/6/12
f 30/5/12 20/6/12 31/6/12
f 20/6/12 28/10/12 31/6/12
f 31/6/12 28/10/12 32/10/12
f 20/6/13 14/4/13 16/6/13
f 14/4/13 20/6/13 19/4/13
f 29/8/14 25/7/10 26/8/10
f 25/7/10 29/8/14 33/7/14
f 29/8/14 34/3/15 33/7/14
f 34/3/15 29/8/14 30/5/15
f 31/6/16 36/9/17 35/4/16
f 36/9/17 31/6/16 32/10/17
f 27/9/11 32/10/17 28/10/11
f 32/10/17 27/9/11 36/9/17
f 39/1/19 38/2/18 37/1/18
f 38/2/18 39/1/19 40/2/19
f 30/5/15 35/4/16 34/3/15
f 35/4/16 30/5/15 31/6/16
f 40/2/19 11/1/5 12/2/5
f 11/1/5 40/2/19 39/1/19
f 17/3/20 15/5/20 13/3/20
f 15/5/20 17/3/20 18/5/20
f 43/1/22 42/2/21 41/1/21
f 42/2/21 43/1/22 44/2/22
f 41/1/21 7/2/2 5/1/2
f 7/2/2 41/1/21 42/2/21
f 42/2/23 8/2/23 7/2/23
f 44/2/23 8/2/23 42/2/23
f 45/2/23 8/2/23 44/2/23
f 38/2/23 45/2/23 44/2/23
f 46/2/23 8/2/23 45/2/23
f 38/2/23 47/2/23 45/2/23
f 48/2/23 8/2/23 46/2/23
f 38/2/23 48/2/23 47/2/23
f 8/2/23 48/2/23 10/2/23
f 38/2/23 10/2/23 48/2/23
f 40/2/23 10/2/23 38/2/23
f 10/2/23 40/2/23 12/2/23
f 37/1/18 44/2/22 43/1/22
f 44/2/22 37/1/18 38/2/18
f 51/2/2 50/1/3 49/1/2
f 50/1/3 51/2/2 52/2/3
f 52/2/3 53/1/4 50/1/3
f 53/1/4 52/2/3 54/2/4
f 54/2/4 55/1/5 53/1/4
f 55/1/5 54/2/4 56/2/5
f 59/5/6 58/4/6 57/3/6
f 58/4/6 59/5/6 60/6/6
f 63/4/7 62/5/7 61/3/7
f 62/5/7 63/4/7 64/6/7
f 67/4/9 66/5/8 65/3/8
f 66/5/8 67/4/9 68/6/9
f 65/3/8 70/8/10 69/7/10
f 70/8/10 65/3/8 66/5/8
f 71/9/11 68/6/9 67/4/9
f 68/6/9 71/9/11 72/10/11
f 66/5/12 73/8/12 70/8/12
f 73/8/12 66/5/12 59/5/12
f 59/5/12 74/5/12 73/8/12
f 74/5/12 59/5/12 62/5/12
f 59/5/12 66/5/12 60/6/12
f 60/6/12 66/5/12 68/6/12
f 74/5/12 62/5/12 64/6/12
f 60/6/12 68/6/12 72/10/12
f 60/6/12 72/10/12 64/6/12
f 74/5/12 64/6/12 75/6/12
f 64/6/12 72/10/12 75/6/12
f 75/6/12 72/10/12 76/10/12
f 64/6/13 58/4/13 60/6/13
f 58/4/13 64/6/13 63/4/13
f 73/8/14 69/7/10 70/8/10
f 69/7/10 73/8/14 77/7/14
f 73/8/14 78/3/15 77/7/14
f 78/3/15 73/8/14 74/5/15
f 75/6/16 80/9/17 79/4/16
f 80/9/17 75/6/16 76/10/17
f 71/9/11 76/10/17 72/10/11
f 76/10/17 71/9/11 80/9/17
f 83/1/19 82/2/18 81/1/18
f 82/2/18 83/1/19 84/2/19
f 74/5/15 79/4/16 78/3/15
f 79/4/16 74/5/15 75/6/16
f 84/2/19 55/1/5 56/2/5
f 55/1/5 84/2/19 83/1/19
f 61/3/20 59/5/20 57/3/20
f 59/5/20 61/3/20 62/5/20
f 87/1/22 86/2/21 85/1/21
f 86/2/21 87/1/22 88/2/22
f 85/1/21 51/2/2 49/1/2
f 51/2/2 85/1/21 86/2/21
f 86/2/23 52/2/23 51/2/23
f 88/2/23 52/2/23 86/2/23
f 89/2/23 52/2/23 88/2/23
f 82/2/23 89/2/23 88/2/23
f 90/2/23 52/2/23 89/2/23
f 82/2/23 91/2/23 89/2/23
f 92/2/23 52/2/23 90/2/23
f 82/2/23 92/2/23 91/2/23
f 52/2/23 92/2/23 54/2/23
f 82/2/23 54/2/23 92/2/23
f 84/2/23 54/2/23 82/2/23
f 54/2/23 84/2/23 56/2/23
f 81/1/18 88/2/22 87/1/22
f 88/2/22 81/1/18 82/2/18
f 100/11/23 98/11/23 104/11/23
f 98/11/23 95/11/23 104/11/23
f 104/11/23 95/11/23 103/11/23
f 103/11/23 95/11/23 102/11/23
f 96/11/23 102/11/23 95/11/23
f 97/1/1 99/1/1 93/1/1
f 93/1/1 99/1/1 94/1/1
f 101/1/1 94/1/1 99/1/1
f 95/11/24 98/11/26 93/1/24
f 97/1/26 93/1/24 98/11/26
f 100/11/27 99/1/27 98/11/26
f 97/1/26 98/11/26 99/1/27
f 96/11/25 95/11/24 94/1/25
f 93/1/24 94/1/25 95/11/24
f 110/11/23 107/11/23 112/11/23
f 112/11/23 107/11/23 116/11/23
f 116/11/23 107/11/23 115/11/23
f 107/11/23 108/11/23 115/11/23
f 114/11/23 115/11/23 108/11/23
f 109/1/1 111/1/1 105/1/1
f 105/1/1 111/1/1 106/1/1
f 113/1/1 106/1/1 111/1/1
f 107/11/24 110/11/26 105/1/24
f 109/1/26 105/1/24 110/11/26
f 112/11/27 111/1/27 110/11/26
f 109/1/26 110/11/26 111/1/27
f 108/11/25 107/11/24 106/1/25
f 105/1/24 106/1/25 107/11/24
f 124/11/23 122/11/23 128/11/23
f 128/11/23 122/11/23 127/11/23
f 122/11/23 119/11/23 127/11/23
f 127/11/23 119/11/23 126/11/23
f 120/11/23 126/11/23 119/11/23
f 121/1/1 123/1/1 117/1/1
f 117/1/1 123/1/1 118/1/1
f 125/1/1 118/1/1 123/1/1
f 119/11/24 122/11/26 117/1/24
f 121/1/26 117/1/24 122/11/26
f 124/11/27 123/1/27 122/11/26
f 121/1/26 122/11/26 123/1/27
f 120/11/25 119/11/24 118/1/25
f 117/1/24 118/1/25 119/11/24
f 134/11/23 131/11/23 136/11/23
f 136/11/23 131/11/23 139/11/23
f 139/11/23 131/11/23 138/11/23
f 131/11/23 132/11/23 138/11/23
f 137/11/23 138/11/23 132/11/23
f 133/1/1 135/1/1 129/1/1
f 129/1/1 135/1/1 130/1/1
f 113/1/1 130/1/1 135/1/1
f 131/11/28 134/11/30 129/1/28
f 133/1/30 129/1/28 134/11/30
f 136/11/31 135/1/31 134/11/30
f 133/1/30 134/11/30 135/1/31
f 132/11/29 131/11/28 130/1/29
f 129/1/28 130/1/29 131/11/28
f 142/12/32 141/10/32 140/12/32
f 141/10/32 142/12/32 143/10/32
f 144/13/32 143/10/32 142/12/32
f 144/13/32 145/14/32 143/10/32
f 144/13/32 146/12/32 145/14/32
f 146/12/32 144/13/32 147/13/32
f 149/14/34 146/12/33 148/12/33
f 146/12/33 149/14/34 145/14/34
f 150/12/1 142/12/1 140/12/1
f 142/12/1 150/12/1 151/12/1
f 153/13/35 148/12/35 152/13/35
f 148/12/35 153/13/35 149/14/35
f 149/14/35 153/13/35 154/10/35
f 154/10/35 153/13/35 151/12/35
f 154/10/35 151/12/35 150/12/35
f 154/10/35 150/12/35 155/10/35
f 148/12/33 147/13/7 152/13/7
f 147/13/7 148/12/33 146/12/33
f 142/12/6 153/13/6 144/13/6
f 153/13/6 142/12/6 151/12/6
f 154/10/36 141/10/23 143/10/36
f 141/10/23 154/10/36 155/10/23
f 145/14/34 154/10/36 143/10/36
f 154/10/36 145/14/34 149/14/34
f 158/13/39 157/1/38 156/13/37
f 157/1/38 158/13/39 159/1/40
f 162/13/43 161/1/42 160/1/41
f 161/1/42 162/13/43 163/13/44
f 166/1/18 165/13/45 164/1/22
f 165/13/45 166/1/18 167/13/46
f 170/1/48 169/13/21 168/13/47
f 169/13/21 170/1/48 171/1/49
f 160/1/41 168/13/47 162/13/43
f 168/13/47 160/1/41 170/1/48
f 163/13/44 157/1/38 161/1/42
f 157/1/38 163/13/44 156/13/37
f 167/13/46 159/1/40 158/13/39
f 159/1/40 167/13/46 166/1/18
f 164/1/22 169/13/21 171/1/49
f 169/13/21 164/1/22 165/13/45
f 165/13/23 168/13/23 169/13/23
f 153/13/23 168/13/23 165/13/23
f 167/13/23 153/13/23 165/13/23
f 152/13/23 168/13/23 153/13/23
f 152/13/23 162/13/23 168/13/23
f 152/13/23 163/13/23 162/13/23
f 147/13/23 163/13/23 152/13/23
f 144/13/23 163/13/23 147/13/23
f 167/13/23 144/13/23 153/13/23
f 163/13/23 144/13/23 156/13/23
f 167/13/23 156/13/23 144/13/23
f 156/13/23 167/13/23 158/13/23
f 174/12/32 173/10/32 172/12/32
f 173/10/32 174/12/32 175/10/32
f 176/13/32 175/10/32 174/12/32
f 176/13/32 177/14/32 175/10/32
f 176/13/32 178/12/32 177/14/32
f 178/12/32 176/13/32 179/13/32
f 181/14/34 178/12/33 180/12/33
f 178/12/33 181/14/34 177/14/34
f 182/12/1 174/12/1 172/12/1
f 174/12/1 182/12/1 183/12/1
f 185/13/35 180/12/35 184/13/35
f 180/12/35 185/13/35 181/14/35
f 181/14/35 185/13/35 186/10/35
f 186/10/35 185/13/35 183/12/35
f 186/10/35 183/12/35 182/12/35
f 186/10/35 182/12/35 187/10/35
f 180/12/33 179/13/7 184/13/7
f 179/13/7 180/12/33 178/12/33
f 174/12/6 185/13/6 176/13/6
f 185/13/6 174/12/6 183/12/6
f 186/10/36 173/10/23 175/10/36
f 173/10/23 186/10/36 187/10/23
f 177/14/34 186/10/36 175/10/36
f 186/10/36 177/14/34 181/14/34
f 190/13/39 189/1/38 188/13/37
f 189/1/38 190/13/39 191/1/40
f 194/13/43 193/1/42 192/1/41
f 193/1/42 194/13/43 195/13/44
f 198/1/18 197/13/45 196/1/22
f 197/13/45 198/1/18 199/13/46
f 202/1/48 201/13/21 200/13/47
f 201/13/21 202/1/48 203/1/49
f 192/1/41 200/13/47 194/13/43
f 200/13/47 192/1/41 202/1/48
f 195/13/44 189/1/38 193/1/42
f 189/1/38 195/13/44 188/13/37
f 199/13/46 191/1/40 190/13/39
f 191/1/40 199/13/46 198/1/18
f 196/1/22 201/13/21 203/1/49
f 201/13/21 196/1/22 197/13/45
f 197/13/23 200/13/23 201/13/23
f 185/13/23 200/13/23 197/13/23
f 199/13/23 185/13/23 197/13/23
f 184/13/23 200/13/23 185/13/23
f 184/13/23 194/13/23 200/13/23
f 184/13/23 195/13/23 194/13/23
f 179/13/23 195/13/23 184/13/23
f 176/13/23 195/13/23 179/13/23
f 199/13/23 176/13/23 185/13/23
f 195/13/23 176/13/23 188/13/23
f 199/13/23 188/13/23 176/13/23
f 188/13/23 199/13/23 190/13/23
f 214/11/23 215/11/23 211/11/23
f 211/11/23 209/11/23 214/11/23
f 209/11/23 206/11/23 214/11/23
f 214/11/23 206/11/23 213/11/23
f 207/11/23 213/11/23 206/11/23
f 208/1/1 210/1/1 204/1/1
f 210/1/1 212/1/1 204/1/1
f 205/1/1 204/1/1 212/1/1
f 206/11/4 209/11/5 204/1/4
f 208/1/5 204/1/4 209/11/5
f 211/11/32 210/1/32 209/11/5
f 208/1/5 209/11/5 210/1/32
f 207/11/7 206/11/4 205/1/7
f 204/1/4 205/1/7 206/11/4
f 221/11/23 218/11/23 223/11/23
f 223/11/23 218/11/23 227/11/23
f 227/11/23 218/11/23 226/11/23
f 226/11/23 218/11/23 225/11/23
f 219/11/23 225/11/23 218/11/23
f 220/1/1 222/1/1 216/1/1
f 222/1/1 224/1/1 216/1/1
f 217/1/1 216/1/1 224/1/1
f 218/11/50 221/11/52 216/1/50
f 220/1/52 216/1/50 221/11/52
f 223/11/53 222/1/53 221/11/52
f 220/1/52 221/11/52 222/1/53
f 219/11/51 218/11/50 217/1/51
f 216/1/50 217/1/51 218/11/50
f 235/11/23 233/11/23 239/11/23
f 239/11/23 233/11/23 238/11/23
f 233/11/23 230/11/23 238/11/23
f 238/11/23 230/11/23 237/11/23
f 231/11/23 237/11/23 230/11/23
f 232/1/1 234/1/1 228/1/1
f 228/1/1 234/1/1 229/1/1
f 236/1/1 229/1/1 234/1/1
f 230/11/54 233/11/56 228/1/54
f 232/1/56 228/1/54 233/11/56
f 235/11/57 234/1/57 233/11/56
f 232/1/56 233/11/56 234/1/57
f 231/11/55 230/11/54 229/1/55
f 228/1/54 229/1/55 230/11/54
f 242/1/1 241/1/1 240/1/1
f 241/1/1 242/1/1 243/1/1
f 244/11/58 240/1/58 241/1/58
f 240/1/58 244/11/58 245/11/58
f 244/11/23 246/11/23 245/11/23
f 246/11/23 244/11/23 247/11/23
f 250/1/1 249/1/1 248/1/1
f 249/1/1 250/1/1 251/1/1
f 252/11/58 248/1/58 249/1/58
f 248/1/58 252/11/58 253/11/58
f 252/11/23 254/11/23 253/11/23
f 254/11/23 252/11/23 255/11/23
f 258/15/59 257/16/59 256/15/59
f 257/16/59 258/15/59 259/16/59
f 257/16/25 260/15/25 256/15/25
f 260/15/25 257/16/25 261/16/25
f 264/10/27 263/15/27 262/10/27
f 263/15/27 264/10/27 265/15/27
f 268/10/60 267/16/25 266/16/60
f 267/16/25 268/10/60 269/10/25
f 270/16/1 257/16/1 259/16/1
f 257/16/1 270/16/1 266/16/1
f 266/16/1 270/16/1 271/16/1
f 267/16/1 257/16/1 266/16/1
f 257/16/1 267/16/1 261/16/1
f 268/10/23 272/10/23 269/10/23
f 272/10/23 268/10/23 262/10/23
f 262/10/23 268/10/23 264/10/23
f 264/10/23 268/10/23 273/10/23
f 273/10/23 268/10/23 274/10/23
f 270/16/59 274/10/61 271/16/61
f 274/10/61 270/16/59 273/10/59
f 271/16/61 268/10/60 266/16/60
f 268/10/60 271/16/61 274/10/61
f 272/10/62 263/15/62 275/15/62
f 263/15/62 272/10/62 262/10/62
f 260/15/63 277/16/63 276/15/63
f 277/16/63 260/15/63 261/16/63
f 277/16/64 278/15/64 276/15/64
f 278/15/64 277/16/64 279/16/64
f 282/10/65 281/15/65 280/10/65
f 281/15/65 282/10/65 283/15/65
f 286/10/66 285/16/64 284/16/66
f 285/16/64 286/10/66 287/10/64
f 267/16/1 277/16/1 261/16/1
f 277/16/1 267/16/1 284/16/1
f 284/16/1 267/16/1 288/16/1
f 285/16/1 277/16/1 284/16/1
f 277/16/1 285/16/1 279/16/1
f 286/10/23 289/10/23 287/10/23
f 289/10/23 286/10/23 280/10/23
f 280/10/23 286/10/23 282/10/23
f 282/10/23 286/10/23 269/10/23
f 269/10/23 286/10/23 290/10/23
f 267/16/63 290/10/67 288/16/67
f 290/10/67 267/16/63 269/10/63
f 288/16/67 286/10/66 284/16/66
f 286/10/66 288/16/67 290/10/67
f 289/10/68 281/15/68 291/15/68
f 281/15/68 289/10/68 280/10/68
f 294/16/1 293/16/1 292/16/1
f 293/16/1 294/16/1 295/16/1
f 297/15/59 293/16/59 296/15/59
f 293/16/59 297/15/59 292/16/59
f 300/10/27 299/15/27 298/10/27
f 299/15/27 300/10/27 301/15/27
f 298/10/23 302/10/23 300/10/23
f 302/10/23 298/10/23 303/10/23
f 294/16/59 303/10/59 295/16/59
f 303/10/59 294/16/59 302/10/59
f 306/15/59 305/16/59 304/15/59
f 305/16/59 306/15/59 307/16/59
f 305/16/25 308/15/25 304/15/25
f 308/15/25 305/16/25 309/16/25
f 312/10/27 311/15/27 310/10/27
f 311/15/27 312/10/27 313/15/27
f 316/10/60 315/16/25 314/16/60
f 315/16/25 316/10/60 317/10/25
f 318/16/1 305/16/1 307/16/1
f 305/16/1 318/16/1 314/16/1
f 314/16/1 318/16/1 319/16/1
f 315/16/1 305/16/1 314/16/1
f 305/16/1 315/16/1 309/16/1
f 316/10/23 320/10/23 317/10/23
f 320/10/23 316/10/23 310/10/23
f 310/10/23 316/10/23 312/10/23
f 312/10/23 316/10/23 321/10/23
f 321/10/23 316/10/23 322/10/23
f 318/16/59 322/10/61 319/16/61
f 322/10/61 318/16/59 321/10/59
f 319/16/61 316/10/60 314/16/60
f 316/10/60 319/16/61 322/10/61
f 320/10/62 311/15/62 323/15/62
f 311/15/62 320/10/62 310/10/62
f 326/15/69 325/16/69 324/15/69
f 325/16/69 326/15/69 327/16/69
f 325/16/70 328/15/70 324/15/70
f 328/15/70 325/16/70 329/16/70
f 332/10/71 331/15/71 330/10/71
f 331/15/71 332/10/71 333/15/71
f 336/10/72 335/16/70 334/16/72
f 335/16/70 336/10/72 337/10/70
f 338/16/1 325/16/1 327/16/1
f 325/16/1 338/16/1 334/16/1
f 334/16/1 338/16/1 339/16/1
f 335/16/1 325/16/1 334/16/1
f 325/16/1 335/16/1 329/16/1
f 336/10/23 340/10/23 337/10/23
f 340/10/23 336/10/23 330/10/23
f 330/10/23 336/10/23 332/10/23
f 332/10/23 336/10/23 341/10/23
f 341/10/23 336/10/23 342/10/23
f 338/16/69 342/10/73 339/16/73
f 342/10/73 338/16/69 341/10/69
f 339/16/73 336/10/72 334/16/72
f 336/10/72 339/16/73 342/10/73
f 340/10/74 331/15/74 343/15/74
f 331/15/74 340/10/74 330/10/74
f 350/10/62 360/10/62 351/15/62
f 363/15/62 351/15/62 360/10/62
f 362/10/26 359/16/26 356/10/24
f 354/16/24 356/10/24 359/16/26
f 361/10/27 358/16/27 362/10/26
f 359/16/26 362/10/26 358/16/27
f 362/10/23 356/10/23 361/10/23
f 361/10/23 356/10/23 352/10/23
f 352/10/23 356/10/23 350/10/23
f 350/10/23 356/10/23 360/10/23
f 357/10/23 360/10/23 356/10/23
f 349/16/1 355/16/1 345/16/1
f 354/16/1 345/16/1 355/16/1
f 359/16/1 358/16/1 354/16/1
f 354/16/1 358/16/1 345/16/1
f 347/16/1 345/16/1 358/16/1
f 357/10/25 356/10/24 355/16/25
f 354/16/24 355/16/25 356/10/24
f 353/15/59 352/10/59 351/15/59
f 350/10/59 351/15/59 352/10/59
f 349/16/25 345/16/25 348/15/25
f 344/15/25 348/15/25 345/16/25
f 347/16/27 346/15/27 345/16/27
f 344/15/27 345/16/27 346/15/27
f 366/15/35 365/16/35 364/15/35
f 365/16/35 366/15/35 367/16/35
f 365/16/7 368/15/7 364/15/7
f 368/15/7 365/16/7 369/16/7
f 372/10/32 371/15/32 370/10/32
f 371/15/32 372/10/32 373/15/32
f 376/10/3 375/16/7 374/16/3
f 375/16/7 376/10/3 377/10/7
f 378/16/1 365/16/1 367/16/1
f 365/16/1 378/16/1 374/16/1
f 374/16/1 378/16/1 379/16/1
f 375/16/1 365/16/1 374/16/1
f 365/16/1 375/16/1 369/16/1
f 376/10/23 380/10/23 377/10/23
f 380/10/23 376/10/23 370/10/23
f 370/10/23 376/10/23 372/10/23
f 372/10/23 376/10/23 381/10/23
f 381/10/23 376/10/23 382/10/23
f 378/16/35 382/10/2 379/16/2
f 382/10/2 378/16/35 381/10/35
f 379/16/2 376/10/3 374/16/3
f 376/10/3 379/16/2 382/10/2
f 380/10/6 371/15/6 383/15/6
f 371/15/6 380/10/6 370/10/6
f 386/15/69 385/16/69 384/15/69
f 385/16/69 386/15/69 387/16/69
f 385/16/70 388/15/70 384/15/70
f 388/15/70 385/16/70 389/16/70
f 392/10/71 391/15/71 390/10/71
f 391/15/71 392/10/71 393/15/71
f 396/10/72 395/16/70 394/16/72
f 395/16/70 396/10/72 397/10/70
f 398/16/1 385/16/1 387/16/1
f 385/16/1 398/16/1 394/16/1
f 394/16/1 398/16/1 399/16/1
f 395/16/1 385/16/1 394/16/1
f 385/16/1 395/16/1 389/16/1
f 396/10/23 400/10/23 397/10/23
f 400/10/23 396/10/23 390/10/23
f 390/10/23 396/10/23 392/10/23
f 392/10/23 396/10/23 401/10/23
f 401/10/23 396/10/23 402/10/23
f 398/16/69 402/10/73 399/16/73
f 402/10/73 398/16/69 401/10/69
f 399/16/73 396/10/72 394/16/72
f 396/10/72 399/16/73 402/10/73
f 400/10/74 391/15/74 403/15/74
f 391/15/74 400/10/74 390/10/74
f 406/16/1 405/16/1 404/16/1
f 405/16/1 406/16/1 407/16/1
f 409/15/59 405/16/59 408/15/59
f 405/16/59 409/15/59 404/16/59
f 412/10/27 411/15/27 410/10/27
f 411/15/27 412/10/27 413/15/27
f 410/10/23 414/10/23 412/10/23
f 414/10/23 410/10/23 415/10/23
f 406/16/59 415/10/59 407/16/59
f 415/10/59 406/16/59 414/10/59
f 418/16/1 417/16/1 416/16/1
f 417/16/1 418/16/1 419/16/1
f 421/15/35 417/16/35 420/15/35
f 417/16/35 421/15/35 416/16/35
f 424/10/32 423/15/32 422/10/32
f 423/15/32 424/10/32 425/15/32
f 422/10/23 426/10/23 424/10/23
f 426/10/23 422/10/23 427/10/23
f 418/16/35 427/10/35 419/16/35
f 427/10/35 418/16/35 426/10/35
f 430/18/71 429/17/76 428/17/75
f 429/17/76 430/18/71 431/18/77
f 434/17/79 433/18/69 432/17/78
f 433/18/69 434/17/79 435/18/80
f 429/17/77 437/15/74 436/15/77
f 437/15/74 429/17/77 438/17/74
f 430/18/71 440/17/82 439/18/81
f 440/17/82 430/18/71 428/17/75
f 441/18/74 434/17/79 438/17/83
f 434/17/79 441/18/74 435/18/80
f 443/18/70 440/17/82 442/17/84
f 440/17/82 443/18/70 439/18/81
f 445/18/86 442/17/84 444/17/85
f 442/17/84 445/18/86 443/18/70
f 447/10/88 430/18/71 446/10/87
f 430/18/71 447/10/88 431/18/77
f 438/17/74 448/15/80 437/15/74
f 448/15/80 438/17/74 434/17/80
f 444/17/86 450/15/70 449/15/86
f 450/15/70 444/17/86 442/17/70
f 451/15/69 444/17/86 449/15/86
f 444/17/86 451/15/69 432/17/69
f 431/18/77 438/17/83 429/17/76
f 438/17/83 431/18/77 441/18/74
f 452/10/89 443/18/70 445/18/86
f 443/18/70 452/10/89 453/10/90
f 454/10/91 430/18/71 439/18/81
f 430/18/71 454/10/91 446/10/87
f 453/10/90 439/18/81 443/18/70
f 439/18/81 453/10/90 454/10/91
f 444/17/85 433/18/69 445/18/86
f 433/18/69 444/17/85 432/17/78
f 455/10/92 435/18/80 441/18/74
f 435/18/80 455/10/92 456/10/93
f 433/18/69 452/10/89 445/18/86
f 452/10/89 433/18/69 457/10/94
f 454/10/23 447/10/23 446/10/23
f 447/10/23 454/10/23 453/10/23
f 447/10/23 453/10/23 455/10/23
f 455/10/23 453/10/23 452/10/23
f 455/10/23 452/10/23 456/10/23
f 456/10/23 452/10/23 457/10/23
f 428/17/71 458/15/81 440/17/81
f 458/15/81 428/17/71 459/15/71
f 442/17/70 458/15/81 450/15/70
f 458/15/81 442/17/70 440/17/81
f 433/18/69 456/10/93 457/10/94
f 456/10/93 433/18/69 435/18/80
f 429/17/77 459/15/71 428/17/71
f 459/15/71 429/17/77 436/15/77
f 447/10/88 441/18/74 431/18/77
f 441/18/74 447/10/88 455/10/92
f 448/15/80 432/17/69 451/15/69
f 432/17/69 448/15/80 434/17/80
f 460/1/96 465/1/96 461/10/96
f 464/10/96 461/10/96 465/1/96
f 463/10/95 462/1/95 461/10/95
f 460/1/95 461/10/95 462/1/95
f 466/1/70 471/1/70 467/10/70
f 470/10/70 467/10/70 471/1/70
f 469/10/69 468/1/69 467/10/69
f 466/1/69 467/10/69 468/1/69
f 475/1/70 474/1/70 473/10/70
f 472/10/70 473/10/70 474/1/70
f 476/1/98 481/1/98 477/10/98
f 480/10/98 477/10/98 481/1/98
f 479/10/97 478/1/97 477/10/97
f 476/1/97 477/10/97 478/1/97
f 482/1/7 487/1/7 483/10/7
f 486/10/7 483/10/7 487/1/7
f 485/10/35 484/1/35 483/10/35
f 482/1/35 483/10/35 484/1/35
f 490/1/71 489/10/71 488/1/71
f 489/10/71 490/1/71 491/10/71
f 493/1/70 489/10/70 492/10/70
f 489/10/70 493/1/70 488/1/70
f 497/1/58 496/1/58 495/10/58
f 494/10/58 495/10/58 496/1/58
f 498/1/70 501/1/70 499/10/70
f 500/10/70 499/10/70 501/1/70
f 486/10/69 487/1/69 499/10/69
f 498/1/69 499/10/69 487/1/69
f 504/20/99 503/19/100 502/19/99
f 503/19/100 504/20/99 505/20/100
f 508/21/99 507/1/100 506/1/99
f 507/1/100 508/21/99 509/21/100
f 512/20/101 511/19/102 510/19/101
f 511/19/102 512/20/101 513/20/102
f 515/21/103 506/1/99 514/1/103
f 506/1/99 515/21/103 508/21/99
f 518/10/104 517/22/101 516/22/104
f 517/22/101 518/10/104 519/10/101
f 522/10/99 521/22/100 520/22/99
f 521/22/100 522/10/99 523/10/100
f 525/10/103 520/22/99 524/22/103
f 520/22/99 525/10/103 522/10/99
f 528/21/104 527/1/101 526/1/104
f 527/1/101 528/21/104 529/21/101
f 529/21/101 530/1/102 527/1/101
f 530/1/102 529/21/101 531/21/102
f 531/21/102 532/1/105 530/1/102
f 532/1/105 531/21/102 533/21/105
f 534/22/106 518/10/104 516/22/104
f 518/10/104 534/22/106 535/10/106
f 537/1/106 509/21/100 536/21/106
f 509/21/100 537/1/106 507/1/100
f 537/1/106 528/21/104 526/1/104
f 528/21/104 537/1/106 536/21/106
f 540/20/103 539/19/105 538/20/105
f 539/19/105 540/20/103 541/19/103
f 525/10/103 543/22/105 542/10/105
f 543/22/105 525/10/103 524/22/103
f 513/20/102 539/19/105 511/19/102
f 539/19/105 513/20/102 538/20/105
f 503/19/100 545/20/106 544/19/106
f 545/20/106 503/19/100 505/20/100
f 540/20/103 502/19/99 541/19/103
f 502/19/99 540/20/103 504/20/99
f 515/21/103 532/1/105 533/21/105
f 532/1/105 515/21/103 514/1/103
f 544/19/106 547/20/104 546/19/104
f 547/20/104 544/19/106 545/20/106
f 546/19/104 512/20/101 510/19/101
f 512/20/101 546/19/104 547/20/104
f 519/10/101 548/22/102 517/22/101
f 548/22/102 519/10/101 549/10/102
f 549/10/102 543/22/105 548/22/102
f 543/22/105 549/10/102 542/10/105
f 521/22/100 535/10/106 534/22/106
f 535/10/106 521/22/100 523/10/100
f 552/1/74 551/10/74 550/10/74
f 551/10/74 552/1/74 553/1/74
f 552/1/71 555/10/71 554/23/71
f 555/10/71 552/1/71 550/10/71
f 551/10/69 557/23/69 556/10/69
f 557/23/69 551/10/69 553/1/69
f 557/23/70 555/10/70 556/10/70
f 555/10/70 557/23/70 554/23/70
f 551/10/1 555/10/1 550/10/1
f 555/10/1 551/10/1 556/10/1
f 560/23/70 559/10/70 558/10/70
f 559/10/70 560/23/70 561/23/70
f 563/10/1 559/10/1 562/10/1
f 559/10/1 563/10/1 558/10/1
f 564/1/71 559/10/71 561/23/71
f 559/10/71 564/1/71 562/10/71
f 563/10/69 560/23/69 558/10/69
f 560/23/69 563/10/69 565/1/69
f 564/1/74 563/10/74 562/10/74
f 563/10/74 564/1/74 565/1/74
f 568/24/1 567/24/1 566/24/1
f 567/24/1 568/24/1 569/24/1
f 572/1/1 571/1/1 570/1/1
f 571/1/1 572/1/1 573/1/1
f 573/1/1 572/1/1 574/1/1
f 576/25/69 566/24/69 575/25/69
f 566/24/69 576/25/69 568/24/69
f 569/24/71 577/25/71 567/24/71
f 577/25/71 569/24/71 578/25/71
f 581/11/23 580/11/23 579/11/23
f 580/11/23 581/11/23 582/11/23
f 583/11/23 582/11/23 581/11/23
f 583/11/23 584/11/23 582/11/23
f 584/11/23 583/11/23 585/11/23
f 585/11/71 571/1/30 584/11/30
f 571/1/30 585/11/71 570/1/71
f 580/11/70 573/1/28 574/1/70
f 573/1/28 580/11/70 582/11/28
f 584/11/30 573/1/28 582/11/28
f 573/1/28 584/11/30 571/1/30
f 587/16/70 577/25/70 586/25/70
f 577/25/70 587/16/70 567/24/70
f 567/24/70 587/16/70 566/24/70
f 588/16/70 566/24/70 587/16/70
f 589/25/70 566/24/70 588/16/70
f 566/24/70 589/25/70 575/25/70
f 590/25/69 587/16/69 586/25/69
f 587/16/69 590/25/69 591/16/69
f 587/16/23 592/16/23 588/16/23
f 592/16/23 587/16/23 591/16/23
f 592/16/71 589/25/71 588/16/71
f 589/25/71 592/16/71 593/25/71
f 596/10/23 595/10/23 594/10/23
f 595/10/23 596/10/23 597/10/23
f 597/10/23 596/10/23 598/10/23
f 597/10/23 598/10/23 599/10/23
f 599/10/23 598/10/23 600/10/23
f 601/10/23 599/10/23 600/10/23
f 600/10/23 598/10/23 602/10/23
f 602/10/23 598/10/23 603/10/23
f 598/10/72 605/1/28 604/1/72
f 605/1/28 598/10/72 596/10/28
f 608/1/1 607/1/1 606/1/1
f 607/1/1 608/1/1 605/1/1
f 605/1/1 608/1/1 604/1/1
f 604/1/1 608/1/1 609/1/1
f 608/1/69 603/10/73 609/1/73
f 603/10/73 608/1/69 602/10/69
f 602/10/69 608/1/69 610/10/69
f 595/10/71 607/1/30 594/10/30
f 607/1/30 595/10/71 606/1/71
f 606/1/71 595/10/71 611/10/71
f 603/10/73 604/1/72 609/1/73
f 604/1/72 603/10/73 598/10/72
f 594/10/30 605/1/28 596/10/28
f 605/1/28 594/10/30 607/1/30
f 614/26/107 613/26/1 612/26/107
f 613/26/1 614/26/107 615/26/108
f 613/26/1 615/26/108 616/26/1
f 616/26/1 615/26/108 617/26/108
f 615/26/108 618/27/109 617/26/108
f 618/27/109 615/26/108 619/27/109
f 621/27/110 612/26/107 620/27/110
f 612/26/107 621/27/110 614/26/107
f 622/27/23 621/27/110 620/27/110
f 621/27/110 622/27/23 619/27/109
f 619/27/109 622/27/23 623/27/23
f 619/27/109 623/27/23 618/27/109
f 618/27/70 624/28/70 617/26/70
f 617/26/70 624/28/70 616/26/70
f 618/27/70 601/1/70 624/28/70
f 601/1/70 618/27/70 599/1/70
f 620/27/70 599/1/70 618/27/70
f 620/27/70 618/27/70 623/27/70
f 599/1/70 620/27/70 625/28/70
f 620/27/70 623/27/70 622/27/70
f 616/26/70 622/27/70 623/27/70
f 625/28/70 620/27/70 612/26/70
f 625/28/70 612/26/70 624/28/70
f 622/27/70 616/26/70 613/26/70
f 616/26/70 624/28/70 613/26/70
f 613/26/70 624/28/70 612/26/70
f 672/26/113 684/28/113 673/26/113
f 673/26/113 684/28/113 676/26/113
f 673/26/113 676/26/113 682/27/113
f 684/28/113 672/26/113 685/28/113
f 672/26/113 680/27/113 685/28/113
f 683/27/113 682/27/113 676/26/113
f 682/27/113 683/27/113 680/27/113
f 685/28/113 680/27/113 659/1/113
f 683/27/113 678/27/113 680/27/113
f 678/27/113 659/1/113 680/27/113
f 659/1/113 678/27/113 661/1/113
f 684/28/113 661/1/113 678/27/113
f 676/26/113 684/28/113 677/26/113
f 677/26/113 684/28/113 678/27/113
f 678/27/116 683/27/23 679/27/116
f 683/27/23 682/27/23 679/27/116
f 679/27/116 682/27/23 681/27/117
f 680/27/117 681/27/117 682/27/23
f 674/26/114 681/27/117 672/26/114
f 680/27/117 672/26/114 681/27/117
f 679/27/116 675/26/115 678/27/116
f 677/26/115 678/27/116 675/26/115
f 677/26/115 675/26/115 676/26/1
f 676/26/1 675/26/115 673/26/1
f 675/26/115 674/26/114 673/26/1
f 672/26/114 673/26/1 674/26/114
f 667/1/73 654/10/73 665/1/72
f 656/10/72 665/1/72 654/10/73
f 658/10/28 663/10/30 664/1/28
f 669/1/30 664/1/28 663/10/30
f 671/10/112 655/10/112 666/1/112
f 666/1/112 655/10/112 667/1/73
f 654/10/73 667/1/73 655/10/112
f 670/10/111 668/1/111 662/10/111
f 662/10/111 668/1/111 663/10/30
f 669/1/30 663/10/30 668/1/111
f 669/1/1 668/1/1 664/1/1
f 664/1/1 668/1/1 665/1/1
f 665/1/1 668/1/1 667/1/1
f 666/1/1 667/1/1 668/1/1
f 656/10/72 658/10/28 665/1/72
f 664/1/28 665/1/72 658/10/28
f 663/10/23 658/10/23 662/10/23
f 662/10/23 658/10/23 660/10/23
f 660/10/23 659/10/23 661/10/23
f 660/10/23 658/10/23 659/10/23
f 659/10/23 658/10/23 657/10/23
f 658/10/23 656/10/23 657/10/23
f 657/10/23 656/10/23 655/10/23
f 654/10/23 655/10/23 656/10/23
f 653/25/112 652/16/112 649/25/112
f 648/16/112 649/25/112 652/16/112
f 651/16/23 647/16/23 652/16/23
f 648/16/23 652/16/23 647/16/23
f 651/16/111 650/25/111 647/16/111
f 646/25/111 647/16/111 650/25/111
f 635/25/113 649/25/113 626/24/113
f 648/16/113 626/24/113 649/25/113
f 647/16/113 626/24/113 648/16/113
f 626/24/113 647/16/113 627/24/113
f 627/24/113 647/16/113 637/25/113
f 646/25/113 637/25/113 647/16/113
f 631/1/73 644/11/73 633/1/72
f 642/11/72 633/1/72 644/11/73
f 642/11/72 640/11/113 633/1/72
f 634/1/113 633/1/72 640/11/113
f 630/1/112 645/11/112 631/1/73
f 644/11/73 631/1/73 645/11/112
f 645/11/23 643/11/23 644/11/23
f 642/11/23 644/11/23 643/11/23
f 641/11/23 642/11/23 643/11/23
f 642/11/23 641/11/23 640/11/23
f 639/11/23 640/11/23 641/11/23
f 638/25/112 629/24/112 637/25/112
f 627/24/112 637/25/112 629/24/112
f 628/24/111 636/25/111 626/24/111
f 635/25/111 626/24/111 636/25/111
f 634/1/1 632/1/1 633/1/1
f 633/1/1 632/1/1 631/1/1
f 630/1/1 631/1/1 632/1/1
f 629/24/1 628/24/1 627/24/1
f 626/24/1 627/24/1 628/24/1
f 688/24/118 687/24/119 686/24/118
f 687/24/119 688/24/118 689/24/119
f 692/29/121 691/29/120 690/29/120
f 691/29/120 692/29/121 693/29/121
f 696/16/122 695/16/123 694/16/122
f 695/16/123 696/16/122 697/16/123
f 700/30/125 699/30/124 698/30/124
f 699/30/124 700/30/125 701/30/125
f 703/31/126 697/16/123 702/31/126
f 697/16/123 703/31/126 695/16/123
f 701/30/125 705/32/127 704/32/127
f 705/32/127 701/30/125 700/30/125
f 707/32/128 699/30/124 706/32/128
f 699/30/124 707/32/128 698/30/124
f 694/16/122 708/31/129 696/16/122
f 708/31/129 694/16/122 709/31/129
f 712/1/131 711/11/130 710/1/130
f 711/11/130 712/1/131 713/11/131
f 714/11/132 710/1/130 711/11/130
f 710/1/130 714/11/132 715/1/132
f 716/1/1 710/1/1 715/1/1
f 710/1/1 716/1/1 717/1/1
f 710/1/1 717/1/1 712/1/1
f 719/11/23 713/11/23 718/11/23
f 713/11/23 719/11/23 711/11/23
f 720/11/23 711/11/23 719/11/23
f 721/11/23 711/11/23 720/11/23
f 711/11/23 721/11/23 714/11/23
f 691/29/120 686/24/118 690/29/120
f 686/24/118 691/29/120 688/24/118
f 689/24/119 692/29/121 687/24/119
f 692/29/121 689/24/119 693/29/121
f 705/32/127 702/31/126 704/32/127
f 702/31/126 705/32/127 703/31/126
f 709/31/129 706/32/128 708/31/129
f 706/32/128 709/31/129 707/32/128
f 704/32/131 699/30/131 701/30/131
f 699/30/131 704/32/131 706/32/131
f 706/32/131 704/32/131 692/29/131
f 692/29/131 704/32/131 702/31/131
f 690/29/131 706/32/131 692/29/131
f 692/29/131 702/31/131 687/24/131
f 706/32/131 690/29/131 708/31/131
f 687/24/131 702/31/131 686/24/131
f 708/31/131 690/29/131 686/24/131
f 708/31/131 686/24/131 702/31/131
f 708/31/131 702/31/131 697/16/131
f 708/31/131 697/16/131 696/16/131
f 721/11/133 715/1/132 714/11/132
f 715/1/132 721/11/133 716/1/133
f 724/33/120 723/26/118 722/33/120
f 723/26/118 724/33/120 725/26/118
f 726/26/119 723/26/118 725/26/118
f 723/26/118 726/26/119 727/26/119
f 722/33/120 728/33/121 724/33/120
f 728/33/121 722/33/120 729/33/121
f 726/26/119 729/33/121 727/26/119
f 729/33/121 726/26/119 728/33/121
f 729/33/131 730/28/131 727/26/131
f 727/26/131 730/28/131 723/26/131
f 729/33/131 731/34/131 730/28/131
f 732/28/131 723/26/131 730/28/131
f 731/34/131 729/33/131 733/34/131
f 732/28/131 722/33/131 723/26/131
f 733/34/131 722/33/131 732/28/131
f 722/33/131 733/34/131 729/33/131
f 736/1/69 735/24/69 734/1/69
f 735/24/69 736/1/69 737/24/69
f 740/24/71 739/1/71 738/24/71
f 739/1/71 740/24/71 741/1/71
f 740/24/1 735/24/1 737/24/1
f 735/24/1 740/24/1 738/24/1
f 744/11/69 743/31/134 742/11/69
f 743/31/134 744/11/69 745/31/134
f 748/31/135 747/11/71 746/31/135
f 747/11/71 748/31/135 749/11/71
f 752/16/137 751/16/136 750/16/136
f 751/16/136 752/16/137 753/16/137
f 745/31/134 752/16/137 743/31/134
f 752/16/137 745/31/134 753/16/137
f 751/16/136 746/31/135 750/16/136
f 746/31/135 751/16/136 748/31/135
f 755/11/70 754/1/70 747/11/70
f 734/1/70 747/11/70 754/1/70
f 747/11/70 734/1/70 735/24/70
f 747/11/70 735/24/70 746/31/70
f 746/31/70 735/24/70 743/31/70
f 738/24/70 743/31/70 735/24/70
f 746/31/70 743/31/70 752/16/70
f 746/31/70 752/16/70 750/16/70
f 738/24/70 742/11/70 743/31/70
f 739/1/70 742/11/70 738/24/70
f 742/11/70 739/1/70 756/1/70
f 742/11/70 756/1/70 757/11/70
f 759/1/1 754/1/1 758/1/1
f 754/1/1 759/1/1 736/1/1
f 734/1/1 754/1/1 736/1/1
f 736/1/1 759/1/1 741/1/1
f 741/1/1 759/1/1 739/1/1
f 739/1/1 759/1/1 756/1/1
f 747/11/23 760/11/23 755/11/23
f 760/11/23 747/11/23 749/11/23
f 757/11/23 744/11/23 742/11/23
f 744/11/23 757/11/23 761/11/23
f 766/10/70 768/10/70 763/1/70
f 765/1/70 763/1/70 768/10/70
f 769/10/109 768/10/109 767/10/110
f 766/10/110 767/10/110 768/10/109
f 769/10/109 764/1/108 768/10/109
f 765/1/108 768/10/109 764/1/108
f 762/1/107 767/10/110 763/1/107
f 766/10/110 763/1/107 767/10/110
f 765/1/108 764/1/108 763/1/107
f 762/1/107 763/1/107 764/1/108
f 774/10/70 776/10/70 771/1/70
f 773/1/70 771/1/70 776/10/70
f 777/10/109 776/10/109 775/10/110
f 774/10/110 775/10/110 776/10/109
f 777/10/109 772/1/108 776/10/109
f 773/1/108 776/10/109 772/1/108
f 770/1/107 775/10/110 771/1/107
f 774/10/110 771/1/107 775/10/110
f 773/1/108 772/1/108 771/1/107
f 770/1/107 771/1/107 772/1/108
f 780/35/138 779/16/70 778/16/138
f 779/16/70 780/35/138 781/35/70
f 784/35/139 783/16/71 782/35/71
f 783/16/71 784/35/139 785/16/139
f 781/35/70 786/16/140 779/16/70
f 786/16/140 781/35/70 787/35/140
f 782/35/71 786/16/140 787/35/140
f 786/16/140 782/35/71 783/16/71
f 784/35/139 788/16/74 785/16/139
f 788/16/74 784/35/139 789/35/74
f 789/35/74 790/16/141 788/16/74
f 790/16/141 789/35/74 791/35/141
f 790/16/141 793/35/69 792/16/69
f 793/35/69 790/16/141 791/35/141
f 792/16/69 780/35/138 778/16/138
f 780/35/138 792/16/69 793/35/69
f 785/16/1 786/16/1 783/16/1
f 786/16/1 785/16/1 788/16/1
f 786/16/1 788/16/1 779/16/1
f 779/16/1 788/16/1 790/16/1
f 779/16/1 790/16/1 778/16/1
f 778/16/1 790/16/1 792/16/1
f 796/35/1 795/35/1 794/35/1
f 795/35/1 796/35/1 797/35/1
f 800/16/142 799/16/23 798/16/23
f 799/16/23 800/16/142 801/16/142
f 799/16/74 796/35/74 794/35/74
f 796/35/74 799/16/74 802/36/74
f 802/36/74 799/16/74 801/16/74
f 799/16/71 795/35/71 798/16/71
f 795/35/71 799/16/71 794/35/71
f 803/36/70 795/35/70 797/35/70
f 795/35/70 803/36/70 798/16/70
f 798/16/70 803/36/70 800/16/70
f 796/35/69 803/36/143 797/35/69
f 803/36/143 796/35/69 802/36/143
f 802/36/143 800/16/142 803/36/143
f 800/16/142 802/36/143 801/16/142
f 806/35/69 805/16/86 804/35/86
f 805/16/86 806/35/69 807/16/69
f 805/16/86 808/35/70 804/35/86
f 808/35/70 805/16/86 809/16/70
f 812/16/77 811/35/71 810/16/71
f 811/35/71 812/16/77 813/35/77
f 810/16/71 815/35/81 814/16/81
f 815/35/81 810/16/71 811/35/71
f 816/35/80 807/16/69 806/35/69
f 807/16/69 816/35/80 817/16/80
f 819/16/74 816/35/80 818/35/74
f 816/35/80 819/16/74 817/16/80
f 809/16/70 815/35/81 808/35/70
f 815/35/81 809/16/70 814/16/81
f 812/16/77 818/35/74 813/35/77
f 818/35/74 812/16/77 819/16/74
f 814/16/23 812/16/23 810/16/23
f 812/16/23 814/16/23 809/16/23
f 812/16/23 809/16/23 819/16/23
f 819/16/23 809/16/23 805/16/23
f 819/16/23 805/16/23 817/16/23
f 817/16/23 805/16/23 807/16/23
f 813/35/1 815/35/1 811/35/1
f 815/35/1 813/35/1 818/35/1
f 815/35/1 818/35/1 808/35/1
f 808/35/1 818/35/1 816/35/1
f 808/35/1 816/35/1 804/35/1
f 804/35/1 816/35/1 806/35/1
f 822/35/69 821/16/86 820/35/86
f 821/16/86 822/35/69 823/16/69
f 821/16/86 824/35/70 820/35/86
f 824/35/70 821/16/86 825/16/70
f 828/16/77 827/35/71 826/16/71
f 827/35/71 828/16/77 829/35/77
f 826/16/71 831/35/81 830/16/81
f 831/35/81 826/16/71 827/35/71
f 832/35/80 823/16/69 822/35/69
f 823/16/69 832/35/80 833/16/80
f 835/16/74 832/35/80 834/35/74
f 832/35/80 835/16/74 833/16/80
f 825/16/70 831/35/81 824/35/70
f 831/35/81 825/16/70 830/16/81
f 828/16/77 834/35/74 829/35/77
f 834/35/74 828/16/77 835/16/74
f 830/16/23 828/16/23 826/16/23
f 828/16/23 830/16/23 825/16/23
f 828/16/23 825/16/23 835/16/23
f 835/16/23 825/16/23 821/16/23
f 835/16/23 821/16/23 833/16/23
f 833/16/23 821/16/23 823/16/23
f 829/35/1 831/35/1 827/35/1
f 831/35/1 829/35/1 834/35/1
f 831/35/1 834/35/1 824/35/1
f 824/35/1 834/35/1 832/35/1
f 824/35/1 832/35/1 820/35/1
f 820/35/1 832/35/1 822/35/1
f 838/1/69 837/24/69 836/1/69
f 837/24/69 838/1/69 839/24/69
f 842/24/71 841/1/71 840/24/71
f 841/1/71 842/24/71 843/1/71
f 842/24/1 837/24/1 839/24/1
f 837/24/1 842/24/1 840/24/1
f 846/11/23 845/11/23 844/11/23
f 845/11/23 846/11/23 847/11/23
f 845/11/69 848/31/134 844/11/69
f 848/31/134 845/11/69 849/31/134
f 846/11/70 841/1/70 850/1/70
f 841/1/70 846/11/70 844/11/70
f 841/1/70 844/11/70 840/24/70
f 840/24/70 844/11/70 848/31/70
f 840/24/70 848/31/70 837/24/70
f 851/31/70 837/24/70 848/31/70
f 851/31/70 848/31/70 852/16/70
f 851/31/70 852/16/70 853/16/70
f 854/11/70 837/24/70 851/31/70
f 837/24/70 854/11/70 836/1/70
f 855/11/70 836/1/70 854/11/70
f 836/1/70 855/11/70 856/1/70
f 854/11/23 857/11/23 855/11/23
f 857/11/23 854/11/23 858/11/23
f 852/16/137 859/16/136 853/16/136
f 859/16/136 852/16/137 860/16/137
f 861/31/135 854/11/71 851/31/135
f 854/11/71 861/31/135 858/11/71
f 859/16/136 851/31/135 853/16/136
f 851/31/135 859/16/136 861/31/135
f 849/31/134 852/16/137 848/31/134
f 852/16/137 849/31/134 860/16/137
f 841/1/1 862/1/1 850/1/1
f 843/1/1 862/1/1 841/1/1
f 838/1/1 862/1/1 843/1/1
f 862/1/1 838/1/1 863/1/1
f 836/1/1 863/1/1 838/1/1
f 863/1/1 836/1/1 856/1/1
f 866/1/107 865/1/108 864/1/108
f 865/1/108 866/1/107 867/1/107
f 869/10/109 865/1/108 868/10/109
f 865/1/108 869/10/109 864/1/108
f 866/1/107 870/10/110 867/1/107
f 870/10/110 866/1/107 871/10/110
f 870/10/110 869/10/109 868/10/109
f 869/10/109 870/10/110 871/10/110
f 870/10/70 865/1/70 867/1/70
f 865/1/70 870/10/70 868/10/70
f 874/35/74 873/16/74 872/35/74
f 873/16/74 874/35/74 875/16/74
f 878/16/86 877/35/81 876/35/86
f 877/35/81 878/16/86 879/16/81
f 872/35/69 878/16/86 876/35/86
f 878/16/86 872/35/69 873/16/69
f 878/16/23 875/16/23 879/16/23
f 875/16/23 878/16/23 873/16/23
f 872/35/1 877/35/1 874/35/1
f 877/35/1 872/35/1 876/35/1
f 875/16/71 877/35/81 879/16/81
f 877/35/81 875/16/71 874/35/71
f 882/37/23 881/37/23 880/37/23
f 881/37/23 882/37/23 883/37/23
f 886/37/27 116/38/27 884/37/27
f 115/38/27 884/37/27 116/38/27
f 885/37/25 884/37/25 114/38/25
f 115/38/25 114/38/25 884/37/25
f 889/37/31 139/38/31 887/37/31
f 138/38/31 887/37/31 139/38/31
f 888/37/29 887/37/29 137/38/29
f 138/38/29 137/38/29 887/37/29
f 159/39/1 161/39/1 157/39/1
f 161/39/1 159/39/1 166/39/1
f 161/39/1 166/39/1 164/39/1
f 161/39/1 164/39/1 160/39/1
f 160/39/1 164/39/1 171/39/1
f 160/39/1 171/39/1 170/39/1
f 191/39/1 193/39/1 189/39/1
f 193/39/1 191/39/1 198/39/1
f 193/39/1 198/39/1 196/39/1
f 193/39/1 196/39/1 192/39/1
f 192/39/1 196/39/1 203/39/1
f 192/39/1 203/39/1 202/39/1
f 368/37/53 227/38/53 890/37/53
f 226/38/53 890/37/53 227/38/53
f 891/37/51 890/37/51 225/38/51
f 226/38/51 225/38/51 890/37/51
f 892/37/58 254/38/58 255/38/58
f 254/38/58 892/37/58 893/37/58
f 894/41/105 511/40/102 539/40/105
f 541/40/103 894/41/105 539/40/105
f 511/40/102 894/41/105 895/41/102
f 894/41/105 541/40/103 896/41/103
f 895/41/102 510/40/101 511/40/102
f 510/40/101 895/41/102 897/41/101
f 502/40/99 896/41/103 541/40/103
f 896/41/103 502/40/99 898/41/99
f 897/41/101 546/40/104 510/40/101
f 546/40/104 897/41/101 899/41/104
f 900/41/106 546/40/104 899/41/104
f 546/40/104 900/41/106 544/40/106
f 502/40/99 901/41/100 898/41/99
f 901/41/100 544/40/106 900/41/106
f 901/41/100 502/40/99 503/40/100
f 544/40/106 901/41/100 503/40/100
f 903/40/106 505/41/100 902/40/100
f 505/41/100 904/40/99 902/40/100
f 505/41/100 903/40/106 545/41/106
f 904/40/99 505/41/100 504/41/99
f 905/40/104 545/41/106 903/40/106
f 545/41/106 905/40/104 547/41/104
f 905/40/104 512/41/101 547/41/104
f 512/41/101 905/40/104 906/40/101
f 906/40/101 513/41/102 512/41/101
f 513/41/102 906/40/101 907/40/102
f 504/41/99 908/40/103 904/40/99
f 908/40/103 504/41/99 540/41/103
f 907/40/102 538/41/105 513/41/102
f 538/41/105 908/40/103 540/41/103
f 538/41/105 907/40/102 909/40/105
f 908/40/103 538/41/105 909/40/105
f 911/37/133 719/38/133 910/37/133
f 719/38/133 911/37/133 720/38/133
f 910/37/131 707/43/131 709/42/131
f 910/37/131 709/42/131 694/40/131
f 719/38/131 707/43/131 910/37/131
f 707/43/131 719/38/131 698/44/131
f 698/44/131 719/38/131 700/44/131
f 718/38/131 700/44/131 719/38/131
f 700/44/131 718/38/131 705/43/131
f 910/37/131 694/40/131 912/37/131
f 705/43/131 718/38/131 912/37/131
f 695/40/131 912/37/131 694/40/131
f 705/43/131 912/37/131 703/42/131
f 703/42/131 912/37/131 695/40/131
f 913/37/70 845/38/70 847/38/70
f 845/38/70 913/37/70 849/42/70
f 849/42/70 913/37/70 860/40/70
f 860/40/70 913/37/70 859/40/70
f 914/37/70 859/40/70 913/37/70
f 914/37/70 861/42/70 859/40/70
f 857/38/70 861/42/70 914/37/70
f 861/42/70 857/38/70 858/38/70
f 915/46/7 48/45/7 46/45/7
f 48/45/7 915/46/7 916/47/7
f 917/47/6 45/45/6 47/45/6
f 45/45/6 917/47/6 918/46/6
f 921/50/7 920/49/7 919/48/7
f 920/49/7 921/50/7 922/51/7
f 922/51/7 921/50/7 923/52/7
f 923/52/7 921/50/7 924/53/7
f 924/53/7 921/50/7 925/54/7
f 925/54/7 921/50/7 926/55/7
f 929/49/6 928/50/6 927/48/6
f 928/50/6 929/49/6 930/51/6
f 928/50/6 930/51/6 931/52/6
f 928/50/6 931/52/6 932/53/6
f 928/50/6 932/53/6 933/54/6
f 928/50/6 933/54/6 934/55/6
f 919/48/20 929/49/20 927/48/20
f 929/49/20 919/48/20 920/49/20
f 45/45/35 915/46/35 46/45/35
f 915/46/35 45/45/35 918/46/35
f 917/47/32 48/45/32 916/47/32
f 48/45/32 917/47/32 47/45/32
f 926/55/13 928/50/13 934/55/13
f 928/50/13 926/55/13 921/50/13
f 918/46/12 34/57/12 35/56/12
f 918/46/12 35/56/12 36/58/12
f 917/47/12 34/57/12 918/46/12
f 34/57/12 917/47/12 33/59/12
f 33/59/12 917/47/12 25/59/12
f 916/47/12 25/59/12 917/47/12
f 25/59/12 916/47/12 21/57/12
f 918/46/12 36/58/12 915/46/12
f 21/57/12 916/47/12 915/46/12
f 27/58/12 915/46/12 36/58/12
f 21/57/12 915/46/12 23/56/12
f 23/56/12 915/46/12 27/58/12
f 933/54/12 14/56/12 934/55/12
f 934/55/12 14/56/12 926/55/12
f 19/56/12 926/55/12 14/56/12
f 19/56/12 925/54/12 926/55/12
f 924/53/12 933/54/12 925/54/12
f 19/56/12 924/53/12 925/54/12
f 933/54/12 924/53/12 932/53/12
f 932/53/12 14/56/12 933/54/12
f 19/56/12 923/52/12 924/53/12
f 931/52/12 14/56/12 932/53/12
f 922/51/12 931/52/12 923/52/12
f 19/56/12 922/51/12 923/52/12
f 931/52/12 922/51/12 930/51/12
f 930/51/12 14/56/12 931/52/12
f 19/56/12 920/49/12 922/51/12
f 920/49/12 19/56/12 17/57/12
f 929/49/12 14/56/12 930/51/12
f 17/57/12 929/49/12 920/49/12
f 929/49/12 13/57/12 14/56/12
f 13/57/12 929/49/12 17/57/12
f 935/46/7 92/45/7 90/45/7
f 92/45/7 935/46/7 936/47/7
f 937/47/6 89/45/6 91/45/6
f 89/45/6 937/47/6 938/46/6
f 941/50/7 940/49/7 939/48/7
f 940/49/7 941/50/7 942/51/7
f 942/51/7 941/50/7 943/52/7
f 943/52/7 941/50/7 944/53/7
f 944/53/7 941/50/7 945/54/7
f 945/54/7 941/50/7 946/55/7
f 949/49/6 948/50/6 947/48/6
f 948/50/6 949/49/6 950/51/6
f 948/50/6 950/51/6 951/52/6
f 948/50/6 951/52/6 952/53/6
f 948/50/6 952/53/6 953/54/6
f 948/50/6 953/54/6 954/55/6
f 939/48/20 949/49/20 947/48/20
f 949/49/20 939/48/20 940/49/20
f 89/45/35 935/46/35 90/45/35
f 935/46/35 89/45/35 938/46/35
f 937/47/32 92/45/32 936/47/32
f 92/45/32 937/47/32 91/45/32
f 946/55/13 948/50/13 954/55/13
f 948/50/13 946/55/13 941/50/13
f 938/46/12 78/57/12 79/56/12
f 938/46/12 79/56/12 80/58/12
f 937/47/12 78/57/12 938/46/12
f 78/57/12 937/47/12 77/59/12
f 77/59/12 937/47/12 69/59/12
f 936/47/12 69/59/12 937/47/12
f 69/59/12 936/47/12 65/57/12
f 938/46/12 80/58/12 935/46/12
f 65/57/12 936/47/12 935/46/12
f 71/58/12 935/46/12 80/58/12
f 65/57/12 935/46/12 67/56/12
f 67/56/12 935/46/12 71/58/12
f 953/54/12 58/56/12 954/55/12
f 954/55/12 58/56/12 946/55/12
f 63/56/12 946/55/12 58/56/12
f 63/56/12 945/54/12 946/55/12
f 944/53/12 953/54/12 945/54/12
f 63/56/12 944/53/12 945/54/12
f 953/54/12 944/53/12 952/53/12
f 952/53/12 58/56/12 953/54/12
f 63/56/12 943/52/12 944/53/12
f 951/52/12 58/56/12 952/53/12
f 942/51/12 951/52/12 943/52/12
f 63/56/12 942/51/12 943/52/12
f 951/52/12 942/51/12 950/51/12
f 950/51/12 58/56/12 951/52/12
f 63/56/12 940/49/12 942/51/12
f 940/49/12 63/56/12 61/57/12
f 949/49/12 58/56/12 950/51/12
f 61/57/12 949/49/12 940/49/12
f 949/49/12 57/57/12 58/56/12
f 57/57/12 949/49/12 61/57/12
f 957/61/27 104/60/27 955/61/27
f 103/60/27 955/61/27 104/60/27
f 956/61/25 955/61/25 102/60/25
f 103/60/25 102/60/25 955/61/25
f 960/61/27 128/60/27 958/61/27
f 127/60/27 958/61/27 128/60/27
f 959/61/25 958/61/25 126/60/25
f 127/60/25 126/60/25 958/61/25
f 963/61/32 215/60/32 961/61/32
f 214/60/32 961/61/32 215/60/32
f 962/61/7 961/61/7 213/60/7
f 214/60/7 213/60/7 961/61/7
f 966/61/57 239/60/57 964/61/57
f 238/60/57 964/61/57 239/60/57
f 965/61/55 964/61/55 237/60/55
f 238/60/55 237/60/55 964/61/55
f 495/61/58 246/60/58 247/60/58
f 246/60/58 495/61/58 494/61/58
f 263/62/23 967/62/23 275/62/23
f 967/62/23 263/62/23 265/62/23
f 281/62/23 968/62/23 291/62/23
f 968/62/23 281/62/23 283/62/23
f 970/62/23 301/62/23 969/62/23
f 301/62/23 970/62/23 299/62/23
f 311/62/23 971/62/23 323/62/23
f 971/62/23 311/62/23 313/62/23
f 331/62/23 972/62/23 343/62/23
f 972/62/23 331/62/23 333/62/23
f 353/62/23 351/62/23 973/62/23
f 363/62/23 973/62/23 351/62/23
f 371/62/23 974/62/23 383/62/23
f 974/62/23 371/62/23 373/62/23
f 391/62/23 974/62/23 403/62/23
f 974/62/23 391/62/23 393/62/23
f 976/62/23 413/62/23 975/62/23
f 413/62/23 976/62/23 411/62/23
f 978/62/23 425/62/23 977/62/23
f 425/62/23 978/62/23 423/62/23
f 981/61/77 980/63/74 979/63/77
f 980/63/74 981/61/77 982/61/74
f 985/61/70 984/63/81 983/63/70
f 984/63/81 985/61/70 986/61/81
f 979/63/1 984/63/1 987/63/1
f 984/63/1 979/63/1 980/63/1
f 984/63/1 980/63/1 983/63/1
f 983/63/1 980/63/1 988/63/1
f 983/63/1 988/63/1 989/63/1
f 989/63/1 988/63/1 990/63/1
f 981/61/77 987/63/71 991/61/71
f 987/63/71 981/61/77 979/63/77
f 994/64/23 993/64/23 992/64/23
f 993/64/23 994/64/23 995/64/23
f 993/64/23 995/64/23 996/64/23
f 996/64/23 995/64/23 997/64/23
f 996/64/23 997/64/23 998/64/23
f 998/64/23 997/64/23 999/64/23
f 1000/61/86 983/63/70 989/63/86
f 983/63/70 1000/61/86 985/61/70
f 990/63/69 1000/61/86 989/63/86
f 1000/61/86 990/63/69 1001/61/69
f 988/63/80 1001/61/69 990/63/69
f 1001/61/69 988/63/80 1002/61/80
f 982/61/74 988/63/80 980/63/74
f 988/63/80 982/61/74 1002/61/80
f 991/61/71 984/63/81 986/61/81
f 984/63/81 991/61/71 987/63/71
f 1003/61/81 996/64/70 998/64/81
f 996/64/70 1003/61/81 1004/61/70
f 993/64/86 1005/61/69 992/64/69
f 1005/61/69 993/64/86 1006/61/86
f 992/64/69 1007/61/80 994/64/80
f 1007/61/80 992/64/69 1005/61/69
f 1003/61/81 999/64/71 1008/61/71
f 999/64/71 1003/61/81 998/64/81
f 1004/61/70 993/64/86 996/64/70
f 993/64/86 1004/61/70 1006/61/86
f 1007/61/80 995/64/74 994/64/80
f 995/64/74 1007/61/80 1009/61/74
f 1008/61/71 997/64/77 1010/61/77
f 997/64/77 1008/61/71 999/64/71
f 1009/61/74 997/64/77 995/64/74
f 997/64/77 1009/61/74 1010/61/77
f 1008/61/23 1000/61/23 1001/61/23
f 1002/61/23 1008/61/23 1001/61/23
f 1010/61/23 1000/61/23 1008/61/23
f 1002/61/23 1003/61/23 1008/61/23
f 1009/61/23 1000/61/23 1010/61/23
f 1009/61/23 985/61/23 1000/61/23
f 1007/61/23 985/61/23 1009/61/23
f 1007/61/23 986/61/23 985/61/23
f 982/61/23 1003/61/23 1002/61/23
f 982/61/23 1004/61/23 1003/61/23
f 982/61/23 1006/61/23 1004/61/23
f 981/61/23 1006/61/23 982/61/23
f 1005/61/23 986/61/23 1007/61/23
f 981/61/23 1005/61/23 1006/61/23
f 986/61/23 1005/61/23 991/61/23
f 1005/61/23 981/61/23 991/61/23
f 1013/63/80 1012/61/69 1011/63/69
f 1012/61/69 1013/63/80 1014/61/80
f 1016/61/74 1013/63/80 1015/63/74
f 1013/63/80 1016/61/74 1014/61/80
f 1019/61/23 1018/61/23 1017/61/23
f 1018/61/23 1019/61/23 1020/61/23
f 1018/61/23 1020/61/23 1016/61/23
f 1016/61/23 1020/61/23 1021/61/23
f 1016/61/23 1021/61/23 1014/61/23
f 1014/61/23 1021/61/23 1012/61/23
f 1011/63/69 1021/61/86 1022/63/86
f 1021/61/86 1011/63/69 1012/61/69
f 1018/61/77 1023/63/71 1017/61/71
f 1023/63/71 1018/61/77 1024/63/77
f 1018/61/77 1015/63/74 1024/63/77
f 1015/63/74 1018/61/77 1016/61/74
f 1017/61/71 1025/63/81 1019/61/81
f 1025/63/81 1017/61/71 1023/63/71
f 1021/61/86 1026/63/70 1022/63/86
f 1026/63/70 1021/61/86 1020/61/70
f 1020/61/70 1025/63/81 1026/63/70
f 1025/63/81 1020/61/70 1019/61/81
f 1024/63/1 1025/63/1 1023/63/1
f 1025/63/1 1024/63/1 1015/63/1
f 1025/63/1 1015/63/1 1026/63/1
f 1026/63/1 1015/63/1 1013/63/1
f 1026/63/1 1013/63/1 1022/63/1
f 1022/63/1 1013/63/1 1011/63/1
f 1029/67/69 1028/66/145 1027/65/144
f 1028/66/145 1029/67/69 1030/61/69
f 1033/68/148 1032/63/147 1031/63/146
f 1032/63/147 1033/68/148 1034/68/149
f 1034/68/149 1035/65/150 1032/63/147
f 1035/65/150 1034/68/149 1036/66/151
f 1037/61/71 1035/65/150 1036/66/151
f 1035/65/150 1037/61/71 1038/67/71
f 1027/65/144 1033/68/148 1031/63/146
f 1033/68/148 1027/65/144 1028/66/145
f 1034/68/152 1037/61/152 1036/66/152
f 1037/61/152 1034/68/152 1030/61/152
f 1030/61/152 1034/68/152 1033/68/152
f 1030/61/152 1033/68/152 1028/66/152
f 1029/67/153 1035/65/153 1038/67/153
f 1035/65/153 1029/67/153 1032/63/153
f 1032/63/153 1029/67/153 1031/63/153
f 1031/63/153 1029/67/153 1027/65/153
f 593/69/70 578/69/70 576/69/70
f 593/69/70 590/69/70 578/69/70
f 593/69/70 581/60/70 590/69/70
f 579/60/70 590/69/70 581/60/70
f 581/60/70 593/69/70 1039/61/70
f 1039/61/70 593/69/70 592/70/70
f 590/69/70 579/60/70 1040/61/70
f 1039/61/70 592/70/70 1040/61/70
f 590/69/70 1040/61/70 591/70/70
f 591/70/70 1040/61/70 592/70/70
f 1041/61/71 581/60/71 1039/61/71
f 581/60/71 1041/61/71 583/60/71
f 643/60/112 1044/61/112 641/60/112
f 1042/61/112 641/60/112 1044/61/112
f 652/70/113 1043/61/113 651/70/113
f 651/70/113 1043/61/113 650/69/113
f 1043/61/113 652/70/113 1042/61/113
f 1043/61/113 639/60/113 650/69/113
f 652/70/113 653/69/113 1042/61/113
f 1042/61/113 653/69/113 641/60/113
f 641/60/113 650/69/113 639/60/113
f 650/69/113 641/60/113 653/69/113
f 638/69/113 650/69/113 653/69/113
f 636/69/113 638/69/113 653/69/113
f 1045/61/70 744/60/70 761/60/70
f 744/60/70 1045/61/70 745/71/70
f 745/71/70 1045/61/70 753/70/70
f 753/70/70 1045/61/70 751/70/70
f 1046/61/70 751/70/70 1045/61/70
f 1046/61/70 748/71/70 751/70/70
f 760/60/70 748/71/70 1046/61/70
f 748/71/70 760/60/70 749/60/70
f 1049/72/108 1048/73/109 1047/72/108
f 1048/73/109 1049/72/108 1050/73/109
f 1053/73/109 1052/73/23 1051/73/23
f 1052/73/23 1053/73/109 1054/73/109
f 1052/73/69 1055/72/107 1051/73/69
f 1055/72/107 1052/73/69 1056/72/107
f 1058/72/108 1053/73/109 1057/72/108
f 1053/73/109 1058/72/108 1054/73/109
f 1061/73/110 1060/72/107 1059/73/110
f 1060/72/107 1061/73/110 1062/72/107
f 1059/73/108 1060/72/109 1061/73/108
f 1062/72/109 1061/73/108 1060/72/109
f 1048/73/109 1061/73/110 1059/73/110
f 1061/73/110 1048/73/109 1050/73/109
f 1049/72/108 1060/72/107 1062/72/107
f 1060/72/107 1049/72/108 1047/72/108
f 1058/72/108 1055/72/107 1056/72/107
f 1055/72/107 1058/72/108 1057/72/108
f 1048/73/70 1063/74/70 1047/72/70
f 1047/72/70 1063/74/70 1060/72/70
f 1048/73/70 1064/63/70 1063/74/70
f 1064/63/70 1048/73/70 1065/63/70
f 1065/63/70 1048/73/70 1059/73/70
f 1065/63/70 1059/73/70 1051/73/70
f 1051/73/70 1066/74/70 1065/63/70
f 1059/73/70 1053/73/70 1051/73/70
f 1053/73/70 1059/73/70 1060/72/70
f 1066/74/70 1051/73/70 1055/72/70
f 1066/74/70 1055/72/70 1063/74/70
f 1053/73/70 1060/72/70 1057/72/70
f 1060/72/70 1063/74/70 1057/72/70
f 1057/72/70 1063/74/70 1055/72/70
f 842/75/70 838/63/70 843/63/70
f 838/63/70 842/75/70 839/75/70

usemtl colormap-specular

f 927/76/12 921/77/12 919/76/12
f 921/77/12 927/76/12 928/77/12
f 947/76/12 941/77/12 939/76/12
f 941/77/12 947/76/12 948/77/12
f 615/79/70 621/78/70 619/78/70
f 621/78/70 615/79/70 614/79/70
f 674/79/113 675/79/113 681/78/113
f 679/78/113 681/78/113 675/79/113
f 726/79/131 724/80/131 728/80/131
f 724/80/131 726/79/131 725/79/131
f 1050/81/70 1062/82/70 1061/81/70
f 1062/82/70 1050/81/70 1049/82/70
f 1054/81/70 1056/82/70 1052/81/70
f 1056/82/70 1054/81/70 1058/82/70

